ticker,date,news_sentiment,news_impact_score,news_sentiment_std,news_staleness,article_count,financial_health_score,valuation_score,financial_age_months,per,pbr,roe,revenue_growth,debt_ratio,altman_z
247540,2019-04-01,,,,,0.0,7.0,5.0,4.0,39.92822378577617,9.16636641275004,0.22957110393714586,1.0325830939005998,1.892965348410461,4.545394903717296
247540,2019-04-02,-0.0985,3.0,0.0,0.2222,1.0,7.0,5.0,4.0,38.81372561404586,8.910509837129982,0.22957110393714586,1.0325830939005998,1.892965348410461,4.464297832658419
247540,2019-04-03,0.9998,6.0,0.0,0.3256,1.0,7.0,5.0,4.0,40.06090213955359,9.196825528895285,0.22957110393714586,1.0325830939005998,1.892965348410461,4.55504931693859
247540,2019-04-04,,,,,0.0,7.0,5.0,4.0,39.92822378577617,9.16636641275004,0.22957110393714586,1.0325830939005998,1.892965348410461,4.545394903717296
247540,2019-04-05,,,,,0.0,7.0,5.0,4.0,39.076428754525146,8.970818887097568,0.22957110393714586,1.0325830939005998,1.892965348410461,4.483413570836582
247540,2019-04-06,,,,,0.0,7.0,5.0,4.0,39.076428754525146,8.970818887097568,0.22957110393714586,1.0325830939005998,1.892965348410461,4.483413570836582
247540,2019-04-07,,,,,0.0,7.0,5.0,4.0,39.076428754525146,8.970818887097568,0.22957110393714586,1.0325830939005998,1.892965348410461,4.483413570836582
247540,2019-04-08,0.4981,4.0,0.4981,0.1364,2.0,7.0,5.0,4.0,41.63446741535377,9.558070646377892,0.22957110393714586,1.0325830939005998,1.892965348410461,4.669550657743148
247540,2019-04-09,0.9999,6.0,0.0,0.0625,1.0,7.0,5.0,4.0,42.48626244660479,9.753618172030365,0.22957110393714586,1.0325830939005998,1.892965348410461,4.731531990623861
247540,2019-04-10,,,,,0.0,7.0,5.0,4.0,43.404396654744524,9.964395255755461,0.22957110393714586,1.0325830939005998,1.892965348410461,4.7983405301152215
247540,2019-04-11,,,,,0.0,7.0,5.0,4.0,43.927149368627546,10.084404173367727,0.22957110393714586,1.0325830939005998,1.892965348410461,4.836378918207123
247540,2019-04-12,,,,,0.0,7.0,5.0,4.0,43.27437186804265,9.93454532193312,0.22957110393714586,1.0325830939005998,1.892965348410461,4.788879205158352
247540,2019-04-13,,,,,0.0,7.0,5.0,4.0,43.27437186804265,9.93454532193312,0.22957110393714586,1.0325830939005998,1.892965348410461,4.788879205158352
247540,2019-04-14,0.0373,3.0,0.0,0.413,1.0,7.0,5.0,4.0,43.27437186804265,9.93454532193312,0.22957110393714586,1.0325830939005998,1.892965348410461,4.788879205158352
247540,2019-04-15,,,,,0.0,7.0,5.0,4.0,41.89717055583306,9.618379696345476,0.22957110393714586,1.0325830939005998,1.892965348410461,4.688666395921311
247540,2019-04-16,,,,,0.0,7.0,5.0,4.0,41.04272195750648,9.4222229883701,0.22957110393714586,1.0325830939005998,1.892965348410461,4.626491974776172
247540,2019-04-17,,,,,0.0,7.0,5.0,4.0,41.30542509798577,9.482532038337684,0.22957110393714586,1.0325830939005998,1.892965348410461,4.6456077129543365
247540,2019-04-18,0.0,3.0,0.0,0.0588,1.0,7.0,5.0,4.0,41.30542509798577,9.482532038337684,0.22957110393714586,1.0325830939005998,1.892965348410461,4.6456077129543365
247540,2019-04-19,,,,,0.0,7.0,5.0,4.0,41.501789061576346,9.527611530232647,0.22957110393714586,1.0325830939005998,1.892965348410461,4.659896244521852
247540,2019-04-20,,,,,0.0,7.0,5.0,4.0,41.501789061576346,9.527611530232647,0.22957110393714586,1.0325830939005998,1.892965348410461,4.659896244521852
247540,2019-04-21,,,,,0.0,7.0,5.0,4.0,41.501789061576346,9.527611530232647,0.22957110393714586,1.0325830939005998,1.892965348410461,4.659896244521852
247540,2019-04-22,,,,,0.0,7.0,5.0,4.0,42.28989848301421,9.708538680135403,0.22957110393714586,1.0325830939005998,1.892965348410461,4.717243459056344
247540,2019-04-23,0.9998,6.0,0.0,0.0286,1.0,7.0,5.0,4.0,41.89717055583306,9.618379696345476,0.22957110393714586,1.0325830939005998,1.892965348410461,4.688666395921311
247540,2019-04-24,,,,,0.0,7.0,5.0,4.0,41.10906113439519,9.437452546442723,0.22957110393714586,1.0325830939005998,1.892965348410461,4.63131918138682
247540,2019-04-25,,,,,0.0,7.0,5.0,4.0,41.10906113439519,9.437452546442723,0.22957110393714586,1.0325830939005998,1.892965348410461,4.63131918138682
247540,2019-04-26,,,,,0.0,7.0,5.0,4.0,40.387290889846035,9.27175495461259,0.22957110393714586,1.0325830939005998,1.892965348410461,4.578799173462976
247540,2019-04-27,,,,,0.0,7.0,5.0,4.0,40.387290889846035,9.27175495461259,0.22957110393714586,1.0325830939005998,1.892965348410461,4.578799173462976
247540,2019-04-28,,,,,0.0,7.0,5.0,4.0,40.387290889846035,9.27175495461259,0.22957110393714586,1.0325830939005998,1.892965348410461,4.578799173462976
247540,2019-04-29,,,,,0.0,7.0,5.0,4.0,40.8463579939159,9.377143496475137,0.22957110393714586,1.0325830939005998,1.892965348410461,4.612203443208656
247540,2019-04-30,,,,,0.0,7.0,5.0,4.0,40.649994030325324,9.332064004580173,0.22957110393714586,1.0325830939005998,1.892965348410461,4.59791491164114
247540,2019-05-01,,,,,0.0,7.0,5.0,5.0,40.649994030325324,9.332064004580173,0.22957110393714586,1.0325830939005998,1.892965348410461,4.59791491164114
247540,2019-05-02,,,,,0.0,7.0,5.0,5.0,42.027195342534924,9.648229630167817,0.22957110393714586,1.0325830939005998,1.892965348410461,4.698127720878181
247540,2019-05-03,,,,,0.0,7.0,5.0,5.0,42.81530476397279,9.829156780070573,0.22957110393714586,1.0325830939005998,1.892965348410461,4.755474935412672
247540,2019-05-04,,,,,0.0,7.0,5.0,5.0,42.81530476397279,9.829156780070573,0.22957110393714586,1.0325830939005998,1.892965348410461,4.755474935412672
247540,2019-05-05,,,,,0.0,7.0,5.0,5.0,42.81530476397279,9.829156780070573,0.22957110393714586,1.0325830939005998,1.892965348410461,4.755474935412672
247540,2019-05-06,,,,,0.0,7.0,5.0,5.0,42.81530476397279,9.829156780070573,0.22957110393714586,1.0325830939005998,1.892965348410461,4.755474935412672
247540,2019-05-07,,,,,0.0,7.0,5.0,5.0,42.2235593061255,9.69330912206278,0.22957110393714586,1.0325830939005998,1.892965348410461,4.712416252445697
247540,2019-05-08,,,,,0.0,7.0,5.0,5.0,41.501789061576346,9.527611530232647,0.22957110393714586,1.0325830939005998,1.892965348410461,4.659896244521852
247540,2019-05-09,,,,,0.0,7.0,5.0,5.0,38.4209976868647,8.820350853340058,0.22957110393714586,1.0325830939005998,1.892965348410461,4.435720769523385
247540,2019-05-10,,,,,0.0,7.0,5.0,5.0,38.68370082734399,8.880659903307642,0.22957110393714586,1.0325830939005998,1.892965348410461,4.4548365077015495
247540,2019-05-11,,,,,0.0,7.0,5.0,5.0,38.68370082734399,8.880659903307642,0.22957110393714586,1.0325830939005998,1.892965348410461,4.4548365077015495
247540,2019-05-12,,,,,0.0,7.0,5.0,5.0,38.68370082734399,8.880659903307642,0.22957110393714586,1.0325830939005998,1.892965348410461,4.4548365077015495
247540,2019-05-13,,,,,0.0,7.0,5.0,5.0,37.11013555154381,8.519414785825036,0.22957110393714586,1.0325830939005998,1.892965348410461,4.340335166896992
247540,2019-05-14,,,,,0.0,7.0,5.0,5.0,36.06197655670221,8.278787768277601,0.22957110393714586,1.0325830939005998,1.892965348410461,4.2640653024487625
247540,2019-05-15,,,,,0.0,7.0,5.0,5.0,38.68370082734399,8.880659903307642,0.22957110393714586,1.0325830939005998,1.892965348410461,4.4548365077015495
247540,2019-05-16,,,,,0.0,7.0,5.0,5.0,38.224633723274124,8.775271361445094,0.22957110393714586,1.0325830939005998,1.892965348410461,4.421432237955869
247540,2019-05-17,,,,,0.0,7.0,5.0,5.0,36.78109323417581,8.443876177784828,0.22957110393714586,1.0325830939005998,1.892965348410461,4.316392222108181
247540,2019-05-18,,,,,0.0,7.0,5.0,5.0,36.78109323417581,8.443876177784828,0.22957110393714586,1.0325830939005998,1.892965348410461,4.316392222108181
247540,2019-05-19,,,,,0.0,7.0,5.0,5.0,36.78109323417581,8.443876177784828,0.22957110393714586,1.0325830939005998,1.892965348410461,4.316392222108181
247540,2019-05-20,,,,,0.0,7.0,5.0,5.0,35.34020631215306,8.113090176447468,0.22957110393714586,1.0325830939005998,1.892965348410461,4.211545294524918
247540,2019-05-21,,,,,0.0,7.0,5.0,5.0,35.01116399478506,8.03755156840726,0.22957110393714586,1.0325830939005998,1.892965348410461,4.187602349736108
247540,2019-05-22,,,,,0.0,7.0,5.0,5.0,35.9956373798135,8.263558210204978,0.22957110393714586,1.0325830939005998,1.892965348410461,4.259238095838115
247540,2019-05-23,,,,,0.0,7.0,5.0,5.0,36.651068447473946,8.414026243962489,0.22957110393714586,1.0325830939005998,1.892965348410461,4.306930897151312
247540,2019-05-24,,,,,0.0,7.0,5.0,5.0,37.0437963746551,8.504185227752414,0.22957110393714586,1.0325830939005998,1.892965348410461,4.335507960286344
247540,2019-05-25,,,,,0.0,7.0,5.0,5.0,37.0437963746551,8.504185227752414,0.22957110393714586,1.0325830939005998,1.892965348410461,4.335507960286344
247540,2019-05-26,,,,,0.0,7.0,5.0,5.0,37.0437963746551,8.504185227752414,0.22957110393714586,1.0325830939005998,1.892965348410461,4.335507960286344
247540,2019-05-27,,,,,0.0,7.0,5.0,5.0,38.68370082734399,8.880659903307642,0.22957110393714586,1.0325830939005998,1.892965348410461,4.4548365077015495
247540,2019-05-28,,,,,0.0,7.0,5.0,5.0,38.81372561404586,8.910509837129982,0.22957110393714586,1.0325830939005998,1.892965348410461,4.464297832658419
247540,2019-05-29,0.4998,4.0,0.4995,0.0535,2.0,7.0,5.0,5.0,38.747386437157154,8.89528027905736,0.22957110393714586,1.0325830939005998,1.892965348410461,4.4594706260477714
247540,2019-05-30,0.6498,5.0,0.0,0.125,1.0,7.0,5.0,5.0,40.91269717080461,9.39237305454776,0.22957110393714586,1.0325830939005998,1.892965348410461,4.617030649819304
247540,2019-05-31,,,,,0.0,7.0,5.0,5.0,39.20645354122702,9.000668820919907,0.22957110393714586,1.0325830939005998,1.892965348410461,4.4928748957934515
247540,2019-06-01,,,,,0.0,7.0,5.0,6.0,39.20645354122702,9.000668820919907,0.22957110393714586,1.0325830939005998,1.892965348410461,4.4928748957934515
247540,2019-06-02,,,,,0.0,7.0,5.0,6.0,39.20645354122702,9.000668820919907,0.22957110393714586,1.0325830939005998,1.892965348410461,4.4928748957934515
247540,2019-06-03,0.9997,6.0,0.0001,0.2479,2.0,7.0,5.0,6.0,40.649994030325324,9.332064004580173,0.22957110393714586,1.0325830939005998,1.892965348410461,4.59791491164114
247540,2019-06-04,,,,,0.0,7.0,5.0,6.0,42.28989848301421,9.708538680135403,0.22957110393714586,1.0325830939005998,1.892965348410461,4.717243459056344
247540,2019-06-05,,,,,0.0,7.0,5.0,6.0,42.68262641019537,9.798697663925328,0.22957110393714586,1.0325830939005998,1.892965348410461,4.745820522191377
247540,2019-06-06,,,,,0.0,7.0,5.0,6.0,42.68262641019537,9.798697663925328,0.22957110393714586,1.0325830939005998,1.892965348410461,4.745820522191377
247540,2019-06-07,-0.0001,3.0,0.0,0.2143,1.0,7.0,5.0,6.0,43.927149368627546,10.084404173367727,0.22957110393714586,1.0325830939005998,1.892965348410461,4.836378918207123
247540,2019-06-08,,,,,0.0,7.0,5.0,6.0,43.927149368627546,10.084404173367727,0.22957110393714586,1.0325830939005998,1.892965348410461,4.836378918207123
247540,2019-06-09,,,,,0.0,7.0,5.0,6.0,43.927149368627546,10.084404173367727,0.22957110393714586,1.0325830939005998,1.892965348410461,4.836378918207123
247540,2019-06-10,,,,,0.0,7.0,5.0,6.0,43.141693514265235,9.904086205787875,0.22957110393714586,1.0325830939005998,1.892965348410461,4.779224791937057
247540,2019-06-11,,,,,0.0,7.0,5.0,6.0,43.6007606183351,10.009474747650424,0.22957110393714586,1.0325830939005998,1.892965348410461,4.812629061682737
247540,2019-06-12,,,,,0.0,7.0,5.0,6.0,43.141693514265235,9.904086205787875,0.22957110393714586,1.0325830939005998,1.892965348410461,4.779224791937057
247540,2019-06-13,,,,,0.0,7.0,5.0,6.0,43.33805747785581,9.949165697682838,0.22957110393714586,1.0325830939005998,1.892965348410461,4.793513323504574
247540,2019-06-14,,,,,0.0,7.0,5.0,6.0,42.28989848301421,9.708538680135403,0.22957110393714586,1.0325830939005998,1.892965348410461,4.717243459056344
247540,2019-06-15,,,,,0.0,7.0,5.0,6.0,42.28989848301421,9.708538680135403,0.22957110393714586,1.0325830939005998,1.892965348410461,4.717243459056344
247540,2019-06-16,,,,,0.0,7.0,5.0,6.0,42.28989848301421,9.708538680135403,0.22957110393714586,1.0325830939005998,1.892965348410461,4.717243459056344
247540,2019-06-17,,,,,0.0,7.0,5.0,6.0,41.56812823846506,9.54284108830527,0.22957110393714586,1.0325830939005998,1.892965348410461,4.664723451132501
247540,2019-06-18,,,,,0.0,7.0,5.0,6.0,39.339131895004435,9.031127937065152,0.22957110393714586,1.0325830939005998,1.892965348410461,4.502529309014746
247540,2019-06-19,,,,,0.0,7.0,5.0,6.0,37.961930582794835,8.71496231147751,0.22957110393714586,1.0325830939005998,1.892965348410461,4.402316499777705
247540,2019-06-20,-0.9996,6.0,0.0,0.0588,1.0,7.0,5.0,6.0,38.4209976868647,8.820350853340058,0.22957110393714586,1.0325830939005998,1.892965348410461,4.435720769523385
247540,2019-06-21,0.0,3.0,0.0,0.102,1.0,7.0,5.0,6.0,38.4209976868647,8.820350853340058,0.22957110393714586,1.0325830939005998,1.892965348410461,4.435720769523385
247540,2019-06-22,,,,,0.0,7.0,5.0,6.0,38.4209976868647,8.820350853340058,0.22957110393714586,1.0325830939005998,1.892965348410461,4.435720769523385
247540,2019-06-23,,,,,0.0,7.0,5.0,6.0,38.4209976868647,8.820350853340058,0.22957110393714586,1.0325830939005998,1.892965348410461,4.435720769523385
247540,2019-06-24,,,,,0.0,7.0,5.0,6.0,38.09460893657226,8.745421427622755,0.22957110393714586,1.0325830939005998,1.892965348410461,4.411970912999
247540,2019-06-25,-0.0,3.0,0.0,0.1216,2.0,7.0,5.0,6.0,38.94640396782328,8.940968953275227,0.22957110393714586,1.0325830939005998,1.892965348410461,4.473952245879714
247540,2019-06-26,,,,,0.0,7.0,5.0,6.0,38.48733686375341,8.83558041141268,0.22957110393714586,1.0325830939005998,1.892965348410461,4.440547976134034
247540,2019-06-27,,,,,0.0,7.0,5.0,6.0,38.88006479093457,8.925739395202605,0.22957110393714586,1.0325830939005998,1.892965348410461,4.469125039269065
247540,2019-06-28,,,,,0.0,7.0,5.0,6.0,39.14276793141386,8.98604844517019,0.22957110393714586,1.0325830939005998,1.892965348410461,4.48824077744723
247540,2019-06-29,,,,,0.0,7.0,5.0,6.0,39.14276793141386,8.98604844517019,0.22957110393714586,1.0325830939005998,1.892965348410461,4.48824077744723
247540,2019-06-30,,,,,0.0,7.0,5.0,6.0,39.14276793141386,8.98604844517019,0.22957110393714586,1.0325830939005998,1.892965348410461,4.48824077744723
247540,2019-07-01,,,,,0.0,7.0,5.0,7.0,39.272792718115724,9.01589837899253,0.22957110393714586,1.0325830939005998,1.892965348410461,4.497702102404099
247540,2019-07-02,,,,,0.0,7.0,5.0,7.0,38.290972900162835,8.790500919517717,0.22957110393714586,1.0325830939005998,1.892965348410461,4.426259444566517
247540,2019-07-03,0.9998,6.0,0.0,0.087,1.0,7.0,5.0,7.0,39.20645354122702,9.000668820919907,0.22957110393714586,1.0325830939005998,1.892965348410461,4.4928748957934515
247540,2019-07-04,,,,,0.0,7.0,5.0,7.0,39.4691566817063,9.060977870887493,0.22957110393714586,1.0325830939005998,1.892965348410461,4.511990633971616
247540,2019-07-05,,,,,0.0,7.0,5.0,7.0,39.339131895004435,9.031127937065152,0.22957110393714586,1.0325830939005998,1.892965348410461,4.502529309014746
247540,2019-07-06,,,,,0.0,7.0,5.0,7.0,39.339131895004435,9.031127937065152,0.22957110393714586,1.0325830939005998,1.892965348410461,4.502529309014746
247540,2019-07-07,,,,,0.0,7.0,5.0,7.0,39.339131895004435,9.031127937065152,0.22957110393714586,1.0325830939005998,1.892965348410461,4.502529309014746
247540,2019-07-08,,,,,0.0,7.0,5.0,7.0,36.9774571977664,8.488955669679791,0.22957110393714586,1.0325830939005998,1.892965348410461,4.330680753675698
247540,2019-07-09,,,,,0.0,7.0,5.0,7.0,36.78109323417581,8.443876177784828,0.22957110393714586,1.0325830939005998,1.892965348410461,4.316392222108181
247540,2019-07-10,,,,,0.0,7.0,5.0,7.0,37.24016033824568,8.549264719647377,0.22957110393714586,1.0325830939005998,1.892965348410461,4.349796491853861
247540,2019-07-11,,,,,0.0,7.0,5.0,7.0,38.94640396782328,8.940968953275227,0.22957110393714586,1.0325830939005998,1.892965348410461,4.473952245879714
247540,2019-07-12,-0.0001,3.0,0.0,0.0,1.0,7.0,5.0,7.0,41.56812823846506,9.54284108830527,0.22957110393714586,1.0325830939005998,1.892965348410461,4.664723451132501
247540,2019-07-13,,,,,0.0,7.0,5.0,7.0,41.56812823846506,9.54284108830527,0.22957110393714586,1.0325830939005998,1.892965348410461,4.664723451132501
247540,2019-07-14,,,,,0.0,7.0,5.0,7.0,41.56812823846506,9.54284108830527,0.22957110393714586,1.0325830939005998,1.892965348410461,4.664723451132501
247540,2019-07-15,-0.9998,6.0,0.0,0.25,1.0,7.0,5.0,7.0,41.63446741535377,9.558070646377892,0.22957110393714586,1.0325830939005998,1.892965348410461,4.669550657743148
247540,2019-07-16,,,,,0.0,7.0,5.0,7.0,41.501789061576346,9.527611530232647,0.22957110393714586,1.0325830939005998,1.892965348410461,4.659896244521852
247540,2019-07-17,0.6102,6.0,0.4358,0.2191,3.0,7.0,5.0,7.0,42.81530476397279,9.829156780070573,0.22957110393714586,1.0325830939005998,1.892965348410461,4.755474935412672
247540,2019-07-18,,,,,0.0,7.0,5.0,7.0,41.89717055583306,9.618379696345476,0.22957110393714586,1.0325830939005998,1.892965348410461,4.688666395921311
247540,2019-07-19,,,,,0.0,7.0,5.0,7.0,41.501789061576346,9.527611530232647,0.22957110393714586,1.0325830939005998,1.892965348410461,4.659896244521852
247540,2019-07-20,,,,,0.0,7.0,5.0,7.0,41.501789061576346,9.527611530232647,0.22957110393714586,1.0325830939005998,1.892965348410461,4.659896244521852
247540,2019-07-21,,,,,0.0,7.0,5.0,7.0,41.501789061576346,9.527611530232647,0.22957110393714586,1.0325830939005998,1.892965348410461,4.659896244521852
247540,2019-07-22,,,,,0.0,7.0,5.0,7.0,40.51996924362346,9.302214070757834,0.22957110393714586,1.0325830939005998,1.892965348410461,4.58845358668427
247540,2019-07-23,,,,,0.0,7.0,5.0,7.0,38.028269759683546,8.730191869550133,0.22957110393714586,1.0325830939005998,1.892965348410461,4.407143706388353
247540,2019-07-24,-0.0,3.0,0.0,0.3256,1.0,7.0,5.0,7.0,38.224633723274124,8.775271361445094,0.22957110393714586,1.0325830939005998,1.892965348410461,4.421432237955869
247540,2019-07-25,,,,,0.0,7.0,5.0,7.0,37.436524301836265,8.594344211542339,0.22957110393714586,1.0325830939005998,1.892965348410461,4.364085023421378
247540,2019-07-26,,,,,0.0,7.0,5.0,7.0,37.30649951513439,8.56449427772,0.22957110393714586,1.0325830939005998,1.892965348410461,4.354623698464509
247540,2019-07-27,,,,,0.0,7.0,5.0,7.0,37.30649951513439,8.56449427772,0.22957110393714586,1.0325830939005998,1.892965348410461,4.354623698464509
247540,2019-07-28,,,,,0.0,7.0,5.0,7.0,37.30649951513439,8.56449427772,0.22957110393714586,1.0325830939005998,1.892965348410461,4.354623698464509
247540,2019-07-29,,,,,0.0,7.0,5.0,7.0,35.602909452632346,8.173399226415052,0.22957110393714586,1.0325830939005998,1.892965348410461,4.2306610327030825
247540,2019-07-30,,,,,0.0,7.0,5.0,7.0,36.71740762436266,8.429255802035112,0.22957110393714586,1.0325830939005998,1.892965348410461,4.311758103761959
247540,2019-07-31,,,,,0.0,7.0,5.0,7.0,37.83190579609297,8.68511237765517,0.22957110393714586,1.0325830939005998,1.892965348410461,4.392855174820837
247540,2019-08-01,,,,,0.0,7.0,5.0,8.0,36.9774571977664,8.488955669679791,0.22957110393714586,1.0325830939005998,1.892965348410461,4.330680753675698
247540,2019-08-02,,,,,0.0,7.0,5.0,8.0,36.78109323417581,8.443876177784828,0.22957110393714586,1.0325830939005998,1.892965348410461,4.316392222108181
247540,2019-08-03,,,,,0.0,7.0,5.0,8.0,36.78109323417581,8.443876177784828,0.22957110393714586,1.0325830939005998,1.892965348410461,4.316392222108181
247540,2019-08-04,,,,,0.0,7.0,5.0,8.0,36.78109323417581,8.443876177784828,0.22957110393714586,1.0325830939005998,1.892965348410461,4.316392222108181
247540,2019-08-05,,,,,0.0,7.0,5.0,8.0,33.373913109171724,7.661686075174936,0.22957110393714586,1.0325830939005998,1.892965348410461,4.068466890585328
247540,2019-08-06,,,,,0.0,7.0,5.0,8.0,32.35494335216115,7.427760063179455,0.22957110393714586,1.0325830939005998,1.892965348410461,3.994320997045784
247540,2019-08-07,-0.0,3.0,0.0,0.0,1.0,7.0,5.0,8.0,33.43759871898488,7.6763064509246535,0.22957110393714586,1.0325830939005998,1.892965348410461,4.07310100893155
247540,2019-08-08,,,,,0.0,7.0,5.0,8.0,35.14384234856248,8.068010684552505,0.22957110393714586,1.0325830939005998,1.892965348410461,4.197256762957402
247540,2019-08-09,,,,,0.0,7.0,5.0,8.0,34.944824817896354,8.022322010334637,0.22957110393714586,1.0325830939005998,1.892965348410461,4.182775143125459
247540,2019-08-10,,,,,0.0,7.0,5.0,8.0,34.944824817896354,8.022322010334637,0.22957110393714586,1.0325830939005998,1.892965348410461,4.182775143125459
247540,2019-08-11,,,,,0.0,7.0,5.0,8.0,34.944824817896354,8.022322010334637,0.22957110393714586,1.0325830939005998,1.892965348410461,4.182775143125459
247540,2019-08-12,,,,,0.0,7.0,5.0,8.0,34.751114421381324,7.97785170076258,0.22957110393714586,1.0325830939005998,1.892965348410461,4.16867969982237
247540,2019-08-13,,,,,0.0,7.0,5.0,8.0,33.633962682575465,7.721385942819617,0.22957110393714586,1.0325830939005998,1.892965348410461,4.087389540499066
247540,2019-08-14,,,,,0.0,7.0,5.0,8.0,35.07750317167377,8.052781126479882,0.22957110393714586,1.0325830939005998,1.892965348410461,4.192429556346755
247540,2019-08-15,,,,,0.0,7.0,5.0,8.0,35.07750317167377,8.052781126479882,0.22957110393714586,1.0325830939005998,1.892965348410461,4.192429556346755
247540,2019-08-16,,,,,0.0,7.0,5.0,8.0,34.29204731731146,7.872463158900032,0.22957110393714586,1.0325830939005998,1.892965348410461,4.135275430076689
247540,2019-08-17,,,,,0.0,7.0,5.0,8.0,34.29204731731146,7.872463158900032,0.22957110393714586,1.0325830939005998,1.892965348410461,4.135275430076689
247540,2019-08-18,,,,,0.0,7.0,5.0,8.0,34.29204731731146,7.872463158900032,0.22957110393714586,1.0325830939005998,1.892965348410461,4.135275430076689
247540,2019-08-19,,,,,0.0,7.0,5.0,8.0,34.55209689071519,7.932163026544712,0.22957110393714586,1.0325830939005998,1.892965348410461,4.154198079990427
247540,2019-08-20,0.0419,3.0,0.0,0.0732,1.0,7.0,5.0,8.0,37.895591405906124,8.699732753404888,0.22957110393714586,1.0325830939005998,1.892965348410461,4.397489293167058
247540,2019-08-21,,,,,0.0,7.0,5.0,8.0,38.028269759683546,8.730191869550133,0.22957110393714586,1.0325830939005998,1.892965348410461,4.407143706388353
247540,2019-08-22,,,,,0.0,7.0,5.0,8.0,38.4209976868647,8.820350853340058,0.22957110393714586,1.0325830939005998,1.892965348410461,4.435720769523385
247540,2019-08-23,,,,,0.0,7.0,5.0,8.0,38.68370082734399,8.880659903307642,0.22957110393714586,1.0325830939005998,1.892965348410461,4.4548365077015495
247540,2019-08-24,,,,,0.0,7.0,5.0,8.0,38.68370082734399,8.880659903307642,0.22957110393714586,1.0325830939005998,1.892965348410461,4.4548365077015495
247540,2019-08-25,,,,,0.0,7.0,5.0,8.0,38.68370082734399,8.880659903307642,0.22957110393714586,1.0325830939005998,1.892965348410461,4.4548365077015495
247540,2019-08-26,,,,,0.0,7.0,5.0,8.0,36.78109323417581,8.443876177784828,0.22957110393714586,1.0325830939005998,1.892965348410461,4.316392222108181
247540,2019-08-27,,,,,0.0,7.0,5.0,8.0,36.913771587953235,8.474335293930073,0.22957110393714586,1.0325830939005998,1.892965348410461,4.326046635329476
247540,2019-08-28,0.9977,6.0,0.0,0.0238,1.0,7.0,5.0,8.0,38.81372561404586,8.910509837129982,0.22957110393714586,1.0325830939005998,1.892965348410461,4.464297832658419
247540,2019-08-29,,,,,0.0,7.0,5.0,8.0,38.88006479093457,8.925739395202605,0.22957110393714586,1.0325830939005998,1.892965348410461,4.469125039269065
247540,2019-08-30,,,,,0.0,7.0,5.0,8.0,38.94640396782328,8.940968953275227,0.22957110393714586,1.0325830939005998,1.892965348410461,4.473952245879714
247540,2019-08-31,,,,,0.0,7.0,5.0,8.0,38.94640396782328,8.940968953275227,0.22957110393714586,1.0325830939005998,1.892965348410461,4.473952245879714
247540,2019-09-01,,,,,0.0,7.0,5.0,9.0,38.94640396782328,8.940968953275227,0.22957110393714586,1.0325830939005998,1.892965348410461,4.473952245879714
247540,2019-09-02,,,,,0.0,7.0,5.0,9.0,37.76556661920426,8.669882819582547,0.22957110393714586,1.0325830939005998,1.892965348410461,4.388027968210189
247540,2019-09-03,,,,,0.0,7.0,5.0,9.0,37.69922744231555,8.654653261509925,0.22957110393714586,1.0325830939005998,1.892965348410461,4.383200761599541
247540,2019-09-04,,,,,0.0,7.0,5.0,9.0,37.11013555154381,8.519414785825036,0.22957110393714586,1.0325830939005998,1.892965348410461,4.340335166896992
247540,2019-09-05,,,,,0.0,7.0,5.0,9.0,37.24016033824568,8.549264719647377,0.22957110393714586,1.0325830939005998,1.892965348410461,4.349796491853861
247540,2019-09-06,,,,,0.0,7.0,5.0,9.0,36.45470448388337,8.368946752067526,0.22957110393714586,1.0325830939005998,1.892965348410461,4.292642365583795
247540,2019-09-07,,,,,0.0,7.0,5.0,9.0,36.45470448388337,8.368946752067526,0.22957110393714586,1.0325830939005998,1.892965348410461,4.292642365583795
247540,2019-09-08,,,,,0.0,7.0,5.0,9.0,36.45470448388337,8.368946752067526,0.22957110393714586,1.0325830939005998,1.892965348410461,4.292642365583795
247540,2019-09-09,0.6338,6.0,0.5177,0.1142,3.0,7.0,5.0,9.0,34.81480003119448,7.992472076512297,0.22957110393714586,1.0325830939005998,1.892965348410461,4.173313818168591
247540,2019-09-10,,,,,0.0,7.0,5.0,9.0,35.34020631215306,8.113090176447468,0.22957110393714586,1.0325830939005998,1.892965348410461,4.211545294524918
247540,2019-09-11,0.0,3.0,0.0,0.1471,1.0,7.0,5.0,9.0,35.14384234856248,8.068010684552505,0.22957110393714586,1.0325830939005998,1.892965348410461,4.197256762957402
247540,2019-09-12,,,,,0.0,7.0,5.0,9.0,35.14384234856248,8.068010684552505,0.22957110393714586,1.0325830939005998,1.892965348410461,4.197256762957402
247540,2019-09-13,,,,,0.0,7.0,5.0,9.0,35.14384234856248,8.068010684552505,0.22957110393714586,1.0325830939005998,1.892965348410461,4.197256762957402
247540,2019-09-14,,,,,0.0,7.0,5.0,9.0,35.14384234856248,8.068010684552505,0.22957110393714586,1.0325830939005998,1.892965348410461,4.197256762957402
247540,2019-09-15,,,,,0.0,7.0,5.0,9.0,35.14384234856248,8.068010684552505,0.22957110393714586,1.0325830939005998,1.892965348410461,4.197256762957402
247540,2019-09-16,0.0,3.0,0.0,0.1702,1.0,7.0,5.0,9.0,35.799273416222924,8.218478718310015,0.22957110393714586,1.0325830939005998,1.892965348410461,4.244949564270598
247540,2019-09-17,-0.9996,6.0,0.0,0.1667,1.0,7.0,5.0,9.0,34.55209689071519,7.932163026544712,0.22957110393714586,1.0325830939005998,1.892965348410461,4.154198079990427
247540,2019-09-18,,,,,0.0,7.0,5.0,9.0,34.35573292712461,7.88708353464975,0.22957110393714586,1.0325830939005998,1.892965348410461,4.139909548422911
247540,2019-09-19,,,,,0.0,7.0,5.0,9.0,34.48575771382649,7.91693346847209,0.22957110393714586,1.0325830939005998,1.892965348410461,4.149370873379779
247540,2019-09-20,,,,,0.0,7.0,5.0,9.0,34.944824817896354,8.022322010334637,0.22957110393714586,1.0325830939005998,1.892965348410461,4.182775143125459
247540,2019-09-21,,,,,0.0,7.0,5.0,9.0,34.944824817896354,8.022322010334637,0.22957110393714586,1.0325830939005998,1.892965348410461,4.182775143125459
247540,2019-09-22,,,,,0.0,7.0,5.0,9.0,34.944824817896354,8.022322010334637,0.22957110393714586,1.0325830939005998,1.892965348410461,4.182775143125459
247540,2019-09-23,,,,,0.0,7.0,5.0,9.0,34.422072104013324,7.902313092722372,0.22957110393714586,1.0325830939005998,1.892965348410461,4.144736755033558
247540,2019-09-24,,,,,0.0,7.0,5.0,9.0,34.422072104013324,7.902313092722372,0.22957110393714586,1.0325830939005998,1.892965348410461,4.144736755033558
247540,2019-09-25,,,,,0.0,7.0,5.0,9.0,32.42128252904986,7.442989621252077,0.22957110393714586,1.0325830939005998,1.892965348410461,3.999148203656431
247540,2019-09-26,,,,,0.0,7.0,5.0,9.0,31.734008656482835,7.285211399619707,0.22957110393714586,1.0325830939005998,1.892965348410461,3.949138343170124
247540,2019-09-27,,,,,0.0,7.0,5.0,9.0,32.45577890103199,7.4509089914498405,0.22957110393714586,1.0325830939005998,1.892965348410461,4.001658351093968
247540,2019-09-28,,,,,0.0,7.0,5.0,9.0,32.45577890103199,7.4509089914498405,0.22957110393714586,1.0325830939005998,1.892965348410461,4.001658351093968
247540,2019-09-29,,,,,0.0,7.0,5.0,9.0,32.45577890103199,7.4509089914498405,0.22957110393714586,1.0325830939005998,1.892965348410461,4.001658351093968
247540,2019-09-30,,,,,0.0,7.0,5.0,9.0,32.38943972414328,7.435679433377218,0.22957110393714586,1.0325830939005998,1.892965348410461,3.9968311444833207
247540,2019-10-01,,,,,0.0,7.0,5.0,10.0,32.75032484641786,7.518528229292285,0.22957110393714586,1.0325830939005998,1.892965348410461,4.023091148445243
247540,2019-10-02,,,,,0.0,7.0,5.0,10.0,31.734008656482835,7.285211399619707,0.22957110393714586,1.0325830939005998,1.892965348410461,3.949138343170124
247540,2019-10-03,,,,,0.0,7.0,5.0,10.0,31.734008656482835,7.285211399619707,0.22957110393714586,1.0325830939005998,1.892965348410461,3.949138343170124
247540,2019-10-04,,,,,0.0,7.0,5.0,10.0,31.012238411933684,7.119513807789574,0.22957110393714586,1.0325830939005998,1.892965348410461,3.8966183352462798
247540,2019-10-05,,,,,0.0,7.0,5.0,10.0,31.012238411933684,7.119513807789574,0.22957110393714586,1.0325830939005998,1.892965348410461,3.8966183352462798
247540,2019-10-06,,,,,0.0,7.0,5.0,10.0,31.012238411933684,7.119513807789574,0.22957110393714586,1.0325830939005998,1.892965348410461,3.8966183352462798
247540,2019-10-07,,,,,0.0,7.0,5.0,10.0,29.603194294817502,6.796037994327072,0.22957110393714586,1.0325830939005998,1.892965348410461,3.7940884668361283
247540,2019-10-08,-0.9987,6.0,0.0006,0.0,2.0,7.0,5.0,10.0,30.683196094565684,7.043975199749367,0.22957110393714586,1.0325830939005998,1.892965348410461,3.8726753904574682
247540,2019-10-09,,,,,0.0,7.0,5.0,10.0,30.683196094565684,7.043975199749367,0.22957110393714586,1.0325830939005998,1.892965348410461,3.8726753904574682
247540,2019-10-10,,,,,0.0,7.0,5.0,10.0,32.12673658366399,7.375370383409633,0.22957110393714586,1.0325830939005998,1.892965348410461,3.9777154063051565
247540,2019-10-11,,,,,0.0,7.0,5.0,10.0,31.996711796962124,7.345520449587292,0.22957110393714586,1.0325830939005998,1.892965348410461,3.968254081348288
247540,2019-10-12,,,,,0.0,7.0,5.0,10.0,31.996711796962124,7.345520449587292,0.22957110393714586,1.0325830939005998,1.892965348410461,3.968254081348288
247540,2019-10-13,,,,,0.0,7.0,5.0,10.0,31.996711796962124,7.345520449587292,0.22957110393714586,1.0325830939005998,1.892965348410461,3.968254081348288
247540,2019-10-14,,,,,0.0,7.0,5.0,10.0,33.111209968692435,7.601377025207351,0.22957110393714586,1.0325830939005998,1.892965348410461,4.049351152407165
247540,2019-10-15,,,,,0.0,7.0,5.0,10.0,32.71582847443573,7.51060885909452,0.22957110393714586,1.0325830939005998,1.892965348410461,4.020581001007706
247540,2019-10-16,,,,,0.0,7.0,5.0,10.0,33.1748955785056,7.615997400957069,0.22957110393714586,1.0325830939005998,1.892965348410461,4.053985270753386
247540,2019-10-17,,,,,0.0,7.0,5.0,10.0,32.42128252904986,7.442989621252077,0.22957110393714586,1.0325830939005998,1.892965348410461,3.999148203656431
247540,2019-10-18,,,,,0.0,7.0,5.0,10.0,32.61764649264044,7.48806911314704,0.22957110393714586,1.0325830939005998,1.892965348410461,4.013436735223948
247540,2019-10-19,,,,,0.0,7.0,5.0,10.0,32.61764649264044,7.48806911314704,0.22957110393714586,1.0325830939005998,1.892965348410461,4.013436735223948
247540,2019-10-20,,,,,0.0,7.0,5.0,10.0,32.61764649264044,7.48806911314704,0.22957110393714586,1.0325830939005998,1.892965348410461,4.013436735223948
247540,2019-10-21,0.7902,5.0,0.0,0.0,1.0,7.0,5.0,10.0,31.40496633911484,7.2096727915795,0.22957110393714586,1.0325830939005998,1.892965348410461,3.9251953983813124
247540,2019-10-22,0.3335,5.0,0.9424,0.0678,3.0,7.0,5.0,10.0,31.471305516003547,7.2249023496521225,0.22957110393714586,1.0325830939005998,1.892965348410461,3.9300226049919598
247540,2019-10-23,,,,,0.0,7.0,5.0,10.0,31.04408121684026,7.1268239956644335,0.22957110393714586,1.0325830939005998,1.892965348410461,3.8989353944193903
247540,2019-10-24,0.0,3.0,0.0,0.0682,1.0,7.0,5.0,10.0,32.38943972414328,7.435679433377218,0.22957110393714586,1.0325830939005998,1.892965348410461,3.9968311444833207
247540,2019-10-25,,,,,0.0,7.0,5.0,10.0,31.635826674687547,7.262671653672226,0.22957110393714586,1.0325830939005998,1.892965348410461,3.941994077386365
247540,2019-10-26,,,,,0.0,7.0,5.0,10.0,31.635826674687547,7.262671653672226,0.22957110393714586,1.0325830939005998,1.892965348410461,3.941994077386365
247540,2019-10-27,,,,,0.0,7.0,5.0,10.0,31.635826674687547,7.262671653672226,0.22957110393714586,1.0325830939005998,1.892965348410461,3.941994077386365
247540,2019-10-28,,,,,0.0,7.0,5.0,10.0,34.29204731731146,7.872463158900032,0.22957110393714586,1.0325830939005998,1.892965348410461,4.135275430076689
247540,2019-10-29,,,,,0.0,7.0,5.0,10.0,33.5702770727623,7.7067655670698985,0.22957110393714586,1.0325830939005998,1.892965348410461,4.082755422152845
247540,2019-10-30,,,,,0.0,7.0,5.0,10.0,33.89666582305475,7.781694992787202,0.22957110393714586,1.0325830939005998,1.892965348410461,4.10650527867723
247540,2019-10-31,,,,,0.0,7.0,5.0,10.0,33.76664103635288,7.751845058964862,0.22957110393714586,1.0325830939005998,1.892965348410461,4.097043953720362
247540,2019-11-01,,,,,0.0,7.0,5.0,11.0,33.5702770727623,7.7067655670698985,0.22957110393714586,1.0325830939005998,1.892965348410461,4.082755422152845
247540,2019-11-02,,,,,0.0,7.0,5.0,11.0,33.5702770727623,7.7067655670698985,0.22957110393714586,1.0325830939005998,1.892965348410461,4.082755422152845
247540,2019-11-03,,,,,0.0,7.0,5.0,11.0,33.5702770727623,7.7067655670698985,0.22957110393714586,1.0325830939005998,1.892965348410461,4.082755422152845
247540,2019-11-04,,,,,0.0,7.0,5.0,11.0,33.5702770727623,7.7067655670698985,0.22957110393714586,1.0325830939005998,1.892965348410461,4.082755422152845
247540,2019-11-05,,,,,0.0,7.0,5.0,11.0,33.5702770727623,7.7067655670698985,0.22957110393714586,1.0325830939005998,1.892965348410461,4.082755422152845
247540,2019-11-06,,,,,0.0,7.0,5.0,11.0,33.76664103635288,7.751845058964862,0.22957110393714586,1.0325830939005998,1.892965348410461,4.097043953720362
247540,2019-11-07,,,,,0.0,7.0,5.0,11.0,33.044870791803724,7.586147467134729,0.22957110393714586,1.0325830939005998,1.892965348410461,4.044523945796517
247540,2019-11-08,,,,,0.0,7.0,5.0,11.0,33.1748955785056,7.615997400957069,0.22957110393714586,1.0325830939005998,1.892965348410461,4.053985270753386
247540,2019-11-09,,,,,0.0,7.0,5.0,11.0,33.1748955785056,7.615997400957069,0.22957110393714586,1.0325830939005998,1.892965348410461,4.053985270753386
247540,2019-11-10,,,,,0.0,7.0,5.0,11.0,33.1748955785056,7.615997400957069,0.22957110393714586,1.0325830939005998,1.892965348410461,4.053985270753386
247540,2019-11-11,,,,,0.0,7.0,5.0,11.0,33.373913109171724,7.661686075174936,0.22957110393714586,1.0325830939005998,1.892965348410461,4.068466890585328
247540,2019-11-12,,,,,0.0,7.0,5.0,11.0,32.519464510845154,7.465529367199558,0.22957110393714586,1.0325830939005998,1.892965348410461,4.006292469440189
247540,2019-11-13,,,,,0.0,7.0,5.0,11.0,31.930372620073413,7.33029089151467,0.22957110393714586,1.0325830939005998,1.892965348410461,3.9634268747376398
247540,2019-11-14,,,,,0.0,7.0,5.0,11.0,32.09489377875741,7.368060195534774,0.22957110393714586,1.0325830939005998,1.892965348410461,3.975398347132046
247540,2019-11-15,,,,,0.0,7.0,5.0,11.0,33.373913109171724,7.661686075174936,0.22957110393714586,1.0325830939005998,1.892965348410461,4.068466890585328
247540,2019-11-16,,,,,0.0,7.0,5.0,11.0,33.373913109171724,7.661686075174936,0.22957110393714586,1.0325830939005998,1.892965348410461,4.068466890585328
247540,2019-11-17,,,,,0.0,7.0,5.0,11.0,33.373913109171724,7.661686075174936,0.22957110393714586,1.0325830939005998,1.892965348410461,4.068466890585328
247540,2019-11-18,,,,,0.0,7.0,5.0,11.0,33.76664103635288,7.751845058964862,0.22957110393714586,1.0325830939005998,1.892965348410461,4.097043953720362
247540,2019-11-19,,,,,0.0,7.0,5.0,11.0,34.02669060975662,7.811544926609542,0.22957110393714586,1.0325830939005998,1.892965348410461,4.115966603634099
247540,2019-11-20,,,,,0.0,7.0,5.0,11.0,34.35573292712461,7.88708353464975,0.22957110393714586,1.0325830939005998,1.892965348410461,4.139909548422911
247540,2019-11-21,,,,,0.0,7.0,5.0,11.0,33.30757393228301,7.6464565171023136,0.22957110393714586,1.0325830939005998,1.892965348410461,4.063639683974681
247540,2019-11-22,,,,,0.0,7.0,5.0,11.0,34.944824817896354,8.022322010334637,0.22957110393714586,1.0325830939005998,1.892965348410461,4.182775143125459
247540,2019-11-23,,,,,0.0,7.0,5.0,11.0,34.944824817896354,8.022322010334637,0.22957110393714586,1.0325830939005998,1.892965348410461,4.182775143125459
247540,2019-11-24,,,,,0.0,7.0,5.0,11.0,34.944824817896354,8.022322010334637,0.22957110393714586,1.0325830939005998,1.892965348410461,4.182775143125459
247540,2019-11-25,,,,,0.0,7.0,5.0,11.0,35.07750317167377,8.052781126479882,0.22957110393714586,1.0325830939005998,1.892965348410461,4.192429556346755
247540,2019-11-26,,,,,0.0,7.0,5.0,11.0,34.81480003119448,7.992472076512297,0.22957110393714586,1.0325830939005998,1.892965348410461,4.173313818168591
247540,2019-11-27,,,,,0.0,7.0,5.0,11.0,34.88113920808319,8.00770163458492,0.22957110393714586,1.0325830939005998,1.892965348410461,4.178141024779238
247540,2019-11-28,,,,,0.0,7.0,5.0,11.0,33.373913109171724,7.661686075174936,0.22957110393714586,1.0325830939005998,1.892965348410461,4.068466890585328
247540,2019-11-29,,,,,0.0,7.0,5.0,11.0,32.68398566952915,7.503298671219662,0.22957110393714586,1.0325830939005998,1.892965348410461,4.018263941834595
247540,2019-11-30,,,,,0.0,7.0,5.0,11.0,32.68398566952915,7.503298671219662,0.22957110393714586,1.0325830939005998,1.892965348410461,4.018263941834595
247540,2019-12-01,,,,,0.0,7.0,5.0,12.0,32.68398566952915,7.503298671219662,0.22957110393714586,1.0325830939005998,1.892965348410461,4.018263941834595
247540,2019-12-02,,,,,0.0,7.0,5.0,12.0,33.111209968692435,7.601377025207351,0.22957110393714586,1.0325830939005998,1.892965348410461,4.049351152407165
247540,2019-12-03,,,,,0.0,7.0,5.0,12.0,33.111209968692435,7.601377025207351,0.22957110393714586,1.0325830939005998,1.892965348410461,4.049351152407165
247540,2019-12-04,,,,,0.0,7.0,5.0,12.0,31.503148320910128,7.232212537526981,0.22957110393714586,1.0325830939005998,1.892965348410461,3.9323396641650703
247540,2019-12-05,0.9999,6.0,0.0,0.0238,1.0,7.0,5.0,12.0,31.601330302705417,7.254752283474462,0.22957110393714586,1.0325830939005998,1.892965348410461,3.939483929948829
247540,2019-12-06,,,,,0.0,7.0,5.0,12.0,32.12673658366399,7.375370383409633,0.22957110393714586,1.0325830939005998,1.892965348410461,3.9777154063051565
247540,2019-12-07,,,,,0.0,7.0,5.0,12.0,32.12673658366399,7.375370383409633,0.22957110393714586,1.0325830939005998,1.892965348410461,3.9777154063051565
247540,2019-12-08,,,,,0.0,7.0,5.0,12.0,32.12673658366399,7.375370383409633,0.22957110393714586,1.0325830939005998,1.892965348410461,3.9777154063051565
247540,2019-12-09,-0.0002,3.0,0.0,0.1064,1.0,7.0,5.0,12.0,32.97853161491501,7.570917909062106,0.22957110393714586,1.0325830939005998,1.892965348410461,4.03969673918587
247540,2019-12-10,,,,,0.0,7.0,5.0,12.0,32.1930757605527,7.390599941482256,0.22957110393714586,1.0325830939005998,1.892965348410461,3.982542612915804
247540,2019-12-11,,,,,0.0,7.0,5.0,12.0,32.256761370365865,7.405220317231973,0.22957110393714586,1.0325830939005998,1.892965348410461,3.987176731262026
247540,2019-12-12,0.0,3.0,0.0,0.1778,1.0,7.0,5.0,12.0,32.42128252904986,7.442989621252077,0.22957110393714586,1.0325830939005998,1.892965348410461,3.999148203656431
247540,2019-12-13,,,,,0.0,7.0,5.0,12.0,32.75032484641786,7.518528229292285,0.22957110393714586,1.0325830939005998,1.892965348410461,4.023091148445243
247540,2019-12-14,,,,,0.0,7.0,5.0,12.0,32.75032484641786,7.518528229292285,0.22957110393714586,1.0325830939005998,1.892965348410461,4.023091148445243
247540,2019-12-15,,,,,0.0,7.0,5.0,12.0,32.75032484641786,7.518528229292285,0.22957110393714586,1.0325830939005998,1.892965348410461,4.023091148445243
247540,2019-12-16,,,,,0.0,7.0,5.0,12.0,32.32310054725457,7.4204498753045955,0.22957110393714586,1.0325830939005998,1.892965348410461,3.9920039378726733
247540,2019-12-17,,,,,0.0,7.0,5.0,12.0,32.519464510845154,7.465529367199558,0.22957110393714586,1.0325830939005998,1.892965348410461,4.006292469440189
247540,2019-12-18,,,,,0.0,7.0,5.0,12.0,31.832190638278124,7.307751145567189,0.22957110393714586,1.0325830939005998,1.892965348410461,3.956282608953882
247540,2019-12-19,,,,,0.0,7.0,5.0,12.0,31.962215424979995,7.337601079389529,0.22957110393714586,1.0325830939005998,1.892965348410461,3.965743933910751
247540,2019-12-20,,,,,0.0,7.0,5.0,12.0,31.930372620073413,7.33029089151467,0.22957110393714586,1.0325830939005998,1.892965348410461,3.9634268747376398
247540,2019-12-21,,,,,0.0,7.0,5.0,12.0,31.930372620073413,7.33029089151467,0.22957110393714586,1.0325830939005998,1.892965348410461,3.9634268747376398
247540,2019-12-22,,,,,0.0,7.0,5.0,12.0,31.930372620073413,7.33029089151467,0.22957110393714586,1.0325830939005998,1.892965348410461,3.9634268747376398
247540,2019-12-23,0.9998,6.0,0.0,0.0417,1.0,7.0,5.0,12.0,31.996711796962124,7.345520449587292,0.22957110393714586,1.0325830939005998,1.892965348410461,3.968254081348288
247540,2019-12-24,,,,,0.0,7.0,5.0,12.0,31.930372620073413,7.33029089151467,0.22957110393714586,1.0325830939005998,1.892965348410461,3.9634268747376398
247540,2019-12-25,0.9989,6.0,0.0,0.1951,1.0,7.0,5.0,12.0,31.930372620073413,7.33029089151467,0.22957110393714586,1.0325830939005998,1.892965348410461,3.9634268747376398
247540,2019-12-26,,,,,0.0,7.0,5.0,12.0,33.2412347553943,7.631226959029691,0.22957110393714586,1.0325830939005998,1.892965348410461,4.058812477364033
247540,2019-12-27,,,,,0.0,7.0,5.0,12.0,33.89666582305475,7.781694992787202,0.22957110393714586,1.0325830939005998,1.892965348410461,4.10650527867723
247540,2019-12-28,,,,,0.0,7.0,5.0,12.0,33.89666582305475,7.781694992787202,0.22957110393714586,1.0325830939005998,1.892965348410461,4.10650527867723
247540,2019-12-29,,,,,0.0,7.0,5.0,12.0,33.89666582305475,7.781694992787202,0.22957110393714586,1.0325830939005998,1.892965348410461,4.10650527867723
247540,2019-12-30,,,,,0.0,7.0,5.0,12.0,34.751114421381324,7.97785170076258,0.22957110393714586,1.0325830939005998,1.892965348410461,4.16867969982237
247540,2019-12-31,,,,,0.0,7.0,5.0,12.0,34.751114421381324,7.97785170076258,0.22957110393714586,1.0325830939005998,1.892965348410461,4.16867969982237
247540,2020-01-01,,,,,0.0,7.0,5.0,13.0,34.751114421381324,7.97785170076258,0.22957110393714586,1.0325830939005998,1.892965348410461,4.16867969982237
247540,2020-01-02,0.0,3.0,0.0,0.0,1.0,7.0,5.0,13.0,34.751114421381324,7.97785170076258,0.22957110393714586,1.0325830939005998,1.892965348410461,4.16867969982237
247540,2020-01-03,,,,,0.0,7.0,5.0,13.0,33.633962682575465,7.721385942819617,0.22957110393714586,1.0325830939005998,1.892965348410461,4.087389540499066
247540,2020-01-04,,,,,0.0,7.0,5.0,13.0,33.633962682575465,7.721385942819617,0.22957110393714586,1.0325830939005998,1.892965348410461,4.087389540499066
247540,2020-01-05,,,,,0.0,7.0,5.0,13.0,33.633962682575465,7.721385942819617,0.22957110393714586,1.0325830939005998,1.892965348410461,4.087389540499066
247540,2020-01-06,,,,,0.0,7.0,5.0,13.0,33.633962682575465,7.721385942819617,0.22957110393714586,1.0325830939005998,1.892965348410461,4.087389540499066
247540,2020-01-07,,,,,0.0,7.0,5.0,13.0,34.29204731731146,7.872463158900032,0.22957110393714586,1.0325830939005998,1.892965348410461,4.135275430076689
247540,2020-01-08,,,,,0.0,7.0,5.0,13.0,32.782167651324436,7.525838417167144,0.22957110393714586,1.0325830939005998,1.892965348410461,4.025408207618353
247540,2020-01-09,,,,,0.0,7.0,5.0,13.0,36.38836530699466,8.353717193994903,0.22957110393714586,1.0325830939005998,1.892965348410461,4.287815158973148
247540,2020-01-10,,,,,0.0,7.0,5.0,13.0,37.176474728432524,8.534644343897659,0.22957110393714586,1.0325830939005998,1.892965348410461,4.34516237350764
247540,2020-01-11,,,,,0.0,7.0,5.0,13.0,37.176474728432524,8.534644343897659,0.22957110393714586,1.0325830939005998,1.892965348410461,4.34516237350764
247540,2020-01-12,,,,,0.0,7.0,5.0,13.0,37.176474728432524,8.534644343897659,0.22957110393714586,1.0325830939005998,1.892965348410461,4.34516237350764
247540,2020-01-13,,,,,0.0,7.0,5.0,13.0,36.847432411064524,8.45910573585745,0.22957110393714586,1.0325830939005998,1.892965348410461,4.321219428718829
247540,2020-01-14,,,,,0.0,7.0,5.0,13.0,37.30649951513439,8.56449427772,0.22957110393714586,1.0325830939005998,1.892965348410461,4.354623698464509
247540,2020-01-15,,,,,0.0,7.0,5.0,13.0,36.322026130105954,8.33848763592228,0.22957110393714586,1.0325830939005998,1.892965348410461,4.282987952362501
247540,2020-01-16,,,,,0.0,7.0,5.0,13.0,36.45470448388337,8.368946752067526,0.22957110393714586,1.0325830939005998,1.892965348410461,4.292642365583795
247540,2020-01-17,,,,,0.0,7.0,5.0,13.0,35.73293423933421,8.203249160237393,0.22957110393714586,1.0325830939005998,1.892965348410461,4.240122357659951
247540,2020-01-18,,,,,0.0,7.0,5.0,13.0,35.73293423933421,8.203249160237393,0.22957110393714586,1.0325830939005998,1.892965348410461,4.240122357659951
247540,2020-01-19,,,,,0.0,7.0,5.0,13.0,35.73293423933421,8.203249160237393,0.22957110393714586,1.0325830939005998,1.892965348410461,4.240122357659951
247540,2020-01-20,,,,,0.0,7.0,5.0,13.0,36.913771587953235,8.474335293930073,0.22957110393714586,1.0325830939005998,1.892965348410461,4.326046635329476
247540,2020-01-21,,,,,0.0,7.0,5.0,13.0,36.19200134340408,8.30863770209994,0.22957110393714586,1.0325830939005998,1.892965348410461,4.273526627405632
247540,2020-01-22,,,,,0.0,7.0,5.0,13.0,36.78109323417581,8.443876177784828,0.22957110393714586,1.0325830939005998,1.892965348410461,4.316392222108181
247540,2020-01-23,,,,,0.0,7.0,5.0,13.0,37.56920265561368,8.624803327687584,0.22957110393714586,1.0325830939005998,1.892965348410461,4.373739436642673
247540,2020-01-24,,,,,0.0,7.0,5.0,13.0,37.56920265561368,8.624803327687584,0.22957110393714586,1.0325830939005998,1.892965348410461,4.373739436642673
247540,2020-01-25,,,,,0.0,7.0,5.0,13.0,37.56920265561368,8.624803327687584,0.22957110393714586,1.0325830939005998,1.892965348410461,4.373739436642673
247540,2020-01-26,,,,,0.0,7.0,5.0,13.0,37.56920265561368,8.624803327687584,0.22957110393714586,1.0325830939005998,1.892965348410461,4.373739436642673
247540,2020-01-27,,,,,0.0,7.0,5.0,13.0,37.56920265561368,8.624803327687584,0.22957110393714586,1.0325830939005998,1.892965348410461,4.373739436642673
247540,2020-01-28,,,,,0.0,7.0,5.0,13.0,36.19200134340408,8.30863770209994,0.22957110393714586,1.0325830939005998,1.892965348410461,4.273526627405632
247540,2020-01-29,,,,,0.0,7.0,5.0,13.0,36.12566216651537,8.293408144027318,0.22957110393714586,1.0325830939005998,1.892965348410461,4.268699420794984
247540,2020-01-30,0.0001,3.0,0.0,0.0,1.0,7.0,5.0,13.0,36.06197655670221,8.278787768277601,0.22957110393714586,1.0325830939005998,1.892965348410461,4.2640653024487625
247540,2020-01-31,,,,,0.0,7.0,5.0,13.0,34.68477524449261,7.962622142689957,0.22957110393714586,1.0325830939005998,1.892965348410461,4.163852493211722
247540,2020-02-01,,,,,0.0,7.0,5.0,14.0,34.68477524449261,7.962622142689957,0.22957110393714586,1.0325830939005998,1.892965348410461,4.163852493211722
247540,2020-02-02,,,,,0.0,7.0,5.0,14.0,34.68477524449261,7.962622142689957,0.22957110393714586,1.0325830939005998,1.892965348410461,4.163852493211722
247540,2020-02-03,,,,,0.0,7.0,5.0,14.0,41.96085616564621,9.633000072095195,0.22957110393714586,1.0325830939005998,1.892965348410461,4.693300514267533
247540,2020-02-04,0.9996,6.0,0.0001,0.1583,2.0,7.0,5.0,14.0,42.68262641019537,9.798697663925328,0.22957110393714586,1.0325830939005998,1.892965348410461,4.745820522191377
247540,2020-02-05,,,,,0.0,7.0,5.0,14.0,43.53442144144639,9.994245189577802,0.22957110393714586,1.0325830939005998,1.892965348410461,4.80780185507209
247540,2020-02-06,0.0,3.0,0.0,0.7308,1.0,7.0,5.0,14.0,45.896096138684435,10.536417456963163,0.22957110393714586,1.0325830939005998,1.892965348410461,4.979650410411139
247540,2020-02-07,0.7324,6.0,0.4238,0.3607,4.0,7.0,5.0,14.0,49.56597940416781,11.37891660954064,0.22957110393714586,1.0325830939005998,1.892965348410461,5.246691480112156
247540,2020-02-08,,,,,0.0,7.0,5.0,14.0,49.56597940416781,11.37891660954064,0.22957110393714586,1.0325830939005998,1.892965348410461,5.246691480112156
247540,2020-02-09,,,,,0.0,7.0,5.0,14.0,49.56597940416781,11.37891660954064,0.22957110393714586,1.0325830939005998,1.892965348410461,5.246691480112156
247540,2020-02-10,0.8007,6.0,0.3979,0.3912,5.0,7.0,5.0,14.0,51.13954467996799,11.740161727023246,0.22957110393714586,1.0325830939005998,1.892965348410461,5.361192820916712
247540,2020-02-11,0.5,5.0,0.4999,0.6768,2.0,7.0,5.0,14.0,57.43645935024425,13.185751379276576,0.22957110393714586,1.0325830939005998,1.892965348410461,5.8193912723993675
247540,2020-02-12,,,,,0.0,7.0,5.0,14.0,57.69650892364799,13.245451246921256,0.22957110393714586,1.0325830939005998,1.892965348410461,5.838313922313106
247540,2020-02-13,,,,,0.0,7.0,5.0,14.0,58.680982308676434,13.471457888718975,0.22957110393714586,1.0325830939005998,1.892965348410461,5.909949668415114
247540,2020-02-14,,,,,0.0,7.0,5.0,14.0,58.02555124101598,13.320989854961464,0.22957110393714586,1.0325830939005998,1.892965348410461,5.862256867101917
247540,2020-02-15,,,,,0.0,7.0,5.0,14.0,58.02555124101598,13.320989854961464,0.22957110393714586,1.0325830939005998,1.892965348410461,5.862256867101917
247540,2020-02-16,,,,,0.0,7.0,5.0,14.0,58.02555124101598,13.320989854961464,0.22957110393714586,1.0325830939005998,1.892965348410461,5.862256867101917
247540,2020-02-17,,,,,0.0,7.0,5.0,14.0,56.58201075191768,12.989594671301198,0.22957110393714586,1.0325830939005998,1.892965348410461,5.7572168512542286
247540,2020-02-18,,,,,0.0,7.0,5.0,14.0,55.926579684257234,12.839126637543687,0.22957110393714586,1.0325830939005998,1.892965348410461,5.709524049941032
247540,2020-02-19,,,,,0.0,7.0,5.0,14.0,56.25562200162523,12.914665245583896,0.22957110393714586,1.0325830939005998,1.892965348410461,5.7334669947298424
247540,2020-02-20,,,,,0.0,7.0,5.0,14.0,60.05818362088603,13.787623514306617,0.22957110393714586,1.0325830939005998,1.892965348410461,6.0101624776521545
247540,2020-02-21,,,,,0.0,7.0,5.0,14.0,56.25562200162523,12.914665245583896,0.22957110393714586,1.0325830939005998,1.892965348410461,5.7334669947298424
247540,2020-02-22,,,,,0.0,7.0,5.0,14.0,56.25562200162523,12.914665245583896,0.22957110393714586,1.0325830939005998,1.892965348410461,5.7334669947298424
247540,2020-02-23,,,,,0.0,7.0,5.0,14.0,56.25562200162523,12.914665245583896,0.22957110393714586,1.0325830939005998,1.892965348410461,5.7334669947298424
247540,2020-02-24,-0.8446,6.0,0.0,0.1633,1.0,7.0,5.0,14.0,55.86024050736852,12.823897079471065,0.22957110393714586,1.0325830939005998,1.892965348410461,5.704696843330384
247540,2020-02-25,,,,,0.0,7.0,5.0,14.0,58.61464313178772,13.456228330646352,0.22957110393714586,1.0325830939005998,1.892965348410461,5.905122461804466
247540,2020-02-26,,,,,0.0,7.0,5.0,14.0,57.37012017335554,13.170521821203954,0.22957110393714586,1.0325830939005998,1.892965348410461,5.81456406578872
247540,2020-02-27,-0.0,3.0,0.0,0.1915,1.0,7.0,5.0,14.0,55.53385175707608,12.748967653753763,0.22957110393714586,1.0325830939005998,1.892965348410461,5.680946986805998
247540,2020-02-28,,,,,0.0,7.0,5.0,14.0,53.304855413615456,12.237254502513645,0.22957110393714586,1.0325830939005998,1.892965348410461,5.518752844688245
247540,2020-02-29,,,,,0.0,7.0,5.0,14.0,53.304855413615456,12.237254502513645,0.22957110393714586,1.0325830939005998,1.892965348410461,5.518752844688245
247540,2020-03-01,,,,,0.0,7.0,5.0,15.0,53.304855413615456,12.237254502513645,0.22957110393714586,1.0325830939005998,1.892965348410461,5.518752844688245
247540,2020-03-02,,,,,0.0,7.0,5.0,15.0,55.60019093396478,12.764197211826385,0.22957110393714586,1.0325830939005998,1.892965348410461,5.685774193416646
247540,2020-03-03,,,,,0.0,7.0,5.0,15.0,55.60019093396478,12.764197211826385,0.22957110393714586,1.0325830939005998,1.892965348410461,5.685774193416646
247540,2020-03-04,0.9998,6.0,0.0,0.0889,1.0,7.0,5.0,15.0,56.97739224617438,13.080362837414029,0.22957110393714586,1.0325830939005998,1.892965348410461,5.785987002653687
247540,2020-03-05,,,,,0.0,7.0,5.0,15.0,55.992918861145945,12.85435619561631,0.22957110393714586,1.0325830939005998,1.892965348410461,5.714351256551679
247540,2020-03-06,0.0,3.0,0.0,0.7333,1.0,7.0,5.0,15.0,54.81208151252692,12.58327006192363,0.22957110393714586,1.0325830939005998,1.892965348410461,5.628426978882154
247540,2020-03-07,,,,,0.0,7.0,5.0,15.0,54.81208151252692,12.58327006192363,0.22957110393714586,1.0325830939005998,1.892965348410461,5.628426978882154
247540,2020-03-08,,,,,0.0,7.0,5.0,15.0,54.81208151252692,12.58327006192363,0.22957110393714586,1.0325830939005998,1.892965348410461,5.628426978882154
247540,2020-03-09,,,,,0.0,7.0,5.0,15.0,50.813155929675546,11.665232301305943,0.22957110393714586,1.0325830939005998,1.892965348410461,5.337442964392327
247540,2020-03-10,,,,,0.0,7.0,5.0,15.0,53.89394730438719,12.372492978198533,0.22957110393714586,1.0325830939005998,1.892965348410461,5.561618439390794
247540,2020-03-11,,,,,0.0,7.0,5.0,15.0,51.40224782044728,11.800470776990831,0.22957110393714586,1.0325830939005998,1.892965348410461,5.380308559094876
247540,2020-03-12,,,,,0.0,7.0,5.0,15.0,51.2058838568567,11.755391285095868,0.22957110393714586,1.0325830939005998,1.892965348410461,5.36602002752736
247540,2020-03-13,,,,,0.0,7.0,5.0,15.0,51.2058838568567,11.755391285095868,0.22957110393714586,1.0325830939005998,1.892965348410461,5.36602002752736
247540,2020-03-14,,,,,0.0,7.0,5.0,15.0,51.2058838568567,11.755391285095868,0.22957110393714586,1.0325830939005998,1.892965348410461,5.36602002752736
247540,2020-03-15,,,,,0.0,7.0,5.0,15.0,51.2058838568567,11.755391285095868,0.22957110393714586,1.0325830939005998,1.892965348410461,5.36602002752736
247540,2020-03-16,0.9997,6.0,0.0,0.1556,1.0,7.0,5.0,15.0,46.22248488897688,10.611346882680465,0.22957110393714586,1.0325830939005998,1.892965348410461,5.003400266935524
247540,2020-03-17,,,,,0.0,7.0,5.0,15.0,46.41884885256746,10.656426374575428,0.22957110393714586,1.0325830939005998,1.892965348410461,5.017688798503041
247540,2020-03-18,,,,,0.0,7.0,5.0,15.0,41.43810345176319,9.512991154482929,0.22957110393714586,1.0325830939005998,1.892965348410461,4.655262126175631
247540,2020-03-19,,,,,0.0,7.0,5.0,15.0,35.602909452632346,8.173399226415052,0.22957110393714586,1.0325830939005998,1.892965348410461,4.2306610327030825
247540,2020-03-20,0.9998,6.0,0.0,0.2115,1.0,7.0,5.0,15.0,38.88006479093457,8.925739395202605,0.22957110393714586,1.0325830939005998,1.892965348410461,4.469125039269065
247540,2020-03-21,,,,,0.0,7.0,5.0,15.0,38.88006479093457,8.925739395202605,0.22957110393714586,1.0325830939005998,1.892965348410461,4.469125039269065
247540,2020-03-22,,,,,0.0,7.0,5.0,15.0,38.88006479093457,8.925739395202605,0.22957110393714586,1.0325830939005998,1.892965348410461,4.469125039269065
247540,2020-03-23,,,,,0.0,7.0,5.0,15.0,37.176474728432524,8.534644343897659,0.22957110393714586,1.0325830939005998,1.892965348410461,4.34516237350764
247540,2020-03-24,,,,,0.0,7.0,5.0,15.0,40.32360528003288,9.257134578862871,0.22957110393714586,1.0325830939005998,1.892965348410461,4.5741650551167545
247540,2020-03-25,,,,,0.0,7.0,5.0,15.0,41.764492202055635,9.587920580200231,0.22957110393714586,1.0325830939005998,1.892965348410461,4.6790119827000165
247540,2020-03-26,,,,,0.0,7.0,5.0,15.0,40.716333207214035,9.347293562652796,0.22957110393714586,1.0325830939005998,1.892965348410461,4.602742118251787
247540,2020-03-27,,,,,0.0,7.0,5.0,15.0,40.32360528003288,9.257134578862871,0.22957110393714586,1.0325830939005998,1.892965348410461,4.5741650551167545
247540,2020-03-28,,,,,0.0,7.0,5.0,15.0,40.32360528003288,9.257134578862871,0.22957110393714586,1.0325830939005998,1.892965348410461,4.5741650551167545
247540,2020-03-29,,,,,0.0,7.0,5.0,15.0,40.32360528003288,9.257134578862871,0.22957110393714586,1.0325830939005998,1.892965348410461,4.5741650551167545
247540,2020-03-30,,,,,0.0,7.0,5.0,15.0,40.387290889846035,9.27175495461259,0.22957110393714586,1.0325830939005998,1.892965348410461,4.578799173462976
247540,2020-03-31,,,,,0.0,7.0,5.0,15.0,40.19092692625546,9.226675462717626,0.22957110393714586,1.0325830939005998,1.892965348410461,4.564510641895459
247540,2020-04-01,,,,,0.0,7.75,3.0,4.0,43.37964654841345,4.040372187097761,0.09313981345118941,0.04565514318811867,0.756737917795612,4.737743767527837
247540,2020-04-02,,,,,0.0,7.75,3.0,4.0,45.7650449234112,4.262547746751822,0.09313981345118941,0.04565514318811867,0.756737917795612,4.913901632301888
247540,2020-04-03,,,,,0.0,7.75,3.0,4.0,45.7650449234112,4.262547746751822,0.09313981345118941,0.04565514318811867,0.756737917795612,4.913901632301888
247540,2020-04-04,,,,,0.0,7.75,3.0,4.0,45.7650449234112,4.262547746751822,0.09313981345118941,0.04565514318811867,0.756737917795612,4.913901632301888
247540,2020-04-05,,,,,0.0,7.75,3.0,4.0,45.7650449234112,4.262547746751822,0.09313981345118941,0.04565514318811867,0.756737917795612,4.913901632301888
247540,2020-04-06,,,,,0.0,7.75,3.0,4.0,47.30520106802926,4.4059976027472505,0.09313981345118941,0.04565514318811867,0.756737917795612,5.02763970670416
247540,2020-04-07,,,,,0.0,7.75,3.0,4.0,47.58600301704802,4.432151443895589,0.09313981345118941,0.04565514318811867,0.756737917795612,5.048376482700154
247540,2020-04-08,0.9998,6.0,0.0,0.0769,1.0,7.75,3.0,4.0,48.706374429799645,4.53650262827532,0.09313981345118941,0.04565514318811867,0.756737917795612,5.131114124300333
247540,2020-04-09,,,,,0.0,7.75,3.0,4.0,49.19706874475162,4.5822058052315064,0.09313981345118941,0.04565514318811867,0.756737917795612,5.167351116697373
247540,2020-04-10,,,,,0.0,7.75,3.0,4.0,48.706374429799645,4.53650262827532,0.09313981345118941,0.04565514318811867,0.756737917795612,5.131114124300333
247540,2020-04-11,,,,,0.0,7.75,3.0,4.0,48.706374429799645,4.53650262827532,0.09313981345118941,0.04565514318811867,0.756737917795612,5.131114124300333
247540,2020-04-12,,,,,0.0,7.75,3.0,4.0,48.706374429799645,4.53650262827532,0.09313981345118941,0.04565514318811867,0.756737917795612,5.131114124300333
247540,2020-04-13,,,,,0.0,7.75,3.0,4.0,46.53370480405852,4.334140584642727,0.09313981345118941,0.04565514318811867,0.756737917795612,4.970665938311125
247540,2020-04-14,0.9998,6.0,0.0,0.2413,2.0,7.75,3.0,4.0,48.35749928101876,4.504008462000113,0.09313981345118941,0.04565514318811867,0.756737917795612,5.1053502510931885
247540,2020-04-15,,,,,0.0,7.75,3.0,4.0,48.35749928101876,4.504008462000113,0.09313981345118941,0.04565514318811867,0.756737917795612,5.1053502510931885
247540,2020-04-16,,,,,0.0,7.75,3.0,4.0,51.721449902597044,4.817326195352927,0.09313981345118941,0.04565514318811867,0.756737917795612,5.3537726382775235
247540,2020-04-17,,,,,0.0,7.75,3.0,4.0,53.261606047215096,4.960776051348356,0.09313981345118941,0.04565514318811867,0.756737917795612,5.467510712679794
247540,2020-04-18,,,,,0.0,7.75,3.0,4.0,53.261606047215096,4.960776051348356,0.09313981345118941,0.04565514318811867,0.756737917795612,5.467510712679794
247540,2020-04-19,,,,,0.0,7.75,3.0,4.0,53.261606047215096,4.960776051348356,0.09313981345118941,0.04565514318811867,0.756737917795612,5.467510712679794
247540,2020-04-20,,,,,0.0,7.75,3.0,4.0,52.42203658348224,4.882578708116962,0.09313981345118941,0.04565514318811867,0.756737917795612,5.40550984707561
247540,2020-04-21,,,,,0.0,7.75,3.0,4.0,51.721449902597044,4.817326195352927,0.09313981345118941,0.04565514318811867,0.756737917795612,5.3537726382775235
247540,2020-04-22,,,,,0.0,7.75,3.0,4.0,51.93134226853026,4.836875531160776,0.09313981345118941,0.04565514318811867,0.756737917795612,5.369272854678569
247540,2020-04-23,0.9519,6.0,0.0479,0.1733,2.0,7.75,3.0,4.0,52.212144217549024,4.863029372309113,0.09313981345118941,0.04565514318811867,0.756737917795612,5.390009630674563
247540,2020-04-24,,,,,0.0,7.75,3.0,4.0,50.81097085577864,4.732524346781044,0.09313981345118941,0.04565514318811867,0.756737917795612,5.28653521307839
247540,2020-04-25,,,,,0.0,7.75,3.0,4.0,50.81097085577864,4.732524346781044,0.09313981345118941,0.04565514318811867,0.756737917795612,5.28653521307839
247540,2020-04-26,,,,,0.0,7.75,3.0,4.0,50.81097085577864,4.732524346781044,0.09313981345118941,0.04565514318811867,0.756737917795612,5.28653521307839
247540,2020-04-27,,,,,0.0,7.75,3.0,4.0,50.87904405554076,4.738864671907914,0.09313981345118941,0.04565514318811867,0.756737917795612,5.291562310289541
247540,2020-04-28,0.9999,6.0,0.0,0.2667,1.0,7.75,3.0,4.0,51.159846004559526,4.765018513056251,0.09313981345118941,0.04565514318811867,0.756737917795612,5.312299086285535
247540,2020-04-29,,,,,0.0,7.75,3.0,4.0,51.159846004559526,4.765018513056251,0.09313981345118941,0.04565514318811867,0.756737917795612,5.312299086285535
247540,2020-04-30,,,,,0.0,7.75,3.0,4.0,51.159846004559526,4.765018513056251,0.09313981345118941,0.04565514318811867,0.756737917795612,5.312299086285535
247540,2020-05-01,,,,,0.0,7.75,3.0,5.0,51.159846004559526,4.765018513056251,0.09313981345118941,0.04565514318811867,0.756737917795612,5.312299086285535
247540,2020-05-02,,,,,0.0,7.75,3.0,5.0,51.159846004559526,4.765018513056251,0.09313981345118941,0.04565514318811867,0.756737917795612,5.312299086285535
247540,2020-05-03,,,,,0.0,7.75,3.0,5.0,51.159846004559526,4.765018513056251,0.09313981345118941,0.04565514318811867,0.756737917795612,5.312299086285535
247540,2020-05-04,,,,,0.0,7.75,3.0,5.0,49.82958222587469,4.641117992868671,0.09313981345118941,0.04565514318811867,0.756737917795612,5.21406122828431
247540,2020-05-05,,,,,0.0,7.75,3.0,5.0,49.82958222587469,4.641117992868671,0.09313981345118941,0.04565514318811867,0.756737917795612,5.21406122828431
247540,2020-05-06,,,,,0.0,7.75,3.0,5.0,50.38834974058879,4.6931614949517275,0.09313981345118941,0.04565514318811867,0.756737917795612,5.2553253178925
247540,2020-05-07,,,,,0.0,7.75,3.0,5.0,50.94995363862631,4.745469177248403,0.09313981345118941,0.04565514318811867,0.756737917795612,5.296798869884488
247540,2020-05-08,0.0,3.0,0.0,0.0,1.0,7.75,3.0,5.0,51.721449902597044,4.817326195352927,0.09313981345118941,0.04565514318811867,0.756737917795612,5.3537726382775235
247540,2020-05-09,,,,,0.0,7.75,3.0,5.0,51.721449902597044,4.817326195352927,0.09313981345118941,0.04565514318811867,0.756737917795612,5.3537726382775235
247540,2020-05-10,,,,,0.0,7.75,3.0,5.0,51.721449902597044,4.817326195352927,0.09313981345118941,0.04565514318811867,0.756737917795612,5.3537726382775235
247540,2020-05-11,,,,,0.0,7.75,3.0,5.0,51.579630736425955,4.804117184671949,0.09313981345118941,0.04565514318811867,0.756737917795612,5.343299519087627
247540,2020-05-12,,,,,0.0,7.75,3.0,5.0,51.020863221711856,4.752073682588892,0.09313981345118941,0.04565514318811867,0.756737917795612,5.302035429479436
247540,2020-05-13,0.4467,4.0,0.5531,0.1199,2.0,7.75,3.0,5.0,58.65924351168684,5.463510997866404,0.09313981345118941,0.04565514318811867,0.756737917795612,5.866117629047237
247540,2020-05-14,,,,,0.0,7.75,3.0,5.0,59.28892060948648,5.52215900528995,0.09313981345118941,0.04565514318811867,0.756737917795612,5.912618278250377
247540,2020-05-15,,,,,0.0,7.75,3.0,5.0,59.98950729037168,5.587411518053984,0.09313981345118941,0.04565514318811867,0.756737917795612,5.964355487048464
247540,2020-05-16,,,,,0.0,7.75,3.0,5.0,59.98950729037168,5.587411518053984,0.09313981345118941,0.04565514318811867,0.756737917795612,5.964355487048464
247540,2020-05-17,,,,,0.0,7.75,3.0,5.0,59.98950729037168,5.587411518053984,0.09313981345118941,0.04565514318811867,0.756737917795612,5.964355487048464
247540,2020-05-18,0.9998,6.0,0.0,0.2,1.0,7.75,3.0,5.0,65.1772523889102,6.0705971287641844,0.09313981345118941,0.04565514318811867,0.756737917795612,6.3474621870148615
247540,2020-05-19,,,,,0.0,7.75,3.0,5.0,65.24532558867233,6.0769374538910546,0.09313981345118941,0.04565514318811867,0.756737917795612,6.352489284226011
247540,2020-05-20,,,,,0.0,7.75,3.0,5.0,68.96098774235492,6.423013533732696,0.09313981345118941,0.04565514318811867,0.756737917795612,6.626885007001289
247540,2020-05-21,,,,,0.0,7.75,3.0,5.0,68.33131064455527,6.364365526309151,0.09313981345118941,0.04565514318811867,0.756737917795612,6.58038435779815
247540,2020-05-22,,,,,0.0,7.75,3.0,5.0,70.08135915510654,6.527364718112428,0.09313981345118941,0.04565514318811867,0.756737917795612,6.709622648601468
247540,2020-05-23,,,,,0.0,7.75,3.0,5.0,70.08135915510654,6.527364718112428,0.09313981345118941,0.04565514318811867,0.756737917795612,6.709622648601468
247540,2020-05-24,,,,,0.0,7.75,3.0,5.0,70.08135915510654,6.527364718112428,0.09313981345118941,0.04565514318811867,0.756737917795612,6.709622648601468
247540,2020-05-25,0.0007,3.0,0.0,0.725,1.0,7.75,3.0,5.0,79.54353392204176,7.408669910747326,0.09313981345118941,0.04565514318811867,0.756737917795612,7.408389160951333
247540,2020-05-26,0.9674,7.0,0.0274,0.2258,3.0,7.75,3.0,5.0,82.34588064558253,7.669679961803465,0.09313981345118941,0.04565514318811867,0.756737917795612,7.615337996143679
247540,2020-05-27,,,,,0.0,7.75,3.0,5.0,83.39817885857202,7.767690821056327,0.09313981345118941,0.04565514318811867,0.756737917795612,7.693048540532707
247540,2020-05-28,,,,,0.0,7.75,3.0,5.0,80.38310338577463,7.48686725397872,0.09313981345118941,0.04565514318811867,0.756737917795612,7.470390026555518
247540,2020-05-29,,,,,0.0,7.75,3.0,5.0,84.02785595637168,7.826338828479872,0.09313981345118941,0.04565514318811867,0.756737917795612,7.739549189735846
247540,2020-05-30,,,,,0.0,7.75,3.0,5.0,84.02785595637168,7.826338828479872,0.09313981345118941,0.04565514318811867,0.756737917795612,7.739549189735846
247540,2020-05-31,,,,,0.0,7.75,3.0,5.0,84.02785595637168,7.826338828479872,0.09313981345118941,0.04565514318811867,0.756737917795612,7.739549189735846
247540,2020-06-01,,,,,0.0,7.75,3.0,6.0,83.5371616414197,7.780635651523686,0.09313981345118941,0.04565514318811867,0.756737917795612,7.703312197338806
247540,2020-06-02,,,,,0.0,7.75,3.0,6.0,82.90748454362006,7.72198764410014,0.09313981345118941,0.04565514318811867,0.756737917795612,7.656811548135667
247540,2020-06-03,,,,,0.0,7.75,3.0,6.0,79.82433587106053,7.434823751895664,0.09313981345118941,0.04565514318811867,0.756737917795612,7.429125936947327
247540,2020-06-04,,,,,0.0,7.75,3.0,6.0,82.48769981175363,7.682888972484443,0.09313981345118941,0.04565514318811867,0.756737917795612,7.625811115333575
247540,2020-06-05,,,,,0.0,7.75,3.0,6.0,83.04646732646772,7.7349324745675,0.09313981345118941,0.04565514318811867,0.756737917795612,7.6670752049417645
247540,2020-06-06,,,,,0.0,7.75,3.0,6.0,83.04646732646772,7.7349324745675,0.09313981345118941,0.04565514318811867,0.756737917795612,7.6670752049417645
247540,2020-06-07,,,,,0.0,7.75,3.0,6.0,83.04646732646772,7.7349324745675,0.09313981345118941,0.04565514318811867,0.756737917795612,7.6670752049417645
247540,2020-06-08,,,,,0.0,7.75,3.0,6.0,83.18828649263881,7.748141485248478,0.09313981345118941,0.04565514318811867,0.756737917795612,7.677548324131661
247540,2020-06-09,,,,,0.0,7.75,3.0,6.0,83.11737690955327,7.7415369799079885,0.09313981345118941,0.04565514318811867,0.756737917795612,7.672311764536713
247540,2020-06-10,,,,,0.0,7.75,3.0,6.0,84.66036943749474,7.885251016117037,0.09313981345118941,0.04565514318811867,0.756737917795612,7.786259301322782
247540,2020-06-11,,,,,0.0,7.75,3.0,6.0,86.90111226299798,8.0939533848765,0.09313981345118941,0.04565514318811867,0.756737917795612,7.95173458452314
247540,2020-06-12,,,,,0.0,7.75,3.0,6.0,87.04293142916907,8.107162395557479,0.09313981345118941,0.04565514318811867,0.756737917795612,7.9622077037130365
247540,2020-06-13,,,,,0.0,7.75,3.0,6.0,87.04293142916907,8.107162395557479,0.09313981345118941,0.04565514318811867,0.756737917795612,7.9622077037130365
247540,2020-06-14,,,,,0.0,7.75,3.0,6.0,87.04293142916907,8.107162395557479,0.09313981345118941,0.04565514318811867,0.756737917795612,7.9622077037130365
247540,2020-06-15,,,,,0.0,7.75,3.0,6.0,78.63305487522335,7.323868062175443,0.09313981345118941,0.04565514318811867,0.756737917795612,7.3411517357522
247540,2020-06-16,,,,,0.0,7.75,3.0,6.0,83.81796359043847,7.806789492672023,0.09313981345118941,0.04565514318811867,0.756737917795612,7.7240489733348
247540,2020-06-17,0.9998,6.0,0.0,0.1667,1.0,7.75,3.0,6.0,93.41912114022135,8.70103951577428,0.09313981345118941,0.04565514318811867,0.756737917795612,8.433079142490763
247540,2020-06-18,,,,,0.0,7.75,3.0,6.0,89.91618773579539,8.374776951954107,0.09313981345118941,0.04565514318811867,0.756737917795612,8.17439309850033
247540,2020-06-19,,,,,0.0,7.75,3.0,6.0,90.75575719952825,8.4529742951855,0.09313981345118941,0.04565514318811867,0.756737917795612,8.236393964104513
247540,2020-06-20,,,,,0.0,7.75,3.0,6.0,90.75575719952825,8.4529742951855,0.09313981345118941,0.04565514318811867,0.756737917795612,8.236393964104513
247540,2020-06-21,,,,,0.0,7.75,3.0,6.0,90.75575719952825,8.4529742951855,0.09313981345118941,0.04565514318811867,0.756737917795612,8.236393964104513
247540,2020-06-22,,,,,0.0,7.75,3.0,6.0,90.54586483359503,8.433424959377652,0.09313981345118941,0.04565514318811867,0.756737917795612,8.220893747703467
247540,2020-06-23,,,,,0.0,7.75,3.0,6.0,90.4749552505095,8.426820454037163,0.09313981345118941,0.04565514318811867,0.756737917795612,8.21565718810852
247540,2020-06-24,,,,,0.0,7.75,3.0,6.0,90.26506288457628,8.407271118229314,0.09313981345118941,0.04565514318811867,0.756737917795612,8.200156971707473
247540,2020-06-25,,,,,0.0,7.75,3.0,6.0,88.44410479093946,8.237667421085549,0.09313981345118941,0.04565514318811867,0.756737917795612,8.065682121309209
247540,2020-06-26,,,,,0.0,7.75,3.0,6.0,87.04293142916907,8.107162395557479,0.09313981345118941,0.04565514318811867,0.756737917795612,7.9622077037130365
247540,2020-06-27,,,,,0.0,7.75,3.0,6.0,87.04293142916907,8.107162395557479,0.09313981345118941,0.04565514318811867,0.756737917795612,7.9622077037130365
247540,2020-06-28,,,,,0.0,7.75,3.0,6.0,87.04293142916907,8.107162395557479,0.09313981345118941,0.04565514318811867,0.756737917795612,7.9622077037130365
247540,2020-06-29,,,,,0.0,7.75,3.0,6.0,85.00924458627563,7.9177451823922445,0.09313981345118941,0.04565514318811867,0.756737917795612,7.812023174529927
247540,2020-06-30,,,,,0.0,7.75,3.0,6.0,84.45047707156152,7.865701680309188,0.09313981345118941,0.04565514318811867,0.756737917795612,7.770759084921736
247540,2020-07-01,0.9998,6.0,0.0,0.0732,1.0,7.75,3.0,7.0,84.45047707156152,7.865701680309188,0.09313981345118941,0.04565514318811867,0.756737917795612,7.770759084921736
247540,2020-07-02,,,,,0.0,7.75,3.0,7.0,86.06154279926513,8.015756041645107,0.09313981345118941,0.04565514318811867,0.756737917795612,7.889733718918955
247540,2020-07-03,,,,,0.0,7.75,3.0,7.0,87.53362574412105,8.152865572513665,0.09313981345118941,0.04565514318811867,0.756737917795612,7.998444696110076
247540,2020-07-04,,,,,0.0,7.75,3.0,7.0,87.53362574412105,8.152865572513665,0.09313981345118941,0.04565514318811867,0.756737917795612,7.998444696110076
247540,2020-07-05,,,,,0.0,7.75,3.0,7.0,87.53362574412105,8.152865572513665,0.09313981345118941,0.04565514318811867,0.756737917795612,7.998444696110076
247540,2020-07-06,0.0009,3.0,0.0009,0.0974,2.0,7.75,3.0,7.0,96.22146786376211,8.96204956683042,0.09313981345118941,0.04565514318811867,0.756737917795612,8.640027977683108
247540,2020-07-07,,,,,0.0,7.75,3.0,7.0,94.26152698727763,8.779501039219294,0.09313981345118941,0.04565514318811867,0.756737917795612,8.495289470478745
247540,2020-07-08,0.9998,6.0,0.0,0.2391,1.0,7.75,3.0,7.0,94.5423289362964,8.805654880367632,0.09313981345118941,0.04565514318811867,0.756737917795612,8.51602624647474
247540,2020-07-09,,,,,0.0,7.75,3.0,7.0,96.57317939586642,8.994807913319246,0.09313981345118941,0.04565514318811867,0.756737917795612,8.666001313274052
247540,2020-07-10,,,,,0.0,7.75,3.0,7.0,95.94350229806678,8.936159905895702,0.09313981345118941,0.04565514318811867,0.756737917795612,8.619500664070912
247540,2020-07-11,,,,,0.0,7.75,3.0,7.0,95.94350229806678,8.936159905895702,0.09313981345118941,0.04565514318811867,0.756737917795612,8.619500664070912
247540,2020-07-12,,,,,0.0,7.75,3.0,7.0,95.94350229806678,8.936159905895702,0.09313981345118941,0.04565514318811867,0.756737917795612,8.619500664070912
247540,2020-07-13,,,,,0.0,7.75,3.0,7.0,96.22146786376211,8.96204956683042,0.09313981345118941,0.04565514318811867,0.756737917795612,8.640027977683108
247540,2020-07-14,,,,,0.0,7.75,3.0,7.0,93.41912114022135,8.70103951577428,0.09313981345118941,0.04565514318811867,0.756737917795612,8.433079142490763
247540,2020-07-15,,,,,0.0,7.75,3.0,7.0,92.64762487625062,8.629182497669756,0.09313981345118941,0.04565514318811867,0.756737917795612,8.376105374097728
247540,2020-07-16,,,,,0.0,7.75,3.0,7.0,92.01794777845096,8.57053449024621,0.09313981345118941,0.04565514318811867,0.756737917795612,8.329604724894589
247540,2020-07-17,,,,,0.0,7.75,3.0,7.0,92.64762487625062,8.629182497669756,0.09313981345118941,0.04565514318811867,0.756737917795612,8.376105374097728
247540,2020-07-18,,,,,0.0,7.75,3.0,7.0,92.64762487625062,8.629182497669756,0.09313981345118941,0.04565514318811867,0.756737917795612,8.376105374097728
247540,2020-07-19,,,,,0.0,7.75,3.0,7.0,92.64762487625062,8.629182497669756,0.09313981345118941,0.04565514318811867,0.756737917795612,8.376105374097728
247540,2020-07-20,0.9998,6.0,0.0,0.0612,1.0,7.75,3.0,7.0,94.68131171914406,8.818599710834992,0.09313981345118941,0.04565514318811867,0.756737917795612,8.526289903280837
247540,2020-07-21,0.9998,6.0,0.0,0.234,1.0,7.75,3.0,7.0,95.4528079831148,8.890456728939515,0.09313981345118941,0.04565514318811867,0.756737917795612,8.583263671673873
247540,2020-07-22,,,,,0.0,7.75,3.0,7.0,96.78307176179963,9.014357249127094,0.09313981345118941,0.04565514318811867,0.756737917795612,8.681501529675097
247540,2020-07-23,0.559,5.0,0.0,0.075,1.0,7.75,3.0,7.0,100.91851864734866,9.399532000584433,0.09313981345118941,0.04565514318811867,0.756737917795612,8.986897685252467
247540,2020-07-24,,,,,0.0,7.75,3.0,7.0,96.57317939586642,8.994807913319246,0.09313981345118941,0.04565514318811867,0.756737917795612,8.666001313274052
247540,2020-07-25,,,,,0.0,7.75,3.0,7.0,96.57317939586642,8.994807913319246,0.09313981345118941,0.04565514318811867,0.756737917795612,8.666001313274052
247540,2020-07-26,,,,,0.0,7.75,3.0,7.0,96.57317939586642,8.994807913319246,0.09313981345118941,0.04565514318811867,0.756737917795612,8.666001313274052
247540,2020-07-27,0.9998,6.0,0.0,0.48,1.0,7.75,3.0,7.0,96.0115754978289,8.94250023102257,0.09313981345118941,0.04565514318811867,0.756737917795612,8.624527761282062
247540,2020-07-28,,,,,0.0,7.75,3.0,7.0,96.78307176179963,9.014357249127094,0.09313981345118941,0.04565514318811867,0.756737917795612,8.681501529675097
247540,2020-07-29,,,,,0.0,7.75,3.0,7.0,96.0115754978289,8.94250023102257,0.09313981345118941,0.04565514318811867,0.756737917795612,8.624527761282062
247540,2020-07-30,,,,,0.0,7.75,3.0,7.0,97.13478329390395,9.047115595615923,0.09313981345118941,0.04565514318811867,0.756737917795612,8.707474865266038
247540,2020-07-31,0.9969,6.0,0.0,0.3421,1.0,7.75,3.0,7.0,98.25515470665557,9.151466779995653,0.09313981345118941,0.04565514318811867,0.756737917795612,8.790212506866217
247540,2020-08-01,,,,,0.0,7.75,3.0,8.0,98.25515470665557,9.151466779995653,0.09313981345118941,0.04565514318811867,0.756737917795612,8.790212506866217
247540,2020-08-02,,,,,0.0,7.75,3.0,8.0,98.25515470665557,9.151466779995653,0.09313981345118941,0.04565514318811867,0.756737917795612,8.790212506866217
247540,2020-08-03,,,,,0.0,7.75,3.0,8.0,102.9493691069187,9.588685033536049,0.09313981345118941,0.04565514318811867,0.756737917795612,9.136872752051778
247540,2020-08-04,,,,,0.0,7.75,3.0,8.0,101.89990727725262,9.490938354496805,0.09313981345118941,0.04565514318811867,0.756737917795612,9.059371670046547
247540,2020-08-05,,,,,0.0,7.75,3.0,8.0,107.22663515863881,9.987068795674366,0.09313981345118941,0.04565514318811867,0.756737917795612,9.452742026819044
247540,2020-08-06,0.9995,6.0,0.0,0.2245,1.0,7.75,3.0,8.0,107.08481599246772,9.973859784993387,0.09313981345118941,0.04565514318811867,0.756737917795612,9.442268907629147
247540,2020-08-07,,,,,0.0,7.75,3.0,8.0,113.39293250375786,10.561396580083318,0.09313981345118941,0.04565514318811867,0.756737917795612,9.908113249195724
247540,2020-08-08,,,,,0.0,7.75,3.0,8.0,113.39293250375786,10.561396580083318,0.09313981345118941,0.04565514318811867,0.756737917795612,9.908113249195724
247540,2020-08-09,,,,,0.0,7.75,3.0,8.0,113.39293250375786,10.561396580083318,0.09313981345118941,0.04565514318811867,0.756737917795612,9.908113249195724
247540,2020-08-10,0.9998,6.0,0.0,0.275,1.0,7.75,3.0,8.0,113.8127172356243,10.600495251699016,0.09313981345118941,0.04565514318811867,0.756737917795612,9.939113681997817
247540,2020-08-11,,,,,0.0,7.75,3.0,8.0,113.11213055473911,10.535242738934981,0.09313981345118941,0.04565514318811867,0.756737917795612,9.88737647319973
247540,2020-08-12,,,,,0.0,7.75,3.0,8.0,110.72956856306477,10.313331359494539,0.09313981345118941,0.04565514318811867,0.756737917795612,9.711428070809475
247540,2020-08-13,,,,,0.0,7.75,3.0,8.0,111.43015524394997,10.378583872258574,0.09313981345118941,0.04565514318811867,0.756737917795612,9.763165279607563
247540,2020-08-14,,,,,0.0,7.75,3.0,8.0,108.13711420545722,10.071870644246248,0.09313981345118941,0.04565514318811867,0.756737917795612,9.519979452018175
247540,2020-08-15,,,,,0.0,7.75,3.0,8.0,108.13711420545722,10.071870644246248,0.09313981345118941,0.04565514318811867,0.756737917795612,9.519979452018175
247540,2020-08-16,,,,,0.0,7.75,3.0,8.0,108.13711420545722,10.071870644246248,0.09313981345118941,0.04565514318811867,0.756737917795612,9.519979452018175
247540,2020-08-17,,,,,0.0,7.75,3.0,8.0,108.13711420545722,10.071870644246248,0.09313981345118941,0.04565514318811867,0.756737917795612,9.519979452018175
247540,2020-08-18,,,,,0.0,7.75,3.0,8.0,105.2638578988309,9.80425608784962,0.09313981345118941,0.04565514318811867,0.756737917795612,9.307794057230883
247540,2020-08-19,,,,,0.0,7.75,3.0,8.0,108.62780852040919,10.117573821202434,0.09313981345118941,0.04565514318811867,0.756737917795612,9.556216444415217
247540,2020-08-20,,,,,0.0,7.75,3.0,8.0,104.84123678364105,9.764893236020304,0.09313981345118941,0.04565514318811867,0.756737917795612,9.27658416204499
247540,2020-08-21,,,,,0.0,7.75,3.0,8.0,108.62780852040919,10.117573821202434,0.09313981345118941,0.04565514318811867,0.756737917795612,9.556216444415217
247540,2020-08-22,,,,,0.0,7.75,3.0,8.0,108.62780852040919,10.117573821202434,0.09313981345118941,0.04565514318811867,0.756737917795612,9.556216444415217
247540,2020-08-23,,,,,0.0,7.75,3.0,8.0,108.62780852040919,10.117573821202434,0.09313981345118941,0.04565514318811867,0.756737917795612,9.556216444415217
247540,2020-08-24,,,,,0.0,7.75,3.0,8.0,109.18941241844672,10.169881503499111,0.09313981345118941,0.04565514318811867,0.756737917795612,9.597689996407205
247540,2020-08-25,,,,,0.0,7.75,3.0,8.0,109.46737798414206,10.195771164433829,0.09313981345118941,0.04565514318811867,0.756737917795612,9.618217310019402
247540,2020-08-26,,,,,0.0,7.75,3.0,8.0,110.37785703096047,10.280573013005712,0.09313981345118941,0.04565514318811867,0.756737917795612,9.685454735218535
247540,2020-08-27,,,,,0.0,7.75,3.0,8.0,110.65865897997922,10.30672685415405,0.09313981345118941,0.04565514318811867,0.756737917795612,9.706191511214527
247540,2020-08-28,,,,,0.0,7.75,3.0,8.0,109.5382875672276,10.202375669774318,0.09313981345118941,0.04565514318811867,0.756737917795612,9.62345386961435
247540,2020-08-29,,,,,0.0,7.75,3.0,8.0,109.5382875672276,10.202375669774318,0.09313981345118941,0.04565514318811867,0.756737917795612,9.62345386961435
247540,2020-08-30,,,,,0.0,7.75,3.0,8.0,109.5382875672276,10.202375669774318,0.09313981345118941,0.04565514318811867,0.756737917795612,9.62345386961435
247540,2020-08-31,0.4999,4.0,0.4998,0.0235,2.0,7.75,3.0,8.0,108.62780852040919,10.117573821202434,0.09313981345118941,0.04565514318811867,0.756737917795612,9.556216444415217
247540,2020-09-01,,,,,0.0,7.75,3.0,9.0,107.7854026733529,10.039112297757422,0.09313981345118941,0.04565514318811867,0.756737917795612,9.494006116427233
247540,2020-09-02,,,,,0.0,7.75,3.0,9.0,106.94583320962005,9.960914954526027,0.09313981345118941,0.04565514318811867,0.756737917795612,9.432005250823048
247540,2020-09-03,,,,,0.0,7.75,3.0,9.0,107.36561794148648,10.000013626141724,0.09313981345118941,0.04565514318811867,0.756737917795612,9.463005683625141
247540,2020-09-04,,,,,0.0,7.75,3.0,9.0,107.50460072433415,10.012958456609084,0.09313981345118941,0.04565514318811867,0.756737917795612,9.473269340431239
247540,2020-09-05,,,,,0.0,7.75,3.0,9.0,107.50460072433415,10.012958456609084,0.09313981345118941,0.04565514318811867,0.756737917795612,9.473269340431239
247540,2020-09-06,,,,,0.0,7.75,3.0,9.0,107.50460072433415,10.012958456609084,0.09313981345118941,0.04565514318811867,0.756737917795612,9.473269340431239
247540,2020-09-07,0.9787,6.0,0.0,0.2889,1.0,7.75,3.0,9.0,105.2638578988309,9.80425608784962,0.09313981345118941,0.04565514318811867,0.756737917795612,9.307794057230883
247540,2020-09-08,,,,,0.0,7.75,3.0,9.0,103.37199022210855,9.628047885365365,0.09313981345118941,0.04565514318811867,0.756737917795612,9.168082647237668
247540,2020-09-09,,,,,0.0,7.75,3.0,9.0,101.75808811108152,9.477729343815827,0.09313981345118941,0.04565514318811867,0.756737917795612,9.04889855085665
247540,2020-09-10,,,,,0.0,7.75,3.0,9.0,103.72086537088943,9.660542051640572,0.09313981345118941,0.04565514318811867,0.756737917795612,9.193846520444811
247540,2020-09-11,,,,,0.0,7.75,3.0,9.0,102.31969200911905,9.530037026112502,0.09313981345118941,0.04565514318811867,0.756737917795612,9.090372102848638
247540,2020-09-12,,,,,0.0,7.75,3.0,9.0,102.31969200911905,9.530037026112502,0.09313981345118941,0.04565514318811867,0.756737917795612,9.090372102848638
247540,2020-09-13,0.5439,5.0,0.0,0.0889,1.0,7.75,3.0,9.0,102.31969200911905,9.530037026112502,0.09313981345118941,0.04565514318811867,0.756737917795612,9.090372102848638
247540,2020-09-14,,,,,0.0,7.75,3.0,9.0,105.12487511598324,9.791311257382262,0.09313981345118941,0.04565514318811867,0.756737917795612,9.297530400424783
247540,2020-09-15,,,,,0.0,7.75,3.0,9.0,105.12487511598324,9.791311257382262,0.09313981345118941,0.04565514318811867,0.756737917795612,9.297530400424783
247540,2020-09-16,,,,,0.0,7.75,3.0,9.0,103.72086537088943,9.660542051640572,0.09313981345118941,0.04565514318811867,0.756737917795612,9.193846520444811
247540,2020-09-17,,,,,0.0,7.75,3.0,9.0,101.96798047701475,9.497278679623676,0.09313981345118941,0.04565514318811867,0.756737917795612,9.064398767257698
247540,2020-09-18,-0.9937,6.0,0.0,0.1915,1.0,7.75,3.0,9.0,105.2638578988309,9.80425608784962,0.09313981345118941,0.04565514318811867,0.756737917795612,9.307794057230883
247540,2020-09-19,-0.7983,5.0,0.0,0.7234,1.0,7.75,3.0,9.0,105.2638578988309,9.80425608784962,0.09313981345118941,0.04565514318811867,0.756737917795612,9.307794057230883
247540,2020-09-20,,,,,0.0,7.75,3.0,9.0,105.2638578988309,9.80425608784962,0.09313981345118941,0.04565514318811867,0.756737917795612,9.307794057230883
247540,2020-09-21,0.4995,4.0,0.5003,0.1156,2.0,7.75,3.0,9.0,108.13711420545722,10.071870644246248,0.09313981345118941,0.04565514318811867,0.756737917795612,9.519979452018175
247540,2020-09-22,,,,,0.0,7.75,3.0,9.0,104.14348648607928,9.69990490346989,0.09313981345118941,0.04565514318811867,0.756737917795612,9.225056415630704
247540,2020-09-23,0.0,3.0,0.0,0.1562,1.0,7.75,3.0,9.0,98.95574138754075,9.216719292759688,0.09313981345118941,0.04565514318811867,0.756737917795612,8.841949715664304
247540,2020-09-24,-0.9801,6.0,0.0,0.4151,1.0,7.75,3.0,9.0,89.56447620369109,8.34201860546528,0.09313981345118941,0.04565514318811867,0.756737917795612,8.148419762909388
247540,2020-09-25,,,,,0.0,7.75,3.0,9.0,88.79297993972035,8.270161587360755,0.09313981345118941,0.04565514318811867,0.756737917795612,8.091445994516352
247540,2020-09-26,,,,,0.0,7.75,3.0,9.0,88.79297993972035,8.270161587360755,0.09313981345118941,0.04565514318811867,0.756737917795612,8.091445994516352
247540,2020-09-27,,,,,0.0,7.75,3.0,9.0,88.79297993972035,8.270161587360755,0.09313981345118941,0.04565514318811867,0.756737917795612,8.091445994516352
247540,2020-09-28,,,,,0.0,7.75,3.0,9.0,93.56094030639244,8.71424852645526,0.09313981345118941,0.04565514318811867,0.756737917795612,8.443552261680658
247540,2020-09-29,,,,,0.0,7.75,3.0,9.0,95.73077354881013,8.916346389874233,0.09313981345118941,0.04565514318811867,0.756737917795612,8.603790985286068
247540,2020-09-30,,,,,0.0,7.75,3.0,9.0,95.73077354881013,8.916346389874233,0.09313981345118941,0.04565514318811867,0.756737917795612,8.603790985286068
247540,2020-10-01,,,,,0.0,7.75,3.0,10.0,95.73077354881013,8.916346389874233,0.09313981345118941,0.04565514318811867,0.756737917795612,8.603790985286068
247540,2020-10-02,,,,,0.0,7.75,3.0,10.0,95.73077354881013,8.916346389874233,0.09313981345118941,0.04565514318811867,0.756737917795612,8.603790985286068
247540,2020-10-03,,,,,0.0,7.75,3.0,10.0,95.73077354881013,8.916346389874233,0.09313981345118941,0.04565514318811867,0.756737917795612,8.603790985286068
247540,2020-10-04,,,,,0.0,7.75,3.0,10.0,95.73077354881013,8.916346389874233,0.09313981345118941,0.04565514318811867,0.756737917795612,8.603790985286068
247540,2020-10-05,,,,,0.0,7.75,3.0,10.0,95.38189840002926,8.883852223599025,0.09313981345118941,0.04565514318811867,0.756737917795612,8.578027112078924
247540,2020-10-06,,,,,0.0,7.75,3.0,10.0,94.5423289362964,8.805654880367632,0.09313981345118941,0.04565514318811867,0.756737917795612,8.51602624647474
247540,2020-10-07,,,,,0.0,7.75,3.0,10.0,93.62901350615456,8.720588851582129,0.09313981345118941,0.04565514318811867,0.756737917795612,8.44857935889181
247540,2020-10-08,,,,,0.0,7.75,3.0,10.0,94.4005097701253,8.792445869686652,0.09313981345118941,0.04565514318811867,0.756737917795612,8.505553127284843
247540,2020-10-09,,,,,0.0,7.75,3.0,10.0,94.4005097701253,8.792445869686652,0.09313981345118941,0.04565514318811867,0.756737917795612,8.505553127284843
247540,2020-10-10,,,,,0.0,7.75,3.0,10.0,94.4005097701253,8.792445869686652,0.09313981345118941,0.04565514318811867,0.756737917795612,8.505553127284843
247540,2020-10-11,,,,,0.0,7.75,3.0,10.0,94.4005097701253,8.792445869686652,0.09313981345118941,0.04565514318811867,0.756737917795612,8.505553127284843
247540,2020-10-12,,,,,0.0,7.75,3.0,10.0,93.83890587208778,8.740138187389977,0.09313981345118941,0.04565514318811867,0.756737917795612,8.464079575292855
247540,2020-10-13,,,,,0.0,7.75,3.0,10.0,92.01794777845096,8.57053449024621,0.09313981345118941,0.04565514318811867,0.756737917795612,8.329604724894589
247540,2020-10-14,,,,,0.0,7.75,3.0,10.0,91.527253463499,8.524831313290024,0.09313981345118941,0.04565514318811867,0.756737917795612,8.293367732497549
247540,2020-10-15,,,,,0.0,7.75,3.0,10.0,91.10746873163257,8.485732641674328,0.09313981345118941,0.04565514318811867,0.756737917795612,8.262367299695457
247540,2020-10-16,0.9998,6.0,0.0,0.0294,2.0,7.75,3.0,10.0,92.50864209340294,8.616237667202398,0.09313981345118941,0.04565514318811867,0.756737917795612,8.36584171729163
247540,2020-10-17,,,,,0.0,7.75,3.0,10.0,92.50864209340294,8.616237667202398,0.09313981345118941,0.04565514318811867,0.756737917795612,8.36584171729163
247540,2020-10-18,,,,,0.0,7.75,3.0,10.0,92.50864209340294,8.616237667202398,0.09313981345118941,0.04565514318811867,0.756737917795612,8.36584171729163
247540,2020-10-19,,,,,0.0,7.75,3.0,10.0,89.56447620369109,8.34201860546528,0.09313981345118941,0.04565514318811867,0.756737917795612,8.148419762909388
247540,2020-10-20,,,,,0.0,7.75,3.0,10.0,89.84527815270985,8.368172446613617,0.09313981345118941,0.04565514318811867,0.756737917795612,8.169156538905382
247540,2020-10-21,,,,,0.0,7.75,3.0,10.0,88.79297993972035,8.270161587360755,0.09313981345118941,0.04565514318811867,0.756737917795612,8.091445994516352
247540,2020-10-22,,,,,0.0,7.75,3.0,10.0,87.39180657794996,8.139656561832686,0.09313981345118941,0.04565514318811867,0.756737917795612,7.98797157692018
247540,2020-10-23,,,,,0.0,7.75,3.0,10.0,85.2900465352944,7.943899023540582,0.09313981345118941,0.04565514318811867,0.756737917795612,7.832759950525921
247540,2020-10-24,,,,,0.0,7.75,3.0,10.0,85.2900465352944,7.943899023540582,0.09313981345118941,0.04565514318811867,0.756737917795612,7.832759950525921
247540,2020-10-25,,,,,0.0,7.75,3.0,10.0,85.2900465352944,7.943899023540582,0.09313981345118941,0.04565514318811867,0.756737917795612,7.832759950525921
247540,2020-10-26,,,,,0.0,7.75,3.0,10.0,79.89240907082265,7.441164077022533,0.09313981345118941,0.04565514318811867,0.756737917795612,7.434153034158476
247540,2020-10-27,,,,,0.0,7.75,3.0,10.0,83.74705400735292,7.800184987331534,0.09313981345118941,0.04565514318811867,0.756737917795612,7.718812413739852
247540,2020-10-28,,,,,0.0,7.75,3.0,10.0,86.62031031397923,8.067799543728162,0.09313981345118941,0.04565514318811867,0.756737917795612,7.930997808527146
247540,2020-10-29,,,,,0.0,7.75,3.0,10.0,88.58308757378713,8.250612251552907,0.09313981345118941,0.04565514318811867,0.756737917795612,8.075945778115306
247540,2020-10-30,,,,,0.0,7.75,3.0,10.0,87.18191421201675,8.120107226024837,0.09313981345118941,0.04565514318811867,0.756737917795612,7.972471360519134
247540,2020-10-31,,,,,0.0,7.75,3.0,10.0,87.18191421201675,8.120107226024837,0.09313981345118941,0.04565514318811867,0.756737917795612,7.972471360519134
247540,2020-11-01,,,,,0.0,7.75,3.0,11.0,87.18191421201675,8.120107226024837,0.09313981345118941,0.04565514318811867,0.756737917795612,7.972471360519134
247540,2020-11-02,,,,,0.0,7.75,3.0,11.0,88.65399715687268,8.257216756893397,0.09313981345118941,0.04565514318811867,0.756737917795612,8.081182337710255
247540,2020-11-03,0.0,3.0,0.0,0.1163,1.0,7.75,3.0,11.0,93.98072503825887,8.753347198070957,0.09313981345118941,0.04565514318811867,0.756737917795612,8.47455269448275
247540,2020-11-04,,,,,0.0,7.75,3.0,11.0,94.75222130222961,8.82520421617548,0.09313981345118941,0.04565514318811867,0.756737917795612,8.531526462875785
247540,2020-11-05,,,,,0.0,7.75,3.0,11.0,100.14702238337793,9.327674982479909,0.09313981345118941,0.04565514318811867,0.756737917795612,8.929923916859432
247540,2020-11-06,,,,,0.0,7.75,3.0,11.0,100.70862628141545,9.379982664776586,0.09313981345118941,0.04565514318811867,0.756737917795612,8.97139746885142
247540,2020-11-07,,,,,0.0,7.75,3.0,11.0,100.70862628141545,9.379982664776586,0.09313981345118941,0.04565514318811867,0.756737917795612,8.97139746885142
247540,2020-11-08,,,,,0.0,7.75,3.0,11.0,100.70862628141545,9.379982664776586,0.09313981345118941,0.04565514318811867,0.756737917795612,8.97139746885142
247540,2020-11-09,,,,,0.0,7.75,3.0,11.0,105.82262541354501,9.856299589932677,0.09313981345118941,0.04565514318811867,0.756737917795612,9.349058146839072
247540,2020-11-10,,,,,0.0,7.75,3.0,11.0,105.40284068167858,9.81720091831698,0.09313981345118941,0.04565514318811867,0.756737917795612,9.31805771403698
247540,2020-11-11,,,,,0.0,7.75,3.0,11.0,102.52958437505227,9.549586361920351,0.09313981345118941,0.04565514318811867,0.756737917795612,9.105872319249684
247540,2020-11-12,,,,,0.0,7.75,3.0,11.0,102.67140354122336,9.56279537260133,0.09313981345118941,0.04565514318811867,0.756737917795612,9.11634543843958
247540,2020-11-13,,,,,0.0,7.75,3.0,11.0,102.31969200911905,9.530037026112502,0.09313981345118941,0.04565514318811867,0.756737917795612,9.090372102848638
247540,2020-11-14,,,,,0.0,7.75,3.0,11.0,102.31969200911905,9.530037026112502,0.09313981345118941,0.04565514318811867,0.756737917795612,9.090372102848638
247540,2020-11-15,,,,,0.0,7.75,3.0,11.0,102.31969200911905,9.530037026112502,0.09313981345118941,0.04565514318811867,0.756737917795612,9.090372102848638
247540,2020-11-16,,,,,0.0,7.75,3.0,11.0,100.35691474931114,9.347224318287758,0.09313981345118941,0.04565514318811867,0.756737917795612,8.945424133260477
247540,2020-11-17,,,,,0.0,7.75,3.0,11.0,101.48012254538618,9.45183968288111,0.09313981345118941,0.04565514318811867,0.756737917795612,9.028371237244453
247540,2020-11-18,0.9997,7.0,0.0001,0.114,3.0,7.75,3.0,11.0,103.02027869000425,9.595289538876537,0.09313981345118941,0.04565514318811867,0.756737917795612,9.142109311646726
247540,2020-11-19,,,,,0.0,7.75,3.0,11.0,106.94583320962005,9.960914954526027,0.09313981345118941,0.04565514318811867,0.756737917795612,9.432005250823048
247540,2020-11-20,,,,,0.0,7.75,3.0,11.0,106.03535416280164,9.876113105954145,0.09313981345118941,0.04565514318811867,0.756737917795612,9.364767825623916
247540,2020-11-21,,,,,0.0,7.75,3.0,11.0,106.03535416280164,9.876113105954145,0.09313981345118941,0.04565514318811867,0.756737917795612,9.364767825623916
247540,2020-11-22,,,,,0.0,7.75,3.0,11.0,106.03535416280164,9.876113105954145,0.09313981345118941,0.04565514318811867,0.756737917795612,9.364767825623916
247540,2020-11-23,,,,,0.0,7.75,3.0,11.0,105.6127330476118,9.836750254124828,0.09313981345118941,0.04565514318811867,0.756737917795612,9.333557930438026
247540,2020-11-24,,,,,0.0,7.75,3.0,11.0,107.0167427927056,9.967519459866518,0.09313981345118941,0.04565514318811867,0.756737917795612,9.437241810417996
247540,2020-11-25,,,,,0.0,7.75,3.0,11.0,104.63418080103126,9.745608080426075,0.09313981345118941,0.04565514318811867,0.756737917795612,9.261293408027743
247540,2020-11-26,,,,,0.0,7.75,3.0,11.0,106.45513889466808,9.91521177756984,0.09313981345118941,0.04565514318811867,0.756737917795612,9.395768258426008
247540,2020-11-27,,,,,0.0,7.75,3.0,11.0,108.06620462237167,10.06526613890576,0.09313981345118941,0.04565514318811867,0.756737917795612,9.514742892423227
247540,2020-11-28,,,,,0.0,7.75,3.0,11.0,108.06620462237167,10.06526613890576,0.09313981345118941,0.04565514318811867,0.756737917795612,9.514742892423227
247540,2020-11-29,,,,,0.0,7.75,3.0,11.0,108.06620462237167,10.06526613890576,0.09313981345118941,0.04565514318811867,0.756737917795612,9.514742892423227
247540,2020-11-30,,,,,0.0,7.75,3.0,11.0,106.10342736256376,9.882453431081014,0.09313981345118941,0.04565514318811867,0.756737917795612,9.369794922835066
247540,2020-12-01,,,,,0.0,7.75,3.0,12.0,105.75455221378289,9.849959264805806,0.09313981345118941,0.04565514318811867,0.756737917795612,9.34403104962792
247540,2020-12-02,,,,,0.0,7.75,3.0,12.0,106.38422931158253,9.908607272229352,0.09313981345118941,0.04565514318811867,0.756737917795612,9.39053169883106
247540,2020-12-03,,,,,0.0,7.75,3.0,12.0,105.6127330476118,9.836750254124828,0.09313981345118941,0.04565514318811867,0.756737917795612,9.333557930438026
247540,2020-12-04,,,,,0.0,7.75,3.0,12.0,104.70225400079339,9.751948405552945,0.09313981345118941,0.04565514318811867,0.756737917795612,9.266320505238893
247540,2020-12-05,,,,,0.0,7.75,3.0,12.0,104.70225400079339,9.751948405552945,0.09313981345118941,0.04565514318811867,0.756737917795612,9.266320505238893
247540,2020-12-06,,,,,0.0,7.75,3.0,12.0,104.70225400079339,9.751948405552945,0.09313981345118941,0.04565514318811867,0.756737917795612,9.266320505238893
247540,2020-12-07,,,,,0.0,7.75,3.0,12.0,103.72086537088943,9.660542051640572,0.09313981345118941,0.04565514318811867,0.756737917795612,9.193846520444811
247540,2020-12-08,,,,,0.0,7.75,3.0,12.0,104.3533788520125,9.719454239277738,0.09313981345118941,0.04565514318811867,0.756737917795612,9.24055663203175
247540,2020-12-09,,,,,0.0,7.75,3.0,12.0,106.94583320962005,9.960914954526027,0.09313981345118941,0.04565514318811867,0.756737917795612,9.432005250823048
247540,2020-12-10,,,,,0.0,7.75,3.0,12.0,107.0167427927056,9.967519459866518,0.09313981345118941,0.04565514318811867,0.756737917795612,9.437241810417996
247540,2020-12-11,,,,,0.0,7.75,3.0,12.0,109.95807229909403,10.241474341390015,0.09313981345118941,0.04565514318811867,0.756737917795612,9.654454302416442
247540,2020-12-12,,,,,0.0,7.75,3.0,12.0,109.95807229909403,10.241474341390015,0.09313981345118941,0.04565514318811867,0.756737917795612,9.654454302416442
247540,2020-12-13,,,,,0.0,7.75,3.0,12.0,109.95807229909403,10.241474341390015,0.09313981345118941,0.04565514318811867,0.756737917795612,9.654454302416442
247540,2020-12-14,,,,,0.0,7.75,3.0,12.0,106.94583320962005,9.960914954526027,0.09313981345118941,0.04565514318811867,0.756737917795612,9.432005250823048
247540,2020-12-15,,,,,0.0,7.75,3.0,12.0,107.0167427927056,9.967519459866518,0.09313981345118941,0.04565514318811867,0.756737917795612,9.437241810417996
247540,2020-12-16,,,,,0.0,7.75,3.0,12.0,110.30978383119835,10.274232687878841,0.09313981345118941,0.04565514318811867,0.756737917795612,9.680427638007384
247540,2020-12-17,0.9957,6.0,0.0041,0.275,2.0,7.75,3.0,12.0,114.93308864837591,10.704846436078748,0.09313981345118941,0.04565514318811867,0.756737917795612,10.021851323597994
247540,2020-12-18,,,,,0.0,7.75,3.0,12.0,114.16442876772861,10.633253598187842,0.09313981345118941,0.04565514318811867,0.756737917795612,9.965087017588758
247540,2020-12-19,,,,,0.0,7.75,3.0,12.0,114.16442876772861,10.633253598187842,0.09313981345118941,0.04565514318811867,0.756737917795612,9.965087017588758
247540,2020-12-20,,,,,0.0,7.75,3.0,12.0,114.16442876772861,10.633253598187842,0.09313981345118941,0.04565514318811867,0.756737917795612,9.965087017588758
247540,2020-12-21,,,,,0.0,7.75,3.0,12.0,115.63651171258454,10.7703631290564,0.09313981345118941,0.04565514318811867,0.756737917795612,10.07379799477988
247540,2020-12-22,,,,,0.0,7.75,3.0,12.0,112.2016515079207,10.450440890363097,0.09313981345118941,0.04565514318811867,0.756737917795612,9.820139048000597
247540,2020-12-23,,,,,0.0,7.75,3.0,12.0,112.13074192483515,10.443836385022609,0.09313981345118941,0.04565514318811867,0.756737917795612,9.814902488405648
247540,2020-12-24,0.0,3.0,0.0,0.1556,1.0,7.75,3.0,12.0,115.35570976356577,10.744209287908063,0.09313981345118941,0.04565514318811867,0.756737917795612,10.053061218783885
247540,2020-12-25,,,,,0.0,7.75,3.0,12.0,115.35570976356577,10.744209287908063,0.09313981345118941,0.04565514318811867,0.756737917795612,10.053061218783885
247540,2020-12-26,,,,,0.0,7.75,3.0,12.0,115.35570976356577,10.744209287908063,0.09313981345118941,0.04565514318811867,0.756737917795612,10.053061218783885
247540,2020-12-27,,,,,0.0,7.75,3.0,12.0,115.35570976356577,10.744209287908063,0.09313981345118941,0.04565514318811867,0.756737917795612,10.053061218783885
247540,2020-12-28,,,,,0.0,7.75,3.0,12.0,116.05629644445096,10.809461800672098,0.09313981345118941,0.04565514318811867,0.756737917795612,10.104798427581972
247540,2020-12-29,,,,,0.0,7.75,3.0,12.0,118.4388584361253,11.03137318011254,0.09313981345118941,0.04565514318811867,0.756737917795612,10.280746829972225
247540,2020-12-30,,,,,0.0,7.75,3.0,12.0,119.21035470009603,11.103230198217064,0.09313981345118941,0.04565514318811867,0.756737917795612,10.33772059836526
247540,2020-12-31,,,,,0.0,7.75,3.0,12.0,119.21035470009603,11.103230198217064,0.09313981345118941,0.04565514318811867,0.756737917795612,10.33772059836526
247540,2021-01-01,,,,,0.0,7.75,3.0,13.0,119.21035470009603,11.103230198217064,0.09313981345118941,0.04565514318811867,0.756737917795612,10.33772059836526
247540,2021-01-02,,,,,0.0,7.75,3.0,13.0,119.21035470009603,11.103230198217064,0.09313981345118941,0.04565514318811867,0.756737917795612,10.33772059836526
247540,2021-01-03,,,,,0.0,7.75,3.0,13.0,119.21035470009603,11.103230198217064,0.09313981345118941,0.04565514318811867,0.756737917795612,10.33772059836526
247540,2021-01-04,0.9998,6.0,0.0,0.1702,1.0,7.75,3.0,13.0,131.19407424155327,12.219391600759764,0.09313981345118941,0.04565514318811867,0.756737917795612,11.222699169911479
247540,2021-01-05,,,,,0.0,7.75,3.0,13.0,130.2126856116493,12.127985246847391,0.09313981345118941,0.04565514318811867,0.756737917795612,11.150225185117398
247540,2021-01-06,,,,,0.0,7.75,3.0,13.0,128.17899876875586,11.938568033682156,0.09313981345118941,0.04565514318811867,0.756737917795612,11.000040655934287
247540,2021-01-07,,,,,0.0,7.75,3.0,13.0,130.07086644547823,12.114776236166412,0.09313981345118941,0.04565514318811867,0.756737917795612,11.139752065927501
247540,2021-01-08,,,,,0.0,7.75,3.0,13.0,135.95919822490194,12.663214359640648,0.09313981345118941,0.04565514318811867,0.756737917795612,11.574595974691986
247540,2021-01-09,,,,,0.0,7.75,3.0,13.0,135.95919822490194,12.663214359640648,0.09313981345118941,0.04565514318811867,0.756737917795612,11.574595974691986
247540,2021-01-10,,,,,0.0,7.75,3.0,13.0,135.95919822490194,12.663214359640648,0.09313981345118941,0.04565514318811867,0.756737917795612,11.574595974691986
247540,2021-01-11,,,,,0.0,7.75,3.0,13.0,135.60748669279764,12.63045601315182,0.09313981345118941,0.04565514318811867,0.756737917795612,11.548622639101042
247540,2021-01-12,0.9998,6.0,0.0,0.1944,1.0,7.75,3.0,13.0,131.40396660748647,12.238940936567612,0.09313981345118941,0.04565514318811867,0.756737917795612,11.238199386312525
247540,2021-01-13,0.9998,6.0,0.0,0.1522,1.0,7.75,3.0,13.0,131.7556781395908,12.271699283056439,0.09313981345118941,0.04565514318811867,0.756737917795612,11.264172721903465
247540,2021-01-14,,,,,0.0,7.75,3.0,13.0,138.4126697996618,12.891730244421579,0.09313981345118941,0.04565514318811867,0.756737917795612,11.755780936677189
247540,2021-01-15,,,,,0.0,7.75,3.0,13.0,135.5394134930355,12.62411568802495,0.09313981345118941,0.04565514318811867,0.756737917795612,11.543595541889893
247540,2021-01-16,,,,,0.0,7.75,3.0,13.0,135.5394134930355,12.62411568802495,0.09313981345118941,0.04565514318811867,0.756737917795612,11.543595541889893
247540,2021-01-17,,,,,0.0,7.75,3.0,13.0,135.5394134930355,12.62411568802495,0.09313981345118941,0.04565514318811867,0.756737917795612,11.543595541889893
247540,2021-01-18,,,,,0.0,7.75,3.0,13.0,131.89466092243845,12.284644113523798,0.09313981345118941,0.04565514318811867,0.756737917795612,11.274436378709563
247540,2021-01-19,,,,,0.0,7.75,3.0,13.0,133.15685150136116,12.402204308584508,0.09313981345118941,0.04565514318811867,0.756737917795612,11.367647139499638
247540,2021-01-20,,,,,0.0,7.75,3.0,13.0,135.04871917808353,12.578412511068764,0.09313981345118941,0.04565514318811867,0.756737917795612,11.507358549492853
247540,2021-01-21,,,,,0.0,7.75,3.0,13.0,134.41904208028387,12.519764503645218,0.09313981345118941,0.04565514318811867,0.756737917795612,11.460857900289714
247540,2021-01-22,,,,,0.0,7.75,3.0,13.0,136.0301078079875,12.669818864981137,0.09313981345118941,0.04565514318811867,0.756737917795612,11.579832534286934
247540,2021-01-23,,,,,0.0,7.75,3.0,13.0,136.0301078079875,12.669818864981137,0.09313981345118941,0.04565514318811867,0.756737917795612,11.579832534286934
247540,2021-01-24,,,,,0.0,7.75,3.0,13.0,136.0301078079875,12.669818864981137,0.09313981345118941,0.04565514318811867,0.756737917795612,11.579832534286934
247540,2021-01-25,,,,,0.0,7.75,3.0,13.0,135.95919822490194,12.663214359640648,0.09313981345118941,0.04565514318811867,0.756737917795612,11.574595974691986
247540,2021-01-26,,,,,0.0,7.75,3.0,13.0,135.3975943268644,12.610906677343971,0.09313981345118941,0.04565514318811867,0.756737917795612,11.533122422699996
247540,2021-01-27,,,,,0.0,7.75,3.0,13.0,138.13186785064306,12.865576403273241,0.09313981345118941,0.04565514318811867,0.756737917795612,11.735044160681193
247540,2021-01-28,,,,,0.0,7.75,3.0,13.0,132.5243380202381,12.343292120947343,0.09313981345118941,0.04565514318811867,0.756737917795612,11.320937027912702
247540,2021-01-29,,,,,0.0,7.75,3.0,13.0,128.60161988394572,11.977930885511473,0.09313981345118941,0.04565514318811867,0.756737917795612,11.031250551120179
247540,2021-01-30,,,,,0.0,7.75,3.0,13.0,128.60161988394572,11.977930885511473,0.09313981345118941,0.04565514318811867,0.756737917795612,11.031250551120179
247540,2021-01-31,,,,,0.0,7.75,3.0,13.0,128.60161988394572,11.977930885511473,0.09313981345118941,0.04565514318811867,0.756737917795612,11.031250551120179
247540,2021-02-01,,,,,0.0,7.75,3.0,14.0,131.6138589734197,12.258490272375461,0.09313981345118941,0.04565514318811867,0.756737917795612,11.25369960271357
247540,2021-02-02,,,,,0.0,7.75,3.0,14.0,130.56156076043018,12.160479413122598,0.09313981345118941,0.04565514318811867,0.756737917795612,11.175989058324541
247540,2021-02-03,,,,,0.0,7.75,3.0,14.0,132.80513996925686,12.369445962095682,0.09313981345118941,0.04565514318811867,0.756737917795612,11.341673803908696
247540,2021-02-04,,,,,0.0,7.75,3.0,14.0,131.89466092243845,12.284644113523798,0.09313981345118941,0.04565514318811867,0.756737917795612,11.274436378709563
247540,2021-02-05,,,,,0.0,7.75,3.0,14.0,132.10455328837168,12.304193449331647,0.09313981345118941,0.04565514318811867,0.756737917795612,11.289936595110609
247540,2021-02-06,,,,,0.0,7.75,3.0,14.0,132.10455328837168,12.304193449331647,0.09313981345118941,0.04565514318811867,0.756737917795612,11.289936595110609
247540,2021-02-07,,,,,0.0,7.75,3.0,14.0,132.10455328837168,12.304193449331647,0.09313981345118941,0.04565514318811867,0.756737917795612,11.289936595110609
247540,2021-02-08,,,,,0.0,7.75,3.0,14.0,131.12316465846772,12.212787095419275,0.09313981345118941,0.04565514318811867,0.756737917795612,11.217462610316531
247540,2021-02-09,,,,,0.0,7.75,3.0,14.0,130.42257797758253,12.14753458265524,0.09313981345118941,0.04565514318811867,0.756737917795612,11.165725401518444
247540,2021-02-10,,,,,0.0,7.75,3.0,14.0,130.91327229253451,12.193237759611426,0.09313981345118941,0.04565514318811867,0.756737917795612,11.201962393915485
247540,2021-02-11,,,,,0.0,7.75,3.0,14.0,130.91327229253451,12.193237759611426,0.09313981345118941,0.04565514318811867,0.756737917795612,11.201962393915485
247540,2021-02-12,,,,,0.0,7.75,3.0,14.0,130.91327229253451,12.193237759611426,0.09313981345118941,0.04565514318811867,0.756737917795612,11.201962393915485
247540,2021-02-13,,,,,0.0,7.75,3.0,14.0,130.91327229253451,12.193237759611426,0.09313981345118941,0.04565514318811867,0.756737917795612,11.201962393915485
247540,2021-02-14,,,,,0.0,7.75,3.0,14.0,130.91327229253451,12.193237759611426,0.09313981345118941,0.04565514318811867,0.756737917795612,11.201962393915485
247540,2021-02-15,,,,,0.0,7.75,3.0,14.0,130.7033799266013,12.173688423803577,0.09313981345118941,0.04565514318811867,0.756737917795612,11.186462177514437
247540,2021-02-16,,,,,0.0,7.75,3.0,14.0,130.91327229253451,12.193237759611426,0.09313981345118941,0.04565514318811867,0.756737917795612,11.201962393915485
247540,2021-02-17,,,,,0.0,7.75,3.0,14.0,128.2499083518414,11.945172539022646,0.09313981345118941,0.04565514318811867,0.756737917795612,11.005277215529235
247540,2021-02-18,,,,,0.0,7.75,3.0,14.0,126.14814830918583,11.749415000730542,0.09313981345118941,0.04565514318811867,0.756737917795612,10.850065589134976
247540,2021-02-19,,,,,0.0,7.75,3.0,14.0,127.339429305023,11.860370690450763,0.09313981345118941,0.04565514318811867,0.756737917795612,10.938039790330103
247540,2021-02-20,,,,,0.0,7.75,3.0,14.0,127.339429305023,11.860370690450763,0.09313981345118941,0.04565514318811867,0.756737917795612,10.938039790330103
247540,2021-02-21,,,,,0.0,7.75,3.0,14.0,127.339429305023,11.860370690450763,0.09313981345118941,0.04565514318811867,0.756737917795612,10.938039790330103
247540,2021-02-22,,,,,0.0,7.75,3.0,14.0,123.6237671513404,11.514294610609122,0.09313981345118941,0.04565514318811867,0.756737917795612,10.663644067554825
247540,2021-02-23,,,,,0.0,7.75,3.0,14.0,119.06853553392494,11.090021187536086,0.09313981345118941,0.04565514318811867,0.756737917795612,10.327247479175364
247540,2021-02-24,,,,,0.0,7.75,3.0,14.0,113.67373445277663,10.587550421231656,0.09313981345118941,0.04565514318811867,0.756737917795612,9.928850025191718
247540,2021-02-25,,,,,0.0,7.75,3.0,14.0,116.33709839346973,10.835615641820436,0.09313981345118941,0.04565514318811867,0.756737917795612,10.125535203577966
247540,2021-02-26,,,,,0.0,7.75,3.0,14.0,113.74464403586218,10.594154926572147,0.09313981345118941,0.04565514318811867,0.756737917795612,9.934086584786666
247540,2021-02-27,,,,,0.0,7.75,3.0,14.0,113.74464403586218,10.594154926572147,0.09313981345118941,0.04565514318811867,0.756737917795612,9.934086584786666
247540,2021-02-28,,,,,0.0,7.75,3.0,14.0,113.74464403586218,10.594154926572147,0.09313981345118941,0.04565514318811867,0.756737917795612,9.934086584786666
247540,2021-03-01,,,,,0.0,7.75,3.0,15.0,113.74464403586218,10.594154926572147,0.09313981345118941,0.04565514318811867,0.756737917795612,9.934086584786666
247540,2021-03-02,,,,,0.0,7.75,3.0,15.0,113.74464403586218,10.594154926572147,0.09313981345118941,0.04565514318811867,0.756737917795612,9.934086584786666
247540,2021-03-03,,,,,0.0,7.75,3.0,15.0,114.79410586552825,10.691901605611388,0.09313981345118941,0.04565514318811867,0.756737917795612,10.011587666791897
247540,2021-03-04,,,,,0.0,7.75,3.0,15.0,113.67373445277663,10.587550421231656,0.09313981345118941,0.04565514318811867,0.756737917795612,9.928850025191718
247540,2021-03-05,,,,,0.0,7.75,3.0,15.0,112.2016515079207,10.450440890363097,0.09313981345118941,0.04565514318811867,0.756737917795612,9.820139048000597
247540,2021-03-06,,,,,0.0,7.75,3.0,15.0,112.2016515079207,10.450440890363097,0.09313981345118941,0.04565514318811867,0.756737917795612,9.820139048000597
247540,2021-03-07,,,,,0.0,7.75,3.0,15.0,112.2016515079207,10.450440890363097,0.09313981345118941,0.04565514318811867,0.756737917795612,9.820139048000597
247540,2021-03-08,,,,,0.0,7.75,3.0,15.0,107.99529503928613,10.05866163356527,0.09313981345118941,0.04565514318811867,0.756737917795612,9.509506332828279
247540,2021-03-09,,,,,0.0,7.75,3.0,15.0,107.29470835840094,9.993409120801235,0.09313981345118941,0.04565514318811867,0.756737917795612,9.457769124030193
247540,2021-03-10,,,,,0.0,7.75,3.0,15.0,109.18941241844672,10.169881503499111,0.09313981345118941,0.04565514318811867,0.756737917795612,9.597689996407205
247540,2021-03-11,,,,,0.0,7.75,3.0,15.0,117.03768507435491,10.90086815458447,0.09313981345118941,0.04565514318811867,0.756737917795612,10.177272412376054
247540,2021-03-12,,,,,0.0,7.75,3.0,15.0,120.26265291308553,11.201241057469927,0.09313981345118941,0.04565514318811867,0.756737917795612,10.41543114275429
247540,2021-03-13,,,,,0.0,7.75,3.0,15.0,120.26265291308553,11.201241057469927,0.09313981345118941,0.04565514318811867,0.756737917795612,10.41543114275429
247540,2021-03-14,,,,,0.0,7.75,3.0,15.0,120.26265291308553,11.201241057469927,0.09313981345118941,0.04565514318811867,0.756737917795612,10.41543114275429
247540,2021-03-15,,,,,0.0,7.75,3.0,15.0,119.21035470009603,11.103230198217064,0.09313981345118941,0.04565514318811867,0.756737917795612,10.33772059836526
247540,2021-03-16,,,,,0.0,7.75,3.0,15.0,114.72603266576613,10.685561280484519,0.09313981345118941,0.04565514318811867,0.756737917795612,10.006560569580747
247540,2021-03-17,,,,,0.0,7.75,3.0,15.0,109.95807229909403,10.241474341390015,0.09313981345118941,0.04565514318811867,0.756737917795612,9.654454302416442
247540,2021-03-18,,,,,0.0,7.75,3.0,15.0,110.51967619713156,10.29378202368669,0.09313981345118941,0.04565514318811867,0.756737917795612,9.69592785440843
247540,2021-03-19,,,,,0.0,7.75,3.0,15.0,111.99175914198749,10.430891554555249,0.09313981345118941,0.04565514318811867,0.756737917795612,9.80463883159955
247540,2021-03-20,,,,,0.0,7.75,3.0,15.0,111.99175914198749,10.430891554555249,0.09313981345118941,0.04565514318811867,0.756737917795612,9.80463883159955
247540,2021-03-21,,,,,0.0,7.75,3.0,15.0,111.99175914198749,10.430891554555249,0.09313981345118941,0.04565514318811867,0.756737917795612,9.80463883159955
247540,2021-03-22,,,,,0.0,7.75,3.0,15.0,111.29117246110229,10.365639041791214,0.09313981345118941,0.04565514318811867,0.756737917795612,9.752901622801465
247540,2021-03-23,,,,,0.0,7.75,3.0,15.0,109.5382875672276,10.202375669774318,0.09313981345118941,0.04565514318811867,0.756737917795612,9.62345386961435
247540,2021-03-24,,,,,0.0,7.75,3.0,15.0,109.88716271600849,10.234869836049526,0.09313981345118941,0.04565514318811867,0.756737917795612,9.649217742821493
247540,2021-03-25,,,,,0.0,7.75,3.0,15.0,111.57197441012106,10.391792882939553,0.09313981345118941,0.04565514318811867,0.756737917795612,9.773638398797459
247540,2021-03-26,,,,,0.0,7.75,3.0,15.0,111.35924566086442,10.371979366918085,0.09313981345118941,0.04565514318811867,0.756737917795612,9.757928720012615
247540,2021-03-27,,,,,0.0,7.75,3.0,15.0,111.35924566086442,10.371979366918085,0.09313981345118941,0.04565514318811867,0.756737917795612,9.757928720012615
247540,2021-03-28,,,,,0.0,7.75,3.0,15.0,111.35924566086442,10.371979366918085,0.09313981345118941,0.04565514318811867,0.756737917795612,9.757928720012615
247540,2021-03-29,,,,,0.0,7.75,3.0,15.0,112.97314777189143,10.522297908467621,0.09313981345118941,0.04565514318811867,0.756737917795612,9.877112816393632
247540,2021-03-30,,,,,0.0,7.75,3.0,15.0,115.70458491234666,10.776703454183272,0.09313981345118941,0.04565514318811867,0.756737917795612,10.07882509199103
247540,2021-03-31,,,,,0.0,7.75,3.0,15.0,114.23533835081415,10.639858103528333,0.09313981345118941,0.04565514318811867,0.756737917795612,9.970323577183706
247540,2021-04-01,,,,,0.0,8.5,3.5,4.0,85.45664936929745,,,0.38738772668712174,,8.920807065846933
247540,2021-04-02,0.9997,6.0,0.0,0.1111,1.0,8.5,3.5,4.0,86.95747011418736,,,0.38738772668712174,,9.047486136366722
247540,2021-04-03,,,,,0.0,8.5,3.5,4.0,86.95747011418736,,,0.38738772668712174,,9.047486136366722
247540,2021-04-04,,,,,0.0,8.5,3.5,4.0,86.95747011418736,,,0.38738772668712174,,9.047486136366722
247540,2021-04-05,,,,,0.0,8.5,3.5,4.0,86.43972887956753,,,0.38738772668712174,,9.003785395558916
247540,2021-04-06,,,,,0.0,8.5,3.5,4.0,85.61176212784753,,,0.38738772668712174,,8.93389959548166
247540,2021-04-07,,,,,0.0,8.5,3.5,4.0,86.18190632143698,,,0.38738772668712174,,8.982023488193088
247540,2021-04-08,,,,,0.0,8.5,3.5,4.0,85.81927784536722,,,0.38738772668712174,,8.951415277020011
247540,2021-04-09,,,,,0.0,8.5,3.5,4.0,86.12950336246737,,,0.38738772668712174,,8.977600336289463
247540,2021-04-10,,,,,0.0,8.5,3.5,4.0,86.12950336246737,,,0.38738772668712174,,8.977600336289463
247540,2021-04-11,,,,,0.0,8.5,3.5,4.0,86.12950336246737,,,0.38738772668712174,,8.977600336289463
247540,2021-04-12,0.8926,6.0,0.1072,0.2,2.0,8.5,3.5,4.0,93.48268656508444,,,0.38738772668712174,,9.598257011405963
247540,2021-04-13,,,,,0.0,8.5,3.5,4.0,93.53508952405406,,,0.38738772668712174,,9.602680163309586
247540,2021-04-14,,,,,0.0,8.5,3.5,4.0,96.28100457406215,,,0.38738772668712174,,9.834453323059476
247540,2021-04-15,,,,,0.0,8.5,3.5,4.0,95.970779056962,,,0.38738772668712174,,9.808268263790023
247540,2021-04-16,,,,,0.0,8.5,3.5,4.0,95.65845742150306,,,0.38738772668712174,,9.781906278444424
247540,2021-04-17,,,,,0.0,8.5,3.5,4.0,95.65845742150306,,,0.38738772668712174,,9.781906278444424
247540,2021-04-18,,,,,0.0,8.5,3.5,4.0,95.65845742150306,,,0.38738772668712174,,9.781906278444424
247540,2021-04-19,0.9998,6.0,0.0,0.2093,1.0,8.5,3.5,4.0,97.05656836681253,,,0.38738772668712174,,9.899915971233108
247540,2021-04-20,,,,,0.0,8.5,3.5,4.0,95.40063486337253,,,0.38738772668712174,,9.760144371078594
247540,2021-04-21,0.0,3.0,0.0,0.1333,1.0,8.5,3.5,4.0,93.69020228260413,,,0.38738772668712174,,9.615772692944311
247540,2021-04-22,,,,,0.0,8.5,3.5,4.0,95.19311914585283,,,0.38738772668712174,,9.742628689540243
247540,2021-04-23,,,,,0.0,8.5,3.5,4.0,97.31648704330183,,,0.38738772668712174,,9.921854804675084
247540,2021-04-24,,,,,0.0,8.5,3.5,4.0,97.31648704330183,,,0.38738772668712174,,9.921854804675084
247540,2021-04-25,0.0001,3.0,0.0,0.439,1.0,8.5,3.5,4.0,97.31648704330183,,,0.38738772668712174,,9.921854804675084
247540,2021-04-26,,,,,0.0,8.5,3.5,4.0,100.78556292709068,,,0.38738772668712174,,10.214667460694981
247540,2021-04-27,,,,,0.0,8.5,3.5,4.0,100.0099991343403,,,0.38738772668712174,,10.149204812521349
247540,2021-04-28,,,,,0.0,8.5,3.5,4.0,96.07348885654245,,,0.38738772668712174,,9.816937641521125
247540,2021-04-29,,,,,0.0,8.5,3.5,4.0,93.79500820054338,,,0.38738772668712174,,9.624618996751561
247540,2021-04-30,,,,,0.0,8.5,3.5,4.0,93.74260524157376,,,0.38738772668712174,,9.620195844847936
247540,2021-05-01,,,,,0.0,8.5,3.5,5.0,93.74260524157376,,,0.38738772668712174,,9.620195844847936
247540,2021-05-02,,,,,0.0,8.5,3.5,5.0,93.74260524157376,,,0.38738772668712174,,9.620195844847936
247540,2021-05-03,0.9998,6.0,0.0,0.1702,1.0,8.5,3.5,5.0,90.0136106812956,,,0.38738772668712174,,9.305444355386063
247540,2021-05-04,,,,,0.0,8.5,3.5,5.0,92.49960705481438,,,0.38738772668712174,,9.515278681693978
247540,2021-05-05,,,,,0.0,8.5,3.5,5.0,92.49960705481438,,,0.38738772668712174,,9.515278681693978
247540,2021-05-06,,,,,0.0,8.5,3.5,5.0,93.79500820054338,,,0.38738772668712174,,9.624618996751561
247540,2021-05-07,,,,,0.0,8.5,3.5,5.0,92.91463848985376,,,0.38738772668712174,,9.55031004477068
247540,2021-05-08,,,,,0.0,8.5,3.5,5.0,92.91463848985376,,,0.38738772668712174,,9.55031004477068
247540,2021-05-09,,,,,0.0,8.5,3.5,5.0,92.91463848985376,,,0.38738772668712174,,9.55031004477068
247540,2021-05-10,0.0,3.0,0.0,0.1489,1.0,8.5,3.5,5.0,93.22486400695391,,,0.38738772668712174,,9.576495104040132
247540,2021-05-11,,,,,0.0,8.5,3.5,5.0,90.89398039198521,,,0.38738772668712174,,9.379753307366943
247540,2021-05-12,,,,,0.0,8.5,3.5,5.0,89.44346648770613,,,0.38738772668712174,,9.257320462674636
247540,2021-05-13,,,,,0.0,8.5,3.5,5.0,84.47147374066859,,,0.38738772668712174,,8.837651810058805
247540,2021-05-14,,,,,0.0,8.5,3.5,5.0,88.0977585013663,,,0.38738772668712174,,9.143733921789575
247540,2021-05-15,,,,,0.0,8.5,3.5,5.0,88.0977585013663,,,0.38738772668712174,,9.143733921789575
247540,2021-05-16,,,,,0.0,8.5,3.5,5.0,88.0977585013663,,,0.38738772668712174,,9.143733921789575
247540,2021-05-17,,,,,0.0,8.5,3.5,5.0,87.37250154922675,,,0.38738772668712174,,9.082517499443421
247540,2021-05-18,,,,,0.0,8.5,3.5,5.0,87.63032410735728,,,0.38738772668712174,,9.104279406809251
247540,2021-05-19,,,,,0.0,8.5,3.5,5.0,87.63032410735728,,,0.38738772668712174,,9.104279406809251
247540,2021-05-20,,,,,0.0,8.5,3.5,5.0,91.3090118270246,,,0.38738772668712174,,9.414784670443645
247540,2021-05-21,,,,,0.0,8.5,3.5,5.0,89.85849792274553,,,0.38738772668712174,,9.292351825751338
247540,2021-05-22,,,,,0.0,8.5,3.5,5.0,89.85849792274553,,,0.38738772668712174,,9.292351825751338
247540,2021-05-23,,,,,0.0,8.5,3.5,5.0,89.85849792274553,,,0.38738772668712174,,9.292351825751338
247540,2021-05-24,,,,,0.0,8.5,3.5,5.0,89.34075668812568,,,0.38738772668712174,,9.248651084943532
247540,2021-05-25,,,,,0.0,8.5,3.5,5.0,90.27352935778491,,,0.38738772668712174,,9.327383188828037
247540,2021-05-26,0.9998,6.0,0.0,0.1538,1.0,8.5,3.5,5.0,90.94638335095483,,,0.38738772668712174,,9.384176459270568
247540,2021-05-27,,,,,0.0,8.5,3.5,5.0,92.08457561977498,,,0.38738772668712174,,9.480247318617277
247540,2021-05-28,,,,,0.0,8.5,3.5,5.0,93.01734828943421,,,0.38738772668712174,,9.558979422501782
247540,2021-05-29,,,,,0.0,8.5,3.5,5.0,93.01734828943421,,,0.38738772668712174,,9.558979422501782
247540,2021-05-30,,,,,0.0,8.5,3.5,5.0,93.01734828943421,,,0.38738772668712174,,9.558979422501782
247540,2021-05-31,,,,,0.0,8.5,3.5,5.0,90.99669019156568,,,0.38738772668712174,,9.388422685098046
247540,2021-06-01,,,,,0.0,8.5,3.5,6.0,91.46412458557468,,,0.38738772668712174,,9.427877200078372
247540,2021-06-02,0.0001,3.0,0.0,0.1818,1.0,8.5,3.5,6.0,91.04909315053528,,,0.38738772668712174,,9.392845837001671
247540,2021-06-03,,,,,0.0,8.5,3.5,6.0,91.98186582019453,,,0.38738772668712174,,9.471577940886176
247540,2021-06-04,,,,,0.0,8.5,3.5,6.0,92.3444942962643,,,0.38738772668712174,,9.502186152059252
247540,2021-06-05,,,,,0.0,8.5,3.5,6.0,92.3444942962643,,,0.38738772668712174,,9.502186152059252
247540,2021-06-06,,,,,0.0,8.5,3.5,6.0,92.3444942962643,,,0.38738772668712174,,9.502186152059252
247540,2021-06-07,,,,,0.0,8.5,3.5,6.0,92.65471981336445,,,0.38738772668712174,,9.528371211328706
247540,2021-06-08,,,,,0.0,8.5,3.5,6.0,92.91463848985376,,,0.38738772668712174,,9.55031004477068
247540,2021-06-09,,,,,0.0,8.5,3.5,6.0,91.72194714370521,,,0.38738772668712174,,9.4496391074442
247540,2021-06-10,,,,,0.0,8.5,3.5,6.0,95.60815058089223,,,0.38738772668712174,,9.777660052616945
247540,2021-06-11,,,,,0.0,8.5,3.5,6.0,97.98934103647176,,,0.38738772668712174,,9.978648075117613
247540,2021-06-12,,,,,0.0,8.5,3.5,6.0,97.98934103647176,,,0.38738772668712174,,9.978648075117613
247540,2021-06-13,,,,,0.0,8.5,3.5,6.0,97.98934103647176,,,0.38738772668712174,,9.978648075117613
247540,2021-06-14,,,,,0.0,8.5,3.5,6.0,98.04174399544138,,,0.38738772668712174,,9.983071227021238
247540,2021-06-15,,,,,0.0,8.5,3.5,6.0,98.92211370613099,,,0.38738772668712174,,10.057380179002118
247540,2021-06-16,0.9996,6.0,0.0,0.2353,1.0,8.5,3.5,6.0,100.78556292709068,,,0.38738772668712174,,10.214667460694981
247540,2021-06-17,,,,,0.0,8.5,3.5,6.0,105.39492719805845,,,0.38738772668712174,,10.603727902137736
247540,2021-06-18,,,,,0.0,8.5,3.5,6.0,107.415585295927,,,0.38738772668712174,,10.774284639541472
247540,2021-06-19,,,,,0.0,8.5,3.5,6.0,107.415585295927,,,0.38738772668712174,,10.774284639541472
247540,2021-06-20,,,,,0.0,8.5,3.5,6.0,107.415585295927,,,0.38738772668712174,,10.774284639541472
247540,2021-06-21,0.0012,3.0,0.0015,0.278,2.0,8.5,3.5,6.0,110.57443566261568,,,0.38738772668712174,,11.040912236291918
247540,2021-06-22,,,,,0.0,8.5,3.5,6.0,108.24355204764699,,,0.38738772668712174,,10.844170439618727
247540,2021-06-23,,,,,0.0,8.5,3.5,6.0,110.72954842116576,,,0.38738772668712174,,11.054004765926644
247540,2021-06-24,,,,,0.0,8.5,3.5,6.0,111.40240241433568,,,0.38738772668712174,,11.110798036369173
247540,2021-06-25,,,,,0.0,8.5,3.5,6.0,109.95398462841538,,,0.38738772668712174,,10.98854211775301
247540,2021-06-26,,,,,0.0,8.5,3.5,6.0,109.95398462841538,,,0.38738772668712174,,10.98854211775301
247540,2021-06-27,,,,,0.0,8.5,3.5,6.0,109.95398462841538,,,0.38738772668712174,,10.98854211775301
247540,2021-06-28,,,,,0.0,8.5,3.5,6.0,106.32769986771768,,,0.38738772668712174,,10.68246000602224
247540,2021-06-29,,,,,0.0,8.5,3.5,6.0,108.39866480619706,,,0.38738772668712174,,10.857262969253455
247540,2021-06-30,,,,,0.0,8.5,3.5,6.0,109.84917871047615,,,0.38738772668712174,,10.979695813945764
247540,2021-07-01,,,,,0.0,8.5,3.5,7.0,112.12765936647523,,,0.38738772668712174,,11.172014458715328
247540,2021-07-02,,,,,0.0,8.5,3.5,7.0,109.84917871047615,,,0.38738772668712174,,10.979695813945764
247540,2021-07-03,,,,,0.0,8.5,3.5,7.0,109.84917871047615,,,0.38738772668712174,,10.979695813945764
247540,2021-07-04,,,,,0.0,8.5,3.5,7.0,109.84917871047615,,,0.38738772668712174,,10.979695813945764
247540,2021-07-05,,,,,0.0,8.5,3.5,7.0,111.4548053733053,,,0.38738772668712174,,11.115221188272798
247540,2021-07-06,,,,,0.0,8.5,3.5,7.0,111.81743384937508,,,0.38738772668712174,,11.145829399445875
247540,2021-07-07,0.9992,6.0,0.0,0.2292,1.0,8.5,3.5,7.0,112.957722236554,,,0.38738772668712174,,11.242077184868728
247540,2021-07-08,0.2115,4.0,0.0,0.1915,1.0,8.5,3.5,7.0,112.38757804296453,,,0.38738772668712174,,11.193953292157303
247540,2021-07-09,0.9333,7.0,0.0941,0.5017,3.0,8.5,3.5,7.0,118.29234345966131,,,0.38738772668712174,,11.692354048657638
247540,2021-07-10,,,,,0.0,8.5,3.5,7.0,118.29234345966131,,,0.38738772668712174,,11.692354048657638
247540,2021-07-11,,,,,0.0,8.5,3.5,7.0,118.29234345966131,,,0.38738772668712174,,11.692354048657638
247540,2021-07-12,,,,,0.0,8.5,3.5,7.0,118.860391534892,,,0.38738772668712174,,11.74030101529292
247540,2021-07-13,-0.0011,3.0,0.0,0.2564,1.0,8.5,3.5,7.0,119.69045440497078,,,0.38738772668712174,,11.810363741446322
247540,2021-07-14,,,,,0.0,8.5,3.5,7.0,126.68100913151808,,,0.38738772668712174,,12.400412205389742
247540,2021-07-15,0.8761,7.0,0.2143,0.4032,4.0,8.5,3.5,7.0,139.62873223373177,,,0.38738772668712174,,13.493284577737125
247540,2021-07-16,0.0002,3.0,0.0,0.3125,1.0,8.5,3.5,7.0,139.83624795125147,,,0.38738772668712174,,13.510800259275474
247540,2021-07-17,,,,,0.0,8.5,3.5,7.0,139.83624795125147,,,0.38738772668712174,,13.510800259275474
247540,2021-07-18,0.5635,5.0,0.0,0.3889,1.0,8.5,3.5,7.0,139.83624795125147,,,0.38738772668712174,,13.510800259275474
247540,2021-07-19,0.5051,5.0,0.4941,0.4139,2.0,8.5,3.5,7.0,150.04015212181588,,,0.38738772668712174,,14.372076397949112
247540,2021-07-20,,,,,0.0,8.5,3.5,7.0,139.0606841585011,,,0.38738772668712174,,13.445337611101841
247540,2021-07-21,,,,,0.0,8.5,3.5,7.0,139.62873223373177,,,0.38738772668712174,,13.493284577737125
247540,2021-07-22,,,,,0.0,8.5,3.5,7.0,137.71288005380248,,,0.38738772668712174,,13.331574144140637
247540,2021-07-23,0.9949,6.0,0.0,0.5,1.0,8.5,3.5,7.0,141.07924613801086,,,0.38738772668712174,,13.615717422429434
247540,2021-07-24,,,,,0.0,8.5,3.5,7.0,141.07924613801086,,,0.38738772668712174,,13.615717422429434
247540,2021-07-25,,,,,0.0,8.5,3.5,7.0,141.07924613801086,,,0.38738772668712174,,13.615717422429434
247540,2021-07-26,0.9682,6.0,0.0,0.3415,1.0,8.5,3.5,7.0,147.60655870726671,,,0.38738772668712174,,14.16666522354482
247540,2021-07-27,0.9999,6.0,0.0,0.1739,1.0,8.5,3.5,7.0,146.82889879615757,,,0.38738772668712174,,14.101025649295043
247540,2021-07-28,,,,,0.0,8.5,3.5,7.0,143.980273946569,,,0.38738772668712174,,13.86058311181405
247540,2021-07-29,,,,,0.0,8.5,3.5,7.0,147.2942370718078,,,0.38738772668712174,,14.140303238199222
247540,2021-07-30,,,,,0.0,8.5,3.5,7.0,149.93744232223543,,,0.38738772668712174,,14.363407020218009
247540,2021-07-31,,,,,0.0,8.5,3.5,7.0,149.93744232223543,,,0.38738772668712174,,14.363407020218009
247540,2021-08-01,,,,,0.0,8.5,3.5,8.0,149.93744232223543,,,0.38738772668712174,,14.363407020218009
247540,2021-08-02,,,,,0.0,8.5,3.5,8.0,148.3821225000171,,,0.38738772668712174,,14.232127871718452
247540,2021-08-03,0.9998,6.0,0.0,0.1304,1.0,8.5,3.5,8.0,151.64577878464502,,,0.38738772668712174,,14.507601772276146
247540,2021-08-04,,,,,0.0,8.5,3.5,8.0,148.32971954104747,,,0.38738772668712174,,14.22770471981483
247540,2021-08-05,,,,,0.0,8.5,3.5,8.0,152.52614849533464,,,0.38738772668712174,,14.581910724257027
247540,2021-08-06,,,,,0.0,8.5,3.5,8.0,151.69818174361464,,,0.38738772668712174,,14.51202492417977
247540,2021-08-07,,,,,0.0,8.5,3.5,8.0,151.69818174361464,,,0.38738772668712174,,14.51202492417977
247540,2021-08-08,,,,,0.0,8.5,3.5,8.0,151.69818174361464,,,0.38738772668712174,,14.51202492417977
247540,2021-08-09,0.9998,6.0,0.0,0.463,2.0,8.5,3.5,8.0,162.4177310304401,,,0.38738772668712174,,15.416824877585064
247540,2021-08-10,0.9924,6.0,0.0,0.381,1.0,8.5,3.5,8.0,162.15990847230958,,,0.38738772668712174,,15.395062970219234
247540,2021-08-11,,,,,0.0,8.5,3.5,8.0,161.17473284368072,,,0.38738772668712174,,15.311907714431108
247540,2021-08-12,0.5018,6.0,0.4871,0.3007,4.0,8.5,3.5,8.0,164.80101760437842,,,0.38738772668712174,,15.617989826161878
247540,2021-08-13,,,,,0.0,8.5,3.5,8.0,162.26261827189003,,,0.38738772668712174,,15.403732347950339
247540,2021-08-14,,,,,0.0,8.5,3.5,8.0,162.26261827189003,,,0.38738772668712174,,15.403732347950339
247540,2021-08-15,,,,,0.0,8.5,3.5,8.0,162.26261827189003,,,0.38738772668712174,,15.403732347950339
247540,2021-08-16,,,,,0.0,8.5,3.5,8.0,162.26261827189003,,,0.38738772668712174,,15.403732347950339
247540,2021-08-17,0.9729,6.0,0.0268,0.3021,2.0,8.5,3.5,8.0,155.21966058637312,,,0.38738772668712174,,14.809260732103292
247540,2021-08-18,,,,,0.0,8.5,3.5,8.0,161.07202304410026,,,0.38738772668712174,,15.303238336700005
247540,2021-08-19,,,,,0.0,8.5,3.5,8.0,161.3298456022308,,,0.38738772668712174,,15.325000244065833
247540,2021-08-20,0.0052,3.0,0.0,0.3333,1.0,8.5,3.5,8.0,161.84758683685064,,,0.38738772668712174,,15.368700984873637
247540,2021-08-21,,,,,0.0,8.5,3.5,8.0,161.84758683685064,,,0.38738772668712174,,15.368700984873637
247540,2021-08-22,,,,,0.0,8.5,3.5,8.0,161.84758683685064,,,0.38738772668712174,,15.368700984873637
247540,2021-08-23,0.4999,4.0,0.4999,0.2778,2.0,8.5,3.5,8.0,170.9112026202361,,,0.38738772668712174,,16.133729338124418
247540,2021-08-24,,,,,0.0,8.5,3.5,8.0,164.17847045181935,,,0.38738772668712174,,15.565442781546825
247540,2021-08-25,,,,,0.0,8.5,3.5,8.0,164.38598616933902,,,0.38738772668712174,,15.582958463085177
247540,2021-08-26,,,,,0.0,8.5,3.5,8.0,167.2870139778972,,,0.38738772668712174,,15.827824152469793
247540,2021-08-27,,,,,0.0,8.5,3.5,8.0,167.59723949499735,,,0.38738772668712174,,15.854009211739246
247540,2021-08-28,,,,,0.0,8.5,3.5,8.0,167.59723949499735,,,0.38738772668712174,,15.854009211739246
247540,2021-08-29,,,,,0.0,8.5,3.5,8.0,167.59723949499735,,,0.38738772668712174,,15.854009211739246
247540,2021-08-30,,,,,0.0,8.5,3.5,8.0,165.3690656796091,,,0.38738772668712174,,15.665936792797162
247540,2021-08-31,,,,,0.0,8.5,3.5,8.0,165.93920987319856,,,0.38738772668712174,,15.714060685508587
247540,2021-09-01,,,,,0.0,8.5,3.5,9.0,159.2064777047818,,,0.38738772668712174,,15.145774128930995
247540,2021-09-02,0.9998,6.0,0.0,0.234,1.0,8.5,3.5,9.0,153.87185648167448,,,0.38738772668712174,,14.695497265142087
247540,2021-09-03,,,,,0.0,8.5,3.5,9.0,163.0402781829992,,,0.38738772668712174,,15.469371922200114
247540,2021-09-04,,,,,0.0,8.5,3.5,9.0,163.0402781829992,,,0.38738772668712174,,15.469371922200114
247540,2021-09-05,,,,,0.0,8.5,3.5,9.0,163.0402781829992,,,0.38738772668712174,,15.469371922200114
247540,2021-09-06,,,,,0.0,8.5,3.5,9.0,161.27744264326117,,,0.38738772668712174,,15.320577092162209
247540,2021-09-07,,,,,0.0,8.5,3.5,9.0,169.77301035141596,,,0.38738772668712174,,16.037658478777708
247540,2021-09-08,,,,,0.0,8.5,3.5,9.0,174.38237462238374,,,0.38738772668712174,,16.426718920220463
247540,2021-09-09,0.7768,7.0,0.3716,0.2998,7.0,8.5,3.5,9.0,185.20672982714842,,,0.38738772668712174,,17.340365177433004
247540,2021-09-10,0.9998,7.0,0.0001,0.5285,3.0,8.5,3.5,9.0,207.42348831190853,,,0.38738772668712174,,19.21560465849337
247540,2021-09-11,,,,,0.0,8.5,3.5,9.0,207.42348831190853,,,0.38738772668712174,,19.21560465849337
247540,2021-09-12,,,,,0.0,8.5,3.5,9.0,207.42348831190853,,,0.38738772668712174,,19.21560465849337
247540,2021-09-13,0.9971,7.0,0.0038,0.398,5.0,8.5,3.5,9.0,208.82369537557676,,,0.38738772668712174,,19.3337912773582
247540,2021-09-14,0.4903,5.0,0.3938,0.3995,3.0,8.5,3.5,9.0,226.22566999020816,,,0.38738772668712174,,20.802631561513607
247540,2021-09-15,0.0,4.0,0.0,0.4578,3.0,8.5,3.5,9.0,230.42000282613654,,,0.38738772668712174,,21.15666063987966
247540,2021-09-16,0.7011,6.0,0.4225,0.2968,3.0,8.5,3.5,9.0,235.75462404924386,,,0.38738772668712174,,21.60693750366857
247540,2021-09-17,0.4878,4.0,0.4878,0.2648,2.0,8.5,3.5,9.0,236.89491243642277,,,0.38738772668712174,,21.703185289091426
247540,2021-09-18,,,,,0.0,8.5,3.5,9.0,236.89491243642277,,,0.38738772668712174,,21.703185289091426
247540,2021-09-19,,,,,0.0,8.5,3.5,9.0,236.89491243642277,,,0.38738772668712174,,21.703185289091426
247540,2021-09-20,,,,,0.0,8.5,3.5,9.0,236.89491243642277,,,0.38738772668712174,,21.703185289091426
247540,2021-09-21,,,,,0.0,8.5,3.5,9.0,236.89491243642277,,,0.38738772668712174,,21.703185289091426
247540,2021-09-22,,,,,0.0,8.5,3.5,9.0,236.89491243642277,,,0.38738772668712174,,21.703185289091426
247540,2021-09-23,0.0052,3.0,0.0,0.7917,1.0,8.5,3.5,9.0,243.42012888731986,,,0.38738772668712174,,22.253956164130663
247540,2021-09-24,,,,,0.0,8.5,3.5,9.0,243.73035440442,,,0.38738772668712174,,22.28014122340012
247540,2021-09-25,,,,,0.0,8.5,3.5,9.0,243.73035440442,,,0.38738772668712174,,22.28014122340012
247540,2021-09-26,,,,,0.0,8.5,3.5,9.0,243.73035440442,,,0.38738772668712174,,22.28014122340012
247540,2021-09-27,0.555,5.0,0.0,0.24,1.0,8.5,3.5,9.0,244.50801431552918,,,0.38738772668712174,,22.345780797649898
247540,2021-09-28,0.941,6.0,0.0,0.1489,1.0,8.5,3.5,9.0,242.48735621766062,,,0.38738772668712174,,22.175224060246162
247540,2021-09-29,,,,,0.0,8.5,3.5,9.0,231.35277549579578,,,0.38738772668712174,,21.235392743764166
247540,2021-09-30,0.0,3.0,0.0,0.2553,1.0,8.5,3.5,9.0,241.86690518346032,,,0.38738772668712174,,22.122853941707255
247540,2021-10-01,0.0306,3.0,0.0,0.2683,1.0,8.5,3.5,10.0,233.57885319282522,,,0.38738772668712174,,21.423288236630107
247540,2021-10-02,,,,,0.0,8.5,3.5,10.0,233.57885319282522,,,0.38738772668712174,,21.423288236630107
247540,2021-10-03,,,,,0.0,8.5,3.5,10.0,233.57885319282522,,,0.38738772668712174,,21.423288236630107
247540,2021-10-04,,,,,0.0,8.5,3.5,10.0,233.57885319282522,,,0.38738772668712174,,21.423288236630107
247540,2021-10-05,,,,,0.0,8.5,3.5,10.0,227.3638622590283,,,0.38738772668712174,,20.898702420860317
247540,2021-10-06,,,,,0.0,8.5,3.5,10.0,213.3806566875749,,,0.38738772668712174,,19.71842856689733
247540,2021-10-07,,,,,0.0,8.5,3.5,10.0,212.96562525253552,,,0.38738772668712174,,19.68339720382063
247540,2021-10-08,,,,,0.0,8.5,3.5,10.0,219.18061618633246,,,0.38738772668712174,,20.20798301959042
247540,2021-10-09,,,,,0.0,8.5,3.5,10.0,219.18061618633246,,,0.38738772668712174,,20.20798301959042
247540,2021-10-10,,,,,0.0,8.5,3.5,10.0,219.18061618633246,,,0.38738772668712174,,20.20798301959042
247540,2021-10-11,,,,,0.0,8.5,3.5,10.0,219.18061618633246,,,0.38738772668712174,,20.20798301959042
247540,2021-10-12,0.1431,3.0,0.0,0.25,1.0,8.5,3.5,10.0,218.50776219316253,,,0.38738772668712174,,20.151189749147886
247540,2021-10-13,,,,,0.0,8.5,3.5,10.0,228.4517476872376,,,0.38738772668712174,,20.990527054379548
247540,2021-10-14,0.9998,6.0,0.0,0.2128,1.0,8.5,3.5,10.0,226.3283797897886,,,0.38738772668712174,,20.81130093924471
247540,2021-10-15,,,,,0.0,8.5,3.5,10.0,225.81063855516877,,,0.38738772668712174,,20.767600198436906
247540,2021-10-16,,,,,0.0,8.5,3.5,10.0,225.81063855516877,,,0.38738772668712174,,20.767600198436906
247540,2021-10-17,,,,,0.0,8.5,3.5,10.0,225.81063855516877,,,0.38738772668712174,,20.767600198436906
247540,2021-10-18,,,,,0.0,8.5,3.5,10.0,234.09659442744507,,,0.38738772668712174,,21.46698897743791
247540,2021-10-19,0.9998,6.0,0.0,0.3966,2.0,8.5,3.5,10.0,234.77154453897379,,,0.38738772668712174,,21.523959173956584
247540,2021-10-20,,,,,0.0,8.5,3.5,10.0,233.57885319282522,,,0.38738772668712174,,21.423288236630107
247540,2021-10-21,-0.296,5.0,0.8188,0.3746,4.0,8.5,3.5,10.0,213.01802821150514,,,0.38738772668712174,,19.687820355724252
247540,2021-10-22,,,,,0.0,8.5,3.5,10.0,213.89839792219476,,,0.38738772668712174,,19.762129307705134
247540,2021-10-23,-0.9986,6.0,0.0,0.3953,1.0,8.5,3.5,10.0,213.89839792219476,,,0.38738772668712174,,19.762129307705134
247540,2021-10-24,,,,,0.0,8.5,3.5,10.0,213.89839792219476,,,0.38738772668712174,,19.762129307705134
247540,2021-10-25,,,,,0.0,8.5,3.5,10.0,213.89839792219476,,,0.38738772668712174,,19.762129307705134
247540,2021-10-26,,,,,0.0,8.5,3.5,10.0,214.4161391568146,,,0.38738772668712174,,19.805830048512938
247540,2021-10-27,,,,,0.0,8.5,3.5,10.0,213.89839792219476,,,0.38738772668712174,,19.762129307705134
247540,2021-10-28,,,,,0.0,8.5,3.5,10.0,208.71888945763752,,,0.38738772668712174,,19.324944973550952
247540,2021-10-29,0.0031,3.0,0.0,0.1667,1.0,8.5,3.5,10.0,212.2927712593656,,,0.38738772668712174,,19.626603933378096
247540,2021-10-30,,,,,0.0,8.5,3.5,10.0,212.2927712593656,,,0.38738772668712174,,19.626603933378096
247540,2021-10-31,,,,,0.0,8.5,3.5,10.0,212.2927712593656,,,0.38738772668712174,,19.626603933378096
247540,2021-11-01,,,,,0.0,8.5,3.5,11.0,208.14874526404805,,,0.38738772668712174,,19.276821080839525
247540,2021-11-02,,,,,0.0,8.5,3.5,11.0,209.23663069225736,,,0.38738772668712174,,19.368645714358756
247540,2021-11-03,,,,,0.0,8.5,3.5,11.0,220.11338885599167,,,0.38738772668712174,,20.28671512347492
247540,2021-11-04,0.9998,6.0,0.0,0.1458,1.0,8.5,3.5,11.0,236.11725252531363,,,0.38738772668712174,,21.637545714841647
247540,2021-11-05,0.9998,7.0,0.0,0.3504,3.0,8.5,3.5,11.0,258.49121988698255,,,0.38738772668712174,,23.526054651612885
247540,2021-11-06,,,,,0.0,8.5,3.5,11.0,258.49121988698255,,,0.38738772668712174,,23.526054651612885
247540,2021-11-07,0.0,3.0,0.0,0.3256,1.0,8.5,3.5,11.0,258.49121988698255,,,0.38738772668712174,,23.526054651612885
247540,2021-11-08,0.985,6.0,0.0,0.4792,1.0,8.5,3.5,11.0,262.47803700539123,,,0.38738772668712174,,23.862568048440586
247540,2021-11-09,0.9997,6.0,0.0,0.5556,1.0,8.5,3.5,11.0,288.7382078042472,,,0.38738772668712174,,26.079097930384574
247540,2021-11-10,,,,,0.0,8.5,3.5,11.0,279.20715762685273,,,0.38738772668712174,,25.274615062153465
247540,2021-11-11,0.9998,6.0,0.0,0.4565,1.0,8.5,3.5,11.0,291.99976797051636,,,0.38738772668712174,,26.35439490486612
247540,2021-11-12,,,,,0.0,8.5,3.5,11.0,291.58473653547696,,,0.38738772668712174,,26.319363541789418
247540,2021-11-13,,,,,0.0,8.5,3.5,11.0,291.58473653547696,,,0.38738772668712174,,26.319363541789418
247540,2021-11-14,,,,,0.0,8.5,3.5,11.0,291.58473653547696,,,0.38738772668712174,,26.319363541789418
247540,2021-11-15,,,,,0.0,8.5,3.5,11.0,292.3623964465861,,,0.38738772668712174,,26.385003116039197
247540,2021-11-16,,,,,0.0,8.5,3.5,11.0,290.2914315081067,,,0.38738772668712174,,26.21020015280798
247540,2021-11-17,,,,,0.0,8.5,3.5,11.0,289.92880303203697,,,0.38738772668712174,,26.179591941634907
247540,2021-11-18,0.0001,3.0,0.0,0.16,1.0,8.5,3.5,11.0,293.91562015044565,,,0.38738772668712174,,26.516105338462605
247540,2021-11-19,,,,,0.0,8.5,3.5,11.0,283.0409581050701,,,0.38738772668712174,,25.598212855422588
247540,2021-11-20,,,,,0.0,8.5,3.5,11.0,283.0409581050701,,,0.38738772668712174,,25.598212855422588
247540,2021-11-21,,,,,0.0,8.5,3.5,11.0,283.0409581050701,,,0.38738772668712174,,25.598212855422588
247540,2021-11-22,,,,,0.0,8.5,3.5,11.0,279.1568507862419,,,0.38738772668712174,,25.270368836325986
247540,2021-11-23,,,,,0.0,8.5,3.5,11.0,277.08378972940375,,,0.38738772668712174,,25.095388947018627
247540,2021-11-24,,,,,0.0,8.5,3.5,11.0,283.1960708636202,,,0.38738772668712174,,25.61130538505731
247540,2021-11-25,,,,,0.0,8.5,3.5,11.0,277.60153096402354,,,0.38738772668712174,,25.13908968782643
247540,2021-11-26,,,,,0.0,8.5,3.5,11.0,279.3622703854028,,,0.38738772668712174,,25.28770759178819
247540,2021-11-27,,,,,0.0,8.5,3.5,11.0,279.3622703854028,,,0.38738772668712174,,25.28770759178819
247540,2021-11-28,,,,,0.0,8.5,3.5,11.0,279.3622703854028,,,0.38738772668712174,,25.28770759178819
247540,2021-11-29,,,,,0.0,8.5,3.5,11.0,271.3362331896158,,,0.38738772668712174,,24.610257646229165
247540,2021-11-30,0.019,3.0,0.0,0.1429,1.0,8.5,3.5,11.0,281.43533144224097,,,0.38738772668712174,,25.46268748109555
247540,2021-12-01,,,,,0.0,8.5,3.5,12.0,268.17528670456835,,,0.38738772668712174,,24.343453123402575
247540,2021-12-02,0.0,3.0,0.0,0.2093,1.0,8.5,3.5,12.0,258.23339732885205,,,0.38738772668712174,,23.504292744247053
247540,2021-12-03,0.0186,3.0,0.0,0.0833,1.0,8.5,3.5,12.0,273.4596010870648,,,0.38738772668712174,,24.789483761364004
247540,2021-12-04,,,,,0.0,8.5,3.5,12.0,273.4596010870648,,,0.38738772668712174,,24.789483761364004
247540,2021-12-05,0.9758,6.0,0.0,0.3617,1.0,8.5,3.5,12.0,273.4596010870648,,,0.38738772668712174,,24.789483761364004
247540,2021-12-06,0.9998,6.0,0.0,0.1333,1.0,8.5,3.5,12.0,261.0799260600818,,,0.38738772668712174,,23.744558355651904
247540,2021-12-07,,,,,0.0,8.5,3.5,12.0,260.14924950878134,,,0.38738772668712174,,23.666003177843542
247540,2021-12-08,0.9998,6.0,0.0,0.3333,1.0,8.5,3.5,12.0,277.08378972940375,,,0.38738772668712174,,25.095388947018627
247540,2021-12-09,0.9997,6.0,0.0,0.2667,1.0,8.5,3.5,12.0,282.31570115293056,,,0.38738772668712174,,25.536996433076432
247540,2021-12-10,,,,,0.0,8.5,3.5,12.0,268.9529466156775,,,0.38738772668712174,,24.409092697652348
247540,2021-12-11,,,,,0.0,8.5,3.5,12.0,268.9529466156775,,,0.38738772668712174,,24.409092697652348
247540,2021-12-12,,,,,0.0,8.5,3.5,12.0,268.9529466156775,,,0.38738772668712174,,24.409092697652348
247540,2021-12-13,0.5695,5.0,0.4285,0.2335,2.0,8.5,3.5,12.0,265.94920900753885,,,0.38738772668712174,,24.15555763053663
247540,2021-12-14,,,,,0.0,8.5,3.5,12.0,263.6707283515398,,,0.38738772668712174,,23.963238985767067
247540,2021-12-15,,,,,0.0,8.5,3.5,12.0,265.48177461352986,,,0.38738772668712174,,24.116103115556307
247540,2021-12-16,,,,,0.0,8.5,3.5,12.0,265.27635501436896,,,0.38738772668712174,,24.0987643600941
247540,2021-12-17,,,,,0.0,8.5,3.5,12.0,263.5659224336006,,,0.38738772668712174,,23.95439268195982
247540,2021-12-18,,,,,0.0,8.5,3.5,12.0,263.5659224336006,,,0.38738772668712174,,23.95439268195982
247540,2021-12-19,,,,,0.0,8.5,3.5,12.0,263.5659224336006,,,0.38738772668712174,,23.95439268195982
247540,2021-12-20,0.0002,3.0,0.0,0.0526,1.0,8.5,3.5,12.0,259.5791053151919,,,0.38738772668712174,,23.617879285132116
247540,2021-12-21,0.9042,6.0,0.0,0.1154,1.0,8.5,3.5,12.0,262.99787435836987,,,0.38738772668712174,,23.906445715324537
247540,2021-12-22,,,,,0.0,8.5,3.5,12.0,262.84066548146103,,,0.38738772668712174,,23.893176259613664
247540,2021-12-23,,,,,0.0,8.5,3.5,12.0,263.36050283443967,,,0.38738772668712174,,23.93705392649761
247540,2021-12-24,,,,,0.0,8.5,3.5,12.0,259.9920406318725,,,0.38738772668712174,,23.65273372213267
247540,2021-12-25,,,,,0.0,8.5,3.5,12.0,259.9920406318725,,,0.38738772668712174,,23.65273372213267
247540,2021-12-26,0.9721,6.0,0.0,0.3256,1.0,8.5,3.5,12.0,259.9920406318725,,,0.38738772668712174,,23.65273372213267
247540,2021-12-27,,,,,0.0,8.5,3.5,12.0,257.40333445877326,,,0.38738772668712174,,23.43423001809365
247540,2021-12-28,0.0,3.0,0.0,0.2979,1.0,8.5,3.5,12.0,271.2838302306462,,,0.38738772668712174,,24.60583449432554
247540,2021-12-29,,,,,0.0,8.5,3.5,12.0,260.61458778443154,,,0.38738772668712174,,23.705280766747727
247540,2021-12-30,,,,,0.0,8.5,3.5,12.0,259.3715895976722,,,0.38738772668712174,,23.600363603593763
247540,2021-12-31,0.0,3.0,0.0,0.2,1.0,8.5,3.5,12.0,259.3715895976722,,,0.38738772668712174,,23.600363603593763
247540,2022-01-01,,,,,0.0,8.5,3.5,13.0,259.3715895976722,,,0.38738772668712174,,23.600363603593763
247540,2022-01-02,,,,,0.0,8.5,3.5,13.0,259.3715895976722,,,0.38738772668712174,,23.600363603593763
247540,2022-01-03,,,,,0.0,8.5,3.5,13.0,248.5996373518771,,,0.38738772668712174,,22.691140498284845
247540,2022-01-04,0.4999,4.0,0.4999,0.1489,2.0,8.5,3.5,13.0,246.00883506041907,,,0.38738772668712174,,22.472459868169683
247540,2022-01-05,,,,,0.0,8.5,3.5,13.0,241.08924527235115,,,0.38738772668712174,,22.057214367457476
247540,2022-01-06,,,,,0.0,8.5,3.5,13.0,234.3565131039344,,,0.38738772668712174,,21.488927810879886
247540,2022-01-07,,,,,0.0,8.5,3.5,13.0,233.47614339324477,,,0.38738772668712174,,21.414618858899004
247540,2022-01-08,,,,,0.0,8.5,3.5,13.0,233.47614339324477,,,0.38738772668712174,,21.414618858899004
247540,2022-01-09,,,,,0.0,8.5,3.5,13.0,233.47614339324477,,,0.38738772668712174,,21.414618858899004
247540,2022-01-10,,,,,0.0,8.5,3.5,13.0,226.275976830819,,,0.38738772668712174,,20.806877787341087
247540,2022-01-11,,,,,0.0,8.5,3.5,13.0,219.85556629786115,,,0.38738772668712174,,20.26495321610909
247540,2022-01-12,,,,,0.0,8.5,3.5,13.0,230.47240578510616,,,0.38738772668712174,,21.161083791783284
247540,2022-01-13,,,,,0.0,8.5,3.5,13.0,229.4872301564773,,,0.38738772668712174,,21.077928535995156
247540,2022-01-14,,,,,0.0,8.5,3.5,13.0,224.25741485130922,,,0.38738772668712174,,20.636497976013494
247540,2022-01-15,,,,,0.0,8.5,3.5,13.0,224.25741485130922,,,0.38738772668712174,,20.636497976013494
247540,2022-01-16,,,,,0.0,8.5,3.5,13.0,224.25741485130922,,,0.38738772668712174,,20.636497976013494
247540,2022-01-17,,,,,0.0,8.5,3.5,13.0,225.34530027951854,,,0.38738772668712174,,20.72832260953273
247540,2022-01-18,-0.9966,6.0,0.0,0.3095,1.0,8.5,3.5,13.0,227.00123378295854,,,0.38738772668712174,,20.86809420968724
247540,2022-01-19,-0.0138,3.0,0.9853,0.2254,2.0,8.5,3.5,13.0,223.68727065771978,,,0.38738772668712174,,20.588374083302067
247540,2022-01-20,0.9965,6.0,0.0,0.9556,1.0,8.5,3.5,13.0,235.6519142496634,,,0.38738772668712174,,21.598268125937466
247540,2022-01-21,-0.8503,8.0,0.3656,0.2296,7.0,8.5,3.5,13.0,224.67035016798982,,,0.38738772668712174,,20.671352413014052
247540,2022-01-22,,,,,0.0,8.5,3.5,13.0,224.67035016798982,,,0.38738772668712174,,20.671352413014052
247540,2022-01-23,-0.9997,6.0,0.0,0.32,1.0,8.5,3.5,13.0,224.67035016798982,,,0.38738772668712174,,20.671352413014052
247540,2022-01-24,-0.6685,9.0,0.468,0.2996,12.0,8.5,3.5,13.0,207.37318147129767,,,0.38738772668712174,,19.21135843266589
247540,2022-01-25,-0.0983,3.0,0.9013,0.2865,2.0,8.5,3.5,13.0,210.42932203840593,,,0.38738772668712174,,19.469316651685237
247540,2022-01-26,-0.9993,7.0,0.0004,0.4253,4.0,8.5,3.5,13.0,170.13563882748574,,,0.38738772668712174,,16.068266689950782
247540,2022-01-27,-0.621,5.0,0.3787,0.3111,2.0,8.5,3.5,13.0,168.89264064072634,,,0.38738772668712174,,15.963349526796828
247540,2022-01-28,-0.9997,6.0,0.0,0.4687,2.0,8.5,3.5,13.0,170.0308329095465,,,0.38738772668712174,,16.059420386143536
247540,2022-01-29,,,,,0.0,8.5,3.5,13.0,170.0308329095465,,,0.38738772668712174,,16.059420386143536
247540,2022-01-30,,,,,0.0,8.5,3.5,13.0,170.0308329095465,,,0.38738772668712174,,16.059420386143536
247540,2022-01-31,,,,,0.0,8.5,3.5,13.0,170.0308329095465,,,0.38738772668712174,,16.059420386143536
247540,2022-02-01,,,,,0.0,8.5,3.5,14.0,170.0308329095465,,,0.38738772668712174,,16.059420386143536
247540,2022-02-02,,,,,0.0,8.5,3.5,14.0,170.0308329095465,,,0.38738772668712174,,16.059420386143536
247540,2022-02-03,0.0001,3.0,0.9997,0.2205,2.0,8.5,3.5,14.0,175.5729698501735,,,0.38738772668712174,,16.527212931470796
247540,2022-02-04,-0.4995,4.0,0.4995,0.2982,2.0,8.5,3.5,14.0,175.7804855676932,,,0.38738772668712174,,16.544728613009145
247540,2022-02-05,,,,,0.0,8.5,3.5,14.0,175.7804855676932,,,0.38738772668712174,,16.544728613009145
247540,2022-02-06,,,,,0.0,8.5,3.5,14.0,175.7804855676932,,,0.38738772668712174,,16.544728613009145
247540,2022-02-07,-0.9997,6.0,0.0,0.3061,1.0,8.5,3.5,14.0,168.63272196423702,,,0.38738772668712174,,15.941410693354854
247540,2022-02-08,-0.9998,6.0,0.0,0.52,1.0,8.5,3.5,14.0,166.92438550182743,,,0.38738772668712174,,15.797215941296715
247540,2022-02-09,-0.9978,6.0,0.0,0.1471,1.0,8.5,3.5,14.0,172.10179784802588,,,0.38738772668712174,,16.23422334937475
247540,2022-02-10,,,,,0.0,8.5,3.5,14.0,165.21395292105902,,,0.38738772668712174,,15.652844263162432
247540,2022-02-11,0.2253,4.0,0.2252,0.3428,2.0,8.5,3.5,14.0,172.46442632409565,,,0.38738772668712174,,16.26483156054783
247540,2022-02-12,,,,,0.0,8.5,3.5,14.0,172.46442632409565,,,0.38738772668712174,,16.26483156054783
247540,2022-02-13,,,,,0.0,8.5,3.5,14.0,172.46442632409565,,,0.38738772668712174,,16.26483156054783
247540,2022-02-14,-0.3499,5.0,0.9177,0.1421,3.0,8.5,3.5,14.0,171.1187183377558,,,0.38738772668712174,,16.151245019662767
247540,2022-02-15,0.0062,3.0,0.0,0.3019,1.0,8.5,3.5,14.0,171.42894385485596,,,0.38738772668712174,,16.17743007893222
247540,2022-02-16,,,,,0.0,8.5,3.5,14.0,177.43851518949197,,,0.38738772668712174,,16.684677139239803
247540,2022-02-17,-0.0647,3.0,0.0647,0.1613,2.0,8.5,3.5,14.0,181.47773526687027,,,0.38738772668712174,,17.02561368797113
247540,2022-02-18,-0.2608,4.0,0.2613,0.0761,2.0,8.5,3.5,14.0,180.12993116217166,,,0.38738772668712174,,16.911850221009924
247540,2022-02-19,,,,,0.0,8.5,3.5,14.0,180.12993116217166,,,0.38738772668712174,,16.911850221009924
247540,2022-02-20,,,,,0.0,8.5,3.5,14.0,180.12993116217166,,,0.38738772668712174,,16.911850221009924
247540,2022-02-21,,,,,0.0,8.5,3.5,14.0,177.9562564241118,,,0.38738772668712174,,16.728377880047606
247540,2022-02-22,-0.9992,6.0,0.0003,0.1667,2.0,8.5,3.5,14.0,180.12993116217166,,,0.38738772668712174,,16.911850221009924
247540,2022-02-23,,,,,0.0,8.5,3.5,14.0,178.9393359343819,,,0.38738772668712174,,16.81135620975959
247540,2022-02-24,,,,,0.0,8.5,3.5,14.0,168.63272196423702,,,0.38738772668712174,,15.941410693354854
247540,2022-02-25,,,,,0.0,8.5,3.5,14.0,186.44972801390782,,,0.38738772668712174,,17.44528234058696
247540,2022-02-26,,,,,0.0,8.5,3.5,14.0,186.44972801390782,,,0.38738772668712174,,17.44528234058696
247540,2022-02-27,,,,,0.0,8.5,3.5,14.0,186.44972801390782,,,0.38738772668712174,,17.44528234058696
247540,2022-02-28,-0.9932,6.0,0.0,0.1455,1.0,8.5,3.5,14.0,194.32065245114475,,,0.38738772668712174,,18.10963975651126
247540,2022-03-01,0.0995,3.0,0.0,0.2075,1.0,8.5,3.5,15.0,194.32065245114475,,,0.38738772668712174,,18.10963975651126
247540,2022-03-02,0.9986,6.0,0.0012,0.2873,2.0,8.5,3.5,15.0,203.7992996695696,,,0.38738772668712174,,18.909699472838746
247540,2022-03-03,,,,,0.0,8.5,3.5,15.0,203.28155843494974,,,0.38738772668712174,,18.865998732030942
247540,2022-03-04,,,,,0.0,8.5,3.5,15.0,200.32812766742197,,,0.38738772668712174,,18.6167098907427
247540,2022-03-05,,,,,0.0,8.5,3.5,15.0,200.32812766742197,,,0.38738772668712174,,18.6167098907427
247540,2022-03-06,,,,,0.0,8.5,3.5,15.0,200.32812766742197,,,0.38738772668712174,,18.6167098907427
247540,2022-03-07,-0.9988,6.0,0.0,0.1538,1.0,8.5,3.5,15.0,197.53190577680306,,,0.38738772668712174,,18.380690505165333
247540,2022-03-08,0.3522,5.0,0.4585,0.288,3.0,8.5,3.5,15.0,180.38984983866098,,,0.38738772668712174,,16.9337890544519
247540,2022-03-09,,,,,0.0,8.5,3.5,15.0,180.38984983866098,,,0.38738772668712174,,16.9337890544519
247540,2022-03-10,,,,,0.0,8.5,3.5,15.0,186.08709953783804,,,0.38738772668712174,,17.414674129413886
247540,2022-03-11,,,,,0.0,8.5,3.5,15.0,177.0758867134222,,,0.38738772668712174,,16.654068928066724
247540,2022-03-12,,,,,0.0,8.5,3.5,15.0,177.0758867134222,,,0.38738772668712174,,16.654068928066724
247540,2022-03-13,,,,,0.0,8.5,3.5,15.0,177.0758867134222,,,0.38738772668712174,,16.654068928066724
247540,2022-03-14,-0.9995,6.0,0.0,0.4074,1.0,8.5,3.5,15.0,166.97469234243826,,,0.38738772668712174,,15.801462167124196
247540,2022-03-15,,,,,0.0,8.5,3.5,15.0,169.09806023988725,,,0.38738772668712174,,15.980688282259033
247540,2022-03-16,,,,,0.0,8.5,3.5,15.0,175.7804855676932,,,0.38738772668712174,,16.544728613009145
247540,2022-03-17,0.9997,6.0,0.0,0.2453,1.0,8.5,3.5,15.0,185.5693583032182,,,0.38738772668712174,,17.37097338860608
247540,2022-03-18,,,,,0.0,8.5,3.5,15.0,187.74303304127804,,,0.38738772668712174,,17.554445729568396
247540,2022-03-19,,,,,0.0,8.5,3.5,15.0,187.74303304127804,,,0.38738772668712174,,17.554445729568396
247540,2022-03-20,,,,,0.0,8.5,3.5,15.0,187.74303304127804,,,0.38738772668712174,,17.554445729568396
247540,2022-03-21,-0.981,6.0,0.0,0.1739,1.0,8.5,3.5,15.0,187.84783895921728,,,0.38738772668712174,,17.563292033375646
247540,2022-03-22,,,,,0.0,8.5,3.5,15.0,187.6927262006672,,,0.38738772668712174,,17.55019950374092
247540,2022-03-23,,,,,0.0,8.5,3.5,15.0,202.60870444177982,,,0.38738772668712174,,18.809205461588412
247540,2022-03-24,,,,,0.0,8.5,3.5,15.0,198.10204997039253,,,0.38738772668712174,,18.42881439787676
247540,2022-03-25,,,,,0.0,8.5,3.5,15.0,199.44985407509114,,,0.38738772668712174,,18.542577864837966
247540,2022-03-26,,,,,0.0,8.5,3.5,15.0,199.44985407509114,,,0.38738772668712174,,18.542577864837966
247540,2022-03-27,,,,,0.0,8.5,3.5,15.0,199.44985407509114,,,0.38738772668712174,,18.542577864837966
247540,2022-03-28,,,,,0.0,8.5,3.5,15.0,193.95802397507498,,,0.38738772668712174,,18.079031545338186
247540,2022-03-29,0.0679,3.0,0.9291,0.165,2.0,8.5,3.5,15.0,198.61979120501235,,,0.38738772668712174,,18.472515138684564
247540,2022-03-30,0.001,3.0,0.0,0.1224,1.0,8.5,3.5,15.0,201.21059349647038,,,0.38738772668712174,,18.691195768799727
247540,2022-03-31,,,,,0.0,8.5,3.5,15.0,205.97507052598823,,,0.38738772668712174,,19.093348739877207
247540,2022-04-01,,,,,0.0,7.0,5.0,4.0,96.44739526685741,15.82092786509259,0.16403685989982558,0.7380879008729293,1.3917960274584276,8.454713810637761
247540,2022-04-02,,,,,0.0,7.0,5.0,4.0,96.44739526685741,15.82092786509259,0.16403685989982558,0.7380879008729293,1.3917960274584276,8.454713810637761
247540,2022-04-03,,,,,0.0,7.0,5.0,4.0,96.44739526685741,15.82092786509259,0.16403685989982558,0.7380879008729293,1.3917960274584276,8.454713810637761
247540,2022-04-04,,,,,0.0,7.0,5.0,4.0,96.05234859206368,15.75612564904556,0.16403685989982558,0.7380879008729293,1.3917960274584276,8.426777727432222
247540,2022-04-05,0.9991,6.0,0.0004,0.3697,2.0,7.0,5.0,4.0,102.52611346786077,16.8180617110011,0.16403685989982558,0.7380879008729293,1.3917960274584276,8.884575870696684
247540,2022-04-06,0.5328,5.0,0.467,0.318,2.0,7.0,5.0,4.0,104.72637342873728,17.178985445946594,0.16403685989982558,0.7380879008729293,1.3917960274584276,9.040169245512352
247540,2022-04-07,0.8246,7.0,0.3686,0.3324,6.0,7.0,5.0,4.0,106.28255729197538,17.434256960298953,0.16403685989982558,0.7380879008729293,1.3917960274584276,9.150216196063797
247540,2022-04-08,0.9945,8.0,0.011,0.4469,6.0,7.0,4.0,4.0,115.77167843233731,18.990822595372975,0.16403685989982558,0.7380879008729293,1.3917960274584276,9.821247987087006
247540,2022-04-09,,,,,0.0,7.0,4.0,4.0,115.77167843233731,18.990822595372975,0.16403685989982558,0.7380879008729293,1.3917960274584276,9.821247987087006
247540,2022-04-10,,,,,0.0,7.0,4.0,4.0,115.77167843233731,18.990822595372975,0.16403685989982558,0.7380879008729293,1.3917960274584276,9.821247987087006
247540,2022-04-11,,,,,0.0,7.0,4.0,4.0,112.93034272831451,18.524738808563814,0.16403685989982558,0.7380879008729293,1.3917960274584276,9.620320360790954
247540,2022-04-12,-0.9997,6.0,0.0,0.449,1.0,7.0,5.0,4.0,109.56994569715768,17.97350983155615,0.16403685989982558,0.7380879008729293,1.3917960274584276,9.382686842890662
247540,2022-04-13,,,,,0.0,7.0,4.0,4.0,114.75855873217009,18.82463362105489,0.16403685989982558,0.7380879008729293,1.3917960274584276,9.749604310410518
247540,2022-04-14,,,,,0.0,7.0,4.0,4.0,113.37439519314596,18.597579780525543,0.16403685989982558,0.7380879008729293,1.3917960274584276,9.651721932799207
247540,2022-04-15,,,,,0.0,7.0,4.0,4.0,113.30038644900739,18.58543961853192,0.16403685989982558,0.7380879008729293,1.3917960274584276,9.646488337464499
247540,2022-04-16,,,,,0.0,7.0,4.0,4.0,113.30038644900739,18.58543961853192,0.16403685989982558,0.7380879008729293,1.3917960274584276,9.646488337464499
247540,2022-04-17,,,,,0.0,7.0,4.0,4.0,113.30038644900739,18.58543961853192,0.16403685989982558,0.7380879008729293,1.3917960274584276,9.646488337464499
247540,2022-04-18,,,,,0.0,7.0,4.0,4.0,115.40163471164445,18.930121785404868,0.16403685989982558,0.7380879008729293,1.3917960274584276,9.79508001041346
247540,2022-04-19,0.6586,6.0,0.4658,0.3392,3.0,7.0,4.0,4.0,118.61401425452414,19.45707043842529,0.16403685989982558,0.7380879008729293,1.3917960274584276,10.022246337644336
247540,2022-04-20,0.093,3.0,0.9056,0.3271,2.0,7.0,4.0,4.0,117.40287115787802,19.258398327962112,0.16403685989982558,0.7380879008729293,1.3917960274584276,9.93659925723444
247540,2022-04-21,,,,,0.0,7.0,4.0,4.0,117.25485366960088,19.23411800397487,0.16403685989982558,0.7380879008729293,1.3917960274584276,9.926132066565023
247540,2022-04-22,,,,,0.0,7.0,4.0,4.0,117.05683027312199,19.201634867829775,0.16403685989982558,0.7380879008729293,1.3917960274584276,9.912128662831611
247540,2022-04-23,,,,,0.0,7.0,4.0,4.0,117.05683027312199,19.201634867829775,0.16403685989982558,0.7380879008729293,1.3917960274584276,9.912128662831611
247540,2022-04-24,,,,,0.0,7.0,4.0,4.0,117.05683027312199,19.201634867829775,0.16403685989982558,0.7380879008729293,1.3917960274584276,9.912128662831611
247540,2022-04-25,,,,,0.0,7.0,4.0,4.0,112.48529014531904,18.451733780358932,0.16403685989982558,0.7380879008729293,1.3917960274584276,9.588848064521422
247540,2022-04-26,0.9659,6.0,0.0,0.1667,1.0,7.0,4.0,4.0,111.37315874691238,18.2693032379683,0.16403685989982558,0.7380879008729293,1.3917960274584276,9.51020268597823
247540,2022-04-27,0.0,4.0,0.9998,0.2659,4.0,7.0,4.0,4.0,111.15113251449665,18.232882751987436,0.16403685989982558,0.7380879008729293,1.3917960274584276,9.494501899974102
247540,2022-04-28,,,,,0.0,7.0,4.0,4.0,111.57118214339127,18.301786374113394,0.16403685989982558,0.7380879008729293,1.3917960274584276,9.524206089711639
247540,2022-04-29,,,,,0.0,7.0,4.0,4.0,117.72390908853319,19.311060382015523,0.16403685989982558,0.7380879008729293,1.3917960274584276,9.95930174510527
247540,2022-04-30,,,,,0.0,7.0,4.0,4.0,117.72390908853319,19.311060382015523,0.16403685989982558,0.7380879008729293,1.3917960274584276,9.95930174510527
247540,2022-05-01,,,,,0.0,7.0,4.0,5.0,117.72390908853319,19.311060382015523,0.16403685989982558,0.7380879008729293,1.3917960274584276,9.95930174510527
247540,2022-05-02,,,,,0.0,7.0,4.0,5.0,121.08530623785407,19.862453415266344,0.16403685989982558,0.7380879008729293,1.3917960274584276,10.197005987266843
247540,2022-05-03,0.8874,7.0,0.1909,0.3183,4.0,7.0,4.0,5.0,126.27391927286646,20.713577204765084,0.16403685989982558,0.7380879008729293,1.3917960274584276,10.5639234547867
247540,2022-05-04,0.9992,7.0,0.001,0.4283,3.0,7.0,4.0,5.0,128.52318502378068,21.08253969562527,0.16403685989982558,0.7380879008729293,1.3917960274584276,10.72298231840508
247540,2022-05-05,,,,,0.0,7.0,4.0,5.0,128.52318502378068,21.08253969562527,0.16403685989982558,0.7380879008729293,1.3917960274584276,10.72298231840508
247540,2022-05-06,0.0026,3.0,0.0,0.25,1.0,7.0,4.0,5.0,123.18555438232708,20.206971525896133,0.16403685989982558,0.7380879008729293,1.3917960274584276,10.345526935954526
247540,2022-05-07,0.9998,6.0,0.0,0.4,1.0,7.0,4.0,5.0,123.18555438232708,20.206971525896133,0.16403685989982558,0.7380879008729293,1.3917960274584276,10.345526935954526
247540,2022-05-08,,,,,0.0,7.0,4.0,5.0,123.18555438232708,20.206971525896133,0.16403685989982558,0.7380879008729293,1.3917960274584276,10.345526935954526
247540,2022-05-09,,,,,0.0,7.0,4.0,5.0,120.60224916462526,19.78321424982149,0.16403685989982558,0.7380879008729293,1.3917960274584276,10.162846169068676
247540,2022-05-10,-0.9995,6.0,0.0002,0.459,2.0,7.0,4.0,5.0,119.57512781016156,19.61472848809921,0.16403685989982558,0.7380879008729293,1.3917960274584276,10.090212352734271
247540,2022-05-11,-0.9996,6.0,0.0,0.1778,1.0,7.0,4.0,5.0,119.44911292149317,19.59405740146142,0.16403685989982558,0.7380879008729293,1.3917960274584276,10.08130109581301
247540,2022-05-12,,,,,0.0,7.0,4.0,5.0,111.85221534748503,18.347886178440522,0.16403685989982558,0.7380879008729293,1.3917960274584276,9.544079607131277
247540,2022-05-13,0.0001,3.0,0.9998,0.5356,2.0,7.0,4.0,5.0,112.70431602324265,18.487662097610325,0.16403685989982558,0.7380879008729293,1.3917960274584276,9.604336677741708
247540,2022-05-14,,,,,0.0,7.0,4.0,5.0,112.70431602324265,18.487662097610325,0.16403685989982558,0.7380879008729293,1.3917960274584276,9.604336677741708
247540,2022-05-15,,,,,0.0,7.0,4.0,5.0,112.70431602324265,18.487662097610325,0.16403685989982558,0.7380879008729293,1.3917960274584276,9.604336677741708
247540,2022-05-16,,,,,0.0,7.0,4.0,5.0,112.70431602324265,18.487662097610325,0.16403685989982558,0.7380879008729293,1.3917960274584276,9.604336677741708
247540,2022-05-17,,,,,0.0,7.0,4.0,5.0,117.71890849771302,19.31024010079974,0.16403685989982558,0.7380879008729293,1.3917960274584276,9.958948123798871
247540,2022-05-18,0.9994,6.0,0.0004,0.4569,2.0,7.0,4.0,5.0,119.32409815098883,19.57355037106679,0.16403685989982558,0.7380879008729293,1.3917960274584276,10.07246056315303
247540,2022-05-19,-0.0094,3.0,0.0,0.0833,1.0,7.0,4.0,5.0,119.04806553771523,19.528270847955447,0.16403685989982558,0.7380879008729293,1.3917960274584276,10.052940667039792
247540,2022-05-20,0.8204,5.0,0.0,0.2245,1.0,7.0,4.0,5.0,123.71161653660938,20.29326510979674,0.16403685989982558,0.7380879008729293,1.3917960274584276,10.382727897387728
247540,2022-05-21,,,,,0.0,7.0,4.0,5.0,123.71161653660938,20.29326510979674,0.16403685989982558,0.7380879008729293,1.3917960274584276,10.382727897387728
247540,2022-05-22,,,,,0.0,7.0,4.0,5.0,123.71161653660938,20.29326510979674,0.16403685989982558,0.7380879008729293,1.3917960274584276,10.382727897387728
247540,2022-05-23,-0.0027,3.0,0.0,0.7021,1.0,7.0,4.0,5.0,124.46370539596353,20.416635404650833,0.16403685989982558,0.7380879008729293,1.3917960274584276,10.435912541870174
247540,2022-05-24,-0.1983,4.0,0.1983,0.1962,2.0,7.0,4.0,5.0,119.9761751939395,19.680515041605183,0.16403685989982558,0.7380879008729293,1.3917960274584276,10.11857278150749
247540,2022-05-25,,,,,0.0,7.0,4.0,5.0,119.09807144591697,19.536473660113298,0.16403685989982558,0.7380879008729293,1.3917960274584276,10.056476880103784
247540,2022-05-26,,,,,0.0,7.0,4.0,5.0,116.79179895965278,19.158159963393157,0.16403685989982558,0.7380879008729293,1.3917960274584276,9.89338673359245
247540,2022-05-27,,,,,0.0,7.0,4.0,5.0,117.11783748112812,19.211642298662355,0.16403685989982558,0.7380879008729293,1.3917960274584276,9.916442842769682
247540,2022-05-28,,,,,0.0,7.0,4.0,5.0,117.11783748112812,19.211642298662355,0.16403685989982558,0.7380879008729293,1.3917960274584276,9.916442842769682
247540,2022-05-29,,,,,0.0,7.0,4.0,5.0,117.11783748112812,19.211642298662355,0.16403685989982558,0.7380879008729293,1.3917960274584276,9.916442842769682
247540,2022-05-30,-0.0041,3.0,0.0,0.1667,1.0,7.0,4.0,5.0,122.65849210988077,20.120513885752374,0.16403685989982558,0.7380879008729293,1.3917960274584276,10.308255250260046
247540,2022-05-31,0.9999,6.0,0.0,0.26,1.0,7.0,4.0,5.0,126.6199601576225,20.770340664897418,0.16403685989982558,0.7380879008729293,1.3917960274584276,10.588394049189528
247540,2022-06-01,,,,,0.0,7.0,4.0,6.0,126.6199601576225,20.770340664897418,0.16403685989982558,0.7380879008729293,1.3917960274584276,10.588394049189528
247540,2022-06-02,0.1031,3.0,0.0,0.2,1.0,7.0,4.0,6.0,126.16890686564281,20.696351299233594,0.16403685989982558,0.7380879008729293,1.3917960274584276,10.556497407352316
247540,2022-06-03,,,,,0.0,7.0,4.0,6.0,124.31368767135831,20.392026968177277,0.16403685989982558,0.7380879008729293,1.3917960274584276,10.425303902678195
247540,2022-06-04,,,,,0.0,7.0,4.0,6.0,124.31368767135831,20.392026968177277,0.16403685989982558,0.7380879008729293,1.3917960274584276,10.425303902678195
247540,2022-06-05,,,,,0.0,7.0,4.0,6.0,124.31368767135831,20.392026968177277,0.16403685989982558,0.7380879008729293,1.3917960274584276,10.425303902678195
247540,2022-06-06,,,,,0.0,7.0,4.0,6.0,124.31368767135831,20.392026968177277,0.16403685989982558,0.7380879008729293,1.3917960274584276,10.425303902678195
247540,2022-06-07,,,,,0.0,7.0,4.0,6.0,120.62825223689018,19.787479712143575,0.16403685989982558,0.7380879008729293,1.3917960274584276,10.164684999861953
247540,2022-06-08,,,,,0.0,7.0,4.0,6.0,121.73138257182053,19.968433748345795,0.16403685989982558,0.7380879008729293,1.3917960274584276,10.242693860053626
247540,2022-06-09,,,,,0.0,7.0,4.0,6.0,126.06889504923934,20.67994567491789,0.16403685989982558,0.7380879008729293,1.3917960274584276,10.54942498122433
247540,2022-06-10,,,,,0.0,7.0,4.0,6.0,128.35016458140265,21.054157965559103,0.16403685989982558,0.7380879008729293,1.3917960274584276,10.710747021203668
247540,2022-06-11,,,,,0.0,7.0,4.0,6.0,128.35016458140265,21.054157965559103,0.16403685989982558,0.7380879008729293,1.3917960274584276,10.710747021203668
247540,2022-06-12,,,,,0.0,7.0,4.0,6.0,128.35016458140265,21.054157965559103,0.16403685989982558,0.7380879008729293,1.3917960274584276,10.710747021203668
247540,2022-06-13,,,,,0.0,7.0,4.0,6.0,128.25015276499917,21.0377523412434,0.16403685989982558,0.7380879008729293,1.3917960274584276,10.70367459507568
247540,2022-06-14,,,,,0.0,7.0,4.0,6.0,134.3678755743999,22.04128438063503,0.16403685989982558,0.7380879008729293,1.3917960274584276,11.136294901324518
247540,2022-06-15,0.0,3.0,0.0,0.1333,1.0,7.0,4.0,6.0,128.42517344370526,21.06646218379588,0.16403685989982558,0.7380879008729293,1.3917960274584276,10.716051340799655
247540,2022-06-16,0.0,3.0,0.0,0.3462,1.0,7.0,4.0,6.0,130.8824637727387,21.469548373232737,0.16403685989982558,0.7380879008729293,1.3917960274584276,10.889820850764245
247540,2022-06-17,0.1964,4.0,0.0,0.2381,1.0,7.0,4.0,6.0,130.30639571025466,21.37505197717428,0.16403685989982558,0.7380879008729293,1.3917960274584276,10.849083676267052
247540,2022-06-18,,,,,0.0,7.0,4.0,6.0,130.30639571025466,21.37505197717428,0.16403685989982558,0.7380879008729293,1.3917960274584276,10.849083676267052
247540,2022-06-19,0.8904,6.0,0.0,0.0889,1.0,7.0,4.0,6.0,130.30639571025466,21.37505197717428,0.16403685989982558,0.7380879008729293,1.3917960274584276,10.849083676267052
247540,2022-06-20,,,,,0.0,7.0,4.0,6.0,130.10537195928367,21.342076672299715,0.16403685989982558,0.7380879008729293,1.3917960274584276,10.834868099749801
247540,2022-06-21,,,,,0.0,7.0,4.0,6.0,131.13349343191143,21.510726490265153,0.16403685989982558,0.7380879008729293,1.3917960274584276,10.907572640345487
247540,2022-06-22,-0.0782,3.0,0.0,0.2444,1.0,7.0,4.0,6.0,130.8824637727387,21.469548373232737,0.16403685989982558,0.7380879008729293,1.3917960274584276,10.889820850764245
247540,2022-06-23,-0.3929,4.0,0.3929,0.2564,2.0,7.0,4.0,6.0,118.14595895375587,19.380292116627796,0.16403685989982558,0.7380879008729293,1.3917960274584276,9.989147383365367
247540,2022-06-24,,,,,0.0,7.0,4.0,6.0,124.71473505513626,20.457813521683253,0.16403685989982558,0.7380879008729293,1.3917960274584276,10.453664331451415
247540,2022-06-25,,,,,0.0,7.0,4.0,6.0,124.71473505513626,20.457813521683253,0.16403685989982558,0.7380879008729293,1.3917960274584276,10.453664331451415
247540,2022-06-26,,,,,0.0,7.0,4.0,6.0,124.71473505513626,20.457813521683253,0.16403685989982558,0.7380879008729293,1.3917960274584276,10.453664331451415
247540,2022-06-27,0.4999,5.0,0.4999,0.3056,4.0,7.0,4.0,6.0,135.91605849232573,22.295243445042132,0.16403685989982558,0.7380879008729293,1.3917960274584276,11.245776057785724
247540,2022-06-28,,,,,0.0,7.0,4.0,6.0,127.91511318004753,20.98279349978579,0.16403685989982558,0.7380879008729293,1.3917960274584276,10.679981967546933
247540,2022-06-29,,,,,0.0,7.0,4.0,6.0,121.4143451138215,19.91642791926501,0.16403685989982558,0.7380879008729293,1.3917960274584276,10.220274269227914
247540,2022-06-30,,,,,0.0,7.0,4.0,6.0,113.51341161794679,18.620383598324374,0.16403685989982558,0.7380879008729293,1.3917960274584276,9.661552605117107
247540,2022-07-01,,,,,0.0,7.0,5.0,7.0,108.6128326141764,17.81650800685486,0.16403685989982558,0.7380879008729293,1.3917960274584276,9.315003724845846
247540,2022-07-02,,,,,0.0,7.0,5.0,7.0,108.6128326141764,17.81650800685486,0.16403685989982558,0.7380879008729293,1.3917960274584276,9.315003724845846
247540,2022-07-03,,,,,0.0,7.0,5.0,7.0,108.6128326141764,17.81650800685486,0.16403685989982558,0.7380879008729293,1.3917960274584276,9.315003724845846
247540,2022-07-04,,,,,0.0,7.0,4.0,7.0,111.81321073908768,18.3414879849574,0.16403685989982558,0.7380879008729293,1.3917960274584276,9.541321360941362
247540,2022-07-05,,,,,0.0,7.0,4.0,7.0,120.41422694978672,19.752371676107966,0.16403685989982558,0.7380879008729293,1.3917960274584276,10.149550007948065
247540,2022-07-06,0.0,3.0,0.0,0.12,1.0,7.0,4.0,7.0,115.01358886399895,18.866467963059936,0.16403685989982558,0.7380879008729293,1.3917960274584276,9.76763899703688
247540,2022-07-07,,,,,0.0,7.0,4.0,7.0,116.41375429364764,19.096146703479796,0.16403685989982558,0.7380879008729293,1.3917960274584276,9.866652962828669
247540,2022-07-08,,,,,0.0,7.0,4.0,7.0,118.91404970373458,19.506287311372404,0.16403685989982558,0.7380879008729293,1.3917960274584276,10.04346361602829
247540,2022-07-09,,,,,0.0,7.0,4.0,7.0,118.91404970373458,19.506287311372404,0.16403685989982558,0.7380879008729293,1.3917960274584276,10.04346361602829
247540,2022-07-10,,,,,0.0,7.0,4.0,7.0,118.91404970373458,19.506287311372404,0.16403685989982558,0.7380879008729293,1.3917960274584276,10.04346361602829
247540,2022-07-11,,,,,0.0,7.0,4.0,7.0,114.61354159838504,18.80084546579712,0.16403685989982558,0.7380879008729293,1.3917960274584276,9.73934929252494
247540,2022-07-12,0.9998,6.0,0.0,0.2708,1.0,7.0,4.0,7.0,110.91310439145639,18.19383736611606,0.16403685989982558,0.7380879008729293,1.3917960274584276,9.4776695257895
247540,2022-07-13,0.9998,6.0,0.0,0.2889,1.0,7.0,4.0,7.0,120.01417968417282,19.68674917884515,0.16403685989982558,0.7380879008729293,1.3917960274584276,10.121260303436125
247540,2022-07-14,0.589,7.0,0.4711,0.2517,7.0,7.0,4.0,7.0,117.0138251920685,19.194580449374023,0.16403685989982558,0.7380879008729293,1.3917960274584276,9.909087519596579
247540,2022-07-15,-0.413,4.0,0.413,0.2816,2.0,7.0,4.0,7.0,111.51317528987724,18.292271112010287,0.16403685989982558,0.7380879008729293,1.3917960274584276,9.520104082557408
247540,2022-07-16,,,,,0.0,7.0,4.0,7.0,111.51317528987724,18.292271112010287,0.16403685989982558,0.7380879008729293,1.3917960274584276,9.520104082557408
247540,2022-07-17,,,,,0.0,7.0,4.0,7.0,111.51317528987724,18.292271112010287,0.16403685989982558,0.7380879008729293,1.3917960274584276,9.520104082557408
247540,2022-07-18,0.9998,6.0,0.0,0.2791,1.0,7.0,4.0,7.0,109.81297441101813,18.013375498643313,0.16403685989982558,0.7380879008729293,1.3917960274584276,9.399872838381665
247540,2022-07-19,,,,,0.0,7.0,4.0,7.0,110.61306894224595,18.144620493168947,0.16403685989982558,0.7380879008729293,1.3917960274584276,9.456452247405544
247540,2022-07-20,,,,,0.0,7.0,4.0,7.0,109.91298622742161,18.02978112295902,0.16403685989982558,0.7380879008729293,1.3917960274584276,9.40694526450965
247540,2022-07-21,,,,,0.0,7.0,4.0,7.0,115.01358886399895,18.866467963059936,0.16403685989982558,0.7380879008729293,1.3917960274584276,9.76763899703688
247540,2022-07-22,0.8948,8.0,0.2715,0.2169,8.0,7.0,4.0,7.0,117.61389609048936,19.29301419526825,0.16403685989982558,0.7380879008729293,1.3917960274584276,9.951522076364487
247540,2022-07-23,,,,,0.0,7.0,4.0,7.0,117.61389609048936,19.29301419526825,0.16403685989982558,0.7380879008729293,1.3917960274584276,9.951522076364487
247540,2022-07-24,,,,,0.0,7.0,4.0,7.0,117.61389609048936,19.29301419526825,0.16403685989982558,0.7380879008729293,1.3917960274584276,9.951522076364487
247540,2022-07-25,0.9998,6.0,0.0,0.2766,1.0,7.0,4.0,7.0,118.11395517250675,19.37504231684677,0.16403685989982558,0.7380879008729293,1.3917960274584276,9.986884207004412
247540,2022-07-26,-0.9997,6.0,0.0,0.3478,1.0,7.0,4.0,7.0,117.31386064127894,19.243797322321136,0.16403685989982558,0.7380879008729293,1.3917960274584276,9.930304797980533
247540,2022-07-27,,,,,0.0,7.0,4.0,7.0,117.21384882487546,19.22739169800543,0.16403685989982558,0.7380879008729293,1.3917960274584276,9.923232371852547
247540,2022-07-28,,,,,0.0,7.0,4.0,7.0,118.91404970373458,19.506287311372404,0.16403685989982558,0.7380879008729293,1.3917960274584276,10.04346361602829
247540,2022-07-29,0.0001,3.0,0.0,0.1731,1.0,7.0,4.0,7.0,119.41410878575196,19.588315432950925,0.16403685989982558,0.7380879008729293,1.3917960274584276,10.078825746668215
247540,2022-07-30,,,,,0.0,7.0,4.0,7.0,119.41410878575196,19.588315432950925,0.16403685989982558,0.7380879008729293,1.3917960274584276,10.078825746668215
247540,2022-07-31,,,,,0.0,7.0,4.0,7.0,119.41410878575196,19.588315432950925,0.16403685989982558,0.7380879008729293,1.3917960274584276,10.078825746668215
247540,2022-08-01,,,,,0.0,7.0,4.0,8.0,127.71508954724058,20.94998225115438,0.16403685989982558,0.7380879008729293,1.3917960274584276,10.665837115290962
247540,2022-08-02,0.0,3.0,0.0,0.24,1.0,7.0,4.0,8.0,125.51482958636407,20.589058516208887,0.16403685989982558,0.7380879008729293,1.3917960274584276,10.510243740475294
247540,2022-08-03,-0.6704,5.0,0.0,0.3111,1.0,7.0,4.0,8.0,127.51506591443362,20.917171002522974,0.16403685989982558,0.7380879008729293,1.3917960274584276,10.651692263034994
247540,2022-08-04,0.7913,6.0,0.3611,0.1775,4.0,7.0,4.0,8.0,128.01512499645102,20.999199124101494,0.16403685989982558,0.7380879008729293,1.3917960274584276,10.687054393674916
247540,2022-08-05,0.9998,6.0,0.0,0.407,2.0,7.0,4.0,8.0,124.01465234031191,20.34297415147332,0.16403685989982558,0.7380879008729293,1.3917960274584276,10.404157348555522
247540,2022-08-06,,,,,0.0,7.0,4.0,8.0,124.01465234031191,20.34297415147332,0.16403685989982558,0.7380879008729293,1.3917960274584276,10.404157348555522
247540,2022-08-07,,,,,0.0,7.0,4.0,8.0,124.01465234031191,20.34297415147332,0.16403685989982558,0.7380879008729293,1.3917960274584276,10.404157348555522
247540,2022-08-08,0.9998,6.0,0.0,0.1639,2.0,7.0,4.0,8.0,121.61436874662846,19.94923916789642,0.16403685989982558,0.7380879008729293,1.3917960274584276,10.234419121483883
247540,2022-08-09,,,,,0.0,7.0,4.0,8.0,123.31456962548758,20.228134781263392,0.16403685989982558,0.7380879008729293,1.3917960274584276,10.354650365659626
247540,2022-08-10,,,,,0.0,7.0,4.0,8.0,122.41446327785627,20.080484162422053,0.16403685989982558,0.7380879008729293,1.3917960274584276,10.290998530507762
247540,2022-08-11,,,,,0.0,7.0,4.0,8.0,121.4143451138215,19.91642791926501,0.16403685989982558,0.7380879008729293,1.3917960274584276,10.220274269227914
247540,2022-08-12,-0.0001,3.0,0.0006,0.1721,2.0,7.0,4.0,8.0,118.51400243812066,19.440664814109585,0.16403685989982558,0.7380879008729293,1.3917960274584276,10.015173911516351
247540,2022-08-13,,,,,0.0,7.0,4.0,8.0,118.51400243812066,19.440664814109585,0.16403685989982558,0.7380879008729293,1.3917960274584276,10.015173911516351
247540,2022-08-14,,,,,0.0,7.0,4.0,8.0,118.51400243812066,19.440664814109585,0.16403685989982558,0.7380879008729293,1.3917960274584276,10.015173911516351
247540,2022-08-15,,,,,0.0,7.0,4.0,8.0,118.51400243812066,19.440664814109585,0.16403685989982558,0.7380879008729293,1.3917960274584276,10.015173911516351
247540,2022-08-16,,,,,0.0,7.0,4.0,8.0,118.11395517250675,19.37504231684677,0.16403685989982558,0.7380879008729293,1.3917960274584276,9.986884207004412
247540,2022-08-17,,,,,0.0,7.0,4.0,8.0,119.214085152945,19.555504184319517,0.16403685989982558,0.7380879008729293,1.3917960274584276,10.064680894412245
247540,2022-08-18,0.7184,6.0,0.3979,0.102,3.0,7.0,4.0,8.0,117.71390790689284,19.30941981958395,0.16403685989982558,0.7380879008729293,1.3917960274584276,9.958594502492472
247540,2022-08-19,,,,,0.0,7.0,4.0,8.0,114.01347069996417,18.702411719902894,0.16403685989982558,0.7380879008729293,1.3917960274584276,9.69691473575703
247540,2022-08-20,0.2807,4.0,0.0,0.3721,1.0,7.0,4.0,8.0,114.01347069996417,18.702411719902894,0.16403685989982558,0.7380879008729293,1.3917960274584276,9.69691473575703
247540,2022-08-21,,,,,0.0,7.0,4.0,8.0,114.01347069996417,18.702411719902894,0.16403685989982558,0.7380879008729293,1.3917960274584276,9.69691473575703
247540,2022-08-22,0.7846,5.0,0.0,0.36,1.0,7.0,4.0,8.0,113.0133525359294,18.53835547674585,0.16403685989982558,0.7380879008729293,1.3917960274584276,9.626190474477182
247540,2022-08-23,,,,,0.0,7.0,4.0,8.0,111.51317528987724,18.292271112010287,0.16403685989982558,0.7380879008729293,1.3917960274584276,9.520104082557408
247540,2022-08-24,,,,,0.0,7.0,4.0,8.0,115.31362431320939,18.91568483600705,0.16403685989982558,0.7380879008729293,1.3917960274584276,9.788856275420834
247540,2022-08-25,0.9998,6.0,0.0,0.1087,1.0,7.0,4.0,8.0,116.41375429364764,19.096146703479796,0.16403685989982558,0.7380879008729293,1.3917960274584276,9.866652962828669
247540,2022-08-26,,,,,0.0,7.0,4.0,8.0,114.21349433277113,18.735222968534302,0.16403685989982558,0.7380879008729293,1.3917960274584276,9.711059588013
247540,2022-08-27,,,,,0.0,7.0,4.0,8.0,114.21349433277113,18.735222968534302,0.16403685989982558,0.7380879008729293,1.3917960274584276,9.711059588013
247540,2022-08-28,0.012,3.0,0.0,0.1702,1.0,7.0,4.0,8.0,114.21349433277113,18.735222968534302,0.16403685989982558,0.7380879008729293,1.3917960274584276,9.711059588013
247540,2022-08-29,-0.8829,6.0,0.0,0.2041,1.0,7.0,4.0,8.0,111.91322255549116,18.357893609273102,0.16403685989982558,0.7380879008729293,1.3917960274584276,9.548393787069347
247540,2022-08-30,,,,,0.0,7.0,4.0,8.0,112.1132461882981,18.390704857904513,0.16403685989982558,0.7380879008729293,1.3917960274584276,9.562538639325318
247540,2022-08-31,,,,,0.0,7.0,4.0,8.0,112.21325800470159,18.407110482220215,0.16403685989982558,0.7380879008729293,1.3917960274584276,9.569611065453302
247540,2022-09-01,,,,,0.0,7.0,5.0,9.0,106.61259628610685,17.488395520540777,0.16403685989982558,0.7380879008729293,1.3917960274584276,9.173555202286147
247540,2022-09-02,,,,,0.0,7.0,5.0,9.0,106.11253720408946,17.406367398962253,0.16403685989982558,0.7380879008729293,1.3917960274584276,9.138193071646223
247540,2022-09-03,,,,,0.0,7.0,5.0,9.0,106.11253720408946,17.406367398962253,0.16403685989982558,0.7380879008729293,1.3917960274584276,9.138193071646223
247540,2022-09-04,,,,,0.0,7.0,5.0,9.0,106.11253720408946,17.406367398962253,0.16403685989982558,0.7380879008729293,1.3917960274584276,9.138193071646223
247540,2022-09-05,,,,,0.0,7.0,5.0,9.0,102.9121590791782,16.881387420859717,0.16403685989982558,0.7380879008729293,1.3917960274584276,8.911875435550707
247540,2022-09-06,0.6666,6.0,0.4713,0.1709,3.0,7.0,5.0,9.0,103.81226542680949,17.029038039701057,0.16403685989982558,0.7380879008729293,1.3917960274584276,8.97552727070257
247540,2022-09-07,0.9998,6.0,0.0,0.75,1.0,7.0,5.0,9.0,104.31232450882688,17.111066161279577,0.16403685989982558,0.7380879008729293,1.3917960274584276,9.010889401342496
247540,2022-09-08,,,,,0.0,7.0,5.0,9.0,108.01276171575554,17.718074260960634,0.16403685989982558,0.7380879008729293,1.3917960274584276,9.272569168077936
247540,2022-09-09,,,,,0.0,7.0,5.0,9.0,108.01276171575554,17.718074260960634,0.16403685989982558,0.7380879008729293,1.3917960274584276,9.272569168077936
247540,2022-09-10,,,,,0.0,7.0,5.0,9.0,108.01276171575554,17.718074260960634,0.16403685989982558,0.7380879008729293,1.3917960274584276,9.272569168077936
247540,2022-09-11,,,,,0.0,7.0,5.0,9.0,108.01276171575554,17.718074260960634,0.16403685989982558,0.7380879008729293,1.3917960274584276,9.272569168077936
247540,2022-09-12,,,,,0.0,7.0,5.0,9.0,108.01276171575554,17.718074260960634,0.16403685989982558,0.7380879008729293,1.3917960274584276,9.272569168077936
247540,2022-09-13,,,,,0.0,7.0,5.0,9.0,108.41280898136945,17.783696758223453,0.16403685989982558,0.7380879008729293,1.3917960274584276,9.300858872589876
247540,2022-09-14,,,,,0.0,7.0,5.0,9.0,107.01264355172077,17.554018017803592,0.16403685989982558,0.7380879008729293,1.3917960274584276,9.201844906798089
247540,2022-09-15,,,,,0.0,7.0,5.0,9.0,103.61224179400253,16.996226791069645,0.16403685989982558,0.7380879008729293,1.3917960274584276,8.9613824184466
247540,2022-09-16,,,,,0.0,7.0,5.0,9.0,99.71178095426691,16.35640744275718,0.16403685989982558,0.7380879008729293,1.3917960274584276,8.68555779945519
247540,2022-09-17,,,,,0.0,7.0,5.0,9.0,99.71178095426691,16.35640744275718,0.16403685989982558,0.7380879008729293,1.3917960274584276,8.68555779945519
247540,2022-09-18,,,,,0.0,7.0,5.0,9.0,99.71178095426691,16.35640744275718,0.16403685989982558,0.7380879008729293,1.3917960274584276,8.68555779945519
247540,2022-09-19,,,,,0.0,7.0,5.0,9.0,100.01181640347735,16.40562431570429,0.16403685989982558,0.7380879008729293,1.3917960274584276,8.706775077839145
247540,2022-09-20,0.0823,3.0,0.0,0.3265,1.0,7.0,5.0,9.0,102.0120527315469,16.733736802018377,0.16403685989982558,0.7380879008729293,1.3917960274584276,8.848223600398843
247540,2022-09-21,,,,,0.0,7.0,5.0,9.0,104.01228905961645,17.061849288332464,0.16403685989982558,0.7380879008729293,1.3917960274584276,8.98967212295854
247540,2022-09-22,,,,,0.0,7.0,5.0,9.0,107.91274989935206,17.701668636644932,0.16403685989982558,0.7380879008729293,1.3917960274584276,9.265496741949951
247540,2022-09-23,,,,,0.0,7.0,5.0,9.0,101.11194638391561,16.586086183177038,0.16403685989982558,0.7380879008729293,1.3917960274584276,8.784571765246978
247540,2022-09-24,,,,,0.0,7.0,5.0,9.0,101.11194638391561,16.586086183177038,0.16403685989982558,0.7380879008729293,1.3917960274584276,8.784571765246978
247540,2022-09-25,,,,,0.0,7.0,5.0,9.0,101.11194638391561,16.586086183177038,0.16403685989982558,0.7380879008729293,1.3917960274584276,8.784571765246978
247540,2022-09-26,-0.6454,6.0,0.4571,0.4804,3.0,7.0,5.0,9.0,92.31090654040959,15.142391243395062,0.16403685989982558,0.7380879008729293,1.3917960274584276,8.162198265984307
247540,2022-09-27,0.0008,3.0,0.0,0.1429,1.0,7.0,5.0,9.0,95.11123739970697,15.601748724234781,0.16403685989982558,0.7380879008729293,1.3917960274584276,8.360226197567885
247540,2022-09-28,,,,,0.0,7.0,5.0,9.0,92.11088290760264,15.109579994763653,0.16403685989982558,0.7380879008729293,1.3917960274584276,8.148053413728336
247540,2022-09-29,,,,,0.0,7.0,5.0,9.0,90.81072929435743,14.896306878659498,0.16403685989982558,0.7380879008729293,1.3917960274584276,8.056111874064532
247540,2022-09-30,,,,,0.0,7.0,5.0,9.0,88.11041025146355,14.453355022135481,0.16403685989982558,0.7380879008729293,1.3917960274584276,7.865156368608941
247540,2022-10-01,,,,,0.0,7.0,5.0,10.0,88.11041025146355,14.453355022135481,0.16403685989982558,0.7380879008729293,1.3917960274584276,7.865156368608941
247540,2022-10-02,,,,,0.0,7.0,5.0,10.0,88.11041025146355,14.453355022135481,0.16403685989982558,0.7380879008729293,1.3917960274584276,7.865156368608941
247540,2022-10-03,,,,,0.0,7.0,5.0,10.0,88.11041025146355,14.453355022135481,0.16403685989982558,0.7380879008729293,1.3917960274584276,7.865156368608941
247540,2022-10-04,,,,,0.0,7.0,5.0,10.0,92.41091835681307,15.158796867710766,0.16403685989982558,0.7380879008729293,1.3917960274584276,8.169270692112292
247540,2022-10-05,-0.9994,6.0,0.0,0.2273,1.0,7.0,5.0,10.0,91.4108001927783,14.994740624553723,0.16403685989982558,0.7380879008729293,1.3917960274584276,8.098546430832442
247540,2022-10-06,,,,,0.0,7.0,5.0,10.0,96.71142646216259,15.864238713286051,0.16403685989982558,0.7380879008729293,1.3917960274584276,8.473385015615643
247540,2022-10-07,,,,,0.0,7.0,5.0,10.0,97.01146191137303,15.913455586233164,0.16403685989982558,0.7380879008729293,1.3917960274584276,8.494602293999597
247540,2022-10-08,,,,,0.0,7.0,5.0,10.0,97.01146191137303,15.913455586233164,0.16403685989982558,0.7380879008729293,1.3917960274584276,8.494602293999597
247540,2022-10-09,,,,,0.0,7.0,5.0,10.0,97.01146191137303,15.913455586233164,0.16403685989982558,0.7380879008729293,1.3917960274584276,8.494602293999597
247540,2022-10-10,,,,,0.0,7.0,5.0,10.0,97.01146191137303,15.913455586233164,0.16403685989982558,0.7380879008729293,1.3917960274584276,8.494602293999597
247540,2022-10-11,0.008,3.0,0.0,0.1818,1.0,7.0,5.0,10.0,98.41162734102171,16.143134326653023,0.16403685989982558,0.7380879008729293,1.3917960274584276,8.593616259791386
247540,2022-10-12,,,,,0.0,7.0,5.0,10.0,99.51175732145997,16.32359619412577,0.16403685989982558,0.7380879008729293,1.3917960274584276,8.671412947199219
247540,2022-10-13,,,,,0.0,7.0,5.0,10.0,104.71237177444078,17.176688658542393,0.16403685989982558,0.7380879008729293,1.3917960274584276,9.039179105854435
247540,2022-10-14,0.0,3.0,0.0,0.0476,1.0,7.0,5.0,10.0,104.81238359084426,17.193094282858098,0.16403685989982558,0.7380879008729293,1.3917960274584276,9.046251531982419
247540,2022-10-15,,,,,0.0,7.0,5.0,10.0,104.81238359084426,17.193094282858098,0.16403685989982558,0.7380879008729293,1.3917960274584276,9.046251531982419
247540,2022-10-16,,,,,0.0,7.0,5.0,10.0,104.81238359084426,17.193094282858098,0.16403685989982558,0.7380879008729293,1.3917960274584276,9.046251531982419
247540,2022-10-17,0.9998,6.0,0.0,0.3043,1.0,7.0,5.0,10.0,109.11289169619378,17.89853612843338,0.16403685989982558,0.7380879008729293,1.3917960274584276,9.350365855485771
247540,2022-10-18,0.9999,6.0,0.0,0.2308,1.0,7.0,5.0,10.0,104.81238359084426,17.193094282858098,0.16403685989982558,0.7380879008729293,1.3917960274584276,9.046251531982419
247540,2022-10-19,0.2107,5.0,0.7315,0.3303,5.0,7.0,5.0,10.0,106.21254902049294,17.42277302327796,0.16403685989982558,0.7380879008729293,1.3917960274584276,9.145265497774208
247540,2022-10-20,,,,,0.0,7.0,5.0,10.0,102.0120527315469,16.733736802018377,0.16403685989982558,0.7380879008729293,1.3917960274584276,8.848223600398843
247540,2022-10-21,0.9998,8.0,0.0001,0.2523,7.0,7.0,5.0,10.0,106.4125726532999,17.455584271909366,0.16403685989982558,0.7380879008729293,1.3917960274584276,9.159410350030178
247540,2022-10-22,,,,,0.0,7.0,5.0,10.0,106.4125726532999,17.455584271909366,0.16403685989982558,0.7380879008729293,1.3917960274584276,9.159410350030178
247540,2022-10-23,0.9998,6.0,0.0,0.6591,1.0,7.0,5.0,10.0,106.4125726532999,17.455584271909366,0.16403685989982558,0.7380879008729293,1.3917960274584276,9.159410350030178
247540,2022-10-24,,,,,0.0,7.0,5.0,10.0,107.01264355172077,17.554018017803592,0.16403685989982558,0.7380879008729293,1.3917960274584276,9.201844906798089
247540,2022-10-25,,,,,0.0,7.0,5.0,10.0,103.51222997759906,16.979821166753943,0.16403685989982558,0.7380879008729293,1.3917960274584276,8.954309992318617
247540,2022-10-26,0.0732,3.0,0.0,0.3333,1.0,7.0,5.0,10.0,103.3122063447921,16.947009918122532,0.16403685989982558,0.7380879008729293,1.3917960274584276,8.940165140062646
247540,2022-10-27,,,,,0.0,7.0,4.0,10.0,110.91310439145639,18.19383736611606,0.16403685989982558,0.7380879008729293,1.3917960274584276,9.4776695257895
247540,2022-10-28,,,,,0.0,7.0,4.0,10.0,114.4135179655781,18.76803421716571,0.16403685989982558,0.7380879008729293,1.3917960274584276,9.725204440268971
247540,2022-10-29,,,,,0.0,7.0,4.0,10.0,114.4135179655781,18.76803421716571,0.16403685989982558,0.7380879008729293,1.3917960274584276,9.725204440268971
247540,2022-10-30,,,,,0.0,7.0,4.0,10.0,114.4135179655781,18.76803421716571,0.16403685989982558,0.7380879008729293,1.3917960274584276,9.725204440268971
247540,2022-10-31,0.0136,3.0,0.0,0.3158,1.0,7.0,4.0,10.0,115.11360068040243,18.88287358737564,0.16403685989982558,0.7380879008729293,1.3917960274584276,9.774711423164865
247540,2022-11-01,0.9998,6.0,0.0,0.122,1.0,7.0,4.0,11.0,115.51364794601633,18.948496084638457,0.16403685989982558,0.7380879008729293,1.3917960274584276,9.803001127676804
247540,2022-11-02,0.9998,6.0,0.0001,0.2583,2.0,7.0,4.0,11.0,109.71296259461465,17.996969874327608,0.16403685989982558,0.7380879008729293,1.3917960274584276,9.39280041225368
247540,2022-11-03,,,,,0.0,7.0,4.0,11.0,111.61318710628072,18.30867673632599,0.16403685989982558,0.7380879008729293,1.3917960274584276,9.527176508685393
247540,2022-11-04,,,,,0.0,7.0,4.0,11.0,110.01299804382509,18.04618674727472,0.16403685989982558,0.7380879008729293,1.3917960274584276,9.414017690637634
247540,2022-11-05,,,,,0.0,7.0,4.0,11.0,110.01299804382509,18.04618674727472,0.16403685989982558,0.7380879008729293,1.3917960274584276,9.414017690637634
247540,2022-11-06,0.4277,4.0,0.4277,0.0904,2.0,7.0,4.0,11.0,110.01299804382509,18.04618674727472,0.16403685989982558,0.7380879008729293,1.3917960274584276,9.414017690637634
247540,2022-11-07,,,,,0.0,7.0,5.0,11.0,108.71284443057988,17.832913631170566,0.16403685989982558,0.7380879008729293,1.3917960274584276,9.32207615097383
247540,2022-11-08,-0.0,3.0,0.0,0.0732,1.0,7.0,5.0,11.0,108.81285624698336,17.84931925548627,0.16403685989982558,0.7380879008729293,1.3917960274584276,9.329148577101815
247540,2022-11-09,,,,,0.0,7.0,5.0,11.0,109.11289169619378,17.89853612843338,0.16403685989982558,0.7380879008729293,1.3917960274584276,9.350365855485771
247540,2022-11-10,,,,,0.0,7.0,5.0,11.0,106.91263173531729,17.537612393487887,0.16403685989982558,0.7380879008729293,1.3917960274584276,9.194772480670101
247540,2022-11-11,,,,,0.0,7.0,4.0,11.0,110.61306894224595,18.144620493168947,0.16403685989982558,0.7380879008729293,1.3917960274584276,9.456452247405544
247540,2022-11-12,,,,,0.0,7.0,4.0,11.0,110.61306894224595,18.144620493168947,0.16403685989982558,0.7380879008729293,1.3917960274584276,9.456452247405544
247540,2022-11-13,,,,,0.0,7.0,4.0,11.0,110.61306894224595,18.144620493168947,0.16403685989982558,0.7380879008729293,1.3917960274584276,9.456452247405544
247540,2022-11-14,,,,,0.0,7.0,4.0,11.0,115.7136715788233,18.981307333269868,0.16403685989982558,0.7380879008729293,1.3917960274584276,9.817145979932773
247540,2022-11-15,0.0207,3.0,0.0206,0.161,2.0,7.0,4.0,11.0,116.61377792645459,19.128957952111204,0.16403685989982558,0.7380879008729293,1.3917960274584276,9.88079781508464
247540,2022-11-16,,,,,0.0,7.0,4.0,11.0,112.51329345391201,18.45632735516733,0.16403685989982558,0.7380879008729293,1.3917960274584276,9.590828343837257
247540,2022-11-17,,,,,0.0,7.0,4.0,11.0,110.8130925750529,18.177431741800355,0.16403685989982558,0.7380879008729293,1.3917960274584276,9.470597099661513
247540,2022-11-18,,,,,0.0,7.0,5.0,11.0,109.31291532900075,17.931347377064792,0.16403685989982558,0.7380879008729293,1.3917960274584276,9.36451070774174
247540,2022-11-19,,,,,0.0,7.0,5.0,11.0,109.31291532900075,17.931347377064792,0.16403685989982558,0.7380879008729293,1.3917960274584276,9.36451070774174
247540,2022-11-20,,,,,0.0,7.0,5.0,11.0,109.31291532900075,17.931347377064792,0.16403685989982558,0.7380879008729293,1.3917960274584276,9.36451070774174
247540,2022-11-21,0.0007,3.0,0.0004,0.2338,2.0,7.0,5.0,11.0,105.41245448926513,17.291528028752325,0.16403685989982558,0.7380879008729293,1.3917960274584276,9.088686088750329
247540,2022-11-22,,,,,0.0,7.0,5.0,11.0,102.51211181356429,16.8157649235969,0.16403685989982558,0.7380879008729293,1.3917960274584276,8.883585731038767
247540,2022-11-23,,,,,0.0,7.0,5.0,11.0,105.31244267286165,17.27512240443662,0.16403685989982558,0.7380879008729293,1.3917960274584276,9.081613662622344
247540,2022-11-24,,,,,0.0,7.0,5.0,11.0,108.81285624698336,17.84931925548627,0.16403685989982558,0.7380879008729293,1.3917960274584276,9.329148577101815
247540,2022-11-25,0.3092,4.0,0.0,0.475,1.0,7.0,4.0,11.0,113.41339980154332,18.603977974008668,0.16403685989982558,0.7380879008729293,1.3917960274584276,9.654480178989122
247540,2022-11-26,,,,,0.0,7.0,4.0,11.0,113.41339980154332,18.603977974008668,0.16403685989982558,0.7380879008729293,1.3917960274584276,9.654480178989122
247540,2022-11-27,,,,,0.0,7.0,4.0,11.0,113.41339980154332,18.603977974008668,0.16403685989982558,0.7380879008729293,1.3917960274584276,9.654480178989122
247540,2022-11-28,,,,,0.0,7.0,5.0,11.0,109.5129389618077,17.9641586256962,0.16403685989982558,0.7380879008729293,1.3917960274584276,9.37865555999771
247540,2022-11-29,,,,,0.0,7.0,4.0,11.0,110.51305712584248,18.12821486885324,0.16403685989982558,0.7380879008729293,1.3917960274584276,9.44937982127756
247540,2022-11-30,,,,,0.0,7.0,4.0,11.0,113.81344706715723,18.669600471271483,0.16403685989982558,0.7380879008729293,1.3917960274584276,9.682769883501061
247540,2022-12-01,0.0353,3.0,0.0353,0.1333,2.0,7.0,4.0,12.0,115.11360068040243,18.88287358737564,0.16403685989982558,0.7380879008729293,1.3917960274584276,9.774711423164865
247540,2022-12-02,0.9998,6.0,0.0,0.2292,1.0,7.0,4.0,12.0,109.91298622742161,18.02978112295902,0.16403685989982558,0.7380879008729293,1.3917960274584276,9.40694526450965
247540,2022-12-03,,,,,0.0,7.0,4.0,12.0,109.91298622742161,18.02978112295902,0.16403685989982558,0.7380879008729293,1.3917960274584276,9.40694526450965
247540,2022-12-04,,,,,0.0,7.0,4.0,12.0,109.91298622742161,18.02978112295902,0.16403685989982558,0.7380879008729293,1.3917960274584276,9.40694526450965
247540,2022-12-05,0.0,3.0,0.0,0.3721,1.0,7.0,5.0,12.0,106.71260810251033,17.50480114485648,0.16403685989982558,0.7380879008729293,1.3917960274584276,9.180627628414133
247540,2022-12-06,,,,,0.0,7.0,5.0,12.0,104.41233632523036,17.127471785595283,0.16403685989982558,0.7380879008729293,1.3917960274584276,9.01796182747048
247540,2022-12-07,,,,,0.0,7.0,5.0,12.0,105.01240722365122,17.225905531489506,0.16403685989982558,0.7380879008729293,1.3917960274584276,9.06039638423839
247540,2022-12-08,0.9998,6.0,0.0,0.1667,1.0,7.0,5.0,12.0,103.51222997759906,16.979821166753943,0.16403685989982558,0.7380879008729293,1.3917960274584276,8.954309992318617
247540,2022-12-09,0.0,3.0,0.0,0.125,1.0,7.0,5.0,12.0,101.01193456751213,16.569680558861336,0.16403685989982558,0.7380879008729293,1.3917960274584276,8.777499339118993
247540,2022-12-10,,,,,0.0,7.0,5.0,12.0,101.01193456751213,16.569680558861336,0.16403685989982558,0.7380879008729293,1.3917960274584276,8.777499339118993
247540,2022-12-11,,,,,0.0,7.0,5.0,12.0,101.01193456751213,16.569680558861336,0.16403685989982558,0.7380879008729293,1.3917960274584276,8.777499339118993
247540,2022-12-12,-0.9996,6.0,0.0,0.5652,1.0,7.0,5.0,12.0,101.41198183312603,16.63530305612415,0.16403685989982558,0.7380879008729293,1.3917960274584276,8.805789043630933
247540,2022-12-13,0.0,3.0,0.0,0.2439,1.0,7.0,5.0,12.0,102.31208818075733,16.78295367496549,0.16403685989982558,0.7380879008729293,1.3917960274584276,8.869440878782797
247540,2022-12-14,0.5016,5.0,0.4982,0.3923,2.0,7.0,5.0,12.0,104.51234814163384,17.143877409910985,0.16403685989982558,0.7380879008729293,1.3917960274584276,9.025034253598465
247540,2022-12-15,,,,,0.0,7.0,5.0,12.0,102.0120527315469,16.733736802018377,0.16403685989982558,0.7380879008729293,1.3917960274584276,8.848223600398843
247540,2022-12-16,,,,,0.0,7.0,5.0,12.0,101.01193456751213,16.569680558861336,0.16403685989982558,0.7380879008729293,1.3917960274584276,8.777499339118993
247540,2022-12-17,,,,,0.0,7.0,5.0,12.0,101.01193456751213,16.569680558861336,0.16403685989982558,0.7380879008729293,1.3917960274584276,8.777499339118993
247540,2022-12-18,,,,,0.0,7.0,5.0,12.0,101.01193456751213,16.569680558861336,0.16403685989982558,0.7380879008729293,1.3917960274584276,8.777499339118993
247540,2022-12-19,0.9998,6.0,0.0,0.2391,1.0,7.0,5.0,12.0,100.2118400362843,16.438435564335702,0.16403685989982558,0.7380879008729293,1.3917960274584276,8.720919930095114
247540,2022-12-20,0.9245,6.0,0.0,0.1458,1.0,7.0,5.0,12.0,99.71178095426691,16.35640744275718,0.16403685989982558,0.7380879008729293,1.3917960274584276,8.68555779945519
247540,2022-12-21,,,,,0.0,7.0,5.0,12.0,99.8117927706704,16.372813067072883,0.16403685989982558,0.7380879008729293,1.3917960274584276,8.692630225583175
247540,2022-12-22,,,,,0.0,7.0,5.0,12.0,101.21195820031907,16.602491807492743,0.16403685989982558,0.7380879008729293,1.3917960274584276,8.791644191374964
247540,2022-12-23,,,,,0.0,7.0,5.0,12.0,97.01146191137303,15.913455586233164,0.16403685989982558,0.7380879008729293,1.3917960274584276,8.494602293999597
247540,2022-12-24,,,,,0.0,7.0,5.0,12.0,97.01146191137303,15.913455586233164,0.16403685989982558,0.7380879008729293,1.3917960274584276,8.494602293999597
247540,2022-12-25,,,,,0.0,7.0,5.0,12.0,97.01146191137303,15.913455586233164,0.16403685989982558,0.7380879008729293,1.3917960274584276,8.494602293999597
247540,2022-12-26,,,,,0.0,7.0,5.0,12.0,97.31149736058346,15.962672459180276,0.16403685989982558,0.7380879008729293,1.3917960274584276,8.515819572383553
247540,2022-12-27,,,,,0.0,7.0,5.0,12.0,97.91156825900433,16.061106205074502,0.16403685989982558,0.7380879008729293,1.3917960274584276,8.55825412915146
247540,2022-12-28,,,,,0.0,7.0,5.0,12.0,92.21089472400612,15.125985619079357,0.16403685989982558,0.7380879008729293,1.3917960274584276,8.155125839856321
247540,2022-12-29,,,,,0.0,7.0,5.0,12.0,92.11088290760264,15.109579994763653,0.16403685989982558,0.7380879008729293,1.3917960274584276,8.148053413728336
247540,2022-12-30,,,,,0.0,7.0,5.0,12.0,92.11088290760264,15.109579994763653,0.16403685989982558,0.7380879008729293,1.3917960274584276,8.148053413728336
247540,2022-12-31,,,,,0.0,7.0,5.0,12.0,92.11088290760264,15.109579994763653,0.16403685989982558,0.7380879008729293,1.3917960274584276,8.148053413728336
247540,2023-01-01,,,,,0.0,7.0,5.0,13.0,92.11088290760264,15.109579994763653,0.16403685989982558,0.7380879008729293,1.3917960274584276,8.148053413728336
247540,2023-01-02,,,,,0.0,7.0,5.0,13.0,93.41103652084784,15.32285311086781,0.16403685989982558,0.7380879008729293,1.3917960274584276,8.239994953392141
247540,2023-01-03,,,,,0.0,7.0,5.0,13.0,93.2110128880409,15.2900418622364,0.16403685989982558,0.7380879008729293,1.3917960274584276,8.22585010113617
247540,2023-01-04,,,,,0.0,7.0,5.0,13.0,94.31114286847914,15.470503729709147,0.16403685989982558,0.7380879008729293,1.3917960274584276,8.303646788544004
247540,2023-01-05,,,,,0.0,7.0,5.0,13.0,92.71095380602351,15.20801374065788,0.16403685989982558,0.7380879008729293,1.3917960274584276,8.190487970496246
247540,2023-01-06,,,,,0.0,7.0,5.0,13.0,94.71119013409304,15.536126226971964,0.16403685989982558,0.7380879008729293,1.3917960274584276,8.331936493055945
247540,2023-01-07,,,,,0.0,7.0,5.0,13.0,94.71119013409304,15.536126226971964,0.16403685989982558,0.7380879008729293,1.3917960274584276,8.331936493055945
247540,2023-01-08,,,,,0.0,7.0,5.0,13.0,94.71119013409304,15.536126226971964,0.16403685989982558,0.7380879008729293,1.3917960274584276,8.331936493055945
247540,2023-01-09,0.9998,6.0,0.0,0.3404,1.0,7.0,5.0,13.0,97.51152099339042,15.995483707811685,0.16403685989982558,0.7380879008729293,1.3917960274584276,8.529964424639521
247540,2023-01-10,0.9998,6.0,0.0,0.2112,2.0,7.0,5.0,13.0,96.51140282935565,15.831427464654642,0.16403685989982558,0.7380879008729293,1.3917960274584276,8.459240163359674
247540,2023-01-11,,,,,0.0,7.0,5.0,13.0,99.91180458707387,16.38921869138859,0.16403685989982558,0.7380879008729293,1.3917960274584276,8.699702651711158
247540,2023-01-12,0.9998,6.0,0.0,0.4706,1.0,7.0,5.0,13.0,100.2118400362843,16.438435564335702,0.16403685989982558,0.7380879008729293,1.3917960274584276,8.720919930095114
247540,2023-01-13,,,,,0.0,7.0,5.0,13.0,99.8117927706704,16.372813067072883,0.16403685989982558,0.7380879008729293,1.3917960274584276,8.692630225583175
247540,2023-01-14,,,,,0.0,7.0,5.0,13.0,99.8117927706704,16.372813067072883,0.16403685989982558,0.7380879008729293,1.3917960274584276,8.692630225583175
247540,2023-01-15,,,,,0.0,7.0,5.0,13.0,99.8117927706704,16.372813067072883,0.16403685989982558,0.7380879008729293,1.3917960274584276,8.692630225583175
247540,2023-01-16,,,,,0.0,7.0,5.0,13.0,100.31185185268778,16.454841188651404,0.16403685989982558,0.7380879008729293,1.3917960274584276,8.727992356223098
247540,2023-01-17,,,,,0.0,7.0,5.0,13.0,99.41174550505649,16.307190569810068,0.16403685989982558,0.7380879008729293,1.3917960274584276,8.664340521071235
247540,2023-01-18,,,,,0.0,7.0,5.0,13.0,98.9116864230391,16.225162448231544,0.16403685989982558,0.7380879008729293,1.3917960274584276,8.62897839043131
247540,2023-01-19,,,,,0.0,7.0,5.0,13.0,97.51152099339042,15.995483707811685,0.16403685989982558,0.7380879008729293,1.3917960274584276,8.529964424639521
247540,2023-01-20,,,,,0.0,7.0,5.0,13.0,99.41174550505649,16.307190569810068,0.16403685989982558,0.7380879008729293,1.3917960274584276,8.664340521071235
247540,2023-01-21,,,,,0.0,7.0,5.0,13.0,99.41174550505649,16.307190569810068,0.16403685989982558,0.7380879008729293,1.3917960274584276,8.664340521071235
247540,2023-01-22,,,,,0.0,7.0,5.0,13.0,99.41174550505649,16.307190569810068,0.16403685989982558,0.7380879008729293,1.3917960274584276,8.664340521071235
247540,2023-01-23,,,,,0.0,7.0,5.0,13.0,99.41174550505649,16.307190569810068,0.16403685989982558,0.7380879008729293,1.3917960274584276,8.664340521071235
247540,2023-01-24,,,,,0.0,7.0,5.0,13.0,99.41174550505649,16.307190569810068,0.16403685989982558,0.7380879008729293,1.3917960274584276,8.664340521071235
247540,2023-01-25,,,,,0.0,7.0,5.0,13.0,101.71201728233646,16.684519929071264,0.16403685989982558,0.7380879008729293,1.3917960274584276,8.827006322014887
247540,2023-01-26,0.9998,6.0,0.0,0.3673,1.0,7.0,5.0,13.0,105.41245448926513,17.291528028752325,0.16403685989982558,0.7380879008729293,1.3917960274584276,9.088686088750329
247540,2023-01-27,0.9998,6.0,0.0,0.3778,1.0,7.0,5.0,13.0,104.31232450882688,17.111066161279577,0.16403685989982558,0.7380879008729293,1.3917960274584276,9.010889401342496
247540,2023-01-28,,,,,0.0,7.0,5.0,13.0,104.31232450882688,17.111066161279577,0.16403685989982558,0.7380879008729293,1.3917960274584276,9.010889401342496
247540,2023-01-29,0.9937,6.0,0.0,0.1875,1.0,7.0,5.0,13.0,104.31232450882688,17.111066161279577,0.16403685989982558,0.7380879008729293,1.3917960274584276,9.010889401342496
247540,2023-01-30,,,,,0.0,7.0,5.0,13.0,103.41221816119558,16.963415542438238,0.16403685989982558,0.7380879008729293,1.3917960274584276,8.94723756619063
247540,2023-01-31,0.9998,6.0,0.0,0.3409,1.0,7.0,5.0,13.0,99.8117927706704,16.372813067072883,0.16403685989982558,0.7380879008729293,1.3917960274584276,8.692630225583175
247540,2023-02-01,0.4005,5.0,0.7989,0.3114,5.0,7.0,5.0,14.0,109.21290351259726,17.914941752749087,0.16403685989982558,0.7380879008729293,1.3917960274584276,9.357438281613755
247540,2023-02-02,0.8985,6.0,0.0,0.2667,1.0,7.0,4.0,14.0,114.01347069996417,18.702411719902894,0.16403685989982558,0.7380879008729293,1.3917960274584276,9.69691473575703
247540,2023-02-03,0.6772,6.0,0.4562,0.2401,3.0,7.0,4.0,14.0,114.11348251636765,18.718817344218596,0.16403685989982558,0.7380879008729293,1.3917960274584276,9.703987161885015
247540,2023-02-04,,,,,0.0,7.0,4.0,14.0,114.11348251636765,18.718817344218596,0.16403685989982558,0.7380879008729293,1.3917960274584276,9.703987161885015
247540,2023-02-05,,,,,0.0,7.0,4.0,14.0,114.11348251636765,18.718817344218596,0.16403685989982558,0.7380879008729293,1.3917960274584276,9.703987161885015
247540,2023-02-06,0.8242,7.0,0.3728,0.3909,6.0,7.0,4.0,14.0,118.71402607092762,19.473476062740996,0.16403685989982558,0.7380879008729293,1.3917960274584276,10.029318763772322
247540,2023-02-07,0.9998,6.0,0.0,0.5502,2.0,7.0,4.0,14.0,121.81439237943542,19.982050416527827,0.16403685989982558,0.7380879008729293,1.3917960274584276,10.248563973739854
247540,2023-02-08,0.0,3.0,0.0,0.2683,1.0,7.0,4.0,14.0,122.01441601224236,20.014861665159238,0.16403685989982558,0.7380879008729293,1.3917960274584276,10.262708825995823
247540,2023-02-09,0.6182,7.0,0.4287,0.2742,7.0,7.0,4.0,14.0,130.7154440393449,21.44215098062551,0.16403685989982558,0.7380879008729293,1.3917960274584276,10.87800989913051
247540,2023-02-10,,,,,0.0,7.0,4.0,14.0,132.71568036741445,21.770263466939596,0.16403685989982558,0.7380879008729293,1.3917960274584276,11.019458421690208
247540,2023-02-11,,,,,0.0,7.0,4.0,14.0,132.71568036741445,21.770263466939596,0.16403685989982558,0.7380879008729293,1.3917960274584276,11.019458421690208
247540,2023-02-12,,,,,0.0,7.0,4.0,14.0,132.71568036741445,21.770263466939596,0.16403685989982558,0.7380879008729293,1.3917960274584276,11.019458421690208
247540,2023-02-13,0.0828,3.0,0.0,0.4375,1.0,7.0,4.0,14.0,139.0164248008335,22.803817798828966,0.16403685989982558,0.7380879008729293,1.3917960274584276,11.465021267753256
247540,2023-02-14,0.0011,3.0,0.0,0.3243,1.0,7.0,4.0,14.0,140.51660204688568,23.049902163564532,0.16403685989982558,0.7380879008729293,1.3917960274584276,11.571107659673029
247540,2023-02-15,0.9998,6.0,0.0,0.3182,1.0,7.0,4.0,14.0,141.11667294530653,23.148335909458755,0.16403685989982558,0.7380879008729293,1.3917960274584276,11.613542216440939
247540,2023-02-16,,,,,0.0,7.0,4.0,14.0,147.5174291951291,24.19829586566383,0.16403685989982558,0.7380879008729293,1.3917960274584276,12.066177488631972
247540,2023-02-17,0.9998,6.0,0.0,0.2368,2.0,7.0,4.0,14.0,146.81734648030476,24.083456495453902,0.16403685989982558,0.7380879008729293,1.3917960274584276,12.016670505736078
247540,2023-02-18,,,,,0.0,7.0,4.0,14.0,146.81734648030476,24.083456495453902,0.16403685989982558,0.7380879008729293,1.3917960274584276,12.016670505736078
247540,2023-02-19,,,,,0.0,7.0,4.0,14.0,146.81734648030476,24.083456495453902,0.16403685989982558,0.7380879008729293,1.3917960274584276,12.016670505736078
247540,2023-02-20,,,,,0.0,7.0,4.0,14.0,147.31740556232214,24.165484617032423,0.16403685989982558,0.7380879008729293,1.3917960274584276,12.052032636376003
247540,2023-02-21,0.3852,4.0,0.3847,0.3767,2.0,7.0,4.0,14.0,160.81900077679157,26.380243899652502,0.16403685989982558,0.7380879008729293,1.3917960274584276,13.006810163653965
247540,2023-02-22,0.0,3.0,0.0,0.2558,1.0,7.0,4.0,14.0,160.51896532758116,26.33102702670539,0.16403685989982558,0.7380879008729293,1.3917960274584276,12.98559288527001
247540,2023-02-23,,,,,0.0,7.0,4.0,14.0,155.21833905819685,25.46152893797306,0.16403685989982558,0.7380879008729293,1.3917960274584276,12.61075430048681
247540,2023-02-24,0.9866,6.0,0.0,0.4167,1.0,7.0,4.0,14.0,159.31882353073942,26.134159534916936,0.16403685989982558,0.7380879008729293,1.3917960274584276,12.90072377173419
247540,2023-02-25,,,,,0.0,7.0,4.0,14.0,159.31882353073942,26.134159534916936,0.16403685989982558,0.7380879008729293,1.3917960274584276,12.90072377173419
247540,2023-02-26,,,,,0.0,7.0,4.0,14.0,159.31882353073942,26.134159534916936,0.16403685989982558,0.7380879008729293,1.3917960274584276,12.90072377173419
247540,2023-02-27,,,,,0.0,7.0,3.33,14.0,166.8197097610002,27.36458135859476,0.16403685989982558,0.7380879008729293,1.3917960274584276,13.431155731333059
247540,2023-02-28,,,,,0.0,7.0,3.33,14.0,166.31965067898284,27.282553237016238,0.16403685989982558,0.7380879008729293,1.3917960274584276,13.395793600693134
247540,2023-03-01,0.0719,3.0,0.0,0.2889,1.0,7.0,3.33,15.0,166.31965067898284,27.282553237016238,0.16403685989982558,0.7380879008729293,1.3917960274584276,13.395793600693134
247540,2023-03-02,0.0008,3.0,0.0,0.3,1.0,7.0,4.0,15.0,159.71887079635334,26.199782032179755,0.16403685989982558,0.7380879008729293,1.3917960274584276,12.929013476246132
247540,2023-03-03,0.9998,6.0,0.0,0.1875,1.0,7.0,3.33,15.0,182.12151767073226,29.874641878897517,0.16403685989982558,0.7380879008729293,1.3917960274584276,14.51323692891475
247540,2023-03-04,,,,,0.0,7.0,3.33,15.0,182.12151767073226,29.874641878897517,0.16403685989982558,0.7380879008729293,1.3917960274584276,14.51323692891475
247540,2023-03-05,,,,,0.0,7.0,3.33,15.0,182.12151767073226,29.874641878897517,0.16403685989982558,0.7380879008729293,1.3917960274584276,14.51323692891475
247540,2023-03-06,0.6874,9.0,0.6087,0.4065,13.0,7.0,3.33,15.0,217.02564159554586,35.60020476507832,0.16403685989982558,0.7380879008729293,1.3917960274584276,16.98151364758148
247540,2023-03-07,0.2149,6.0,0.884,0.6306,6.0,7.0,3.33,15.0,205.52428270914595,33.71355796877232,0.16403685989982558,0.7380879008729293,1.3917960274584276,16.168184642863217
247540,2023-03-08,0.0388,4.0,0.7067,0.3953,4.0,7.0,3.33,15.0,209.02469628326767,34.28775481982197,0.16403685989982558,0.7380879008729293,1.3917960274584276,16.415719557342687
247540,2023-03-09,0.3397,6.0,0.4346,0.1872,7.0,7.0,3.33,15.0,205.02422362712858,33.6315298471938,0.16403685989982558,0.7380879008729293,1.3917960274584276,16.132822512223292
247540,2023-03-10,-0.0442,4.0,0.7493,0.2016,3.0,7.0,3.33,15.0,193.62287655713214,31.76128867520351,0.16403685989982558,0.7380879008729293,1.3917960274584276,15.326565933633015
247540,2023-03-11,0.9883,6.0,0.0,0.2963,1.0,7.0,3.33,15.0,193.62287655713214,31.76128867520351,0.16403685989982558,0.7380879008729293,1.3917960274584276,15.326565933633015
247540,2023-03-12,0.4901,4.0,0.4904,0.2817,2.0,7.0,3.33,15.0,193.62287655713214,31.76128867520351,0.16403685989982558,0.7380879008729293,1.3917960274584276,15.326565933633015
247540,2023-03-13,0.4999,4.0,0.4999,0.2771,2.0,7.0,3.33,15.0,203.02398729905903,33.30341736087971,0.16403685989982558,0.7380879008729293,1.3917960274584276,15.991373989663595
247540,2023-03-14,0.4015,5.0,0.8384,0.4774,3.0,7.0,3.33,15.0,196.523219232833,32.23705178035893,0.16403685989982558,0.7380879008729293,1.3917960274584276,15.531666291344575
247540,2023-03-15,0.1686,6.0,0.6746,0.2983,6.0,7.0,3.33,15.0,214.02528710344154,35.108036035607185,0.16403685989982558,0.7380879008729293,1.3917960274584276,16.769340863741935
247540,2023-03-16,0.4975,4.0,0.4955,0.6019,2.0,7.0,3.33,15.0,216.0255234315111,35.43614852192127,0.16403685989982558,0.7380879008729293,1.3917960274584276,16.91078938630163
247540,2023-03-17,-0.4991,4.0,0.4995,0.409,2.0,7.0,3.33,15.0,200.0236328069547,32.81124863140858,0.16403685989982558,0.7380879008729293,1.3917960274584276,15.779201205824048
247540,2023-03-18,-0.9997,6.0,0.0,0.2075,2.0,7.0,3.33,15.0,200.0236328069547,32.81124863140858,0.16403685989982558,0.7380879008729293,1.3917960274584276,15.779201205824048
247540,2023-03-19,-0.6654,7.0,0.7441,0.6032,6.0,7.0,3.33,15.0,200.0236328069547,32.81124863140858,0.16403685989982558,0.7380879008729293,1.3917960274584276,15.779201205824048
247540,2023-03-20,-0.4321,7.0,0.7557,0.228,9.0,7.0,3.33,15.0,204.0241054630938,33.467473604036755,0.16403685989982558,0.7380879008729293,1.3917960274584276,16.062098250943443
247540,2023-03-21,-0.3292,5.0,0.9397,0.4674,3.0,7.0,3.33,15.0,204.52416454511118,33.54950172561528,0.16403685989982558,0.7380879008729293,1.3917960274584276,16.097460381583367
247540,2023-03-22,0.9031,6.0,0.0964,0.5052,2.0,7.0,3.33,15.0,213.52522802142414,35.02600791402866,0.16403685989982558,0.7380879008729293,1.3917960274584276,16.733978733102006
247540,2023-03-23,-0.5023,6.0,0.8525,0.3119,4.0,7.0,3.33,15.0,235.02776854817176,38.55321714190509,0.16403685989982558,0.7380879008729293,1.3917960274584276,18.254550350618757
247540,2023-03-24,0.0026,6.0,0.6441,0.3327,9.0,7.0,3.33,15.0,233.02753222010222,38.225104655591004,0.16403685989982558,0.7380879008729293,1.3917960274584276,18.11310182805906
247540,2023-03-25,-0.6343,5.0,0.0,0.3061,1.0,7.0,3.33,15.0,233.02753222010222,38.225104655591004,0.16403685989982558,0.7380879008729293,1.3917960274584276,18.11310182805906
247540,2023-03-26,-0.1849,4.0,0.0,0.3261,1.0,7.0,3.33,15.0,233.02753222010222,38.225104655591004,0.16403685989982558,0.7380879008729293,1.3917960274584276,18.11310182805906
247540,2023-03-27,-0.1199,4.0,0.2635,0.4748,5.0,7.0,3.33,15.0,226.0267050718588,37.0767109534917,0.16403685989982558,0.7380879008729293,1.3917960274584276,17.61803199910012
247540,2023-03-28,0.137,5.0,0.3206,0.466,6.0,7.0,3.33,15.0,224.02646874378925,36.748598467177615,0.16403685989982558,0.7380879008729293,1.3917960274584276,17.47658347654042
247540,2023-03-29,0.2269,6.0,0.5084,0.4309,7.0,7.0,3.33,15.0,233.02753222010222,38.225104655591004,0.16403685989982558,0.7380879008729293,1.3917960274584276,18.11310182805906
247540,2023-03-30,-0.1958,6.0,0.7636,0.355,8.0,7.0,3.33,15.0,226.5267641538762,37.15873907507022,0.16403685989982558,0.7380879008729293,1.3917960274584276,17.653394129740043
247540,2023-03-31,0.0019,3.0,0.0109,0.5371,2.0,7.0,3.33,15.0,224.52652782580665,36.83062658875614,0.16403685989982558,0.7380879008729293,1.3917960274584276,17.511945607180344
247540,2023-04-01,,,,,0.0,7.0,5.0,4.0,80.52858188482648,14.75351333514517,0.18320840861504215,2.6062897234426834,1.267257143675002,9.383076498887567
247540,2023-04-02,0.2057,5.0,0.7037,0.2599,4.0,7.0,5.0,4.0,80.52858188482648,14.75351333514517,0.18320840861504215,2.6062897234426834,1.267257143675002,9.383076498887567
247540,2023-04-03,0.7685,6.0,0.4191,0.344,5.0,7.0,5.0,4.0,83.21884631305008,15.246392399793674,0.18320840861504215,2.6062897234426834,1.267257143675002,9.61643674488429
247540,2023-04-04,-0.0009,3.0,0.0011,0.245,2.0,7.0,5.0,4.0,80.52858188482648,14.75351333514517,0.18320840861504215,2.6062897234426834,1.267257143675002,9.383076498887567
247540,2023-04-05,0.0014,3.0,0.0013,0.2627,2.0,7.0,5.0,4.0,84.29495208433953,15.443544025653074,0.18320840861504215,2.6062897234426834,1.267257143675002,9.709780843282978
247540,2023-04-06,0.0001,3.0,0.0,0.2683,1.0,7.0,5.0,4.0,88.77872613137886,16.26500913340058,0.18320840861504215,2.6062897234426834,1.267257143675002,10.098714586610848
247540,2023-04-07,0.0,3.0,0.0,0.2292,1.0,7.0,5.0,4.0,92.36574536901033,16.92218121959858,0.18320840861504215,2.6062897234426834,1.267257143675002,10.409861581273143
247540,2023-04-08,,,,,0.0,7.0,5.0,4.0,92.36574536901033,16.92218121959858,0.18320840861504215,2.6062897234426834,1.267257143675002,10.409861581273143
247540,2023-04-09,,,,,0.0,7.0,5.0,4.0,92.36574536901033,16.92218121959858,0.18320840861504215,2.6062897234426834,1.267257143675002,10.409861581273143
247540,2023-04-10,0.4851,7.0,0.4711,0.334,10.0,7.0,5.0,4.0,104.92031270072047,19.222283521291594,0.18320840861504215,2.6062897234426834,1.267257143675002,11.49887606259118
247540,2023-04-11,0.572,9.0,0.581,0.3589,12.0,7.0,5.0,4.0,105.63771654824677,19.353717938531194,0.18320840861504215,2.6062897234426834,1.267257143675002,11.561105461523638
247540,2023-04-12,-0.1963,8.0,0.6931,0.2749,13.0,7.0,5.0,4.0,99.00173095862856,18.137949579064887,0.18320840861504215,2.6062897234426834,1.267257143675002,10.98548352139839
247540,2023-04-13,-0.7396,6.0,0.3736,0.3355,5.0,7.0,5.0,4.0,96.31146653040494,17.645070514416386,0.18320840861504215,2.6062897234426834,1.267257143675002,10.752123275401669
247540,2023-04-14,-0.9983,6.0,0.0,0.1957,1.0,7.0,5.0,4.0,99.53978384427327,18.236525391994586,0.18320840861504215,2.6062897234426834,1.267257143675002,11.032155570597734
247540,2023-04-15,-0.9963,6.0,0.0,0.3261,1.0,7.0,5.0,4.0,99.53978384427327,18.236525391994586,0.18320840861504215,2.6062897234426834,1.267257143675002,11.032155570597734
247540,2023-04-16,,,,,0.0,7.0,5.0,4.0,99.53978384427327,18.236525391994586,0.18320840861504215,2.6062897234426834,1.267257143675002,11.032155570597734
247540,2023-04-17,0.0001,3.0,0.9997,0.2342,2.0,7.0,5.0,4.0,105.45836558636519,19.320859334221293,0.18320840861504215,2.6062897234426834,1.267257143675002,11.545548111790524
247540,2023-04-18,,,,,0.0,7.0,5.0,4.0,106.17576943389149,19.452293751460893,0.18320840861504215,2.6062897234426834,1.267257143675002,11.607777510722983
247540,2023-04-19,0.0002,3.0,0.0,0.3333,1.0,7.0,5.0,4.0,105.45836558636519,19.320859334221293,0.18320840861504215,2.6062897234426834,1.267257143675002,11.545548111790524
247540,2023-04-20,-0.4587,4.0,0.5161,0.4838,2.0,7.0,5.0,4.0,105.45836558636519,19.320859334221293,0.18320840861504215,2.6062897234426834,1.267257143675002,11.545548111790524
247540,2023-04-21,-0.7379,6.0,0.4262,0.312,4.0,7.0,5.0,4.0,97.74627422545754,17.907939348895585,0.18320840861504215,2.6062897234426834,1.267257143675002,10.876582073266587
247540,2023-04-22,,,,,0.0,7.0,5.0,4.0,97.74627422545754,17.907939348895585,0.18320840861504215,2.6062897234426834,1.267257143675002,10.876582073266587
247540,2023-04-23,,,,,0.0,7.0,5.0,4.0,97.74627422545754,17.907939348895585,0.18320840861504215,2.6062897234426834,1.267257143675002,10.876582073266587
247540,2023-04-24,0.9998,7.0,0.0,0.2077,3.0,7.0,5.0,4.0,97.20822133981281,17.809363535965886,0.18320840861504215,2.6062897234426834,1.267257143675002,10.829910024067242
247540,2023-04-25,,,,,0.0,7.0,5.0,4.0,90.93093767395774,16.65931238511938,0.18320840861504215,2.6062897234426834,1.267257143675002,10.285402783408225
247540,2023-04-26,0.1148,3.0,0.7508,0.2351,2.0,7.0,5.0,4.0,86.98521651256313,15.936423090301577,0.18320840861504215,2.6062897234426834,1.267257143675002,9.9431410892797
247540,2023-04-27,0.6198,7.0,0.5428,0.1152,6.0,7.0,5.0,4.0,96.67016845416809,17.710787723036184,0.18320840861504215,2.6062897234426834,1.267257143675002,10.783237974867898
247540,2023-04-28,-0.4805,4.0,0.4783,0.569,2.0,7.0,5.0,4.0,95.77341364476023,17.546494701486683,0.18320840861504215,2.6062897234426834,1.267257143675002,10.705451226202324
247540,2023-04-29,,,,,0.0,7.0,5.0,4.0,95.77341364476023,17.546494701486683,0.18320840861504215,2.6062897234426834,1.267257143675002,10.705451226202324
247540,2023-04-30,,,,,0.0,7.0,5.0,4.0,95.77341364476023,17.546494701486683,0.18320840861504215,2.6062897234426834,1.267257143675002,10.705451226202324
247540,2023-05-01,,,,,0.0,7.0,5.0,5.0,95.77341364476023,17.546494701486683,0.18320840861504215,2.6062897234426834,1.267257143675002,10.705451226202324
247540,2023-05-02,0.9991,7.0,0.0011,0.3602,3.0,7.0,5.0,5.0,95.77341364476023,17.546494701486683,0.18320840861504215,2.6062897234426834,1.267257143675002,10.705451226202324
247540,2023-05-03,-0.0951,6.0,0.6357,0.2539,11.0,7.0,5.0,5.0,89.49612997890516,16.39644355064018,0.18320840861504215,2.6062897234426834,1.267257143675002,10.160943985543307
247540,2023-05-04,-0.0083,3.0,0.0,0.7021,1.0,7.0,5.0,5.0,89.67548094078673,16.42930215495008,0.18320840861504215,2.6062897234426834,1.267257143675002,10.176501335276422
247540,2023-05-05,-0.2325,5.0,0.4162,0.2668,4.0,7.0,5.0,5.0,89.67548094078673,16.42930215495008,0.18320840861504215,2.6062897234426834,1.267257143675002,10.176501335276422
247540,2023-05-06,,,,,0.0,7.0,5.0,5.0,89.67548094078673,16.42930215495008,0.18320840861504215,2.6062897234426834,1.267257143675002,10.176501335276422
247540,2023-05-07,-0.0024,3.0,0.0,0.3095,1.0,7.0,5.0,5.0,89.67548094078673,16.42930215495008,0.18320840861504215,2.6062897234426834,1.267257143675002,10.176501335276422
247540,2023-05-08,-0.3347,5.0,0.9399,0.3392,3.0,7.0,5.0,5.0,86.80586555068156,15.903564485991676,0.18320840861504215,2.6062897234426834,1.267257143675002,9.927583739546586
247540,2023-05-09,0.0042,3.0,0.0,0.2979,1.0,7.0,5.0,5.0,85.01235593186583,15.574978442892675,0.18320840861504215,2.6062897234426834,1.267257143675002,9.772010242215437
247540,2023-05-10,0.0024,3.0,0.0024,0.1251,2.0,7.0,5.0,5.0,83.03949535116851,15.213533795483773,0.18320840861504215,2.6062897234426834,1.267257143675002,9.600879395151175
247540,2023-05-11,-0.461,8.0,0.8422,0.1976,13.0,7.0,5.0,5.0,79.63182707541861,14.58922031359567,0.18320840861504215,2.6062897234426834,1.267257143675002,9.305289750221993
247540,2023-05-12,-0.9997,6.0,0.0,0.5778,1.0,7.0,5.0,5.0,81.60468765611593,14.950664961004572,0.18320840861504215,2.6062897234426834,1.267257143675002,9.476420597286255
247540,2023-05-13,-0.9995,6.0,0.0,0.3654,1.0,7.0,5.0,5.0,81.60468765611593,14.950664961004572,0.18320840861504215,2.6062897234426834,1.267257143675002,9.476420597286255
247540,2023-05-14,-0.9997,6.0,0.0,0.4231,1.0,7.0,5.0,5.0,81.60468765611593,14.950664961004572,0.18320840861504215,2.6062897234426834,1.267257143675002,9.476420597286255
247540,2023-05-15,-0.8842,8.0,0.1245,0.3536,6.0,7.0,5.0,5.0,80.16987996106333,14.68779612652537,0.18320840861504215,2.6062897234426834,1.267257143675002,9.351961799421337
247540,2023-05-16,-0.4996,6.0,0.7634,0.5937,6.0,7.0,5.0,5.0,82.14274054176065,15.049240773934272,0.18320840861504215,2.6062897234426834,1.267257143675002,9.523092646485601
247540,2023-05-17,-0.9997,6.0,0.0,0.3043,1.0,7.0,5.0,5.0,83.21884631305008,15.246392399793674,0.18320840861504215,2.6062897234426834,1.267257143675002,9.61643674488429
247540,2023-05-18,,,,,0.0,7.0,5.0,5.0,83.03949535116851,15.213533795483773,0.18320840861504215,2.6062897234426834,1.267257143675002,9.600879395151175
247540,2023-05-19,-0.3406,5.0,0.4659,0.1194,3.0,7.0,5.0,5.0,81.24598573235278,14.884947752384772,0.18320840861504215,2.6062897234426834,1.267257143675002,9.445305897820026
247540,2023-05-20,,,,,0.0,7.0,5.0,5.0,81.24598573235278,14.884947752384772,0.18320840861504215,2.6062897234426834,1.267257143675002,9.445305897820026
247540,2023-05-21,0.9986,6.0,0.0,0.25,1.0,7.0,5.0,5.0,81.24598573235278,14.884947752384772,0.18320840861504215,2.6062897234426834,1.267257143675002,9.445305897820026
247540,2023-05-22,0.8673,6.0,0.0,0.7727,1.0,7.0,5.0,5.0,84.83300496998424,15.542119838582774,0.18320840861504215,2.6062897234426834,1.267257143675002,9.756452892482322
247540,2023-05-23,0.6693,6.0,0.4674,0.4738,3.0,7.0,5.0,5.0,87.34391843632628,16.002140298921375,0.18320840861504215,2.6062897234426834,1.267257143675002,9.97425578874593
247540,2023-05-24,0.5394,6.0,0.4119,0.3936,3.0,7.0,5.0,5.0,88.24067324573414,16.166433320470876,0.18320840861504215,2.6062897234426834,1.267257143675002,10.052042537411504
247540,2023-05-25,,,,,0.0,7.0,5.0,5.0,87.34391843632628,16.002140298921375,0.18320840861504215,2.6062897234426834,1.267257143675002,9.97425578874593
247540,2023-05-26,,,,,0.0,7.0,5.0,5.0,85.37105785562896,15.640695651512475,0.18320840861504215,2.6062897234426834,1.267257143675002,9.803124941681666
247540,2023-05-27,,,,,0.0,7.0,5.0,5.0,85.37105785562896,15.640695651512475,0.18320840861504215,2.6062897234426834,1.267257143675002,9.803124941681666
247540,2023-05-28,,,,,0.0,7.0,5.0,5.0,85.37105785562896,15.640695651512475,0.18320840861504215,2.6062897234426834,1.267257143675002,9.803124941681666
247540,2023-05-29,,,,,0.0,7.0,5.0,5.0,85.37105785562896,15.640695651512475,0.18320840861504215,2.6062897234426834,1.267257143675002,9.803124941681666
247540,2023-05-30,,,,,0.0,7.0,5.0,5.0,85.72975977939211,15.706412860132275,0.18320840861504215,2.6062897234426834,1.267257143675002,9.834239641147898
247540,2023-05-31,,,,,0.0,7.0,5.0,5.0,89.31677901702358,16.363584946330278,0.18320840861504215,2.6062897234426834,1.267257143675002,10.145386635810192
247540,2023-06-01,,,,,0.0,7.0,5.0,6.0,89.49612997890516,16.39644355064018,0.18320840861504215,2.6062897234426834,1.267257143675002,10.160943985543307
247540,2023-06-02,,,,,0.0,7.0,5.0,6.0,91.46899055960246,16.75788819804908,0.18320840861504215,2.6062897234426834,1.267257143675002,10.332074832607569
247540,2023-06-03,,,,,0.0,7.0,5.0,6.0,91.46899055960246,16.75788819804908,0.18320840861504215,2.6062897234426834,1.267257143675002,10.332074832607569
247540,2023-06-04,-0.0577,3.0,0.0,0.08,1.0,7.0,5.0,6.0,91.46899055960246,16.75788819804908,0.18320840861504215,2.6062897234426834,1.267257143675002,10.332074832607569
247540,2023-06-05,0.0,3.0,0.0,0.1277,1.0,7.0,5.0,6.0,92.36574536901033,16.92218121959858,0.18320840861504215,2.6062897234426834,1.267257143675002,10.409861581273143
247540,2023-06-06,0.9998,6.0,0.0,0.2093,1.0,7.0,5.0,6.0,92.36574536901033,16.92218121959858,0.18320840861504215,2.6062897234426834,1.267257143675002,10.409861581273143
247540,2023-06-07,,,,,0.0,7.0,5.0,6.0,96.84951941604967,17.743646327346084,0.18320840861504215,2.6062897234426834,1.267257143675002,10.798795324601013
247540,2023-06-08,,,,,0.0,7.0,5.0,6.0,95.95276460664181,17.579353305796584,0.18320840861504215,2.6062897234426834,1.267257143675002,10.72100857593544
247540,2023-06-09,0.0126,3.0,0.0,0.46,1.0,7.0,5.0,6.0,95.77341364476023,17.546494701486683,0.18320840861504215,2.6062897234426834,1.267257143675002,10.705451226202324
247540,2023-06-10,,,,,0.0,7.0,5.0,6.0,95.77341364476023,17.546494701486683,0.18320840861504215,2.6062897234426834,1.267257143675002,10.705451226202324
247540,2023-06-11,,,,,0.0,7.0,5.0,6.0,95.77341364476023,17.546494701486683,0.18320840861504215,2.6062897234426834,1.267257143675002,10.705451226202324
247540,2023-06-12,0.0076,3.0,0.0,0.1538,1.0,7.0,5.0,6.0,96.31146653040494,17.645070514416386,0.18320840861504215,2.6062897234426834,1.267257143675002,10.752123275401669
247540,2023-06-13,0.9998,6.0,0.0,0.2273,1.0,7.0,5.0,6.0,101.51264442497057,18.59797003940349,0.18320840861504215,2.6062897234426834,1.267257143675002,11.203286417661998
247540,2023-06-14,-0.9339,6.0,0.0,0.2,1.0,7.0,5.0,6.0,91.11028863583931,16.69217098942928,0.18320840861504215,2.6062897234426834,1.267257143675002,10.30096013314134
247540,2023-06-15,0.6665,6.0,0.4713,0.4018,3.0,7.0,5.0,6.0,92.72444729277348,16.987898428218383,0.18320840861504215,2.6062897234426834,1.267257143675002,10.440976280739372
247540,2023-06-16,-0.6262,5.0,0.0,0.7234,1.0,7.0,5.0,6.0,95.41471172099708,17.480777492866885,0.18320840861504215,2.6062897234426834,1.267257143675002,10.674336526736095
247540,2023-06-17,,,,,0.0,7.0,5.0,6.0,95.41471172099708,17.480777492866885,0.18320840861504215,2.6062897234426834,1.267257143675002,10.674336526736095
247540,2023-06-18,-0.0244,3.0,0.0,0.5306,1.0,7.0,5.0,6.0,95.41471172099708,17.480777492866885,0.18320840861504215,2.6062897234426834,1.267257143675002,10.674336526736095
247540,2023-06-19,,,,,0.0,7.0,5.0,6.0,95.77341364476023,17.546494701486683,0.18320840861504215,2.6062897234426834,1.267257143675002,10.705451226202324
247540,2023-06-20,,,,,0.0,7.0,5.0,6.0,93.97990402594449,17.21790865838768,0.18320840861504215,2.6062897234426834,1.267257143675002,10.549877728871177
247540,2023-06-21,0.9875,6.0,0.0,0.3137,1.0,7.0,5.0,6.0,93.80055306406292,17.185050054077784,0.18320840861504215,2.6062897234426834,1.267257143675002,10.534320379138062
247540,2023-06-22,,,,,0.0,7.0,5.0,6.0,95.05600979723394,17.415060284247083,0.18320840861504215,2.6062897234426834,1.267257143675002,10.643221827269866
247540,2023-06-23,,,,,0.0,7.0,5.0,6.0,94.33860594970764,17.283625867007483,0.18320840861504215,2.6062897234426834,1.267257143675002,10.580992428337407
247540,2023-06-24,,,,,0.0,7.0,5.0,6.0,94.33860594970764,17.283625867007483,0.18320840861504215,2.6062897234426834,1.267257143675002,10.580992428337407
247540,2023-06-25,,,,,0.0,7.0,5.0,6.0,94.33860594970764,17.283625867007483,0.18320840861504215,2.6062897234426834,1.267257143675002,10.580992428337407
247540,2023-06-26,,,,,0.0,7.0,5.0,6.0,93.80055306406292,17.185050054077784,0.18320840861504215,2.6062897234426834,1.267257143675002,10.534320379138062
247540,2023-06-27,-0.9451,6.0,0.0547,0.5271,2.0,7.0,5.0,6.0,91.28963959772089,16.72502959373918,0.18320840861504215,2.6062897234426834,1.267257143675002,10.316517482874454
247540,2023-06-28,,,,,0.0,7.0,5.0,6.0,87.1645674744447,15.969281694611476,0.18320840861504215,2.6062897234426834,1.267257143675002,9.958698439012815
247540,2023-06-29,0.999,6.0,0.0,0.2093,1.0,7.0,5.0,6.0,86.44716362691841,15.837847277371877,0.18320840861504215,2.6062897234426834,1.267257143675002,9.896469040080357
247540,2023-06-30,0.0001,3.0,0.0,0.0385,1.0,7.0,5.0,6.0,89.31677901702358,16.363584946330278,0.18320840861504215,2.6062897234426834,1.267257143675002,10.145386635810192
247540,2023-07-01,,,,,0.0,7.0,5.0,7.0,89.31677901702358,16.363584946330278,0.18320840861504215,2.6062897234426834,1.267257143675002,10.145386635810192
247540,2023-07-02,,,,,0.0,7.0,5.0,7.0,89.31677901702358,16.363584946330278,0.18320840861504215,2.6062897234426834,1.267257143675002,10.145386635810192
247540,2023-07-03,0.7499,6.0,0.4329,0.3505,4.0,7.0,5.0,7.0,94.51795691158921,17.316484471317384,0.18320840861504215,2.6062897234426834,1.267257143675002,10.596549778070521
247540,2023-07-04,0.287,5.0,0.5043,0.5444,3.0,7.0,5.0,7.0,98.46367807298383,18.03937376613519,0.18320840861504215,2.6062897234426834,1.267257143675002,10.938811472199045
247540,2023-07-05,0.2493,5.0,0.3225,0.2887,4.0,7.0,5.0,7.0,100.97459153932586,18.49939422647379,0.18320840861504215,2.6062897234426834,1.267257143675002,11.156614368462654
247540,2023-07-06,0.9998,6.0,0.0,0.1364,1.0,7.0,5.0,7.0,98.6430290348654,18.072232370445086,0.18320840861504215,2.6062897234426834,1.267257143675002,10.95436882193216
247540,2023-07-07,0.1717,4.0,0.0,0.2037,1.0,7.0,5.0,7.0,100.43653865368114,18.400818413544087,0.18320840861504215,2.6062897234426834,1.267257143675002,11.109942319263308
247540,2023-07-08,-0.9978,6.0,0.0,0.26,1.0,7.0,5.0,7.0,100.43653865368114,18.400818413544087,0.18320840861504215,2.6062897234426834,1.267257143675002,11.109942319263308
247540,2023-07-09,-0.0037,3.0,0.0,0.3774,1.0,7.0,5.0,7.0,100.43653865368114,18.400818413544087,0.18320840861504215,2.6062897234426834,1.267257143675002,11.109942319263308
247540,2023-07-10,0.7038,7.0,0.4484,0.3618,7.0,7.0,5.0,7.0,102.23004827249687,18.72940445664309,0.18320840861504215,2.6062897234426834,1.267257143675002,11.265515816594457
247540,2023-07-11,0.4579,4.0,0.4577,0.2889,2.0,7.0,5.0,7.0,105.81706751012834,19.386576542841095,0.18320840861504215,2.6062897234426834,1.267257143675002,11.576662811256753
247540,2023-07-12,-0.6562,6.0,0.4783,0.4467,5.0,7.0,5.0,7.0,100.07783672991799,18.33510120492429,0.18320840861504215,2.6062897234426834,1.267257143675002,11.078827619797078
247540,2023-07-13,-0.3729,6.0,0.5444,0.3609,7.0,7.0,5.0,7.0,100.97459153932586,18.49939422647379,0.18320840861504215,2.6062897234426834,1.267257143675002,11.156614368462654
247540,2023-07-14,-0.4301,4.0,0.4301,0.2609,2.0,7.0,5.0,7.0,100.97459153932586,18.49939422647379,0.18320840861504215,2.6062897234426834,1.267257143675002,11.156614368462654
247540,2023-07-15,,,,,0.0,7.0,5.0,7.0,100.97459153932586,18.49939422647379,0.18320840861504215,2.6062897234426834,1.267257143675002,11.156614368462654
247540,2023-07-16,,,,,0.0,7.0,5.0,7.0,100.97459153932586,18.49939422647379,0.18320840861504215,2.6062897234426834,1.267257143675002,11.156614368462654
247540,2023-07-17,0.634,6.0,0.4501,0.3681,3.0,7.0,5.0,7.0,100.07783672991799,18.33510120492429,0.18320840861504215,2.6062897234426834,1.267257143675002,11.078827619797078
247540,2023-07-18,0.5974,8.0,0.6131,0.3387,10.0,7.0,5.0,7.0,116.9368271467859,21.423810010054904,0.18320840861504215,2.6062897234426834,1.267257143675002,12.541218494709868
247540,2023-07-19,0.7033,8.0,0.4119,0.4573,11.0,7.0,5.0,7.0,129.49139447849603,23.723912311747913,0.18320840861504215,2.6062897234426834,1.267257143675002,13.630232976027903
247540,2023-07-20,-0.8749,7.0,0.2154,0.4515,4.0,7.0,5.0,7.0,130.02944736414076,23.822488124677616,0.18320840861504215,2.6062897234426834,1.267257143675002,13.676905025227247
247540,2023-07-21,-0.4998,4.0,0.4998,0.2141,2.0,7.0,5.0,7.0,136.84478391564056,25.07111508845382,0.18320840861504215,2.6062897234426834,1.267257143675002,14.26808431508561
247540,2023-07-22,,,,,0.0,7.0,5.0,7.0,136.84478391564056,25.07111508845382,0.18320840861504215,2.6062897234426834,1.267257143675002,14.26808431508561
247540,2023-07-23,0.1008,3.0,0.1008,0.3021,2.0,7.0,5.0,7.0,136.84478391564056,25.07111508845382,0.18320840861504215,2.6062897234426834,1.267257143675002,14.26808431508561
247540,2023-07-24,0.1191,3.0,0.1682,0.2525,2.0,7.0,5.0,7.0,145.09492816219293,26.58261088670923,0.18320840861504215,2.6062897234426834,1.267257143675002,14.98372240280889
247540,2023-07-25,0.1424,5.0,0.8743,0.3179,6.0,7.0,5.0,7.0,165.7202887785739,30.361350382347744,0.18320840861504215,2.6062897234426834,1.267257143675002,16.77281762211709
247540,2023-07-26,-0.1389,7.0,0.8502,0.3175,15.0,7.0,5.0,7.0,163.20937531223186,29.901329922009143,0.18320840861504215,2.6062897234426834,1.267257143675002,16.555014725853482
247540,2023-07-27,-0.4761,8.0,0.7198,0.3333,12.0,7.0,5.0,7.0,135.05127429682483,24.742529045354818,0.18320840861504215,2.6062897234426834,1.267257143675002,14.112510817754462
247540,2023-07-28,0.3839,6.0,0.652,0.3466,8.0,7.0,5.0,7.0,146.17103393348236,26.779762512568627,0.18320840861504215,2.6062897234426834,1.267257143675002,15.077066501207579
247540,2023-07-29,-0.6237,5.0,0.3686,0.1667,2.0,7.0,5.0,7.0,146.17103393348236,26.779762512568627,0.18320840861504215,2.6062897234426834,1.267257143675002,15.077066501207579
247540,2023-07-30,-0.0001,3.0,0.0,0.2273,1.0,7.0,5.0,7.0,146.17103393348236,26.779762512568627,0.18320840861504215,2.6062897234426834,1.267257143675002,15.077066501207579
247540,2023-07-31,-0.2634,5.0,0.8964,0.2762,3.0,7.0,5.0,7.0,150.29610605675856,27.535510411696333,0.18320840861504215,2.6062897234426834,1.267257143675002,15.43488554506922
247540,2023-08-01,0.2018,6.0,0.4797,0.2966,6.0,7.0,5.0,8.0,146.52973585724553,26.84547972118843,0.18320840861504215,2.6062897234426834,1.267257143675002,15.108181200673808
247540,2023-08-02,-0.2499,5.0,0.4329,0.2796,4.0,7.0,5.0,8.0,136.4860819918774,25.00539787983402,0.18320840861504215,2.6062897234426834,1.267257143675002,14.23696961561938
247540,2023-08-03,0.3314,5.0,0.5628,0.1787,5.0,7.0,5.0,8.0,139.8937502676273,25.629711361722123,0.18320840861504215,2.6062897234426834,1.267257143675002,14.53255926054856
247540,2023-08-04,0.1553,7.0,0.7622,0.2405,12.0,7.0,5.0,8.0,136.4860819918774,25.00539787983402,0.18320840861504215,2.6062897234426834,1.267257143675002,14.23696961561938
247540,2023-08-05,,,,,0.0,7.0,5.0,8.0,136.4860819918774,25.00539787983402,0.18320840861504215,2.6062897234426834,1.267257143675002,14.23696961561938
247540,2023-08-06,-0.0037,3.0,0.0032,0.3538,2.0,7.0,5.0,8.0,136.4860819918774,25.00539787983402,0.18320840861504215,2.6062897234426834,1.267257143675002,14.23696961561938
247540,2023-08-07,-0.1279,6.0,0.796,0.3264,10.0,7.0,5.0,8.0,121.95865407946995,22.343850930732106,0.18320840861504215,2.6062897234426834,1.267257143675002,12.976824287237083
247540,2023-08-08,-0.5133,6.0,0.8288,0.3574,4.0,7.0,5.0,8.0,121.5999521557068,22.278133722112308,0.18320840861504215,2.6062897234426834,1.267257143675002,12.945709587770853
247540,2023-08-09,-0.2474,4.0,0.0,0.2553,1.0,7.0,5.0,8.0,123.21411081264097,22.57386116090141,0.18320840861504215,2.6062897234426834,1.267257143675002,13.085725735368886
247540,2023-08-10,0.0005,3.0,0.0,0.28,1.0,7.0,5.0,8.0,121.06189927006209,22.179557909182606,0.18320840861504215,2.6062897234426834,1.267257143675002,12.899037538571509
247540,2023-08-11,,,,,0.0,7.0,5.0,8.0,116.04007233737804,21.259516988505403,0.18320840861504215,2.6062897234426834,1.267257143675002,12.463431746044295
247540,2023-08-12,,,,,0.0,7.0,5.0,8.0,116.04007233737804,21.259516988505403,0.18320840861504215,2.6062897234426834,1.267257143675002,12.463431746044295
247540,2023-08-13,,,,,0.0,7.0,5.0,8.0,116.04007233737804,21.259516988505403,0.18320840861504215,2.6062897234426834,1.267257143675002,12.463431746044295
247540,2023-08-14,,,,,0.0,7.0,5.0,8.0,114.06721175668072,20.8980723410965,0.18320840861504215,2.6062897234426834,1.267257143675002,12.292300898980033
247540,2023-08-15,,,,,0.0,7.0,5.0,8.0,114.06721175668072,20.8980723410965,0.18320840861504215,2.6062897234426834,1.267257143675002,12.292300898980033
247540,2023-08-16,-0.461,4.0,0.0,0.2273,1.0,7.0,5.0,8.0,108.86603386211509,19.945172816109395,0.18320840861504215,2.6062897234426834,1.267257143675002,11.841137756719704
247540,2023-08-17,0.3229,7.0,0.6101,0.2101,9.0,7.0,5.0,8.0,114.06721175668072,20.8980723410965,0.18320840861504215,2.6062897234426834,1.267257143675002,12.292300898980033
247540,2023-08-18,-0.3843,8.0,0.9227,0.199,13.0,7.0,5.0,8.0,111.91500021410184,20.5037690893777,0.18320840861504215,2.6062897234426834,1.267257143675002,12.105612702182656
247540,2023-08-19,,,,,0.0,7.0,5.0,8.0,111.91500021410184,20.5037690893777,0.18320840861504215,2.6062897234426834,1.267257143675002,12.105612702182656
247540,2023-08-20,,,,,0.0,7.0,5.0,8.0,111.91500021410184,20.5037690893777,0.18320840861504215,2.6062897234426834,1.267257143675002,12.105612702182656
247540,2023-08-21,0.0232,4.0,0.0336,0.1933,3.0,7.0,5.0,8.0,117.65423099431219,21.555244427294504,0.18320840861504215,2.6062897234426834,1.267257143675002,12.603447893642327
247540,2023-08-22,,,,,0.0,7.0,5.0,8.0,121.06189927006209,22.179557909182606,0.18320840861504215,2.6062897234426834,1.267257143675002,12.899037538571509
247540,2023-08-23,0.7922,6.0,0.3982,0.1322,5.0,7.0,5.0,8.0,115.14331752797015,21.095223966955903,0.18320840861504215,2.6062897234426834,1.267257143675002,12.385644997378721
247540,2023-08-24,,,,,0.0,7.0,5.0,8.0,119.6270915750095,21.916689074703406,0.18320840861504215,2.6062897234426834,1.267257143675002,12.774578740706591
247540,2023-08-25,0.0,3.0,0.0,0.2368,1.0,7.0,5.0,8.0,122.85540888887782,22.508143952281607,0.18320840861504215,2.6062897234426834,1.267257143675002,13.054611035902656
247540,2023-08-26,,,,,0.0,7.0,5.0,8.0,122.85540888887782,22.508143952281607,0.18320840861504215,2.6062897234426834,1.267257143675002,13.054611035902656
247540,2023-08-27,,,,,0.0,7.0,5.0,8.0,122.85540888887782,22.508143952281607,0.18320840861504215,2.6062897234426834,1.267257143675002,13.054611035902656
247540,2023-08-28,,,,,0.0,7.0,5.0,8.0,123.57281273640412,22.63957836952121,0.18320840861504215,2.6062897234426834,1.267257143675002,13.116840434835115
247540,2023-08-29,-0.5999,6.0,0.4829,0.235,5.0,7.0,5.0,8.0,118.55098580372005,21.719537448844005,0.18320840861504215,2.6062897234426834,1.267257143675002,12.681234642307903
247540,2023-08-30,,,,,0.0,7.0,5.0,8.0,116.39877426114117,21.3252341971252,0.18320840861504215,2.6062897234426834,1.267257143675002,12.494546445510524
247540,2023-08-31,-0.4995,4.0,0.5001,0.1423,2.0,7.0,5.0,8.0,116.39877426114117,21.3252341971252,0.18320840861504215,2.6062897234426834,1.267257143675002,12.494546445510524
247540,2023-09-01,-0.0669,4.0,0.8218,0.3108,3.0,7.0,5.0,9.0,110.65954348093082,20.273758859208396,0.18320840861504215,2.6062897234426834,1.267257143675002,11.996711254050851
247540,2023-09-02,0.0,3.0,0.0,0.2553,1.0,7.0,5.0,9.0,110.65954348093082,20.273758859208396,0.18320840861504215,2.6062897234426834,1.267257143675002,11.996711254050851
247540,2023-09-03,0.9998,6.0,0.0,0.5263,1.0,7.0,5.0,9.0,110.65954348093082,20.273758859208396,0.18320840861504215,2.6062897234426834,1.267257143675002,11.996711254050851
247540,2023-09-04,0.9531,6.0,0.0,0.2041,1.0,7.0,5.0,9.0,110.30084155716767,20.208041650588598,0.18320840861504215,2.6062897234426834,1.267257143675002,11.965596554584621
247540,2023-09-05,-0.9997,6.0,0.0,0.3948,2.0,7.0,5.0,9.0,109.94213963340454,20.142324441968796,0.18320840861504215,2.6062897234426834,1.267257143675002,11.934481855118392
247540,2023-09-06,,,,,0.0,7.0,5.0,9.0,107.96927905270722,19.780879794559894,0.18320840861504215,2.6062897234426834,1.267257143675002,11.76335100805413
247540,2023-09-07,-0.9904,7.0,0.0116,0.3685,3.0,7.0,5.0,9.0,103.66485596754946,18.99227329112229,0.18320840861504215,2.6062897234426834,1.267257143675002,11.389974614459375
247540,2023-09-08,,,,,0.0,7.0,5.0,9.0,107.25187520518092,19.649445377320294,0.18320840861504215,2.6062897234426834,1.267257143675002,11.701121609121671
247540,2023-09-09,,,,,0.0,7.0,5.0,9.0,107.25187520518092,19.649445377320294,0.18320840861504215,2.6062897234426834,1.267257143675002,11.701121609121671
247540,2023-09-10,,,,,0.0,7.0,5.0,9.0,107.25187520518092,19.649445377320294,0.18320840861504215,2.6062897234426834,1.267257143675002,11.701121609121671
247540,2023-09-11,-0.4992,4.0,0.4992,0.5805,2.0,7.0,5.0,9.0,104.0235578913126,19.057990499742093,0.18320840861504215,2.6062897234426834,1.267257143675002,11.421089313925604
247540,2023-09-12,-0.6929,7.0,0.506,0.3342,6.0,7.0,5.0,9.0,99.53978384427327,18.236525391994586,0.18320840861504215,2.6062897234426834,1.267257143675002,11.032155570597734
247540,2023-09-13,-0.7795,5.0,0.2203,0.2941,2.0,7.0,5.0,9.0,98.6430290348654,18.072232370445086,0.18320840861504215,2.6062897234426834,1.267257143675002,10.95436882193216
247540,2023-09-14,-0.9992,6.0,0.0,0.5098,1.0,7.0,5.0,9.0,102.23004827249687,18.72940445664309,0.18320840861504215,2.6062897234426834,1.267257143675002,11.265515816594457
247540,2023-09-15,0.0003,3.0,0.0,0.3061,1.0,7.0,5.0,9.0,100.43653865368114,18.400818413544087,0.18320840861504215,2.6062897234426834,1.267257143675002,11.109942319263308
247540,2023-09-16,,,,,0.0,7.0,5.0,9.0,100.43653865368114,18.400818413544087,0.18320840861504215,2.6062897234426834,1.267257143675002,11.109942319263308
247540,2023-09-17,0.0003,3.0,0.0,1.0,1.0,7.0,5.0,9.0,100.43653865368114,18.400818413544087,0.18320840861504215,2.6062897234426834,1.267257143675002,11.109942319263308
247540,2023-09-18,,,,,0.0,7.0,5.0,9.0,100.43653865368114,18.400818413544087,0.18320840861504215,2.6062897234426834,1.267257143675002,11.109942319263308
247540,2023-09-19,0.3546,4.0,0.0,0.5319,1.0,7.0,5.0,9.0,99.71913480615484,18.269383996304487,0.18320840861504215,2.6062897234426834,1.267257143675002,11.047712920330849
247540,2023-09-20,0.9628,6.0,0.021,0.1189,2.0,7.0,5.0,9.0,104.20290885319417,19.09084910405199,0.18320840861504215,2.6062897234426834,1.267257143675002,11.436646663658719
247540,2023-09-21,,,,,0.0,7.0,5.0,9.0,101.333293463089,18.565111435093588,0.18320840861504215,2.6062897234426834,1.267257143675002,11.187729067928883
247540,2023-09-22,0.0641,4.0,0.6399,0.1882,3.0,7.0,5.0,9.0,102.94745212002317,18.86083887388269,0.18320840861504215,2.6062897234426834,1.267257143675002,11.327745215526916
247540,2023-09-23,,,,,0.0,7.0,5.0,9.0,102.94745212002317,18.86083887388269,0.18320840861504215,2.6062897234426834,1.267257143675002,11.327745215526916
247540,2023-09-24,,,,,0.0,7.0,5.0,9.0,102.94745212002317,18.86083887388269,0.18320840861504215,2.6062897234426834,1.267257143675002,11.327745215526916
247540,2023-09-25,-0.7339,8.0,0.405,0.218,9.0,7.0,5.0,9.0,93.80055306406292,17.185050054077784,0.18320840861504215,2.6062897234426834,1.267257143675002,10.534320379138062
247540,2023-09-26,-0.561,6.0,0.5406,0.2905,5.0,7.0,5.0,9.0,91.28963959772089,16.72502959373918,0.18320840861504215,2.6062897234426834,1.267257143675002,10.316517482874454
247540,2023-09-27,-0.9982,6.0,0.0,0.4681,1.0,7.0,5.0,9.0,90.75158671207618,16.62645378080948,0.18320840861504215,2.6062897234426834,1.267257143675002,10.26984543367511
247540,2023-09-28,,,,,0.0,7.0,5.0,9.0,90.75158671207618,16.62645378080948,0.18320840861504215,2.6062897234426834,1.267257143675002,10.26984543367511
247540,2023-09-29,-0.9997,6.0,0.0,0.5,1.0,7.0,5.0,9.0,90.75158671207618,16.62645378080948,0.18320840861504215,2.6062897234426834,1.267257143675002,10.26984543367511
247540,2023-09-30,,,,,0.0,7.0,5.0,9.0,90.75158671207618,16.62645378080948,0.18320840861504215,2.6062897234426834,1.267257143675002,10.26984543367511
247540,2023-10-01,,,,,0.0,7.0,5.0,10.0,90.75158671207618,16.62645378080948,0.18320840861504215,2.6062897234426834,1.267257143675002,10.26984543367511
247540,2023-10-02,,,,,0.0,7.0,5.0,10.0,90.75158671207618,16.62645378080948,0.18320840861504215,2.6062897234426834,1.267257143675002,10.26984543367511
247540,2023-10-03,-0.0,3.0,0.0,0.3182,1.0,7.0,5.0,10.0,90.75158671207618,16.62645378080948,0.18320840861504215,2.6062897234426834,1.267257143675002,10.26984543367511
247540,2023-10-04,-0.7598,5.0,0.2396,0.3887,2.0,7.0,5.0,10.0,84.29495208433953,15.443544025653074,0.18320840861504215,2.6062897234426834,1.267257143675002,9.709780843282978
247540,2023-10-05,0.7274,5.0,0.2724,0.2138,2.0,7.0,5.0,10.0,83.75689919869481,15.344968212723375,0.18320840861504215,2.6062897234426834,1.267257143675002,9.663108794083634
247540,2023-10-06,,,,,0.0,7.0,5.0,10.0,84.4743030462211,15.476402629962974,0.18320840861504215,2.6062897234426834,1.267257143675002,9.725338193016093
247540,2023-10-07,,,,,0.0,7.0,5.0,10.0,84.4743030462211,15.476402629962974,0.18320840861504215,2.6062897234426834,1.267257143675002,9.725338193016093
247540,2023-10-08,,,,,0.0,7.0,5.0,10.0,84.4743030462211,15.476402629962974,0.18320840861504215,2.6062897234426834,1.267257143675002,9.725338193016093
247540,2023-10-09,,,,,0.0,7.0,5.0,10.0,84.4743030462211,15.476402629962974,0.18320840861504215,2.6062897234426834,1.267257143675002,9.725338193016093
247540,2023-10-10,-0.4981,4.0,0.5015,0.272,2.0,7.0,5.0,10.0,79.99052899918176,14.654937522215471,0.18320840861504215,2.6062897234426834,1.267257143675002,9.336404449688223
247540,2023-10-11,0.4622,4.0,0.5377,0.3404,2.0,7.0,5.0,10.0,87.34391843632628,16.002140298921375,0.18320840861504215,2.6062897234426834,1.267257143675002,9.97425578874593
247540,2023-10-12,-0.3974,5.0,0.8103,0.2274,3.0,7.0,5.0,10.0,91.11028863583931,16.69217098942928,0.18320840861504215,2.6062897234426834,1.267257143675002,10.30096013314134
247540,2023-10-13,-0.9996,7.0,0.0001,0.201,4.0,7.0,5.0,10.0,88.24067324573414,16.166433320470876,0.18320840861504215,2.6062897234426834,1.267257143675002,10.052042537411504
247540,2023-10-14,,,,,0.0,7.0,5.0,10.0,88.24067324573414,16.166433320470876,0.18320840861504215,2.6062897234426834,1.267257143675002,10.052042537411504
247540,2023-10-15,,,,,0.0,7.0,5.0,10.0,88.24067324573414,16.166433320470876,0.18320840861504215,2.6062897234426834,1.267257143675002,10.052042537411504
247540,2023-10-16,-0.9905,9.0,0.0254,0.4334,9.0,7.0,5.0,10.0,86.98521651256313,15.936423090301577,0.18320840861504215,2.6062897234426834,1.267257143675002,9.9431410892797
247540,2023-10-17,-0.1854,5.0,0.9639,0.3869,5.0,7.0,5.0,10.0,89.31677901702358,16.363584946330278,0.18320840861504215,2.6062897234426834,1.267257143675002,10.145386635810192
247540,2023-10-18,-0.7787,5.0,0.0,0.2955,1.0,7.0,5.0,10.0,89.49612997890516,16.39644355064018,0.18320840861504215,2.6062897234426834,1.267257143675002,10.160943985543307
247540,2023-10-19,0.3333,5.0,0.9426,0.3072,3.0,7.0,5.0,10.0,85.9091107412737,15.739271464442176,0.18320840861504215,2.6062897234426834,1.267257143675002,9.849796990881012
247540,2023-10-20,-0.5023,6.0,0.4975,0.4781,4.0,7.0,5.0,10.0,83.75689919869481,15.344968212723375,0.18320840861504215,2.6062897234426834,1.267257143675002,9.663108794083634
247540,2023-10-21,,,,,0.0,7.0,5.0,10.0,83.75689919869481,15.344968212723375,0.18320840861504215,2.6062897234426834,1.267257143675002,9.663108794083634
247540,2023-10-22,-0.0551,3.0,0.0,0.1489,1.0,7.0,5.0,10.0,83.75689919869481,15.344968212723375,0.18320840861504215,2.6062897234426834,1.267257143675002,9.663108794083634
247540,2023-10-23,-0.9991,6.0,0.0004,0.3118,2.0,7.0,5.0,10.0,82.86014438928694,15.180675191173872,0.18320840861504215,2.6062897234426834,1.267257143675002,9.58532204541806
247540,2023-10-24,-0.4983,4.0,0.4964,0.2159,2.0,7.0,5.0,10.0,83.75689919869481,15.344968212723375,0.18320840861504215,2.6062897234426834,1.267257143675002,9.663108794083634
247540,2023-10-25,-0.9994,7.0,0.0002,0.2642,3.0,7.0,5.0,10.0,76.4035097615503,13.997765436017467,0.18320840861504215,2.6062897234426834,1.267257143675002,9.025257455025928
247540,2023-10-26,-0.6648,6.0,0.4701,0.2735,3.0,7.0,5.0,10.0,71.59690398312412,13.117154840512143,0.18320840861504215,2.6062897234426834,1.267257143675002,8.608320482178451
247540,2023-10-27,-0.9278,6.0,0.0717,0.2826,2.0,7.0,5.0,10.0,72.9958414858004,13.373451954129365,0.18320840861504215,2.6062897234426834,1.267257143675002,8.729667810096746
247540,2023-10-28,-0.8968,6.0,0.1027,0.5638,2.0,7.0,5.0,10.0,72.9958414858004,13.373451954129365,0.18320840861504215,2.6062897234426834,1.267257143675002,8.729667810096746
247540,2023-10-29,0.0,3.0,0.0,0.1224,1.0,7.0,5.0,10.0,72.9958414858004,13.373451954129365,0.18320840861504215,2.6062897234426834,1.267257143675002,8.729667810096746
247540,2023-10-30,-0.384,4.0,0.3841,0.2794,2.0,7.0,5.0,10.0,76.04480783778715,13.932048227397667,0.18320840861504215,2.6062897234426834,1.267257143675002,8.994142755559698
247540,2023-10-31,-0.0183,3.0,0.0,0.2653,1.0,7.0,5.0,10.0,70.37731744232943,12.893716331204821,0.18320840861504215,2.6062897234426834,1.267257143675002,8.50253050399327
247540,2023-11-01,,,,,0.0,7.0,5.0,11.0,67.6511828217295,12.39426554569434,0.18320840861504215,2.6062897234426834,1.267257143675002,8.266058788049927
247540,2023-11-02,-0.4388,5.0,0.566,0.2036,4.0,7.0,5.0,11.0,77.83831745660288,14.260634270496668,0.18320840861504215,2.6062897234426834,1.267257143675002,9.149716252890846
247540,2023-11-03,,,,,0.0,7.0,5.0,11.0,82.5014424655238,15.114957982554072,0.18320840861504215,2.6062897234426834,1.267257143675002,9.55420734595183
247540,2023-11-04,,,,,0.0,7.0,5.0,11.0,82.5014424655238,15.114957982554072,0.18320840861504215,2.6062897234426834,1.267257143675002,9.55420734595183
247540,2023-11-05,,,,,0.0,7.0,5.0,11.0,82.5014424655238,15.114957982554072,0.18320840861504215,2.6062897234426834,1.267257143675002,9.55420734595183
247540,2023-11-06,0.23,5.0,0.4326,0.3306,4.0,7.0,5.0,11.0,107.25187520518092,19.649445377320294,0.18320840861504215,2.6062897234426834,1.267257143675002,11.701121609121671
247540,2023-11-07,-0.3331,5.0,0.4711,0.1883,3.0,7.0,5.0,11.0,102.0506973106153,18.69654585233319,0.18320840861504215,2.6062897234426834,1.267257143675002,11.249958466861342
247540,2023-11-08,-0.3382,7.0,0.8111,0.2484,10.0,7.0,5.0,11.0,91.64834152148404,16.79074680235898,0.18320840861504215,2.6062897234426834,1.267257143675002,10.347632182340684
247540,2023-11-09,-0.4158,4.0,0.5822,0.4909,2.0,7.0,5.0,11.0,89.13742805514201,16.33072634202038,0.18320840861504215,2.6062897234426834,1.267257143675002,10.129829286077078
247540,2023-11-10,-0.2706,5.0,0.8079,0.3296,4.0,7.0,5.0,11.0,83.57754823681323,15.312109608413474,0.18320840861504215,2.6062897234426834,1.267257143675002,9.647551444350519
247540,2023-11-11,-0.1682,4.0,0.0,0.2885,1.0,7.0,5.0,11.0,83.57754823681323,15.312109608413474,0.18320840861504215,2.6062897234426834,1.267257143675002,9.647551444350519
247540,2023-11-12,-0.0001,3.0,0.0,0.2,1.0,7.0,5.0,11.0,83.57754823681323,15.312109608413474,0.18320840861504215,2.6062897234426834,1.267257143675002,9.647551444350519
247540,2023-11-13,,,,,0.0,7.0,5.0,11.0,81.42533669423435,14.917806356694673,0.18320840861504215,2.6062897234426834,1.267257143675002,9.46086324755314
247540,2023-11-14,,,,,0.0,7.0,5.0,11.0,89.31677901702358,16.363584946330278,0.18320840861504215,2.6062897234426834,1.267257143675002,10.145386635810192
247540,2023-11-15,0.3275,5.0,0.4755,0.3527,3.0,7.0,5.0,11.0,89.67548094078673,16.42930215495008,0.18320840861504215,2.6062897234426834,1.267257143675002,10.176501335276422
247540,2023-11-16,0.9477,6.0,0.0,0.125,1.0,7.0,5.0,11.0,86.98521651256313,15.936423090301577,0.18320840861504215,2.6062897234426834,1.267257143675002,9.9431410892797
247540,2023-11-17,0.7439,6.0,0.4354,0.2695,4.0,7.0,5.0,11.0,85.37105785562896,15.640695651512475,0.18320840861504215,2.6062897234426834,1.267257143675002,9.803124941681666
247540,2023-11-18,,,,,0.0,7.0,5.0,11.0,85.37105785562896,15.640695651512475,0.18320840861504215,2.6062897234426834,1.267257143675002,9.803124941681666
247540,2023-11-19,,,,,0.0,7.0,5.0,11.0,85.37105785562896,15.640695651512475,0.18320840861504215,2.6062897234426834,1.267257143675002,9.803124941681666
247540,2023-11-20,,,,,0.0,7.0,5.0,11.0,90.03418286454988,16.49501936356988,0.18320840861504215,2.6062897234426834,1.267257143675002,10.207616034742651
247540,2023-11-21,0.0012,3.0,0.9986,0.3258,2.0,7.0,5.0,11.0,88.06132228385258,16.13357471616098,0.18320840861504215,2.6062897234426834,1.267257143675002,10.03648518767839
247540,2023-11-22,-0.9991,6.0,0.0,0.3542,1.0,7.0,5.0,11.0,85.9091107412737,15.739271464442176,0.18320840861504215,2.6062897234426834,1.267257143675002,9.849796990881012
247540,2023-11-23,,,,,0.0,7.0,5.0,11.0,87.34391843632628,16.002140298921375,0.18320840861504215,2.6062897234426834,1.267257143675002,9.97425578874593
247540,2023-11-24,-0.9995,6.0,0.0,0.3265,1.0,7.0,5.0,11.0,87.1645674744447,15.969281694611476,0.18320840861504215,2.6062897234426834,1.267257143675002,9.958698439012815
247540,2023-11-25,-0.4692,4.0,0.0,0.1957,1.0,7.0,5.0,11.0,87.1645674744447,15.969281694611476,0.18320840861504215,2.6062897234426834,1.267257143675002,9.958698439012815
247540,2023-11-26,,,,,0.0,7.0,5.0,11.0,87.1645674744447,15.969281694611476,0.18320840861504215,2.6062897234426834,1.267257143675002,9.958698439012815
247540,2023-11-27,,,,,0.0,7.0,5.0,11.0,86.44716362691841,15.837847277371877,0.18320840861504215,2.6062897234426834,1.267257143675002,9.896469040080357
247540,2023-11-28,0.3408,4.0,0.3955,0.2033,2.0,7.0,5.0,11.0,87.70262036008943,16.067857507541177,0.18320840861504215,2.6062897234426834,1.267257143675002,10.00537048821216
247540,2023-11-29,0.0007,3.0,0.0,0.2727,1.0,7.0,5.0,11.0,96.67016845416809,17.710787723036184,0.18320840861504215,2.6062897234426834,1.267257143675002,10.783237974867898
247540,2023-11-30,-0.6758,6.0,0.3592,0.2231,4.0,7.0,5.0,11.0,98.28432711110226,18.006515161825288,0.18320840861504215,2.6062897234426834,1.267257143675002,10.92325412246593
247540,2023-12-01,0.7498,6.0,0.4329,0.1822,4.0,7.0,5.0,12.0,100.43653865368114,18.400818413544087,0.18320840861504215,2.6062897234426834,1.267257143675002,11.109942319263308
247540,2023-12-02,,,,,0.0,7.0,5.0,12.0,100.43653865368114,18.400818413544087,0.18320840861504215,2.6062897234426834,1.267257143675002,11.109942319263308
247540,2023-12-03,0.9998,6.0,0.0,0.75,1.0,7.0,5.0,12.0,100.43653865368114,18.400818413544087,0.18320840861504215,2.6062897234426834,1.267257143675002,11.109942319263308
247540,2023-12-04,0.3788,8.0,0.5717,0.332,17.0,7.0,5.0,12.0,115.86072137549645,21.226658384195503,0.18320840861504215,2.6062897234426834,1.267257143675002,12.44787439631118
247540,2023-12-05,0.9994,6.0,0.0,0.4318,1.0,7.0,5.0,12.0,110.65954348093082,20.273758859208396,0.18320840861504215,2.6062897234426834,1.267257143675002,11.996711254050851
247540,2023-12-06,,,,,0.0,7.0,5.0,12.0,107.96927905270722,19.780879794559894,0.18320840861504215,2.6062897234426834,1.267257143675002,11.76335100805413
247540,2023-12-07,-0.5064,5.0,0.0,0.1702,1.0,7.0,5.0,12.0,108.14863001458879,19.813738398869795,0.18320840861504215,2.6062897234426834,1.267257143675002,11.778908357787245
247540,2023-12-08,-0.9994,6.0,0.0,0.2308,1.0,7.0,5.0,12.0,112.27370213786499,20.5694862979975,0.18320840861504215,2.6062897234426834,1.267257143675002,12.136727401648885
247540,2023-12-09,,,,,0.0,7.0,5.0,12.0,112.27370213786499,20.5694862979975,0.18320840861504215,2.6062897234426834,1.267257143675002,12.136727401648885
247540,2023-12-10,,,,,0.0,7.0,5.0,12.0,112.27370213786499,20.5694862979975,0.18320840861504215,2.6062897234426834,1.267257143675002,12.136727401648885
247540,2023-12-11,,,,,0.0,7.0,5.0,12.0,114.42591368044387,20.9637895497163,0.18320840861504215,2.6062897234426834,1.267257143675002,12.323415598446262
247540,2023-12-12,0.9881,6.0,0.0,0.1562,1.0,7.0,5.0,12.0,118.01293291807534,21.620961635914306,0.18320840861504215,2.6062897234426834,1.267257143675002,12.634562593108559
247540,2023-12-13,-0.3285,5.0,0.4745,0.23,3.0,7.0,5.0,12.0,111.91500021410184,20.5037690893777,0.18320840861504215,2.6062897234426834,1.267257143675002,12.105612702182656
247540,2023-12-14,,,,,0.0,7.0,5.0,12.0,114.78461560420702,21.0295067583361,0.18320840861504215,2.6062897234426834,1.267257143675002,12.354530297912492
247540,2023-12-15,,,,,0.0,7.0,5.0,12.0,114.06721175668072,20.8980723410965,0.18320840861504215,2.6062897234426834,1.267257143675002,12.292300898980033
247540,2023-12-16,0.0188,3.0,0.0,0.2692,1.0,7.0,5.0,12.0,114.06721175668072,20.8980723410965,0.18320840861504215,2.6062897234426834,1.267257143675002,12.292300898980033
247540,2023-12-17,,,,,0.0,7.0,5.0,12.0,114.06721175668072,20.8980723410965,0.18320840861504215,2.6062897234426834,1.267257143675002,12.292300898980033
247540,2023-12-18,-0.0017,3.0,0.0,0.2245,1.0,7.0,5.0,12.0,115.5020194517333,21.1609411755757,0.18320840861504215,2.6062897234426834,1.267257143675002,12.41675969684495
247540,2023-12-19,,,,,0.0,7.0,5.0,12.0,114.06721175668072,20.8980723410965,0.18320840861504215,2.6062897234426834,1.267257143675002,12.292300898980033
247540,2023-12-20,,,,,0.0,7.0,5.0,12.0,114.24656271856229,20.930930945406402,0.18320840861504215,2.6062897234426834,1.267257143675002,12.307858248713147
247540,2023-12-21,-0.2535,5.0,0.8913,0.2507,3.0,7.0,5.0,12.0,109.76278867152296,20.109465837658895,0.18320840861504215,2.6062897234426834,1.267257143675002,11.918924505385277
247540,2023-12-22,,,,,0.0,7.0,5.0,12.0,105.63771654824677,19.353717938531194,0.18320840861504215,2.6062897234426834,1.267257143675002,11.561105461523638
247540,2023-12-23,,,,,0.0,7.0,5.0,12.0,105.63771654824677,19.353717938531194,0.18320840861504215,2.6062897234426834,1.267257143675002,11.561105461523638
247540,2023-12-24,,,,,0.0,7.0,5.0,12.0,105.63771654824677,19.353717938531194,0.18320840861504215,2.6062897234426834,1.267257143675002,11.561105461523638
247540,2023-12-25,,,,,0.0,7.0,5.0,12.0,105.63771654824677,19.353717938531194,0.18320840861504215,2.6062897234426834,1.267257143675002,11.561105461523638
247540,2023-12-26,,,,,0.0,7.0,5.0,12.0,101.87134634873372,18.66368724802329,0.18320840861504215,2.6062897234426834,1.267257143675002,11.234401117128227
247540,2023-12-27,0.9998,6.0,0.0,0.383,1.0,7.0,5.0,12.0,104.20290885319417,19.09084910405199,0.18320840861504215,2.6062897234426834,1.267257143675002,11.436646663658719
247540,2023-12-28,0.0,3.0,0.0,0.0714,1.0,7.0,5.0,12.0,103.30615404378631,18.92655608250249,0.18320840861504215,2.6062897234426834,1.267257143675002,11.358859914993145
247540,2023-12-29,,,,,0.0,7.0,5.0,12.0,103.30615404378631,18.92655608250249,0.18320840861504215,2.6062897234426834,1.267257143675002,11.358859914993145
247540,2023-12-30,,,,,0.0,7.0,5.0,12.0,103.30615404378631,18.92655608250249,0.18320840861504215,2.6062897234426834,1.267257143675002,11.358859914993145
247540,2023-12-31,-0.0031,4.0,0.7704,0.2194,3.0,7.0,5.0,12.0,103.30615404378631,18.92655608250249,0.18320840861504215,2.6062897234426834,1.267257143675002,11.358859914993145
247540,2024-01-01,0.0001,3.0,0.0,0.2692,1.0,7.0,5.0,13.0,103.30615404378631,18.92655608250249,0.18320840861504215,2.6062897234426834,1.267257143675002,11.358859914993145
247540,2024-01-02,0.9832,6.0,0.0,0.3182,1.0,7.0,5.0,13.0,101.69199538685216,18.63082864371339,0.18320840861504215,2.6062897234426834,1.267257143675002,11.218843767395112
247540,2024-01-03,,,,,0.0,7.0,5.0,13.0,97.38757230169439,17.842222140275787,0.18320840861504215,2.6062897234426834,1.267257143675002,10.845467373800357
247540,2024-01-04,,,,,0.0,7.0,5.0,13.0,100.07783672991799,18.33510120492429,0.18320840861504215,2.6062897234426834,1.267257143675002,11.078827619797078
247540,2024-01-05,0.9895,6.0,0.0094,0.1459,2.0,7.0,5.0,13.0,112.99110598539129,20.7009207152371,0.18320840861504215,2.6062897234426834,1.267257143675002,12.198956800581344
247540,2024-01-06,0.0,3.0,0.0,0.1429,1.0,7.0,5.0,13.0,112.99110598539129,20.7009207152371,0.18320840861504215,2.6062897234426834,1.267257143675002,12.198956800581344
247540,2024-01-07,,,,,0.0,7.0,5.0,13.0,112.99110598539129,20.7009207152371,0.18320840861504215,2.6062897234426834,1.267257143675002,12.198956800581344
247540,2024-01-08,0.0001,3.0,0.0001,0.3044,2.0,7.0,5.0,13.0,113.17045694727285,20.733779319547,0.18320840861504215,2.6062897234426834,1.267257143675002,12.214514150314459
247540,2024-01-09,-0.0299,3.0,0.0,0.2727,1.0,7.0,5.0,13.0,109.04538482399667,19.978031420419295,0.18320840861504215,2.6062897234426834,1.267257143675002,11.856695106452818
247540,2024-01-10,,,,,0.0,7.0,5.0,13.0,105.27901462448362,19.288000729911392,0.18320840861504215,2.6062897234426834,1.267257143675002,11.529990762057409
247540,2024-01-11,,,,,0.0,7.0,5.0,13.0,109.76278867152296,20.109465837658895,0.18320840861504215,2.6062897234426834,1.267257143675002,11.918924505385277
247540,2024-01-12,,,,,0.0,7.0,5.0,13.0,109.04538482399667,19.978031420419295,0.18320840861504215,2.6062897234426834,1.267257143675002,11.856695106452818
247540,2024-01-13,,,,,0.0,7.0,5.0,13.0,109.04538482399667,19.978031420419295,0.18320840861504215,2.6062897234426834,1.267257143675002,11.856695106452818
247540,2024-01-14,-0.9658,6.0,0.0,0.4231,1.0,7.0,5.0,13.0,109.04538482399667,19.978031420419295,0.18320840861504215,2.6062897234426834,1.267257143675002,11.856695106452818
247540,2024-01-15,,,,,0.0,7.0,5.0,13.0,104.92031270072047,19.222283521291594,0.18320840861504215,2.6062897234426834,1.267257143675002,11.49887606259118
247540,2024-01-16,,,,,0.0,7.0,5.0,13.0,106.35512039577306,19.485152355770794,0.18320840861504215,2.6062897234426834,1.267257143675002,11.623334860456097
247540,2024-01-17,-0.0001,3.0,0.0,0.2041,1.0,7.0,5.0,13.0,101.15394250120742,18.53225283078369,0.18320840861504215,2.6062897234426834,1.267257143675002,11.172171718195768
247540,2024-01-18,0.0906,4.0,0.5165,0.2597,5.0,7.0,5.0,13.0,103.66485596754946,18.99227329112229,0.18320840861504215,2.6062897234426834,1.267257143675002,11.389974614459375
247540,2024-01-19,,,,,0.0,7.0,5.0,13.0,99.89848576803642,18.302242600614388,0.18320840861504215,2.6062897234426834,1.267257143675002,11.063270270063963
247540,2024-01-20,,,,,0.0,7.0,5.0,13.0,99.89848576803642,18.302242600614388,0.18320840861504215,2.6062897234426834,1.267257143675002,11.063270270063963
247540,2024-01-21,0.0001,3.0,0.0,0.1875,1.0,7.0,5.0,13.0,99.89848576803642,18.302242600614388,0.18320840861504215,2.6062897234426834,1.267257143675002,11.063270270063963
247540,2024-01-22,-0.7497,6.0,0.433,0.4259,4.0,7.0,5.0,13.0,88.95807709326044,16.29786773771048,0.18320840861504215,2.6062897234426834,1.267257143675002,10.114271936343963
247540,2024-01-23,-0.9997,6.0,0.0,0.566,1.0,7.0,5.0,13.0,85.9091107412737,15.739271464442176,0.18320840861504215,2.6062897234426834,1.267257143675002,9.849796990881012
247540,2024-01-24,0.9101,6.0,0.0,0.2,1.0,7.0,5.0,13.0,85.72975977939211,15.706412860132275,0.18320840861504215,2.6062897234426834,1.267257143675002,9.834239641147898
247540,2024-01-25,-0.5997,6.0,0.7983,0.291,5.0,7.0,5.0,13.0,81.42533669423435,14.917806356694673,0.18320840861504215,2.6062897234426834,1.267257143675002,9.46086324755314
247540,2024-01-26,0.0629,3.0,0.9141,0.3089,2.0,7.0,5.0,13.0,87.52326939820784,16.034998903231276,0.18320840861504215,2.6062897234426834,1.267257143675002,9.989813138479045
247540,2024-01-27,,,,,0.0,7.0,5.0,13.0,87.52326939820784,16.034998903231276,0.18320840861504215,2.6062897234426834,1.267257143675002,9.989813138479045
247540,2024-01-28,0.9998,6.0,0.0,0.272,2.0,7.0,5.0,13.0,87.52326939820784,16.034998903231276,0.18320840861504215,2.6062897234426834,1.267257143675002,9.989813138479045
247540,2024-01-29,,,,,0.0,7.0,5.0,13.0,81.42533669423435,14.917806356694673,0.18320840861504215,2.6062897234426834,1.267257143675002,9.46086324755314
247540,2024-01-30,-0.085,3.0,0.0,0.1429,1.0,7.0,5.0,13.0,78.91442322789233,14.45778589635607,0.18320840861504215,2.6062897234426834,1.267257143675002,9.243060351289534
247540,2024-01-31,,,,,0.0,7.0,5.0,13.0,76.58286072343186,14.030624040327368,0.18320840861504215,2.6062897234426834,1.267257143675002,9.040814804759043
247540,2024-02-01,,,,,0.0,7.0,5.0,14.0,81.7840386179975,14.983523565314472,0.18320840861504215,2.6062897234426834,1.267257143675002,9.491977947019372
247540,2024-02-02,-0.6658,6.0,0.471,0.1879,3.0,7.0,5.0,14.0,82.14274054176065,15.049240773934272,0.18320840861504215,2.6062897234426834,1.267257143675002,9.523092646485601
247540,2024-02-03,,,,,0.0,7.0,5.0,14.0,82.14274054176065,15.049240773934272,0.18320840861504215,2.6062897234426834,1.267257143675002,9.523092646485601
247540,2024-02-04,-0.8029,5.0,0.0,0.1887,1.0,7.0,5.0,14.0,82.14274054176065,15.049240773934272,0.18320840861504215,2.6062897234426834,1.267257143675002,9.523092646485601
247540,2024-02-05,,,,,0.0,7.0,5.0,14.0,80.52858188482648,14.75351333514517,0.18320840861504215,2.6062897234426834,1.267257143675002,9.383076498887567
247540,2024-02-06,-0.9993,6.0,0.0,0.2407,1.0,7.0,5.0,14.0,77.47961553283973,14.194917061876868,0.18320840861504215,2.6062897234426834,1.267257143675002,9.118601553424616
247540,2024-02-07,0.1408,6.0,0.8153,0.2659,9.0,7.0,5.0,14.0,82.68079342740536,15.147816586863973,0.18320840861504215,2.6062897234426834,1.267257143675002,9.569764695684945
247540,2024-02-08,-0.024,5.0,0.7549,0.3715,7.0,7.0,5.0,14.0,87.34391843632628,16.002140298921375,0.18320840861504215,2.6062897234426834,1.267257143675002,9.97425578874593
247540,2024-02-09,,,,,0.0,7.0,5.0,14.0,87.34391843632628,16.002140298921375,0.18320840861504215,2.6062897234426834,1.267257143675002,9.97425578874593
247540,2024-02-10,,,,,0.0,7.0,5.0,14.0,87.34391843632628,16.002140298921375,0.18320840861504215,2.6062897234426834,1.267257143675002,9.97425578874593
247540,2024-02-11,-0.6416,5.0,0.0,0.102,1.0,7.0,5.0,14.0,87.34391843632628,16.002140298921375,0.18320840861504215,2.6062897234426834,1.267257143675002,9.97425578874593
247540,2024-02-12,,,,,0.0,7.0,5.0,14.0,87.34391843632628,16.002140298921375,0.18320840861504215,2.6062897234426834,1.267257143675002,9.97425578874593
247540,2024-02-13,,,,,0.0,7.0,5.0,14.0,86.08846170315526,15.772130068752077,0.18320840861504215,2.6062897234426834,1.267257143675002,9.865354340614127
247540,2024-02-14,-0.9964,6.0,0.0,0.2857,1.0,7.0,5.0,14.0,87.34391843632628,16.002140298921375,0.18320840861504215,2.6062897234426834,1.267257143675002,9.97425578874593
247540,2024-02-15,0.9998,6.0,0.0,0.1255,2.0,7.0,5.0,14.0,90.75158671207618,16.62645378080948,0.18320840861504215,2.6062897234426834,1.267257143675002,10.26984543367511
247540,2024-02-16,0.0001,3.0,0.0001,0.2723,2.0,7.0,5.0,14.0,91.11028863583931,16.69217098942928,0.18320840861504215,2.6062897234426834,1.267257143675002,10.30096013314134
247540,2024-02-17,,,,,0.0,7.0,5.0,14.0,91.11028863583931,16.69217098942928,0.18320840861504215,2.6062897234426834,1.267257143675002,10.30096013314134
247540,2024-02-18,-0.4168,4.0,0.5248,0.2164,2.0,7.0,5.0,14.0,91.11028863583931,16.69217098942928,0.18320840861504215,2.6062897234426834,1.267257143675002,10.30096013314134
247540,2024-02-19,-0.333,5.0,0.9424,0.2429,3.0,7.0,5.0,14.0,87.52326939820784,16.034998903231276,0.18320840861504215,2.6062897234426834,1.267257143675002,9.989813138479045
247540,2024-02-20,-0.9209,6.0,0.0787,0.3143,2.0,7.0,5.0,14.0,90.93093767395774,16.65931238511938,0.18320840861504215,2.6062897234426834,1.267257143675002,10.285402783408225
247540,2024-02-21,-0.9977,6.0,0.0,0.9,1.0,7.0,5.0,14.0,89.31677901702358,16.363584946330278,0.18320840861504215,2.6062897234426834,1.267257143675002,10.145386635810192
247540,2024-02-22,,,,,0.0,7.0,5.0,14.0,89.49612997890516,16.39644355064018,0.18320840861504215,2.6062897234426834,1.267257143675002,10.160943985543307
247540,2024-02-23,,,,,0.0,7.0,5.0,14.0,88.77872613137886,16.26500913340058,0.18320840861504215,2.6062897234426834,1.267257143675002,10.098714586610848
247540,2024-02-24,,,,,0.0,7.0,5.0,14.0,88.77872613137886,16.26500913340058,0.18320840861504215,2.6062897234426834,1.267257143675002,10.098714586610848
247540,2024-02-25,,,,,0.0,7.0,5.0,14.0,88.77872613137886,16.26500913340058,0.18320840861504215,2.6062897234426834,1.267257143675002,10.098714586610848
247540,2024-02-26,,,,,0.0,7.0,5.0,14.0,86.80586555068156,15.903564485991676,0.18320840861504215,2.6062897234426834,1.267257143675002,9.927583739546586
247540,2024-02-27,0.0195,3.0,0.0,0.2115,1.0,7.0,5.0,14.0,84.83300496998424,15.542119838582774,0.18320840861504215,2.6062897234426834,1.267257143675002,9.756452892482322
247540,2024-02-28,0.7397,8.0,0.4244,0.328,9.0,7.0,5.0,14.0,91.82769248336561,16.823605406668882,0.18320840861504215,2.6062897234426834,1.267257143675002,10.363189532073799
247540,2024-02-29,0.9998,6.0,0.0,0.9796,1.0,7.0,5.0,14.0,95.59406268287866,17.513636097176786,0.18320840861504215,2.6062897234426834,1.267257143675002,10.68989387646921
247540,2024-03-01,,,,,0.0,7.0,5.0,15.0,95.59406268287866,17.513636097176786,0.18320840861504215,2.6062897234426834,1.267257143675002,10.68989387646921
247540,2024-03-02,,,,,0.0,7.0,5.0,15.0,95.59406268287866,17.513636097176786,0.18320840861504215,2.6062897234426834,1.267257143675002,10.68989387646921
247540,2024-03-03,,,,,0.0,7.0,5.0,15.0,95.59406268287866,17.513636097176786,0.18320840861504215,2.6062897234426834,1.267257143675002,10.68989387646921
247540,2024-03-04,,,,,0.0,7.0,5.0,15.0,96.84951941604967,17.743646327346084,0.18320840861504215,2.6062897234426834,1.267257143675002,10.798795324601013
247540,2024-03-05,-0.4656,4.0,0.5322,0.2653,2.0,7.0,5.0,15.0,91.64834152148404,16.79074680235898,0.18320840861504215,2.6062897234426834,1.267257143675002,10.347632182340684
247540,2024-03-06,-0.0381,4.0,0.7097,0.2267,4.0,7.0,5.0,15.0,89.49612997890516,16.39644355064018,0.18320840861504215,2.6062897234426834,1.267257143675002,10.160943985543307
247540,2024-03-07,,,,,0.0,7.0,5.0,15.0,89.85483190266831,16.46216075925998,0.18320840861504215,2.6062897234426834,1.267257143675002,10.192058685009536
247540,2024-03-08,,,,,0.0,7.0,5.0,15.0,88.59937516949729,16.232150529090678,0.18320840861504215,2.6062897234426834,1.267257143675002,10.083157236877733
247540,2024-03-09,,,,,0.0,7.0,5.0,15.0,88.59937516949729,16.232150529090678,0.18320840861504215,2.6062897234426834,1.267257143675002,10.083157236877733
247540,2024-03-10,0.8576,6.0,0.0,0.3043,1.0,7.0,5.0,15.0,88.59937516949729,16.232150529090678,0.18320840861504215,2.6062897234426834,1.267257143675002,10.083157236877733
247540,2024-03-11,,,,,0.0,7.0,5.0,15.0,87.881971321971,16.100716111851078,0.18320840861504215,2.6062897234426834,1.267257143675002,10.020927837945274
247540,2024-03-12,,,,,0.0,7.0,5.0,15.0,93.97990402594449,17.21790865838768,0.18320840861504215,2.6062897234426834,1.267257143675002,10.549877728871177
247540,2024-03-13,,,,,0.0,7.0,5.0,15.0,94.87665883535236,17.382201679937182,0.18320840861504215,2.6062897234426834,1.267257143675002,10.62766447753675
247540,2024-03-14,-0.2155,4.0,0.0,0.2955,1.0,7.0,5.0,15.0,95.59406268287866,17.513636097176786,0.18320840861504215,2.6062897234426834,1.267257143675002,10.68989387646921
247540,2024-03-15,,,,,0.0,7.0,5.0,15.0,92.00704344524719,16.85646401097878,0.18320840861504215,2.6062897234426834,1.267257143675002,10.378746881806913
247540,2024-03-16,,,,,0.0,7.0,5.0,15.0,92.00704344524719,16.85646401097878,0.18320840861504215,2.6062897234426834,1.267257143675002,10.378746881806913
247540,2024-03-17,0.0002,3.0,0.0001,0.077,2.0,7.0,5.0,15.0,92.00704344524719,16.85646401097878,0.18320840861504215,2.6062897234426834,1.267257143675002,10.378746881806913
247540,2024-03-18,0.0,3.0,0.0,0.3158,1.0,7.0,5.0,15.0,96.13211556852337,17.612211910106485,0.18320840861504215,2.6062897234426834,1.267257143675002,10.736565925668554
247540,2024-03-19,0.0152,3.0,0.0,0.1489,1.0,7.0,5.0,15.0,97.38757230169439,17.842222140275787,0.18320840861504215,2.6062897234426834,1.267257143675002,10.845467373800357
247540,2024-03-20,,,,,0.0,7.0,5.0,15.0,95.05600979723394,17.415060284247083,0.18320840861504215,2.6062897234426834,1.267257143675002,10.643221827269866
247540,2024-03-21,,,,,0.0,7.0,5.0,15.0,99.00173095862856,18.137949579064887,0.18320840861504215,2.6062897234426834,1.267257143675002,10.98548352139839
247540,2024-03-22,0.9998,6.0,0.0,0.1429,1.0,7.0,5.0,15.0,99.36043288239169,18.20366678768469,0.18320840861504215,2.6062897234426834,1.267257143675002,11.01659822086462
247540,2024-03-23,,,,,0.0,7.0,5.0,15.0,99.36043288239169,18.20366678768469,0.18320840861504215,2.6062897234426834,1.267257143675002,11.01659822086462
247540,2024-03-24,,,,,0.0,7.0,5.0,15.0,99.36043288239169,18.20366678768469,0.18320840861504215,2.6062897234426834,1.267257143675002,11.01659822086462
247540,2024-03-25,0.9931,7.0,0.0082,0.2137,4.0,7.0,5.0,15.0,104.38225981507576,19.12370770836189,0.18320840861504215,2.6062897234426834,1.267257143675002,11.452204013391833
247540,2024-03-26,0.3335,5.0,0.4712,0.1965,3.0,7.0,5.0,15.0,104.92031270072047,19.222283521291594,0.18320840861504215,2.6062897234426834,1.267257143675002,11.49887606259118
247540,2024-03-27,0.0,3.0,0.0,0.2564,1.0,7.0,5.0,15.0,103.12680308190474,18.893697478192593,0.18320840861504215,2.6062897234426834,1.267257143675002,11.34330256526003
247540,2024-03-28,,,,,0.0,7.0,5.0,15.0,99.53978384427327,18.236525391994586,0.18320840861504215,2.6062897234426834,1.267257143675002,11.032155570597734
247540,2024-03-29,,,,,0.0,7.0,5.0,15.0,98.28432711110226,18.006515161825288,0.18320840861504215,2.6062897234426834,1.267257143675002,10.92325412246593
247540,2024-03-30,,,,,0.0,7.0,5.0,15.0,98.28432711110226,18.006515161825288,0.18320840861504215,2.6062897234426834,1.267257143675002,10.92325412246593
247540,2024-03-31,,,,,0.0,7.0,5.0,15.0,98.28432711110226,18.006515161825288,0.18320840861504215,2.6062897234426834,1.267257143675002,10.92325412246593
247540,2024-04-01,,,,,0.0,5.5,3.0,4.0,483.76779535270936,16.540822271542282,0.03419165647329327,0.28805034332448093,1.7271449504978689,7.652717102666886
247540,2024-04-02,,,,,0.0,5.5,3.0,4.0,467.6720091857061,15.990480680252519,0.03419165647329327,0.28805034332448093,1.7271449504978689,7.461531669922128
247540,2024-04-03,0.1122,3.0,0.0,0.18,1.0,5.5,3.0,4.0,439.0572782221447,15.012095629070721,0.03419165647329327,0.28805034332448093,1.7271449504978689,7.121646456153671
247540,2024-04-04,,,,,0.0,5.5,3.0,4.0,440.8456989073673,15.073244694769583,0.03419165647329327,0.28805034332448093,1.7271449504978689,7.1428892820142
247540,2024-04-05,,,,,0.0,5.5,3.0,4.0,428.3267541108092,14.645201234877547,0.03419165647329327,0.28805034332448093,1.7271449504978689,6.9941895009905
247540,2024-04-06,,,,,0.0,5.5,3.0,4.0,428.3267541108092,14.645201234877547,0.03419165647329327,0.28805034332448093,1.7271449504978689,6.9941895009905
247540,2024-04-07,,,,,0.0,5.5,3.0,4.0,428.3267541108092,14.645201234877547,0.03419165647329327,0.28805034332448093,1.7271449504978689,6.9941895009905
247540,2024-04-08,0.9965,6.0,0.0,0.1778,1.0,5.5,3.0,4.0,430.1151747960318,14.706350300576409,0.03419165647329327,0.28805034332448093,1.7271449504978689,7.015432326851029
247540,2024-04-09,,,,,0.0,5.5,3.0,4.0,422.96149205514143,14.46175403778096,0.03419165647329327,0.28805034332448093,1.7271449504978689,6.930461023408914
247540,2024-04-10,,,,,0.0,5.5,3.0,4.0,422.96149205514143,14.46175403778096,0.03419165647329327,0.28805034332448093,1.7271449504978689,6.930461023408914
247540,2024-04-11,,,,,0.0,5.5,3.0,4.0,427.43254376819795,14.614626702028115,0.03419165647329327,0.28805034332448093,1.7271449504978689,6.9835680880602355
247540,2024-04-12,,,,,0.0,5.5,3.0,4.0,408.65412657336077,13.97256151219006,0.03419165647329327,0.28805034332448093,1.7271449504978689,6.760518416524685
247540,2024-04-13,,,,,0.0,5.5,3.0,4.0,408.65412657336077,13.97256151219006,0.03419165647329327,0.28805034332448093,1.7271449504978689,6.760518416524685
247540,2024-04-14,,,,,0.0,5.5,3.0,4.0,408.65412657336077,13.97256151219006,0.03419165647329327,0.28805034332448093,1.7271449504978689,6.760518416524685
247540,2024-04-15,,,,,0.0,5.5,3.0,4.0,407.75991623074947,13.941986979340628,0.03419165647329327,0.28805034332448093,1.7271449504978689,6.7498970035944215
247540,2024-04-16,,,,,0.0,5.5,3.0,4.0,394.3467610915801,13.48336898659916,0.03419165647329327,0.28805034332448093,1.7271449504978689,6.590575809640457
247540,2024-04-17,,,,,0.0,5.5,3.0,4.0,384.5104473228559,13.147049125255418,0.03419165647329327,0.28805034332448093,1.7271449504978689,6.473740267407551
247540,2024-04-18,0.1434,3.0,0.0,0.098,1.0,5.5,3.0,4.0,409.5483369159721,14.003136045039492,0.03419165647329327,0.28805034332448093,1.7271449504978689,6.77113982945495
247540,2024-04-19,0.999,6.0,0.0,0.0769,1.0,5.5,3.0,4.0,406.86570588813817,13.911412446491198,0.03419165647329327,0.28805034332448093,1.7271449504978689,6.739275590664157
247540,2024-04-20,,,,,0.0,5.5,3.0,4.0,406.86570588813817,13.911412446491198,0.03419165647329327,0.28805034332448093,1.7271449504978689,6.739275590664157
247540,2024-04-21,,,,,0.0,5.5,3.0,4.0,406.86570588813817,13.911412446491198,0.03419165647329327,0.28805034332448093,1.7271449504978689,6.739275590664157
247540,2024-04-22,-0.0029,3.0,0.0,0.1136,1.0,5.5,3.0,4.0,429.2209644534205,14.675775767726977,0.03419165647329327,0.28805034332448093,1.7271449504978689,7.004810913920764
247540,2024-04-23,0.0002,3.0,0.0001,0.1218,2.0,5.5,3.0,4.0,417.5962299994737,14.278306840684373,0.03419165647329327,0.28805034332448093,1.7271449504978689,6.866732545827328
247540,2024-04-24,0.9998,6.0,0.0,0.34,1.0,5.5,3.0,4.0,439.0572782221447,15.012095629070721,0.03419165647329327,0.28805034332448093,1.7271449504978689,7.121646456153671
247540,2024-04-25,,,,,0.0,5.5,3.0,4.0,418.490440342085,14.308881373533803,0.03419165647329327,0.28805034332448093,1.7271449504978689,6.877353958757593
247540,2024-04-26,0.0021,3.0,0.0,0.2045,1.0,5.5,3.0,4.0,422.0672817125302,14.431179504931528,0.03419165647329327,0.28805034332448093,1.7271449504978689,6.9198396104786495
247540,2024-04-27,,,,,0.0,5.5,3.0,4.0,422.0672817125302,14.431179504931528,0.03419165647329327,0.28805034332448093,1.7271449504978689,6.9198396104786495
247540,2024-04-28,,,,,0.0,5.5,3.0,4.0,422.0672817125302,14.431179504931528,0.03419165647329327,0.28805034332448093,1.7271449504978689,6.9198396104786495
247540,2024-04-29,,,,,0.0,5.5,3.0,4.0,427.43254376819795,14.614626702028115,0.03419165647329327,0.28805034332448093,1.7271449504978689,6.9835680880602355
247540,2024-04-30,,,,,0.0,5.5,3.0,4.0,426.53833342558664,14.584052169178683,0.03419165647329327,0.28805034332448093,1.7271449504978689,6.972946675129971
247540,2024-05-01,,,,,0.0,5.5,3.0,5.0,426.53833342558664,14.584052169178683,0.03419165647329327,0.28805034332448093,1.7271449504978689,6.972946675129971
247540,2024-05-02,,,,,0.0,5.5,3.0,5.0,416.70201965686243,14.24773230783494,0.03419165647329327,0.28805034332448093,1.7271449504978689,6.856111132897064
247540,2024-05-03,-0.9997,6.0,0.0,0.223,2.0,5.5,3.0,5.0,404.1830748603043,13.819688847942905,0.03419165647329327,0.28805034332448093,1.7271449504978689,6.707411351873364
247540,2024-05-04,,,,,0.0,5.5,3.0,5.0,404.1830748603043,13.819688847942905,0.03419165647329327,0.28805034332448093,1.7271449504978689,6.707411351873364
247540,2024-05-05,,,,,0.0,5.5,3.0,5.0,404.1830748603043,13.819688847942905,0.03419165647329327,0.28805034332448093,1.7271449504978689,6.707411351873364
247540,2024-05-06,,,,,0.0,5.5,3.0,5.0,404.1830748603043,13.819688847942905,0.03419165647329327,0.28805034332448093,1.7271449504978689,6.707411351873364
247540,2024-05-07,-0.4999,5.0,0.8654,0.2977,4.0,5.5,3.0,5.0,398.81781280463656,13.636241650846317,0.03419165647329327,0.28805034332448093,1.7271449504978689,6.643682874291779
247540,2024-05-08,-0.9269,6.0,0.0,0.375,1.0,5.5,3.0,5.0,398.81781280463656,13.636241650846317,0.03419165647329327,0.28805034332448093,1.7271449504978689,6.643682874291779
247540,2024-05-09,,,,,0.0,5.5,3.0,5.0,394.3467610915801,13.48336898659916,0.03419165647329327,0.28805034332448093,1.7271449504978689,6.590575809640457
247540,2024-05-10,-0.9979,6.0,0.0,0.22,1.0,5.5,3.0,5.0,388.98149903591235,13.299921789502573,0.03419165647329327,0.28805034332448093,1.7271449504978689,6.526847332058872
247540,2024-05-11,,,,,0.0,5.5,3.0,5.0,388.98149903591235,13.299921789502573,0.03419165647329327,0.28805034332448093,1.7271449504978689,6.526847332058872
247540,2024-05-12,-0.9994,6.0,0.0,0.1818,1.0,5.5,3.0,5.0,388.98149903591235,13.299921789502573,0.03419165647329327,0.28805034332448093,1.7271449504978689,6.526847332058872
247540,2024-05-13,-0.9996,6.0,0.0,0.6,1.0,5.5,3.0,5.0,376.46255423935423,12.871878329610537,0.03419165647329327,0.28805034332448093,1.7271449504978689,6.3781475510351715
247540,2024-05-14,,,,,0.0,5.5,3.0,5.0,376.46255423935423,12.871878329610537,0.03419165647329327,0.28805034332448093,1.7271449504978689,6.3781475510351715
247540,2024-05-15,,,,,0.0,5.5,3.0,5.0,376.46255423935423,12.871878329610537,0.03419165647329327,0.28805034332448093,1.7271449504978689,6.3781475510351715
247540,2024-05-16,0.4562,4.0,0.4491,0.255,2.0,5.5,3.0,5.0,386.29886800807844,13.20819819095428,0.03419165647329327,0.28805034332448093,1.7271449504978689,6.494983093268079
247540,2024-05-17,,,,,0.0,5.5,3.0,5.0,380.0393956097994,12.994176461008262,0.03419165647329327,0.28805034332448093,1.7271449504978689,6.420633202756229
247540,2024-05-18,,,,,0.0,5.5,3.0,5.0,380.0393956097994,12.994176461008262,0.03419165647329327,0.28805034332448093,1.7271449504978689,6.420633202756229
247540,2024-05-19,,,,,0.0,5.5,3.0,5.0,380.0393956097994,12.994176461008262,0.03419165647329327,0.28805034332448093,1.7271449504978689,6.420633202756229
247540,2024-05-20,,,,,0.0,5.5,3.0,5.0,380.9336059524107,13.024750993857692,0.03419165647329327,0.28805034332448093,1.7271449504978689,6.431254615686493
247540,2024-05-21,,,,,0.0,5.5,3.0,5.0,363.9436094427961,12.4438348697185,0.03419165647329327,0.28805034332448093,1.7271449504978689,6.229447770011472
247540,2024-05-22,,,,,0.0,5.5,3.0,5.0,364.8378197854074,12.47440940256793,0.03419165647329327,0.28805034332448093,1.7271449504978689,6.2400691829417365
247540,2024-05-23,,,,,0.0,5.5,3.0,5.0,362.15518875757357,12.382685804019637,0.03419165647329327,0.28805034332448093,1.7271449504978689,6.2082049441509435
247540,2024-05-24,,,,,0.0,5.5,3.0,5.0,350.88813844067124,11.997446690116805,0.03419165647329327,0.28805034332448093,1.7271449504978689,6.074375141229614
247540,2024-05-25,,,,,0.0,5.5,3.0,5.0,350.88813844067124,11.997446690116805,0.03419165647329327,0.28805034332448093,1.7271449504978689,6.074375141229614
247540,2024-05-26,,,,,0.0,5.5,3.0,5.0,350.88813844067124,11.997446690116805,0.03419165647329327,0.28805034332448093,1.7271449504978689,6.074375141229614
247540,2024-05-27,-0.9996,6.0,0.0,0.3333,1.0,5.5,3.0,5.0,372.8857128689091,12.749580198212811,0.03419165647329327,0.28805034332448093,1.7271449504978689,6.335661899314115
247540,2024-05-28,-0.663,6.0,0.4689,0.2773,3.0,5.5,3.0,5.0,355.1803480852055,12.144204447794074,0.03419165647329327,0.28805034332448093,1.7271449504978689,6.1253579232948825
247540,2024-05-29,-0.7018,6.0,0.411,0.385,4.0,5.5,3.0,5.0,335.3288784792348,11.465449818536701,0.03419165647329327,0.28805034332448093,1.7271449504978689,5.889562556243015
247540,2024-05-30,-0.999,6.0,0.0,0.5652,1.0,5.5,3.0,5.0,332.2885633143564,11.361496406848635,0.03419165647329327,0.28805034332448093,1.7271449504978689,5.853449752280116
247540,2024-05-31,,,,,0.0,5.5,3.0,5.0,342.1248770830806,11.697816268192378,0.03419165647329327,0.28805034332448093,1.7271449504978689,5.970285294513023
247540,2024-06-01,,,,,0.0,5.5,3.0,6.0,342.1248770830806,11.697816268192378,0.03419165647329327,0.28805034332448093,1.7271449504978689,5.970285294513023
247540,2024-06-02,,,,,0.0,5.5,3.0,6.0,342.1248770830806,11.697816268192378,0.03419165647329327,0.28805034332448093,1.7271449504978689,5.970285294513023
247540,2024-06-03,0.9998,6.0,0.0,0.1905,1.0,5.5,3.0,6.0,336.2230888218461,11.496024351386133,0.03419165647329327,0.28805034332448093,1.7271449504978689,5.90018396917328
247540,2024-06-04,,,,,0.0,5.5,3.0,6.0,341.94603501455833,11.691701361622492,0.03419165647329327,0.28805034332448093,1.7271449504978689,5.968161011926971
247540,2024-06-05,0.4999,4.0,0.4999,0.1688,2.0,5.5,3.0,6.0,363.04939910018487,12.413260336869069,0.03419165647329327,0.28805034332448093,1.7271449504978689,6.218826357081207
247540,2024-06-06,0.0027,3.0,0.0,0.537,1.0,5.5,3.0,6.0,363.04939910018487,12.413260336869069,0.03419165647329327,0.28805034332448093,1.7271449504978689,6.218826357081207
247540,2024-06-07,0.5382,5.0,0.431,0.2937,2.0,5.5,3.0,6.0,397.02939211941396,13.575092585147454,0.03419165647329327,0.28805034332448093,1.7271449504978689,6.62244004843125
247540,2024-06-08,,,,,0.0,5.5,3.0,6.0,397.02939211941396,13.575092585147454,0.03419165647329327,0.28805034332448093,1.7271449504978689,6.62244004843125
247540,2024-06-09,,,,,0.0,5.5,3.0,6.0,397.02939211941396,13.575092585147454,0.03419165647329327,0.28805034332448093,1.7271449504978689,6.62244004843125
247540,2024-06-10,-0.4996,4.0,0.4996,0.2702,2.0,5.5,3.0,6.0,385.40465766546714,13.17762365810485,0.03419165647329327,0.28805034332448093,1.7271449504978689,6.484361680337814
247540,2024-06-11,0.9998,6.0,0.0,0.1795,1.0,5.5,3.0,6.0,381.827816295022,13.055325526707124,0.03419165647329327,0.28805034332448093,1.7271449504978689,6.441876028616758
247540,2024-06-12,0.123,3.0,0.0,0.25,1.0,5.5,3.0,6.0,374.67413355413163,12.810729263911675,0.03419165647329327,0.28805034332448093,1.7271449504978689,6.356904725174643
247540,2024-06-13,,,,,0.0,5.5,3.0,6.0,373.7799232115204,12.780154731062243,0.03419165647329327,0.28805034332448093,1.7271449504978689,6.346283312244379
247540,2024-06-14,,,,,0.0,5.5,3.0,6.0,358.57834738712836,12.260387672621913,0.03419165647329327,0.28805034332448093,1.7271449504978689,6.165719292429886
247540,2024-06-15,,,,,0.0,5.5,3.0,6.0,358.57834738712836,12.260387672621913,0.03419165647329327,0.28805034332448093,1.7271449504978689,6.165719292429886
247540,2024-06-16,,,,,0.0,5.5,3.0,6.0,358.57834738712836,12.260387672621913,0.03419165647329327,0.28805034332448093,1.7271449504978689,6.165719292429886
247540,2024-06-17,-0.9971,7.0,0.0025,0.1615,5.0,5.5,3.0,6.0,355.71687429077224,12.162549167503732,0.03419165647329327,0.28805034332448093,1.7271449504978689,6.13173077105304
247540,2024-06-18,-0.9992,6.0,0.0,0.4681,1.0,5.5,3.0,6.0,342.66140328864736,11.716160987902038,0.03419165647329327,0.28805034332448093,1.7271449504978689,5.976658142271182
247540,2024-06-19,,,,,0.0,5.5,3.0,6.0,347.1324550017038,11.869033652149193,0.03419165647329327,0.28805034332448093,1.7271449504978689,6.029765206922503
247540,2024-06-20,0.891,6.0,0.0,0.1951,1.0,5.5,3.0,6.0,336.4019308903683,11.502139257956019,0.03419165647329327,0.28805034332448093,1.7271449504978689,5.902308251759332
247540,2024-06-21,0.2268,4.0,0.0,0.2407,1.0,5.5,3.0,6.0,333.71929986253446,11.410415659407725,0.03419165647329327,0.28805034332448093,1.7271449504978689,5.870444012968539
247540,2024-06-22,,,,,0.0,5.5,3.0,6.0,333.71929986253446,11.410415659407725,0.03419165647329327,0.28805034332448093,1.7271449504978689,5.870444012968539
247540,2024-06-23,,,,,0.0,5.5,3.0,6.0,333.71929986253446,11.410415659407725,0.03419165647329327,0.28805034332448093,1.7271449504978689,5.870444012968539
247540,2024-06-24,-0.9978,6.0,0.0,0.4375,1.0,5.5,3.0,6.0,325.6714067790328,11.135244863762845,0.03419165647329327,0.28805034332448093,1.7271449504978689,5.774851296596161
247540,2024-06-25,,,,,0.0,5.5,3.0,6.0,320.6638288604096,10.96402747980603,0.03419165647329327,0.28805034332448093,1.7271449504978689,5.715371384186681
247540,2024-06-26,,,,,0.0,5.5,3.0,6.0,319.05425024370925,10.908993320677054,0.03419165647329327,0.28805034332448093,1.7271449504978689,5.696252840912205
247540,2024-06-27,-0.8896,6.0,0.0,0.3265,1.0,5.5,3.0,6.0,318.3388819696202,10.884533694397508,0.03419165647329327,0.28805034332448093,1.7271449504978689,5.687755710567994
247540,2024-06-28,,,,,0.0,5.5,3.0,6.0,327.2809853957331,11.19027902289182,0.03419165647329327,0.28805034332448093,1.7271449504978689,5.793969839870637
247540,2024-06-29,,,,,0.0,5.5,3.0,6.0,327.2809853957331,11.19027902289182,0.03419165647329327,0.28805034332448093,1.7271449504978689,5.793969839870637
247540,2024-06-30,0.9029,6.0,0.0942,0.2113,2.0,5.5,3.0,6.0,327.2809853957331,11.19027902289182,0.03419165647329327,0.28805034332448093,1.7271449504978689,5.793969839870637
247540,2024-07-01,,,,,0.0,5.5,3.0,7.0,337.11729916445734,11.526598884235563,0.03419165647329327,0.28805034332448093,1.7271449504978689,5.910805382103544
247540,2024-07-02,,,,,0.0,5.5,3.0,7.0,326.3867750531218,11.159704490042389,0.03419165647329327,0.28805034332448093,1.7271449504978689,5.783348426940372
247540,2024-07-03,0.801,5.0,0.1988,0.3184,2.0,5.5,3.0,7.0,341.58835087751385,11.67947154848272,0.03419165647329327,0.28805034332448093,1.7271449504978689,5.963912446754866
247540,2024-07-04,-0.3243,4.0,0.6732,0.4808,2.0,5.5,3.0,7.0,338.01150950706864,11.557173417084995,0.03419165647329327,0.28805034332448093,1.7271449504978689,5.921426795033808
247540,2024-07-05,,,,,0.0,5.5,3.0,7.0,339.9787722608135,11.624437389353744,0.03419165647329327,0.28805034332448093,1.7271449504978689,5.94479390348039
247540,2024-07-06,,,,,0.0,5.5,3.0,7.0,339.9787722608135,11.624437389353744,0.03419165647329327,0.28805034332448093,1.7271449504978689,5.94479390348039
247540,2024-07-07,,,,,0.0,5.5,3.0,7.0,339.9787722608135,11.624437389353744,0.03419165647329327,0.28805034332448093,1.7271449504978689,5.94479390348039
247540,2024-07-08,,,,,0.0,5.5,3.0,7.0,355.1803480852055,12.144204447794074,0.03419165647329327,0.28805034332448093,1.7271449504978689,6.1253579232948825
247540,2024-07-09,,,,,0.0,5.5,3.0,7.0,346.59592879613706,11.850688932439535,0.03419165647329327,0.28805034332448093,1.7271449504978689,6.023392359164345
247540,2024-07-10,-0.3281,4.0,0.3013,0.1735,2.0,5.5,3.0,7.0,338.90571984967994,11.587747949934426,0.03419165647329327,0.28805034332448093,1.7271449504978689,5.932048207964073
247540,2024-07-11,,,,,0.0,5.5,3.0,7.0,338.01150950706864,11.557173417084995,0.03419165647329327,0.28805034332448093,1.7271449504978689,5.921426795033808
247540,2024-07-12,,,,,0.0,5.5,3.0,7.0,349.99392809806,11.966872157267373,0.03419165647329327,0.28805034332448093,1.7271449504978689,6.063753728299349
247540,2024-07-13,,,,,0.0,5.5,3.0,7.0,349.99392809806,11.966872157267373,0.03419165647329327,0.28805034332448093,1.7271449504978689,6.063753728299349
247540,2024-07-14,,,,,0.0,5.5,3.0,7.0,349.99392809806,11.966872157267373,0.03419165647329327,0.28805034332448093,1.7271449504978689,6.063753728299349
247540,2024-07-15,,,,,0.0,5.5,3.0,7.0,347.66898120727063,11.887378371858851,0.03419165647329327,0.28805034332448093,1.7271449504978689,6.036138054680662
247540,2024-07-16,,,,,0.0,5.5,3.0,7.0,327.63866953277767,11.202508836031592,0.03419165647329327,0.28805034332448093,1.7271449504978689,5.798218405042742
247540,2024-07-17,,,,,0.0,5.5,3.0,7.0,320.1273026548428,10.945682760096371,0.03419165647329327,0.28805034332448093,1.7271449504978689,5.708998536428522
247540,2024-07-18,,,,,0.0,5.5,3.0,7.0,325.85024884755506,11.14135977033273,0.03419165647329327,0.28805034332448093,1.7271449504978689,5.7769755791822135
247540,2024-07-19,,,,,0.0,5.5,3.0,7.0,346.9536129331816,11.862918745579307,0.03419165647329327,0.28805034332448093,1.7271449504978689,6.027640924336451
247540,2024-07-20,,,,,0.0,5.5,3.0,7.0,346.9536129331816,11.862918745579307,0.03419165647329327,0.28805034332448093,1.7271449504978689,6.027640924336451
247540,2024-07-21,,,,,0.0,5.5,3.0,7.0,346.9536129331816,11.862918745579307,0.03419165647329327,0.28805034332448093,1.7271449504978689,6.027640924336451
247540,2024-07-22,-0.9997,6.0,0.0,0.3333,1.0,5.5,3.0,7.0,323.88298609381025,11.074095798063983,0.03419165647329327,0.28805034332448093,1.7271449504978689,5.7536084707356325
247540,2024-07-23,0.9998,6.0,0.0,0.125,1.0,5.5,3.0,7.0,320.1273026548428,10.945682760096371,0.03419165647329327,0.28805034332448093,1.7271449504978689,5.708998536428522
247540,2024-07-24,,,,,0.0,5.5,3.0,7.0,319.41193438075373,10.921223133816826,0.03419165647329327,0.28805034332448093,1.7271449504978689,5.700501406084311
247540,2024-07-25,,,,,0.0,5.5,3.0,7.0,323.5253019567657,11.061865984924209,0.03419165647329327,0.28805034332448093,1.7271449504978689,5.7493599055635265
247540,2024-07-26,,,,,0.0,5.5,3.0,7.0,311.18519922872986,10.639937431602059,0.03419165647329327,0.28805034332448093,1.7271449504978689,5.602784407125879
247540,2024-07-27,,,,,0.0,5.5,3.0,7.0,311.18519922872986,10.639937431602059,0.03419165647329327,0.28805034332448093,1.7271449504978689,5.602784407125879
247540,2024-07-28,,,,,0.0,5.5,3.0,7.0,311.18519922872986,10.639937431602059,0.03419165647329327,0.28805034332448093,1.7271449504978689,5.602784407125879
247540,2024-07-29,0.0,3.0,0.0,0.1351,1.0,5.5,3.0,7.0,318.6965661066647,10.896763507537282,0.03419165647329327,0.28805034332448093,1.7271449504978689,5.692004275740099
247540,2024-07-30,0.0,3.0,0.9998,0.2958,2.0,5.5,3.0,7.0,335.3288784792348,11.465449818536701,0.03419165647329327,0.28805034332448093,1.7271449504978689,5.889562556243015
247540,2024-07-31,-0.9985,7.0,0.0015,0.4184,3.0,5.5,3.0,7.0,321.7368812715431,11.000716919225347,0.03419165647329327,0.28805034332448093,1.7271449504978689,5.728117079702998
247540,2024-08-01,-0.9988,8.0,0.0013,0.2976,6.0,5.5,3.0,8.0,331.03666883470055,11.318692060859432,0.03419165647329327,0.28805034332448093,1.7271449504978689,5.838579774177746
247540,2024-08-02,-0.1595,3.0,0.0,0.3542,1.0,5.5,3.0,8.0,332.4674053828786,11.367611313418521,0.03419165647329327,0.28805034332448093,1.7271449504978689,5.855574034866169
247540,2024-08-03,,,,,0.0,5.5,3.0,8.0,332.4674053828786,11.367611313418521,0.03419165647329327,0.28805034332448093,1.7271449504978689,5.855574034866169
247540,2024-08-04,,,,,0.0,5.5,3.0,8.0,332.4674053828786,11.367611313418521,0.03419165647329327,0.28805034332448093,1.7271449504978689,5.855574034866169
247540,2024-08-05,,,,,0.0,5.5,3.0,8.0,294.9105709932043,10.083480933742411,0.03419165647329327,0.28805034332448093,1.7271449504978689,5.4094746917950705
247540,2024-08-06,,,,,0.0,5.5,3.0,8.0,323.704144025288,11.067980891494095,0.03419165647329327,0.28805034332448093,1.7271449504978689,5.751484188149579
247540,2024-08-07,0.0,3.0,0.0,0.0408,1.0,5.5,3.0,8.0,311.5428833657744,10.65216724474183,0.03419165647329327,0.28805034332448093,1.7271449504978689,5.607032972297985
247540,2024-08-08,,,,,0.0,5.5,3.0,8.0,297.5932020210382,10.175204532290705,0.03419165647329327,0.28805034332448093,1.7271449504978689,5.441338930585863
247540,2024-08-09,0.5095,5.0,0.4901,0.3913,2.0,5.5,3.0,8.0,320.4849867918873,10.957912573236143,0.03419165647329327,0.28805034332448093,1.7271449504978689,5.713247101600627
247540,2024-08-10,,,,,0.0,5.5,3.0,8.0,320.4849867918873,10.957912573236143,0.03419165647329327,0.28805034332448093,1.7271449504978689,5.713247101600627
247540,2024-08-11,,,,,0.0,5.5,3.0,8.0,320.4849867918873,10.957912573236143,0.03419165647329327,0.28805034332448093,1.7271449504978689,5.713247101600627
247540,2024-08-12,,,,,0.0,5.5,3.0,8.0,321.91572334006537,11.006831825795233,0.03419165647329327,0.28805034332448093,1.7271449504978689,5.730241362289051
247540,2024-08-13,-0.1305,3.0,0.0,0.2941,1.0,5.5,3.0,8.0,322.6310916141544,11.031291452074779,0.03419165647329327,0.28805034332448093,1.7271449504978689,5.738738492633263
247540,2024-08-14,0.2523,4.0,0.747,0.2068,2.0,5.5,3.0,8.0,332.6462474514009,11.373726219988407,0.03419165647329327,0.28805034332448093,1.7271449504978689,5.857698317452222
247540,2024-08-15,,,,,0.0,5.5,3.0,8.0,332.6462474514009,11.373726219988407,0.03419165647329327,0.28805034332448093,1.7271449504978689,5.857698317452222
247540,2024-08-16,,,,,0.0,5.5,3.0,8.0,325.6714067790328,11.135244863762845,0.03419165647329327,0.28805034332448093,1.7271449504978689,5.774851296596161
247540,2024-08-17,,,,,0.0,5.5,3.0,8.0,325.6714067790328,11.135244863762845,0.03419165647329327,0.28805034332448093,1.7271449504978689,5.774851296596161
247540,2024-08-18,,,,,0.0,5.5,3.0,8.0,325.6714067790328,11.135244863762845,0.03419165647329327,0.28805034332448093,1.7271449504978689,5.774851296596161
247540,2024-08-19,,,,,0.0,5.5,3.0,8.0,308.32372613237374,10.54209892648388,0.03419165647329327,0.28805034332448093,1.7271449504978689,5.568795885749034
247540,2024-08-20,0.338,5.0,0.9359,0.149,3.0,5.5,3.0,8.0,306.8929895841957,10.49317967392479,0.03419165647329327,0.28805034332448093,1.7271449504978689,5.551801625060611
247540,2024-08-21,,,,,0.0,5.5,3.0,8.0,315.2985668047418,10.780580282709442,0.03419165647329327,0.28805034332448093,1.7271449504978689,5.651642906605096
247540,2024-08-22,0.0001,3.0,0.9997,0.3496,2.0,5.5,3.0,8.0,323.5253019567657,11.061865984924209,0.03419165647329327,0.28805034332448093,1.7271449504978689,5.7493599055635265
247540,2024-08-23,,,,,0.0,5.5,3.0,8.0,311.18519922872986,10.639937431602059,0.03419165647329327,0.28805034332448093,1.7271449504978689,5.602784407125879
247540,2024-08-24,,,,,0.0,5.5,3.0,8.0,311.18519922872986,10.639937431602059,0.03419165647329327,0.28805034332448093,1.7271449504978689,5.602784407125879
247540,2024-08-25,,,,,0.0,5.5,3.0,8.0,311.18519922872986,10.639937431602059,0.03419165647329327,0.28805034332448093,1.7271449504978689,5.602784407125879
247540,2024-08-26,,,,,0.0,5.5,3.0,8.0,310.82751509168537,10.627707618462287,0.03419165647329327,0.28805034332448093,1.7271449504978689,5.598535841953774
247540,2024-08-27,0.3121,5.0,0.4355,0.3506,3.0,5.5,3.0,8.0,304.21035855636177,10.401456075376496,0.03419165647329327,0.28805034332448093,1.7271449504978689,5.5199373862698184
247540,2024-08-28,,,,,0.0,5.5,3.0,8.0,295.26825513024886,10.095710746882183,0.03419165647329327,0.28805034332448093,1.7271449504978689,5.413723256967176
247540,2024-08-29,-0.9997,6.0,0.0,0.4468,1.0,5.5,3.0,8.0,301.34888546000565,10.303617570258316,0.03419165647329327,0.28805034332448093,1.7271449504978689,5.485948864892972
247540,2024-08-30,,,,,0.0,5.5,3.0,8.0,300.9912013229611,10.291387757118542,0.03419165647329327,0.28805034332448093,1.7271449504978689,5.481700299720867
247540,2024-08-31,0.9983,6.0,0.0,0.3778,1.0,5.5,3.0,8.0,300.9912013229611,10.291387757118542,0.03419165647329327,0.28805034332448093,1.7271449504978689,5.481700299720867
247540,2024-09-01,0.0013,3.0,0.0012,0.1389,2.0,5.5,3.0,9.0,300.9912013229611,10.291387757118542,0.03419165647329327,0.28805034332448093,1.7271449504978689,5.481700299720867
247540,2024-09-02,0.6092,6.0,0.4783,0.305,5.0,5.5,3.0,9.0,325.13488057346603,11.116900144053185,0.03419165647329327,0.28805034332448093,1.7271449504978689,5.768478448838002
247540,2024-09-03,0.9998,6.0,0.0,0.6087,1.0,5.5,3.0,9.0,312.07940957134116,10.67051196445149,0.03419165647329327,0.28805034332448093,1.7271449504978689,5.613405820056144
247540,2024-09-04,,,,,0.0,5.5,3.0,9.0,304.5680426934063,10.413685888516268,0.03419165647329327,0.28805034332448093,1.7271449504978689,5.524185951441924
247540,2024-09-05,-0.0214,3.0,0.0,0.2264,1.0,5.5,3.0,9.0,298.845096500694,10.218008878279909,0.03419165647329327,0.28805034332448093,1.7271449504978689,5.456208908688232
247540,2024-09-06,,,,,0.0,5.5,3.0,9.0,282.74931033369074,9.667667286990147,0.03419165647329327,0.28805034332448093,1.7271449504978689,5.265023475943476
247540,2024-09-07,0.9998,6.0,0.0,0.05,1.0,5.5,3.0,9.0,282.74931033369074,9.667667286990147,0.03419165647329327,0.28805034332448093,1.7271449504978689,5.265023475943476
247540,2024-09-08,,,,,0.0,5.5,3.0,9.0,282.74931033369074,9.667667286990147,0.03419165647329327,0.28805034332448093,1.7271449504978689,5.265023475943476
247540,2024-09-09,-0.7499,6.0,0.4326,0.3085,4.0,5.5,3.0,9.0,271.12457587974393,9.27019835994754,0.03419165647329327,0.28805034332448093,1.7271449504978689,5.12694510785004
247540,2024-09-10,-0.0,3.0,0.0,0.7255,1.0,5.5,3.0,9.0,265.93815589259845,9.09286606942084,0.03419165647329327,0.28805034332448093,1.7271449504978689,5.0653409128545075
247540,2024-09-11,0.0349,3.0,0.0,0.1042,1.0,5.5,3.0,9.0,274.8802593187114,9.398611397915152,0.03419165647329327,0.28805034332448093,1.7271449504978689,5.17155504215715
247540,2024-09-12,0.0001,3.0,0.0,0.3542,1.0,5.5,3.0,9.0,281.3185737855127,9.618748034431057,0.03419165647329327,0.28805034332448093,1.7271449504978689,5.248029215255053
247540,2024-09-13,,,,,0.0,5.5,3.0,9.0,284.53773101891335,9.728816352689009,0.03419165647329327,0.28805034332448093,1.7271449504978689,5.286266301804004
247540,2024-09-14,,,,,0.0,5.5,3.0,9.0,284.53773101891335,9.728816352689009,0.03419165647329327,0.28805034332448093,1.7271449504978689,5.286266301804004
247540,2024-09-15,,,,,0.0,5.5,3.0,9.0,284.53773101891335,9.728816352689009,0.03419165647329327,0.28805034332448093,1.7271449504978689,5.286266301804004
247540,2024-09-16,,,,,0.0,5.5,3.0,9.0,284.53773101891335,9.728816352689009,0.03419165647329327,0.28805034332448093,1.7271449504978689,5.286266301804004
247540,2024-09-17,,,,,0.0,5.5,3.0,9.0,284.53773101891335,9.728816352689009,0.03419165647329327,0.28805034332448093,1.7271449504978689,5.286266301804004
247540,2024-09-18,,,,,0.0,5.5,3.0,9.0,284.53773101891335,9.728816352689009,0.03419165647329327,0.28805034332448093,1.7271449504978689,5.286266301804004
247540,2024-09-19,,,,,0.0,5.5,3.0,9.0,282.74931033369074,9.667667286990147,0.03419165647329327,0.28805034332448093,1.7271449504978689,5.265023475943476
247540,2024-09-20,,,,,0.0,5.5,3.0,9.0,287.57804618379174,9.832769764377074,0.03419165647329327,0.28805034332448093,1.7271449504978689,5.3223791057669025
247540,2024-09-21,,,,,0.0,5.5,3.0,9.0,287.57804618379174,9.832769764377074,0.03419165647329327,0.28805034332448093,1.7271449504978689,5.3223791057669025
247540,2024-09-22,,,,,0.0,5.5,3.0,9.0,287.57804618379174,9.832769764377074,0.03419165647329327,0.28805034332448093,1.7271449504978689,5.3223791057669025
247540,2024-09-23,,,,,0.0,5.5,3.0,9.0,302.958464076706,10.358651729387292,0.03419165647329327,0.28805034332448093,1.7271449504978689,5.505067408167449
247540,2024-09-24,,,,,0.0,5.5,3.0,9.0,322.2734074771099,11.019061638935005,0.03419165647329327,0.28805034332448093,1.7271449504978689,5.734489927461157
247540,2024-09-25,,,,,0.0,5.5,3.0,9.0,319.7696185177983,10.933452946956598,0.03419165647329327,0.28805034332448093,1.7271449504978689,5.704749971256417
247540,2024-09-26,0.9998,7.0,0.0,0.0461,3.0,5.5,3.0,9.0,339.0845619182022,11.593862856504312,0.03419165647329327,0.28805034332448093,1.7271449504978689,5.934172490550125
247540,2024-09-27,0.7529,5.0,0.0,0.1591,1.0,5.5,3.0,9.0,340.5152984663803,11.642782109063402,0.03419165647329327,0.28805034332448093,1.7271449504978689,5.9511667512385475
247540,2024-09-28,0.0,3.0,0.0,0.2143,1.0,5.5,3.0,9.0,340.5152984663803,11.642782109063402,0.03419165647329327,0.28805034332448093,1.7271449504978689,5.9511667512385475
247540,2024-09-29,0.9935,6.0,0.0,0.2174,1.0,5.5,3.0,9.0,340.5152984663803,11.642782109063402,0.03419165647329327,0.28805034332448093,1.7271449504978689,5.9511667512385475
247540,2024-09-30,,,,,0.0,5.5,3.0,9.0,329.96361642356703,11.282002621440114,0.03419165647329327,0.28805034332448093,1.7271449504978689,5.82583407866143
247540,2024-10-01,,,,,0.0,5.5,3.0,10.0,329.96361642356703,11.282002621440114,0.03419165647329327,0.28805034332448093,1.7271449504978689,5.82583407866143
247540,2024-10-02,0.0001,3.0,0.0,0.2609,1.0,5.5,3.0,10.0,339.9787722608135,11.624437389353744,0.03419165647329327,0.28805034332448093,1.7271449504978689,5.94479390348039
247540,2024-10-03,,,,,0.0,5.5,3.0,10.0,339.9787722608135,11.624437389353744,0.03419165647329327,0.28805034332448093,1.7271449504978689,5.94479390348039
247540,2024-10-04,,,,,0.0,5.5,3.0,10.0,327.99635366982216,11.214738649171366,0.03419165647329327,0.28805034332448093,1.7271449504978689,5.802466970214848
247540,2024-10-05,,,,,0.0,5.5,3.0,10.0,327.99635366982216,11.214738649171366,0.03419165647329327,0.28805034332448093,1.7271449504978689,5.802466970214848
247540,2024-10-06,,,,,0.0,5.5,3.0,10.0,327.99635366982216,11.214738649171366,0.03419165647329327,0.28805034332448093,1.7271449504978689,5.802466970214848
247540,2024-10-07,,,,,0.0,5.5,3.0,10.0,344.62866604239224,11.783424960170786,0.03419165647329327,0.28805034332448093,1.7271449504978689,6.000025250717764
247540,2024-10-08,,,,,0.0,5.5,3.0,10.0,345.165192247959,11.801769679880444,0.03419165647329327,0.28805034332448093,1.7271449504978689,6.006398098475922
247540,2024-10-09,0.999,6.0,0.0,0.3061,1.0,5.5,3.0,10.0,345.165192247959,11.801769679880444,0.03419165647329327,0.28805034332448093,1.7271449504978689,6.006398098475922
247540,2024-10-10,,,,,0.0,5.5,3.0,10.0,333.18277365696764,11.392070939698067,0.03419165647329327,0.28805034332448093,1.7271449504978689,5.8640711652103805
247540,2024-10-11,,,,,0.0,5.5,3.0,10.0,323.5253019567657,11.061865984924209,0.03419165647329327,0.28805034332448093,1.7271449504978689,5.7493599055635265
247540,2024-10-12,,,,,0.0,5.5,3.0,10.0,323.5253019567657,11.061865984924209,0.03419165647329327,0.28805034332448093,1.7271449504978689,5.7493599055635265
247540,2024-10-13,,,,,0.0,5.5,3.0,10.0,323.5253019567657,11.061865984924209,0.03419165647329327,0.28805034332448093,1.7271449504978689,5.7493599055635265
247540,2024-10-14,,,,,0.0,5.5,3.0,10.0,314.5831985306528,10.756120656429898,0.03419165647329327,0.28805034332448093,1.7271449504978689,5.643145776260884
247540,2024-10-15,,,,,0.0,5.5,3.0,10.0,305.9987792415844,10.462605141075358,0.03419165647329327,0.28805034332448093,1.7271449504978689,5.541180212130347
247540,2024-10-16,,,,,0.0,5.5,3.0,10.0,302.24309580261695,10.334192103107746,0.03419165647329327,0.28805034332448093,1.7271449504978689,5.496570277823237
247540,2024-10-17,,,,,0.0,5.5,3.0,10.0,297.5932020210382,10.175204532290705,0.03419165647329327,0.28805034332448093,1.7271449504978689,5.441338930585863
247540,2024-10-18,-0.9994,6.0,0.0001,0.2173,2.0,5.5,3.0,10.0,291.6914137598037,9.973412615484458,0.03419165647329327,0.28805034332448093,1.7271449504978689,5.371237605246119
247540,2024-10-19,-0.9997,6.0,0.0,0.4286,1.0,5.5,3.0,10.0,291.6914137598037,9.973412615484458,0.03419165647329327,0.28805034332448093,1.7271449504978689,5.371237605246119
247540,2024-10-20,,,,,0.0,5.5,3.0,10.0,291.6914137598037,9.973412615484458,0.03419165647329327,0.28805034332448093,1.7271449504978689,5.371237605246119
247540,2024-10-21,,,,,0.0,5.5,3.0,10.0,294.9105709932043,10.083480933742411,0.03419165647329327,0.28805034332448093,1.7271449504978689,5.4094746917950705
247540,2024-10-22,,,,,0.0,5.5,3.0,10.0,280.24552137437917,9.58205859501174,0.03419165647329327,0.28805034332448093,1.7271449504978689,5.235283519738736
247540,2024-10-23,0.0003,3.0,0.0005,0.1277,2.0,5.5,3.0,10.0,290.0818351431034,9.918378456355482,0.03419165647329327,0.28805034332448093,1.7271449504978689,5.352119061971643
247540,2024-10-24,-0.4998,4.0,0.4997,0.449,2.0,5.5,3.0,10.0,280.0666793058569,9.575943688441853,0.03419165647329327,0.28805034332448093,1.7271449504978689,5.233159237152683
247540,2024-10-25,,,,,0.0,5.5,3.0,10.0,281.85509999107944,9.637092754140715,0.03419165647329327,0.28805034332448093,1.7271449504978689,5.254402063013211
247540,2024-10-26,,,,,0.0,5.5,3.0,10.0,281.85509999107944,9.637092754140715,0.03419165647329327,0.28805034332448093,1.7271449504978689,5.254402063013211
247540,2024-10-27,0.9993,6.0,0.0,0.1429,1.0,5.5,3.0,10.0,281.85509999107944,9.637092754140715,0.03419165647329327,0.28805034332448093,1.7271449504978689,5.254402063013211
247540,2024-10-28,-0.9995,6.0,0.0,0.1667,1.0,5.5,3.0,10.0,307.6083578582847,10.517639300204333,0.03419165647329327,0.28805034332448093,1.7271449504978689,5.560298755404823
247540,2024-10-29,0.0005,3.0,0.0,0.2105,1.0,5.5,3.0,10.0,310.82751509168537,10.627707618462287,0.03419165647329327,0.28805034332448093,1.7271449504978689,5.598535841953774
247540,2024-10-30,,,,,0.0,5.5,3.0,10.0,304.38920062488404,10.407570981946382,0.03419165647329327,0.28805034332448093,1.7271449504978689,5.522061668855871
247540,2024-10-31,0.3333,5.0,0.9426,0.2089,3.0,5.5,3.0,10.0,304.9257268304508,10.42591570165604,0.03419165647329327,0.28805034332448093,1.7271449504978689,5.52843451661403
247540,2024-11-01,-0.0219,4.0,0.7896,0.3194,3.0,5.5,3.0,11.0,303.49499028227274,10.37699644909695,0.03419165647329327,0.28805034332448093,1.7271449504978689,5.511440255925607
247540,2024-11-02,,,,,0.0,5.5,3.0,11.0,303.49499028227274,10.37699644909695,0.03419165647329327,0.28805034332448093,1.7271449504978689,5.511440255925607
247540,2024-11-03,-0.9997,6.0,0.0,0.1818,1.0,5.5,3.0,11.0,303.49499028227274,10.37699644909695,0.03419165647329327,0.28805034332448093,1.7271449504978689,5.511440255925607
247540,2024-11-04,-0.4997,4.0,0.5,0.2411,2.0,5.5,3.0,11.0,325.4925647105106,11.129129957192958,0.03419165647329327,0.28805034332448093,1.7271449504978689,5.772727014010108
247540,2024-11-05,0.3211,4.0,0.321,0.2074,2.0,5.5,3.0,11.0,319.2330923122315,10.91510822724694,0.03419165647329327,0.28805034332448093,1.7271449504978689,5.698377123498258
247540,2024-11-06,0.0009,3.0,0.999,0.1929,2.0,5.5,3.0,11.0,291.6914137598037,9.973412615484458,0.03419165647329327,0.28805034332448093,1.7271449504978689,5.371237605246119
247540,2024-11-07,,,,,0.0,5.5,3.0,11.0,284.53773101891335,9.728816352689009,0.03419165647329327,0.28805034332448093,1.7271449504978689,5.286266301804004
247540,2024-11-08,0.4998,4.0,0.4998,0.273,2.0,5.5,3.0,11.0,287.2203620467472,9.820539951237302,0.03419165647329327,0.28805034332448093,1.7271449504978689,5.318130540594797
247540,2024-11-09,,,,,0.0,5.5,3.0,11.0,287.2203620467472,9.820539951237302,0.03419165647329327,0.28805034332448093,1.7271449504978689,5.318130540594797
247540,2024-11-10,,,,,0.0,5.5,3.0,11.0,287.2203620467472,9.820539951237302,0.03419165647329327,0.28805034332448093,1.7271449504978689,5.318130540594797
247540,2024-11-11,0.9408,6.0,0.0,0.2453,1.0,5.5,3.0,11.0,273.0918386334888,9.33746233221629,0.03419165647329327,0.28805034332448093,1.7271449504978689,5.150312216296621
247540,2024-11-12,,,,,0.0,5.5,3.0,11.0,273.4495227705333,9.349692145356062,0.03419165647329327,0.28805034332448093,1.7271449504978689,5.154560781468727
247540,2024-11-13,-0.9992,6.0,0.0,0.1277,1.0,5.5,3.0,11.0,258.06910487761905,8.823810180345845,0.03419165647329327,0.28805034332448093,1.7271449504978689,4.971872479068182
247540,2024-11-14,-0.6899,5.0,0.2585,0.2802,2.0,5.5,3.0,11.0,241.6156345735713,8.261238775916311,0.03419165647329327,0.28805034332448093,1.7271449504978689,4.7764384811513185
247540,2024-11-15,,,,,0.0,5.5,3.0,11.0,222.65837531021188,7.613058679508369,0.03419165647329327,0.28805034332448093,1.7271449504978689,4.551264527029716
247540,2024-11-16,,,,,0.0,5.5,3.0,11.0,222.65837531021188,7.613058679508369,0.03419165647329327,0.28805034332448093,1.7271449504978689,4.551264527029716
247540,2024-11-17,,,,,0.0,5.5,3.0,11.0,222.65837531021188,7.613058679508369,0.03419165647329327,0.28805034332448093,1.7271449504978689,4.551264527029716
247540,2024-11-18,0.0492,3.0,0.0,0.2,1.0,5.5,3.0,11.0,228.02363736587964,7.796505876604957,0.03419165647329327,0.28805034332448093,1.7271449504978689,4.614993004611302
247540,2024-11-19,,,,,0.0,5.5,3.0,11.0,228.91784770849094,7.827080409454388,0.03419165647329327,0.28805034332448093,1.7271449504978689,4.625614417541566
247540,2024-11-20,-0.9979,6.0,0.0,0.234,1.0,5.5,3.0,11.0,232.1370049418916,7.937148727712341,0.03419165647329327,0.28805034332448093,1.7271449504978689,4.663851504090518
247540,2024-11-21,,,,,0.0,5.5,3.0,11.0,236.60805665494806,8.090021391959496,0.03419165647329327,0.28805034332448093,1.7271449504978689,4.716958568741839
247540,2024-11-22,,,,,0.0,5.5,3.0,11.0,242.15216077913806,8.27958349562597,0.03419165647329327,0.28805034332448093,1.7271449504978689,4.782811328909478
247540,2024-11-23,,,,,0.0,5.5,3.0,11.0,242.15216077913806,8.27958349562597,0.03419165647329327,0.28805034332448093,1.7271449504978689,4.782811328909478
247540,2024-11-24,,,,,0.0,5.5,3.0,11.0,242.15216077913806,8.27958349562597,0.03419165647329327,0.28805034332448093,1.7271449504978689,4.782811328909478
247540,2024-11-25,,,,,0.0,5.5,3.0,11.0,253.77689523308487,8.677052422668575,0.03419165647329327,0.28805034332448093,1.7271449504978689,4.920889697002913
247540,2024-11-26,-0.9889,6.0,0.0,0.3488,1.0,5.5,3.0,11.0,250.73658006820648,8.57309901098051,0.03419165647329327,0.28805034332448093,1.7271449504978689,4.884776893040014
247540,2024-11-27,0.0094,3.0,0.0093,0.2038,2.0,5.5,3.0,11.0,241.79447664209354,8.267353682486197,0.03419165647329327,0.28805034332448093,1.7271449504978689,4.778562763737371
247540,2024-11-28,0.7677,6.0,0.3861,0.5376,4.0,5.5,3.0,11.0,258.2479469461413,8.82992508691573,0.03419165647329327,0.28805034332448093,1.7271449504978689,4.973996761654234
247540,2024-11-29,,,,,0.0,5.5,3.0,11.0,241.79447664209354,8.267353682486197,0.03419165647329327,0.28805034332448093,1.7271449504978689,4.778562763737371
247540,2024-11-30,,,,,0.0,5.5,3.0,11.0,241.79447664209354,8.267353682486197,0.03419165647329327,0.28805034332448093,1.7271449504978689,4.778562763737371
247540,2024-12-01,,,,,0.0,5.5,3.0,12.0,241.79447664209354,8.267353682486197,0.03419165647329327,0.28805034332448093,1.7271449504978689,4.778562763737371
247540,2024-12-02,0.4278,5.0,0.4697,0.2447,5.0,5.5,3.0,12.0,245.9078442181055,8.40799653359358,0.03419165647329327,0.28805034332448093,1.7271449504978689,4.827421263216587
247540,2024-12-03,,,,,0.0,5.5,3.0,12.0,246.80205456071678,8.438571066443012,0.03419165647329327,0.28805034332448093,1.7271449504978689,4.838042676146852
247540,2024-12-04,,,,,0.0,5.5,3.0,12.0,239.8272138883487,8.20008971021745,0.03419165647329327,0.28805034332448093,1.7271449504978689,4.75519565529079
247540,2024-12-05,,,,,0.0,5.5,3.0,12.0,230.52742632519127,7.882114568583364,0.03419165647329327,0.28805034332448093,1.7271449504978689,4.644732960816041
247540,2024-12-06,,,,,0.0,5.5,3.0,12.0,231.42163666780255,7.912689101432796,0.03419165647329327,0.28805034332448093,1.7271449504978689,4.655354373746306
247540,2024-12-07,,,,,0.0,5.5,3.0,12.0,231.42163666780255,7.912689101432796,0.03419165647329327,0.28805034332448093,1.7271449504978689,4.655354373746306
247540,2024-12-08,,,,,0.0,5.5,3.0,12.0,231.42163666780255,7.912689101432796,0.03419165647329327,0.28805034332448093,1.7271449504978689,4.655354373746306
247540,2024-12-09,,,,,0.0,5.5,3.0,12.0,230.348584256669,7.875999662013478,0.03419165647329327,0.28805034332448093,1.7271449504978689,4.642608678229989
247540,2024-12-10,,,,,0.0,5.5,3.0,12.0,234.2831097641587,8.010527606550975,0.03419165647329327,0.28805034332448093,1.7271449504978689,4.689342895123152
247540,2024-12-11,,,,,0.0,5.5,3.0,12.0,234.6407939012032,8.022757419690748,0.03419165647329327,0.28805034332448093,1.7271449504978689,4.6935914602952575
247540,2024-12-12,,,,,0.0,5.5,3.0,12.0,241.25795043652678,8.24900896277654,0.03419165647329327,0.28805034332448093,1.7271449504978689,4.772189915979213
247540,2024-12-13,,,,,0.0,5.5,3.0,12.0,234.2831097641587,8.010527606550975,0.03419165647329327,0.28805034332448093,1.7271449504978689,4.689342895123152
247540,2024-12-14,,,,,0.0,5.5,3.0,12.0,234.2831097641587,8.010527606550975,0.03419165647329327,0.28805034332448093,1.7271449504978689,4.689342895123152
247540,2024-12-15,,,,,0.0,5.5,3.0,12.0,234.2831097641587,8.010527606550975,0.03419165647329327,0.28805034332448093,1.7271449504978689,4.689342895123152
247540,2024-12-16,,,,,0.0,5.5,3.0,12.0,229.27553184553545,7.83931022259416,0.03419165647329327,0.28805034332448093,1.7271449504978689,4.6298629827136715
247540,2024-12-17,-0.5529,5.0,0.4464,0.1528,2.0,5.5,3.0,12.0,211.3913249933096,7.227819565605537,0.03419165647329327,0.28805034332448093,1.7271449504978689,4.417434724108386
247540,2024-12-18,,,,,0.0,5.5,3.0,12.0,214.61048222671025,7.3378878838634884,0.03419165647329327,0.28805034332448093,1.7271449504978689,4.455671810657337
247540,2024-12-19,,,,,0.0,5.5,3.0,12.0,212.10669326739864,7.252279191885082,0.03419165647329327,0.28805034332448093,1.7271449504978689,4.425931854452598
247540,2024-12-20,,,,,0.0,5.5,3.0,12.0,204.058800183897,6.977108396240201,0.03419165647329327,0.28805034332448093,1.7271449504978689,4.33033913808022
247540,2024-12-21,,,,,0.0,5.5,3.0,12.0,204.058800183897,6.977108396240201,0.03419165647329327,0.28805034332448093,1.7271449504978689,4.33033913808022
247540,2024-12-22,,,,,0.0,5.5,3.0,12.0,204.058800183897,6.977108396240201,0.03419165647329327,0.28805034332448093,1.7271449504978689,4.33033913808022
247540,2024-12-23,,,,,0.0,5.5,3.0,12.0,205.31069466355282,7.019912742229405,0.03419165647329327,0.28805034332448093,1.7271449504978689,4.345209116182589
247540,2024-12-24,,,,,0.0,5.5,3.0,12.0,206.2049050061641,7.050487275078836,0.03419165647329327,0.28805034332448093,1.7271449504978689,4.355830529112854
247540,2024-12-25,,,,,0.0,5.5,3.0,12.0,206.2049050061641,7.050487275078836,0.03419165647329327,0.28805034332448093,1.7271449504978689,4.355830529112854
247540,2024-12-26,0.9998,6.0,0.0,0.125,1.0,5.5,3.0,12.0,196.54743330596213,6.720282320304978,0.03419165647329327,0.28805034332448093,1.7271449504978689,4.241119269465999
247540,2024-12-27,,,,,0.0,5.5,3.0,12.0,193.14943400403922,6.60409909547714,0.03419165647329327,0.28805034332448093,1.7271449504978689,4.200757900330995
247540,2024-12-28,,,,,0.0,5.5,3.0,12.0,193.14943400403922,6.60409909547714,0.03419165647329327,0.28805034332448093,1.7271449504978689,4.200757900330995
247540,2024-12-29,,,,,0.0,5.5,3.0,12.0,193.14943400403922,6.60409909547714,0.03419165647329327,0.28805034332448093,1.7271449504978689,4.200757900330995
247540,2024-12-30,,,,,0.0,5.5,3.0,12.0,196.54743330596213,6.720282320304978,0.03419165647329327,0.28805034332448093,1.7271449504978689,4.241119269465999
247540,2024-12-31,,,,,0.0,5.5,3.0,12.0,196.54743330596213,6.720282320304978,0.03419165647329327,0.28805034332448093,1.7271449504978689,4.241119269465999
247540,2025-01-01,,,,,0.0,5.5,3.0,13.0,196.54743330596213,6.720282320304978,0.03419165647329327,0.28805034332448093,1.7271449504978689,4.241119269465999
247540,2025-01-02,0.0024,3.0,0.0,0.3043,1.0,5.5,3.0,13.0,188.67838229098277,6.451226431229984,0.03419165647329327,0.28805034332448093,1.7271449504978689,4.1476508356796735
247540,2025-01-03,0.9998,6.0,0.0,0.283,1.0,5.5,3.0,13.0,202.09153743015216,6.909844423971452,0.03419165647329327,0.28805034332448093,1.7271449504978689,4.306972029633638
247540,2025-01-04,,,,,0.0,5.5,3.0,13.0,202.09153743015216,6.909844423971452,0.03419165647329327,0.28805034332448093,1.7271449504978689,4.306972029633638
247540,2025-01-05,,,,,0.0,5.5,3.0,13.0,202.09153743015216,6.909844423971452,0.03419165647329327,0.28805034332448093,1.7271449504978689,4.306972029633638
247540,2025-01-06,,,,,0.0,5.5,3.0,13.0,209.2452201710425,7.154440686766901,0.03419165647329327,0.28805034332448093,1.7271449504978689,4.391943333075751
247540,2025-01-07,,,,,0.0,5.5,3.0,13.0,207.45679948581991,7.0932916210680395,0.03419165647329327,0.28805034332448093,1.7271449504978689,4.370700507215224
247540,2025-01-08,,,,,0.0,5.5,3.0,13.0,215.50469256932155,7.36846241671292,0.03419165647329327,0.28805034332448093,1.7271449504978689,4.466293223587602
247540,2025-01-09,,,,,0.0,5.5,3.0,13.0,235.35616217529224,8.047217045970292,0.03419165647329327,0.28805034332448093,1.7271449504978689,4.702088590639469
247540,2025-01-10,,,,,0.0,5.5,3.0,13.0,214.96816636375476,7.350117697003261,0.03419165647329327,0.28805034332448093,1.7271449504978689,4.4599203758294435
247540,2025-01-11,,,,,0.0,5.5,3.0,13.0,214.96816636375476,7.350117697003261,0.03419165647329327,0.28805034332448093,1.7271449504978689,4.4599203758294435
247540,2025-01-12,0.0039,3.0,0.0,0.1163,1.0,5.5,3.0,13.0,214.96816636375476,7.350117697003261,0.03419165647329327,0.28805034332448093,1.7271449504978689,4.4599203758294435
247540,2025-01-13,,,,,0.0,5.5,3.0,13.0,211.21248292478734,7.22170465903565,0.03419165647329327,0.28805034332448093,1.7271449504978689,4.415310441522333
247540,2025-01-14,0.0532,3.0,0.0,0.52,1.0,5.5,3.0,13.0,227.66595322883512,7.784276063465184,0.03419165647329327,0.28805034332448093,1.7271449504978689,4.6107444394391965
247540,2025-01-15,-0.5016,5.0,0.4976,0.2723,2.0,5.5,3.0,13.0,231.2427945992803,7.906574194862909,0.03419165647329327,0.28805034332448093,1.7271449504978689,4.653230091160253
247540,2025-01-16,,,,,0.0,5.5,3.0,13.0,234.81963596972548,8.028872326260634,0.03419165647329327,0.28805034332448093,1.7271449504978689,4.69571574288131
247540,2025-01-17,,,,,0.0,5.5,3.0,13.0,232.67353114745836,7.955493447421999,0.03419165647329327,0.28805034332448093,1.7271449504978689,4.670224351848676
247540,2025-01-18,,,,,0.0,5.5,3.0,13.0,232.67353114745836,7.955493447421999,0.03419165647329327,0.28805034332448093,1.7271449504978689,4.670224351848676
247540,2025-01-19,,,,,0.0,5.5,3.0,13.0,232.67353114745836,7.955493447421999,0.03419165647329327,0.28805034332448093,1.7271449504978689,4.670224351848676
247540,2025-01-20,0.6305,7.0,0.4656,0.2836,8.0,5.5,3.0,13.0,246.80205456071678,8.438571066443012,0.03419165647329327,0.28805034332448093,1.7271449504978689,4.838042676146852
247540,2025-01-21,-0.3527,4.0,0.353,0.2328,2.0,5.5,3.0,13.0,225.51984840656803,7.71089718462655,0.03419165647329327,0.28805034332448093,1.7271449504978689,4.585253048406562
247540,2025-01-22,,,,,0.0,5.5,3.0,13.0,233.56774149006966,7.9860679802714305,0.03419165647329327,0.28805034332448093,1.7271449504978689,4.68084576477894
247540,2025-01-23,,,,,0.0,5.5,3.0,13.0,234.6407939012032,8.022757419690748,0.03419165647329327,0.28805034332448093,1.7271449504978689,4.6935914602952575
247540,2025-01-24,,,,,0.0,5.5,3.0,13.0,231.77932080484706,7.924918914572568,0.03419165647329327,0.28805034332448093,1.7271449504978689,4.659602938918411
247540,2025-01-25,,,,,0.0,5.5,3.0,13.0,231.77932080484706,7.924918914572568,0.03419165647329327,0.28805034332448093,1.7271449504978689,4.659602938918411
247540,2025-01-26,,,,,0.0,5.5,3.0,13.0,231.77932080484706,7.924918914572568,0.03419165647329327,0.28805034332448093,1.7271449504978689,4.659602938918411
247540,2025-01-27,,,,,0.0,5.5,3.0,13.0,231.77932080484706,7.924918914572568,0.03419165647329327,0.28805034332448093,1.7271449504978689,4.659602938918411
247540,2025-01-28,,,,,0.0,5.5,3.0,13.0,231.77932080484706,7.924918914572568,0.03419165647329327,0.28805034332448093,1.7271449504978689,4.659602938918411
247540,2025-01-29,,,,,0.0,5.5,3.0,13.0,231.77932080484706,7.924918914572568,0.03419165647329327,0.28805034332448093,1.7271449504978689,4.659602938918411
247540,2025-01-30,,,,,0.0,5.5,3.0,13.0,231.77932080484706,7.924918914572568,0.03419165647329327,0.28805034332448093,1.7271449504978689,4.659602938918411
247540,2025-01-31,,,,,0.0,5.5,3.0,13.0,234.2831097641587,8.010527606550975,0.03419165647329327,0.28805034332448093,1.7271449504978689,4.689342895123152
247540,2025-02-01,,,,,0.0,5.5,3.0,14.0,234.2831097641587,8.010527606550975,0.03419165647329327,0.28805034332448093,1.7271449504978689,4.689342895123152
247540,2025-02-02,,,,,0.0,5.5,3.0,14.0,234.2831097641587,8.010527606550975,0.03419165647329327,0.28805034332448093,1.7271449504978689,4.689342895123152
247540,2025-02-03,,,,,0.0,5.5,3.0,14.0,212.82206154148767,7.276738818164627,0.03419165647329327,0.28805034332448093,1.7271449504978689,4.434428984796809
247540,2025-02-04,,,,,0.0,5.5,3.0,14.0,215.14700843227703,7.356232603573147,0.03419165647329327,0.28805034332448093,1.7271449504978689,4.462044658415497
247540,2025-02-05,,,,,0.0,5.5,3.0,14.0,221.04879669351155,7.558024520379393,0.03419165647329327,0.28805034332448093,1.7271449504978689,4.532145983755241
247540,2025-02-06,,,,,0.0,5.5,3.0,14.0,219.43921807681124,7.502990361250418,0.03419165647329327,0.28805034332448093,1.7271449504978689,4.513027440480765
247540,2025-02-07,,,,,0.0,5.5,3.0,14.0,216.5777449804551,7.405151856132237,0.03419165647329327,0.28805034332448093,1.7271449504978689,4.479038919103919
247540,2025-02-08,,,,,0.0,5.5,3.0,14.0,216.5777449804551,7.405151856132237,0.03419165647329327,0.28805034332448093,1.7271449504978689,4.479038919103919
247540,2025-02-09,-0.0061,3.0,0.0047,0.0877,2.0,5.5,3.0,14.0,216.5777449804551,7.405151856132237,0.03419165647329327,0.28805034332448093,1.7271449504978689,4.479038919103919
247540,2025-02-10,,,,,0.0,5.5,3.0,14.0,215.86237670636606,7.380692229852692,0.03419165647329327,0.28805034332448093,1.7271449504978689,4.470541788759707
247540,2025-02-11,-0.9994,6.0,0.0001,0.1763,2.0,5.5,3.0,14.0,215.86237670636606,7.380692229852692,0.03419165647329327,0.28805034332448093,1.7271449504978689,4.470541788759707
247540,2025-02-12,-0.9914,6.0,0.0,0.2292,1.0,5.5,3.0,14.0,216.75658704897737,7.411266762702124,0.03419165647329327,0.28805034332448093,1.7271449504978689,4.481163201689972
247540,2025-02-13,,,,,0.0,5.5,3.0,14.0,234.46195183268094,8.016642513120862,0.03419165647329327,0.28805034332448093,1.7271449504978689,4.691467177709205
247540,2025-02-14,,,,,0.0,5.5,3.0,14.0,228.91784770849094,7.827080409454388,0.03419165647329327,0.28805034332448093,1.7271449504978689,4.625614417541566
247540,2025-02-15,,,,,0.0,5.5,3.0,14.0,228.91784770849094,7.827080409454388,0.03419165647329327,0.28805034332448093,1.7271449504978689,4.625614417541566
247540,2025-02-16,,,,,0.0,5.5,3.0,14.0,228.91784770849094,7.827080409454388,0.03419165647329327,0.28805034332448093,1.7271449504978689,4.625614417541566
247540,2025-02-17,-0.0007,3.0,0.0,0.3265,1.0,5.5,3.0,14.0,233.56774149006966,7.9860679802714305,0.03419165647329327,0.28805034332448093,1.7271449504978689,4.68084576477894
247540,2025-02-18,-0.0746,4.0,0.1315,0.1249,4.0,5.5,3.0,14.0,229.63321598257997,7.851540035733933,0.03419165647329327,0.28805034332448093,1.7271449504978689,4.6341115478857775
247540,2025-02-19,,,,,0.0,5.5,3.0,14.0,241.79447664209354,8.267353682486197,0.03419165647329327,0.28805034332448093,1.7271449504978689,4.778562763737371
247540,2025-02-20,,,,,0.0,5.5,3.0,14.0,242.50984491618257,8.291813308765743,0.03419165647329327,0.28805034332448093,1.7271449504978689,4.787059894081583
247540,2025-02-21,,,,,0.0,5.5,3.0,14.0,245.72900214958324,8.401881627023695,0.03419165647329327,0.28805034332448093,1.7271449504978689,4.825296980630535
247540,2025-02-22,,,,,0.0,5.5,3.0,14.0,245.72900214958324,8.401881627023695,0.03419165647329327,0.28805034332448093,1.7271449504978689,4.825296980630535
247540,2025-02-23,,,,,0.0,5.5,3.0,14.0,245.72900214958324,8.401881627023695,0.03419165647329327,0.28805034332448093,1.7271449504978689,4.825296980630535
247540,2025-02-24,0.6657,6.0,0.4713,0.3886,3.0,5.5,3.0,14.0,251.80963247934002,8.609788450399828,0.03419165647329327,0.28805034332448093,1.7271449504978689,4.897522588556331
247540,2025-02-25,,,,,0.0,5.5,3.0,14.0,238.03879320312612,8.138940644518586,0.03419165647329327,0.28805034332448093,1.7271449504978689,4.733952829430262
247540,2025-02-26,0.7796,5.0,0.0,0.225,1.0,5.5,3.0,14.0,247.87510697185033,8.47526050586233,0.03419165647329327,0.28805034332448093,1.7271449504978689,4.850788371663169
247540,2025-02-27,0.003,3.0,0.0,0.175,1.0,5.5,3.0,14.0,239.64837181982645,8.193974803647562,0.03419165647329327,0.28805034332448093,1.7271449504978689,4.753071372704738
247540,2025-02-28,-0.6802,6.0,0.4008,0.2373,5.0,5.5,3.0,14.0,212.82206154148767,7.276738818164627,0.03419165647329327,0.28805034332448093,1.7271449504978689,4.434428984796809
247540,2025-03-01,,,,,0.0,5.5,3.0,15.0,212.82206154148767,7.276738818164627,0.03419165647329327,0.28805034332448093,1.7271449504978689,4.434428984796809
247540,2025-03-02,-0.8024,5.0,0.0,0.2326,1.0,5.5,3.0,15.0,212.82206154148767,7.276738818164627,0.03419165647329327,0.28805034332448093,1.7271449504978689,4.434428984796809
247540,2025-03-03,,,,,0.0,5.5,3.0,15.0,212.82206154148767,7.276738818164627,0.03419165647329327,0.28805034332448093,1.7271449504978689,4.434428984796809
247540,2025-03-04,,,,,0.0,5.5,3.0,15.0,200.1242746764073,6.842580451702704,0.03419165647329327,0.28805034332448093,1.7271449504978689,4.283604921187056
247540,2025-03-05,,,,,0.0,5.5,3.0,15.0,201.55501122458537,6.891499704261793,0.03419165647329327,0.28805034332448093,1.7271449504978689,4.300599181875479
247540,2025-03-06,,,,,0.0,5.5,3.0,15.0,201.9126953616299,6.903729517401565,0.03419165647329327,0.28805034332448093,1.7271449504978689,4.304847747047585
247540,2025-03-07,,,,,0.0,5.5,3.0,15.0,208.70869396547573,7.136095967057243,0.03419165647329327,0.28805034332448093,1.7271449504978689,4.385570485317594
247540,2025-03-08,,,,,0.0,5.5,3.0,15.0,208.70869396547573,7.136095967057243,0.03419165647329327,0.28805034332448093,1.7271449504978689,4.385570485317594
247540,2025-03-09,,,,,0.0,5.5,3.0,15.0,208.70869396547573,7.136095967057243,0.03419165647329327,0.28805034332448093,1.7271449504978689,4.385570485317594
247540,2025-03-10,,,,,0.0,5.5,3.0,15.0,219.975744282378,7.521335080960076,0.03419165647329327,0.28805034332448093,1.7271449504978689,4.5194002882389235
247540,2025-03-11,,,,,0.0,5.5,3.0,15.0,212.82206154148767,7.276738818164627,0.03419165647329327,0.28805034332448093,1.7271449504978689,4.434428984796809
247540,2025-03-12,-0.9997,6.0,0.0,0.3061,1.0,5.5,3.0,15.0,213.5374298155767,7.3011984444441715,0.03419165647329327,0.28805034332448093,1.7271449504978689,4.44292611514102
247540,2025-03-13,0.0669,3.0,0.636,0.1044,2.0,5.5,3.0,15.0,206.74143121173088,7.0688319947884946,0.03419165647329327,0.28805034332448093,1.7271449504978689,4.362203376871012
247540,2025-03-14,,,,,0.0,5.5,3.0,15.0,201.19732708754086,6.8792698911220205,0.03419165647329327,0.28805034332448093,1.7271449504978689,4.296350616703373
247540,2025-03-15,,,,,0.0,5.5,3.0,15.0,201.19732708754086,6.8792698911220205,0.03419165647329327,0.28805034332448093,1.7271449504978689,4.296350616703373
247540,2025-03-16,,,,,0.0,5.5,3.0,15.0,201.19732708754086,6.8792698911220205,0.03419165647329327,0.28805034332448093,1.7271449504978689,4.296350616703373
247540,2025-03-17,,,,,0.0,5.5,3.0,15.0,198.15701192266246,6.775316479433955,0.03419165647329327,0.28805034332448093,1.7271449504978689,4.260237812740475
247540,2025-03-18,,,,,0.0,5.5,3.0,15.0,199.05122226527376,6.805891012283386,0.03419165647329327,0.28805034332448093,1.7271449504978689,4.270859225670739
247540,2025-03-19,,,,,0.0,5.5,3.0,15.0,200.1242746764073,6.842580451702704,0.03419165647329327,0.28805034332448093,1.7271449504978689,4.283604921187056
247540,2025-03-20,-0.0,3.0,0.0,0.3556,1.0,5.5,3.0,15.0,201.9126953616299,6.903729517401565,0.03419165647329327,0.28805034332448093,1.7271449504978689,4.304847747047585
247540,2025-03-21,,,,,0.0,5.5,3.0,15.0,200.30311674492958,6.84869535827259,0.03419165647329327,0.28805034332448093,1.7271449504978689,4.285729203773109
247540,2025-03-22,,,,,0.0,5.5,3.0,15.0,200.30311674492958,6.84869535827259,0.03419165647329327,0.28805034332448093,1.7271449504978689,4.285729203773109
247540,2025-03-23,,,,,0.0,5.5,3.0,15.0,200.30311674492958,6.84869535827259,0.03419165647329327,0.28805034332448093,1.7271449504978689,4.285729203773109
247540,2025-03-24,,,,,0.0,5.5,3.0,15.0,193.685960209606,6.622443815186799,0.03419165647329327,0.28805034332448093,1.7271449504978689,4.2071307480891535
247540,2025-03-25,0.4891,4.0,0.5102,0.4204,2.0,5.5,3.0,15.0,192.25522366142795,6.573524562627709,0.03419165647329327,0.28805034332448093,1.7271449504978689,4.19013648740073
247540,2025-03-26,,,,,0.0,5.5,3.0,15.0,199.230064333796,6.812005918853272,0.03419165647329327,0.28805034332448093,1.7271449504978689,4.272983508256792
247540,2025-03-27,0.0,3.0,0.0,0.1064,1.0,5.5,3.0,15.0,193.50711814108374,6.616328908616913,0.03419165647329327,0.28805034332448093,1.7271449504978689,4.2050064655031
247540,2025-03-28,-0.7079,5.0,0.0,0.1042,1.0,5.5,3.0,15.0,185.1015409205376,6.328928299832259,0.03419165647329327,0.28805034332448093,1.7271449504978689,4.105165183958617
247540,2025-03-29,,,,,0.0,5.5,3.0,15.0,185.1015409205376,6.328928299832259,0.03419165647329327,0.28805034332448093,1.7271449504978689,4.105165183958617
247540,2025-03-30,,,,,0.0,5.5,3.0,15.0,185.1015409205376,6.328928299832259,0.03419165647329327,0.28805034332448093,1.7271449504978689,4.105165183958617
247540,2025-03-31,-0.9997,6.0,0.0,0.4468,1.0,5.5,3.0,15.0,172.0460699184127,5.882540120230564,0.03419165647329327,0.28805034332448093,1.7271449504978689,3.950092555176758
247540,2025-04-01,,,,,0.0,5.5,3.0,4.0,,4.734190708022329,-0.029594540357300064,-0.5990594497844093,1.1869584541030804,3.11859852726483
247540,2025-04-02,-0.9963,6.0,0.0032,0.2041,2.0,5.5,3.0,4.0,,4.516526767423601,-0.029594540357300064,-0.5990594497844093,1.1869584541030804,3.008570780372945
247540,2025-04-03,,,,,0.0,5.5,3.0,4.0,,4.506632951941841,-0.029594540357300064,-0.5990594497844093,1.1869584541030804,3.0035695191505867
247540,2025-04-04,,,,,0.0,5.5,3.0,4.0,,4.852916493803453,-0.029594540357300064,-0.5990594497844093,1.1869584541030804,3.178613661933131
247540,2025-04-05,,,,,0.0,5.5,3.0,4.0,,4.852916493803453,-0.029594540357300064,-0.5990594497844093,1.1869584541030804,3.178613661933131
247540,2025-04-06,,,,,0.0,5.5,3.0,4.0,,4.852916493803453,-0.029594540357300064,-0.5990594497844093,1.1869584541030804,3.178613661933131
247540,2025-04-07,,,,,0.0,5.5,3.0,4.0,,4.580836568055043,-0.029594540357300064,-0.5990594497844093,1.1869584541030804,3.0410789783182746
247540,2025-04-08,,,,,0.0,5.5,3.0,4.0,,4.689668538354407,-0.029594540357300064,-0.5990594497844093,1.1869584541030804,3.096092851764217
247540,2025-04-09,,,,,0.0,5.5,3.0,4.0,,4.684721630613526,-0.029594540357300064,-0.5990594497844093,1.1869584541030804,3.093592221153038
247540,2025-04-10,,,,,0.0,5.5,3.0,4.0,,5.120049511810982,-0.029594540357300064,-0.5990594497844093,1.1869584541030804,3.3136477149368075
247540,2025-04-11,,,,,0.0,5.5,3.0,4.0,,4.961748464102817,-0.029594540357300064,-0.5990594497844093,1.1869584541030804,3.2336275353790733
247540,2025-04-12,,,,,0.0,5.5,3.0,4.0,,4.961748464102817,-0.029594540357300064,-0.5990594497844093,1.1869584541030804,3.2336275353790733
247540,2025-04-13,,,,,0.0,5.5,3.0,4.0,,4.961748464102817,-0.029594540357300064,-0.5990594497844093,1.1869584541030804,3.2336275353790733
247540,2025-04-14,,,,,0.0,5.5,3.0,4.0,,5.03595208021602,-0.029594540357300064,-0.5990594497844093,1.1869584541030804,3.271136994546761
247540,2025-04-15,,,,,0.0,5.5,3.0,4.0,,4.946907740880176,-0.029594540357300064,-0.5990594497844093,1.1869584541030804,3.226125643545535
247540,2025-04-16,,,,,0.0,5.5,3.0,4.0,,4.818288139617292,-0.029594540357300064,-0.5990594497844093,1.1869584541030804,3.1611092476548763
247540,2025-04-17,,,,,0.0,5.5,3.0,4.0,,4.823235047358172,-0.029594540357300064,-0.5990594497844093,1.1869584541030804,3.1636098782660556
247540,2025-04-18,,,,,0.0,5.5,3.0,4.0,,4.77376596994937,-0.029594540357300064,-0.5990594497844093,1.1869584541030804,3.1386035721542633
247540,2025-04-19,,,,,0.0,5.5,3.0,4.0,,4.77376596994937,-0.029594540357300064,-0.5990594497844093,1.1869584541030804,3.1386035721542633
247540,2025-04-20,,,,,0.0,5.5,3.0,4.0,,4.77376596994937,-0.029594540357300064,-0.5990594497844093,1.1869584541030804,3.1386035721542633
247540,2025-04-21,,,,,0.0,5.5,3.0,4.0,,4.694615446095287,-0.029594540357300064,-0.5990594497844093,1.1869584541030804,3.0985934823753962
247540,2025-04-22,,,,,0.0,5.5,3.0,4.0,,4.679774722872646,-0.029594540357300064,-0.5990594497844093,1.1869584541030804,3.0910915905418586
247540,2025-04-23,-0.9996,6.0,0.0,0.0784,1.0,5.5,3.0,4.0,,5.006270633770738,-0.029594540357300064,-0.5990594497844093,1.1869584541030804,3.256133210879686
247540,2025-04-24,,,,,0.0,5.5,3.0,4.0,,4.986483002807217,-0.029594540357300064,-0.5990594497844093,1.1869584541030804,3.246130688434969
247540,2025-04-25,,,,,0.0,5.5,3.0,4.0,,5.120049511810982,-0.029594540357300064,-0.5990594497844093,1.1869584541030804,3.3136477149368075
247540,2025-04-26,,,,,0.0,5.5,3.0,4.0,,5.120049511810982,-0.029594540357300064,-0.5990594497844093,1.1869584541030804,3.3136477149368075
247540,2025-04-27,0.997,6.0,0.0,0.1837,1.0,5.5,3.0,4.0,,5.120049511810982,-0.029594540357300064,-0.5990594497844093,1.1869584541030804,3.3136477149368075
247540,2025-04-28,,,,,0.0,5.5,3.0,4.0,,5.169518589219784,-0.029594540357300064,-0.5990594497844093,1.1869584541030804,3.3386540210485993
247540,2025-04-29,-0.0154,4.0,0.8947,0.348,5.0,5.5,3.0,4.0,,5.0656335266613,-0.029594540357300064,-0.5990594497844093,1.1869584541030804,3.286140778213836
247540,2025-04-30,-0.9991,6.0,0.0002,0.4061,2.0,5.5,3.0,4.0,,5.021111356993378,-0.029594540357300064,-0.5990594497844093,1.1869584541030804,3.2636351027132235
247540,2025-05-01,,,,,0.0,5.5,3.0,5.0,,5.021111356993378,-0.029594540357300064,-0.5990594497844093,1.1869584541030804,3.2636351027132235
247540,2025-05-02,,,,,0.0,5.5,3.0,5.0,,5.169518589219784,-0.029594540357300064,-0.5990594497844093,1.1869584541030804,3.3386540210485993
247540,2025-05-03,0.0002,3.0,0.0,0.1463,1.0,5.5,3.0,5.0,,5.169518589219784,-0.029594540357300064,-0.5990594497844093,1.1869584541030804,3.3386540210485993
247540,2025-05-04,,,,,0.0,5.5,3.0,5.0,,5.169518589219784,-0.029594540357300064,-0.5990594497844093,1.1869584541030804,3.3386540210485993
247540,2025-05-05,,,,,0.0,5.5,3.0,5.0,,5.169518589219784,-0.029594540357300064,-0.5990594497844093,1.1869584541030804,3.3386540210485993
247540,2025-05-06,,,,,0.0,5.5,3.0,5.0,,5.169518589219784,-0.029594540357300064,-0.5990594497844093,1.1869584541030804,3.3386540210485993
247540,2025-05-07,,,,,0.0,5.5,3.0,5.0,,4.976589187325457,-0.029594540357300064,-0.5990594497844093,1.1869584541030804,3.2411294272126105
247540,2025-05-08,,,,,0.0,5.5,3.0,5.0,,5.134890235033623,-0.029594540357300064,-0.5990594497844093,1.1869584541030804,3.321149606770345
247540,2025-05-09,,,,,0.0,5.5,3.0,5.0,,4.838075770580812,-0.029594540357300064,-0.5990594497844093,1.1869584541030804,3.171111770099593
247540,2025-05-10,,,,,0.0,5.5,3.0,5.0,,4.838075770580812,-0.029594540357300064,-0.5990594497844093,1.1869584541030804,3.171111770099593
247540,2025-05-11,,,,,0.0,5.5,3.0,5.0,,4.838075770580812,-0.029594540357300064,-0.5990594497844093,1.1869584541030804,3.171111770099593
247540,2025-05-12,,,,,0.0,5.5,3.0,5.0,,5.06068661892042,-0.029594540357300064,-0.5990594497844093,1.1869584541030804,3.283640147602657
247540,2025-05-13,,,,,0.0,5.5,3.0,5.0,,4.887544847989614,-0.029594540357300064,-0.5990594497844093,1.1869584541030804,3.196118076211385
247540,2025-05-14,,,,,0.0,5.5,3.0,5.0,,4.9172262944348955,-0.029594540357300064,-0.5990594497844093,1.1869584541030804,3.2111218598784603
247540,2025-05-15,,,,,0.0,5.5,3.0,5.0,,4.808394324135532,-0.029594540357300064,-0.5990594497844093,1.1869584541030804,3.156107986432518
247540,2025-05-16,,,,,0.0,5.5,3.0,5.0,,4.664933999650006,-0.029594540357300064,-0.5990594497844093,1.1869584541030804,3.083589698708321
247540,2025-05-17,,,,,0.0,5.5,3.0,5.0,,4.664933999650006,-0.029594540357300064,-0.5990594497844093,1.1869584541030804,3.083589698708321
247540,2025-05-18,,,,,0.0,5.5,3.0,5.0,,4.664933999650006,-0.029594540357300064,-0.5990594497844093,1.1869584541030804,3.083589698708321
247540,2025-05-19,,,,,0.0,5.5,3.0,5.0,,4.635252553204725,-0.029594540357300064,-0.5990594497844093,1.1869584541030804,3.068585915041246
247540,2025-05-20,,,,,0.0,4.5,3.0,5.0,,4.368119535197195,-0.029594540357300064,-0.5990594497844093,1.1869584541030804,2.933551862037569
247540,2025-05-21,,,,,0.0,4.5,3.0,5.0,,4.3483319042336745,-0.029594540357300064,-0.5990594497844093,1.1869584541030804,2.923549339592852
247540,2025-05-22,,,,,0.0,4.5,3.0,5.0,,4.333491181011034,-0.029594540357300064,-0.5990594497844093,1.1869584541030804,2.9160474477593143
247540,2025-05-23,,,,,0.0,4.5,3.0,5.0,,4.135614871375827,-0.029594540357300064,-0.5990594497844093,1.1869584541030804,2.8160222233121464
247540,2025-05-24,,,,,0.0,4.5,3.0,5.0,,4.135614871375827,-0.029594540357300064,-0.5990594497844093,1.1869584541030804,2.8160222233121464
247540,2025-05-25,,,,,0.0,4.5,3.0,5.0,,4.135614871375827,-0.029594540357300064,-0.5990594497844093,1.1869584541030804,2.8160222233121464
247540,2025-05-26,,,,,0.0,4.5,3.0,5.0,,4.22960611845255,-0.029594540357300064,-0.5990594497844093,1.1869584541030804,2.8635342049245516
247540,2025-05-27,,,,,0.0,4.5,3.0,5.0,,4.016889085594703,-0.029594540357300064,-0.5990594497844093,1.1869584541030804,2.756007088643846
247540,2025-05-28,,,,,0.0,4.5,3.0,5.0,,4.392854073901597,-0.029594540357300064,-0.5990594497844093,1.1869584541030804,2.946055015093465
247540,2025-05-29,-0.0056,3.0,0.0,0.1111,1.0,4.5,3.0,5.0,,4.452216966792158,-0.029594540357300064,-0.5990594497844093,1.1869584541030804,2.9760625824276152
247540,2025-05-30,,,,,0.0,4.5,3.0,5.0,,4.437376243569518,-0.029594540357300064,-0.5990594497844093,1.1869584541030804,2.968560690594078
247540,2025-05-31,,,,,0.0,4.5,3.0,5.0,,4.437376243569518,-0.029594540357300064,-0.5990594497844093,1.1869584541030804,2.968560690594078
247540,2025-06-01,,,,,0.0,4.5,3.0,6.0,,4.437376243569518,-0.029594540357300064,-0.5990594497844093,1.1869584541030804,2.968560690594078
247540,2025-06-02,,,,,0.0,4.5,3.0,6.0,,4.402747889383357,-0.029594540357300064,-0.5990594497844093,1.1869584541030804,2.9510562763158235
247540,2025-06-03,,,,,0.0,4.5,3.0,6.0,,4.402747889383357,-0.029594540357300064,-0.5990594497844093,1.1869584541030804,2.9510562763158235
247540,2025-06-04,,,,,0.0,5.5,3.0,6.0,,4.5363143983871215,-0.029594540357300064,-0.5990594497844093,1.1869584541030804,3.018573302817662
247540,2025-06-05,,,,,0.0,5.5,3.0,6.0,,4.758925246726729,-0.029594540357300064,-0.5990594497844093,1.1869584541030804,3.131101680320726
247540,2025-06-06,,,,,0.0,5.5,3.0,6.0,,4.758925246726729,-0.029594540357300064,-0.5990594497844093,1.1869584541030804,3.131101680320726
247540,2025-06-07,,,,,0.0,5.5,3.0,6.0,,4.758925246726729,-0.029594540357300064,-0.5990594497844093,1.1869584541030804,3.131101680320726
247540,2025-06-08,,,,,0.0,5.5,3.0,6.0,,4.758925246726729,-0.029594540357300064,-0.5990594497844093,1.1869584541030804,3.131101680320726
247540,2025-06-09,-0.9997,6.0,0.0,0.3542,1.0,5.5,3.0,6.0,,4.570942752573282,-0.029594540357300064,-0.5990594497844093,1.1869584541030804,3.036077717095916
247540,2025-06-10,,,,,0.0,5.5,3.0,6.0,,4.561048937091522,-0.029594540357300064,-0.5990594497844093,1.1869584541030804,3.0310764558735577
247540,2025-06-11,,,,,0.0,5.5,3.0,6.0,,4.694615446095287,-0.029594540357300064,-0.5990594497844093,1.1869584541030804,3.0985934823753962
247540,2025-06-12,,,,,0.0,5.5,3.0,6.0,,4.823235047358172,-0.029594540357300064,-0.5990594497844093,1.1869584541030804,3.1636098782660556
247540,2025-06-13,,,,,0.0,5.5,3.0,6.0,,4.551155121609762,-0.029594540357300064,-0.5990594497844093,1.1869584541030804,3.0260751946511992
247540,2025-06-14,,,,,0.0,5.5,3.0,6.0,,4.551155121609762,-0.029594540357300064,-0.5990594497844093,1.1869584541030804,3.0260751946511992
247540,2025-06-15,,,,,0.0,5.5,3.0,6.0,,4.551155121609762,-0.029594540357300064,-0.5990594497844093,1.1869584541030804,3.0260751946511992
247540,2025-06-16,,,,,0.0,4.5,3.0,6.0,,4.452216966792158,-0.029594540357300064,-0.5990594497844093,1.1869584541030804,2.9760625824276152
247540,2025-06-17,,,,,0.0,4.5,3.0,6.0,,4.427482428087758,-0.029594540357300064,-0.5990594497844093,1.1869584541030804,2.9635594293717196
247540,2025-06-18,,,,,0.0,4.5,3.0,6.0,,4.472004597755679,-0.029594540357300064,-0.5990594497844093,1.1869584541030804,2.986065104872332
247540,2025-06-19,,,,,0.0,5.5,3.0,6.0,,4.49673913646008,-0.029594540357300064,-0.5990594497844093,1.1869584541030804,2.9985682579282282
247540,2025-06-20,,,,,0.0,5.5,3.0,6.0,,5.04584589569778,-0.029594540357300064,-0.5990594497844093,1.1869584541030804,3.2761382557691197
247540,2025-06-21,,,,,0.0,5.5,3.0,6.0,,5.04584589569778,-0.029594540357300064,-0.5990594497844093,1.1869584541030804,3.2761382557691197
247540,2025-06-22,-0.0087,3.0,0.0,0.12,1.0,5.5,3.0,6.0,,5.04584589569778,-0.029594540357300064,-0.5990594497844093,1.1869584541030804,3.2761382557691197
247540,2025-06-23,,,,,0.0,5.5,3.0,6.0,,4.907332478953134,-0.029594540357300064,-0.5990594497844093,1.1869584541030804,3.206120598656102
247540,2025-06-24,0.9998,6.0,0.0001,0.4281,2.0,5.5,3.0,6.0,,5.204146943405945,-0.029594540357300064,-0.5990594497844093,1.1869584541030804,3.356158435326854
247540,2025-06-25,,,,,0.0,5.5,3.0,6.0,,5.214040758887705,-0.029594540357300064,-0.5990594497844093,1.1869584541030804,3.3611596965492123
247540,2025-06-26,,,,,0.0,5.5,3.0,6.0,,5.223934574369466,-0.029594540357300064,-0.5990594497844093,1.1869584541030804,3.366160957771571
247540,2025-06-27,-0.9993,6.0,0.0,0.22,1.0,5.5,3.0,6.0,,4.9568015563619365,-0.029594540357300064,-0.5990594497844093,1.1869584541030804,3.231126904767894
247540,2025-06-28,,,,,0.0,5.5,3.0,6.0,,4.9568015563619365,-0.029594540357300064,-0.5990594497844093,1.1869584541030804,3.231126904767894
247540,2025-06-29,,,,,0.0,5.5,3.0,6.0,,4.9568015563619365,-0.029594540357300064,-0.5990594497844093,1.1869584541030804,3.231126904767894
247540,2025-06-30,,,,,0.0,5.5,3.0,6.0,,4.976589187325457,-0.029594540357300064,-0.5990594497844093,1.1869584541030804,3.2411294272126105
247540,2025-07-01,0.2263,4.0,0.2314,0.0866,2.0,5.5,3.0,7.0,,5.04584589569778,-0.029594540357300064,-0.5990594497844093,1.1869584541030804,3.2761382557691197
247540,2025-07-02,0.0189,3.0,0.0,0.102,1.0,5.5,3.0,7.0,,5.1052087885883415,-0.029594540357300064,-0.5990594497844093,1.1869584541030804,3.30614582310327
247540,2025-07-03,0.9666,6.0,0.0,0.3,1.0,5.5,3.0,7.0,,5.253616020814747,-0.029594540357300064,-0.5990594497844093,1.1869584541030804,3.3811647414386456
247540,2025-07-04,0.9998,6.0,0.0,0.26,1.0,5.5,3.0,7.0,,5.149730958256264,-0.029594540357300064,-0.5990594497844093,1.1869584541030804,3.328651498603883
247540,2025-07-05,,,,,0.0,5.5,3.0,7.0,,5.149730958256264,-0.029594540357300064,-0.5990594497844093,1.1869584541030804,3.328651498603883
247540,2025-07-06,,,,,0.0,5.5,3.0,7.0,,5.149730958256264,-0.029594540357300064,-0.5990594497844093,1.1869584541030804,3.328651498603883
247540,2025-07-07,,,,,0.0,5.5,3.0,7.0,,4.961748464102817,-0.029594540357300064,-0.5990594497844093,1.1869584541030804,3.2336275353790733
247540,2025-07-08,,,,,0.0,5.5,3.0,7.0,,4.961748464102817,-0.029594540357300064,-0.5990594497844093,1.1869584541030804,3.2336275353790733
247540,2025-07-09,,,,,0.0,5.5,3.0,7.0,,4.986483002807217,-0.029594540357300064,-0.5990594497844093,1.1869584541030804,3.246130688434969
247540,2025-07-10,,,,,0.0,5.5,3.0,7.0,,5.021111356993378,-0.029594540357300064,-0.5990594497844093,1.1869584541030804,3.2636351027132235
247540,2025-07-11,,,,,0.0,5.5,3.0,7.0,,5.204146943405945,-0.029594540357300064,-0.5990594497844093,1.1869584541030804,3.356158435326854
247540,2025-07-12,,,,,0.0,5.5,3.0,7.0,,5.204146943405945,-0.029594540357300064,-0.5990594497844093,1.1869584541030804,3.356158435326854
247540,2025-07-13,,,,,0.0,5.5,3.0,7.0,,5.204146943405945,-0.029594540357300064,-0.5990594497844093,1.1869584541030804,3.356158435326854
247540,2025-07-14,,,,,0.0,5.5,3.0,7.0,,5.204146943405945,-0.029594540357300064,-0.5990594497844093,1.1869584541030804,3.356158435326854
247540,2025-07-15,,,,,0.0,5.5,3.0,7.0,,5.194253127924185,-0.029594540357300064,-0.5990594497844093,1.1869584541030804,3.351157174104496
247540,2025-07-16,,,,,0.0,5.5,3.0,7.0,,5.080474249883941,-0.029594540357300064,-0.5990594497844093,1.1869584541030804,3.293642670047374
247540,2025-07-17,,,,,0.0,5.5,3.0,7.0,,5.090368065365701,-0.029594540357300064,-0.5990594497844093,1.1869584541030804,3.298643931269732
247540,2025-07-18,,,,,0.0,5.5,3.0,7.0,,5.550430485267557,-0.029594540357300064,-0.5990594497844093,1.1869584541030804,3.531202578109398
247540,2025-07-19,-0.0076,3.0,0.0,0.1333,1.0,5.5,3.0,7.0,,5.550430485267557,-0.029594540357300064,-0.5990594497844093,1.1869584541030804,3.531202578109398
247540,2025-07-20,,,,,0.0,5.5,3.0,7.0,,5.550430485267557,-0.029594540357300064,-0.5990594497844093,1.1869584541030804,3.531202578109398
247540,2025-07-21,,,,,0.0,5.5,3.0,7.0,,5.60979337815812,-0.029594540357300064,-0.5990594497844093,1.1869584541030804,3.5612101454435483
247540,2025-07-22,,,,,0.0,5.5,3.0,7.0,,5.397076345300272,-0.029594540357300064,-0.5990594497844093,1.1869584541030804,3.4536830291628426
247540,2025-07-23,,,,,0.0,5.5,3.0,7.0,,5.406970160782032,-0.029594540357300064,-0.5990594497844093,1.1869584541030804,3.458684290385201
247540,2025-07-24,,,,,0.0,5.5,3.0,7.0,,5.540536669785797,-0.029594540357300064,-0.5990594497844093,1.1869584541030804,3.5262013168870396
247540,2025-07-25,0.9998,6.0,0.0,0.1837,1.0,5.5,3.0,7.0,,5.669156271048681,-0.029594540357300064,-0.5990594497844093,1.1869584541030804,3.591217712777699
247540,2025-07-26,,,,,0.0,5.5,3.0,7.0,,5.669156271048681,-0.029594540357300064,-0.5990594497844093,1.1869584541030804,3.591217712777699
247540,2025-07-27,,,,,0.0,5.5,3.0,7.0,,5.669156271048681,-0.029594540357300064,-0.5990594497844093,1.1869584541030804,3.591217712777699
247540,2025-07-28,,,,,0.0,5.5,3.0,7.0,,5.674103178789562,-0.029594540357300064,-0.5990594497844093,1.1869584541030804,3.593718343388878
247540,2025-07-29,,,,,0.0,5.5,3.0,7.0,,5.441598514968193,-0.029594540357300064,-0.5990594497844093,1.1869584541030804,3.4761887046634556
247540,2025-07-30,,,,,0.0,5.5,3.0,7.0,,5.659262455566921,-0.029594540357300064,-0.5990594497844093,1.1869584541030804,3.5862164515553405
247540,2025-07-31,,,,,0.0,5.5,3.0,7.0,,5.496014500117876,-0.029594540357300064,-0.5990594497844093,1.1869584541030804,3.503695641386427
247540,2025-08-01,,,,,0.0,5.5,3.0,8.0,,5.308032005964429,-0.029594540357300064,-0.5990594497844093,1.1869584541030804,3.4086716781616175
247540,2025-08-02,,,,,0.0,5.5,3.0,8.0,,5.308032005964429,-0.029594540357300064,-0.5990594497844093,1.1869584541030804,3.4086716781616175
247540,2025-08-03,,,,,0.0,5.5,3.0,8.0,,5.308032005964429,-0.029594540357300064,-0.5990594497844093,1.1869584541030804,3.4086716781616175
247540,2025-08-04,,,,,0.0,5.5,3.0,8.0,,5.34266036015059,-0.029594540357300064,-0.5990594497844093,1.1869584541030804,3.4261760924398716
247540,2025-08-05,0.6223,8.0,0.4858,0.1752,11.0,5.5,3.0,8.0,,6.158900137395819,-0.029594540357300064,-0.5990594497844093,1.1869584541030804,3.83878014328444
247540,2025-08-06,0.7338,8.0,0.5063,0.4903,9.0,5.5,3.0,8.0,,6.228156845768142,-0.029594540357300064,-0.5990594497844093,1.1869584541030804,3.8737889718409484
247540,2025-08-07,0.4429,5.0,0.4459,0.3329,4.0,5.5,3.0,8.0,,6.17374086061846,-0.029594540357300064,-0.5990594497844093,1.1869584541030804,3.8462820351179774
247540,2025-08-08,,,,,0.0,5.5,3.0,8.0,,6.139112506432299,-0.029594540357300064,-0.5990594497844093,1.1869584541030804,3.828777620839723
247540,2025-08-09,,,,,0.0,5.5,3.0,8.0,,6.139112506432299,-0.029594540357300064,-0.5990594497844093,1.1869584541030804,3.828777620839723
247540,2025-08-10,0.9998,6.0,0.0,0.3617,1.0,5.5,3.0,8.0,,6.139112506432299,-0.029594540357300064,-0.5990594497844093,1.1869584541030804,3.828777620839723
247540,2025-08-11,0.6656,6.0,0.4704,0.5382,3.0,5.5,3.0,8.0,,6.628856372779436,-0.029594540357300064,-0.5990594497844093,1.1869584541030804,4.076340051346464
247540,2025-08-12,,,,,0.0,5.5,3.0,8.0,,6.668431634706478,-0.029594540357300064,-0.5990594497844093,1.1869584541030804,4.096345096235898
247540,2025-08-13,-0.0005,3.0,0.0,0.1915,1.0,5.5,3.0,8.0,,6.752529066301441,-0.029594540357300064,-0.5990594497844093,1.1869584541030804,4.138855816625944
247540,2025-08-14,,,,,0.0,5.5,3.0,8.0,,6.866307944341685,-0.029594540357300064,-0.5990594497844093,1.1869584541030804,4.196370320683066
247540,2025-08-15,,,,,0.0,5.5,3.0,8.0,,6.866307944341685,-0.029594540357300064,-0.5990594497844093,1.1869584541030804,4.196370320683066
247540,2025-08-16,,,,,0.0,5.5,3.0,8.0,,6.866307944341685,-0.029594540357300064,-0.5990594497844093,1.1869584541030804,4.196370320683066
247540,2025-08-17,,,,,0.0,5.5,3.0,8.0,,6.866307944341685,-0.029594540357300064,-0.5990594497844093,1.1869584541030804,4.196370320683066
247540,2025-08-18,,,,,0.0,5.5,3.0,8.0,,6.495289863775671,-0.029594540357300064,-0.5990594497844093,1.1869584541030804,4.0088230248446255
247540,2025-08-19,0.8522,6.0,0.0,0.1429,1.0,5.5,3.0,8.0,,6.524971310220952,-0.029594540357300064,-0.5990594497844093,1.1869584541030804,4.023826808511701
247540,2025-08-20,0.4859,4.0,0.0,0.234,1.0,5.5,3.0,8.0,,6.44087387862599,-0.029594540357300064,-0.5990594497844093,1.1869584541030804,3.9813160881216545
247540,2025-08-21,0.6517,5.0,0.243,0.1364,2.0,5.5,3.0,8.0,,6.421086247662468,-0.029594540357300064,-0.5990594497844093,1.1869584541030804,3.971313565676937
247540,2025-08-22,,,,,0.0,5.5,3.0,8.0,,6.341935723808386,-0.029594540357300064,-0.5990594497844093,1.1869584541030804,3.93130347589807
247540,2025-08-23,,,,,0.0,5.5,3.0,8.0,,6.341935723808386,-0.029594540357300064,-0.5990594497844093,1.1869584541030804,3.93130347589807
247540,2025-08-24,,,,,0.0,5.5,3.0,8.0,,6.341935723808386,-0.029594540357300064,-0.5990594497844093,1.1869584541030804,3.93130347589807
247540,2025-08-25,,,,,0.0,5.5,3.0,8.0,,6.520024402480072,-0.029594540357300064,-0.5990594497844093,1.1869584541030804,4.021326177900521
247540,2025-08-26,,,,,0.0,5.5,3.0,8.0,,6.47055532507127,-0.029594540357300064,-0.5990594497844093,1.1869584541030804,3.99631987178873
247540,2025-08-27,,,,,0.0,5.5,3.0,8.0,,6.45076769410775,-0.029594540357300064,-0.5990594497844093,1.1869584541030804,3.9863173493440125
247540,2025-08-28,,,,,0.0,5.5,3.0,8.0,,6.267732107695183,-0.029594540357300064,-0.5990594497844093,1.1869584541030804,3.893794016730382
247540,2025-08-29,,,,,0.0,5.5,3.0,8.0,,5.995652181946773,-0.029594540357300064,-0.5990594497844093,1.1869584541030804,3.756259333115526
247540,2025-08-30,,,,,0.0,5.5,3.0,8.0,,5.995652181946773,-0.029594540357300064,-0.5990594497844093,1.1869584541030804,3.756259333115526
247540,2025-08-31,,,,,0.0,5.5,3.0,8.0,,5.995652181946773,-0.029594540357300064,-0.5990594497844093,1.1869584541030804,3.756259333115526
247540,2025-09-01,,,,,0.0,5.5,3.0,9.0,,5.931342381315331,-0.029594540357300064,-0.5990594497844093,1.1869584541030804,3.723751135170197
247540,2025-09-02,,,,,0.0,5.5,3.0,9.0,,5.921448565833571,-0.029594540357300064,-0.5990594497844093,1.1869584541030804,3.718749873947838
247540,2025-09-03,,,,,0.0,5.5,3.0,9.0,,5.852191857461248,-0.029594540357300064,-0.5990594497844093,1.1869584541030804,3.6837410453913293
247540,2025-09-04,,,,,0.0,5.5,3.0,9.0,,5.832404226497728,-0.029594540357300064,-0.5990594497844093,1.1869584541030804,3.6737385229466124
247540,2025-09-05,,,,,0.0,5.5,3.0,9.0,,5.768094425866285,-0.029594540357300064,-0.5990594497844093,1.1869584541030804,3.641230325001283
247540,2025-09-06,,,,,0.0,5.5,3.0,9.0,,5.768094425866285,-0.029594540357300064,-0.5990594497844093,1.1869584541030804,3.641230325001283
247540,2025-09-07,,,,,0.0,5.5,3.0,9.0,,5.768094425866285,-0.029594540357300064,-0.5990594497844093,1.1869584541030804,3.641230325001283
247540,2025-09-08,,,,,0.0,5.5,3.0,9.0,,5.758200610384525,-0.029594540357300064,-0.5990594497844093,1.1869584541030804,3.6362290637789245
247540,2025-09-09,,,,,0.0,5.5,3.0,9.0,,5.832404226497728,-0.029594540357300064,-0.5990594497844093,1.1869584541030804,3.6737385229466124
247540,2025-09-10,,,,,0.0,5.5,3.0,9.0,,5.728519163939244,-0.029594540357300064,-0.5990594497844093,1.1869584541030804,3.6212252801118496
247540,2025-09-11,,,,,0.0,5.5,3.0,9.0,,5.782935149088926,-0.029594540357300064,-0.5990594497844093,1.1869584541030804,3.6487322168348206
247540,2025-09-12,,,,,0.0,5.5,3.0,9.0,,5.886820211647409,-0.029594540357300064,-0.5990594497844093,1.1869584541030804,3.701245459669584
247540,2025-09-13,,,,,0.0,5.5,3.0,9.0,,5.886820211647409,-0.029594540357300064,-0.5990594497844093,1.1869584541030804,3.701245459669584
247540,2025-09-14,,,,,0.0,5.5,3.0,9.0,,5.886820211647409,-0.029594540357300064,-0.5990594497844093,1.1869584541030804,3.701245459669584
247540,2025-09-15,,,,,0.0,5.5,3.0,9.0,,5.985758366465013,-0.029594540357300064,-0.5990594497844093,1.1869584541030804,3.751258071893168
247540,2025-09-16,,,,,0.0,5.5,3.0,9.0,,6.050068167096455,-0.029594540357300064,-0.5990594497844093,1.1869584541030804,3.7837662698384973
247540,2025-09-17,,,,,0.0,5.5,3.0,9.0,,6.0203867206511745,-0.029594540357300064,-0.5990594497844093,1.1869584541030804,3.768762486171422
247540,2025-09-18,,,,,0.0,5.5,3.0,9.0,,6.079749613541736,-0.029594540357300064,-0.5990594497844093,1.1869584541030804,3.7987700535055726
247540,2025-09-19,,,,,0.0,5.5,3.0,9.0,,5.876926396165649,-0.029594540357300064,-0.5990594497844093,1.1869584541030804,3.696244198447225
247540,2025-09-20,,,,,0.0,5.5,3.0,9.0,,5.876926396165649,-0.029594540357300064,-0.5990594497844093,1.1869584541030804,3.696244198447225
247540,2025-09-21,,,,,0.0,5.5,3.0,9.0,,5.876926396165649,-0.029594540357300064,-0.5990594497844093,1.1869584541030804,3.696244198447225
247540,2025-09-22,,,,,0.0,5.5,3.0,9.0,,5.842298041979488,-0.029594540357300064,-0.5990594497844093,1.1869584541030804,3.678739784168971
247540,2025-09-23,,,,,0.0,5.5,3.0,9.0,,5.871979488424769,-0.029594540357300064,-0.5990594497844093,1.1869584541030804,3.693743567836046
247540,2025-09-24,,,,,0.0,5.5,3.0,9.0,,5.698837717493963,-0.029594540357300064,-0.5990594497844093,1.1869584541030804,3.6062214964447743
247540,2025-09-25,-0.9404,6.0,0.0,0.1837,1.0,5.5,3.0,9.0,,5.956076920019732,-0.029594540357300064,-0.5990594497844093,1.1869584541030804,3.7362542882260925
247540,2025-09-26,,,,,0.0,5.5,3.0,9.0,,5.693890809753083,-0.029594540357300064,-0.5990594497844093,1.1869584541030804,3.603720865833595
247540,2025-09-27,,,,,0.0,5.5,3.0,9.0,,5.693890809753083,-0.029594540357300064,-0.5990594497844093,1.1869584541030804,3.603720865833595
247540,2025-09-28,,,,,0.0,5.5,3.0,9.0,,5.693890809753083,-0.029594540357300064,-0.5990594497844093,1.1869584541030804,3.603720865833595
247540,2025-09-29,,,,,0.0,5.5,3.0,9.0,,5.708731532975723,-0.029594540357300064,-0.5990594497844093,1.1869584541030804,3.6112227576671323
247540,2025-09-30,,,,,0.0,5.5,3.0,9.0,,5.590005747194599,-0.029594540357300064,-0.5990594497844093,1.1869584541030804,3.551207622998832
247540,2025-10-01,,,,,0.0,5.5,3.0,10.0,,5.570218116231079,-0.029594540357300064,-0.5990594497844093,1.1869584541030804,3.5412051005541145
247540,2025-10-02,0.9998,6.0,0.0,0.2444,1.0,5.5,3.0,10.0,,5.7532537026436446,-0.029594540357300064,-0.5990594497844093,1.1869584541030804,3.6337284331677453
247540,2025-10-03,,,,,0.0,5.5,3.0,10.0,,5.7532537026436446,-0.029594540357300064,-0.5990594497844093,1.1869584541030804,3.6337284331677453
247540,2025-10-04,,,,,0.0,5.5,3.0,10.0,,5.7532537026436446,-0.029594540357300064,-0.5990594497844093,1.1869584541030804,3.6337284331677453
247540,2025-10-05,,,,,0.0,5.5,3.0,10.0,,5.7532537026436446,-0.029594540357300064,-0.5990594497844093,1.1869584541030804,3.6337284331677453
247540,2025-10-06,,,,,0.0,5.5,3.0,10.0,,5.7532537026436446,-0.029594540357300064,-0.5990594497844093,1.1869584541030804,3.6337284331677453
247540,2025-10-07,,,,,0.0,5.5,3.0,10.0,,5.7532537026436446,-0.029594540357300064,-0.5990594497844093,1.1869584541030804,3.6337284331677453
247540,2025-10-08,,,,,0.0,5.5,3.0,10.0,,5.7532537026436446,-0.029594540357300064,-0.5990594497844093,1.1869584541030804,3.6337284331677453
247540,2025-10-09,0.5068,5.0,0.0,0.1429,1.0,5.5,3.0,10.0,,5.7532537026436446,-0.029594540357300064,-0.5990594497844093,1.1869584541030804,3.6337284331677453
247540,2025-10-10,,,,,0.0,5.5,3.0,10.0,,5.555377393008437,-0.029594540357300064,-0.5990594497844093,1.1869584541030804,3.5337032087205773
247540,2025-10-11,,,,,0.0,5.5,3.0,10.0,,5.555377393008437,-0.029594540357300064,-0.5990594497844093,1.1869584541030804,3.5337032087205773
247540,2025-10-12,,,,,0.0,5.5,3.0,10.0,,5.555377393008437,-0.029594540357300064,-0.5990594497844093,1.1869584541030804,3.5337032087205773
247540,2025-10-13,0.9892,6.0,0.0,0.1064,1.0,5.5,3.0,10.0,,5.8274573187568475,-0.029594540357300064,-0.5990594497844093,1.1869584541030804,3.671237892335433
247540,2025-10-14,0.5165,5.0,0.0,0.2391,1.0,5.5,3.0,10.0,,6.119324875468778,-0.029594540357300064,-0.5990594497844093,1.1869584541030804,3.8187750983950064
247540,2025-10-15,0.9969,6.0,0.0,0.2759,1.0,5.5,3.0,10.0,,6.19352849158198,-0.029594540357300064,-0.5990594497844093,1.1869584541030804,3.856284557562694
247540,2025-10-16,0.0598,3.0,0.0,0.3659,1.0,5.5,3.0,10.0,,7.074078069458651,-0.029594540357300064,-0.5990594497844093,1.1869584541030804,4.301396806352592
247540,2025-10-17,0.3012,5.0,0.7281,0.2014,3.0,5.5,3.0,10.0,,7.964521462817084,-0.029594540357300064,-0.5990594497844093,1.1869584541030804,4.751510316364849
247540,2025-10-18,0.0738,3.0,0.0,0.1591,1.0,5.5,3.0,10.0,,7.964521462817084,-0.029594540357300064,-0.5990594497844093,1.1869584541030804,4.751510316364849
247540,2025-10-19,,,,,0.0,5.5,3.0,10.0,,7.964521462817084,-0.029594540357300064,-0.5990594497844093,1.1869584541030804,4.751510316364849
247540,2025-10-20,,,,,0.0,5.5,3.0,10.0,,7.929893108630922,-0.029594540357300064,-0.5990594497844093,1.1869584541030804,4.734005902086594
247540,2025-10-21,0.9986,6.0,0.0,0.3542,1.0,5.5,3.0,10.0,,7.905158569926521,-0.029594540357300064,-0.5990594497844093,1.1869584541030804,4.721502749030698
247540,2025-10-22,0.9997,7.0,0.0002,0.3815,3.0,5.5,3.0,10.0,,8.172291587934051,-0.029594540357300064,-0.5990594497844093,1.1869584541030804,4.856536802034375
247540,2025-10-23,-0.9994,6.0,0.0002,0.4391,2.0,5.5,3.0,10.0,,7.885370938963001,-0.029594540357300064,-0.5990594497844093,1.1869584541030804,4.711500226585981
247540,2025-10-24,0.9998,6.0,0.0,0.4583,1.0,5.5,3.0,10.0,,8.538362760759185,-0.029594540357300064,-0.5990594497844093,1.1869584541030804,5.041583467261635
247540,2025-10-25,,,,,0.0,5.5,3.0,10.0,,8.538362760759185,-0.029594540357300064,-0.5990594497844093,1.1869584541030804,5.041583467261635
247540,2025-10-26,,,,,0.0,5.5,3.0,10.0,,8.538362760759185,-0.029594540357300064,-0.5990594497844093,1.1869584541030804,5.041583467261635
247540,2025-10-27,,,,,0.0,5.5,3.0,10.0,,8.553203483981825,-0.029594540357300064,-0.5990594497844093,1.1869584541030804,5.049085359095173
247540,2025-10-28,0.9998,6.0,0.0,0.087,1.0,5.5,3.0,10.0,,8.612566376872387,-0.029594540357300064,-0.5990594497844093,1.1869584541030804,5.079092926429324
247540,2025-10-29,0.8907,6.0,0.0,0.1837,1.0,5.5,3.0,10.0,,8.493840591091262,-0.029594540357300064,-0.5990594497844093,1.1869584541030804,5.019077791761022
247540,2025-10-30,-0.0016,3.0,0.0,0.5349,1.0,5.5,3.0,10.0,,8.043671986671166,-0.029594540357300064,-0.5990594497844093,1.1869584541030804,4.791520406143714
247540,2025-10-31,,,,,0.0,5.5,3.0,10.0,,7.9150523854082815,-0.029594540357300064,-0.5990594497844093,1.1869584541030804,4.7265040102530556
247540,2025-11-01,,,,,0.0,5.5,3.0,11.0,,7.9150523854082815,-0.029594540357300064,-0.5990594497844093,1.1869584541030804,4.7265040102530556
247540,2025-11-02,,,,,0.0,5.5,3.0,11.0,,7.9150523854082815,-0.029594540357300064,-0.5990594497844093,1.1869584541030804,4.7265040102530556
247540,2025-11-03,,,,,0.0,5.5,3.0,11.0,,8.15745086471141,-0.029594540357300064,-0.5990594497844093,1.1869584541030804,4.849034910200837
247540,2025-11-04,0.75,6.0,0.4327,0.1655,4.0,5.5,3.0,11.0,,8.004096724744125,-0.029594540357300064,-0.5990594497844093,1.1869584541030804,4.771515361254282
247540,2025-11-05,0.9273,7.0,0.1182,0.362,4.0,5.5,3.0,11.0,,7.811167322849798,-0.029594540357300064,-0.5990594497844093,1.1869584541030804,4.673990767418292
247540,2025-11-06,,,,,0.0,5.5,3.0,11.0,,7.816114230590678,-0.029594540357300064,-0.5990594497844093,1.1869584541030804,4.676491398029471
247540,2025-11-07,,,,,0.0,5.5,3.0,11.0,,7.474777596469946,-0.029594540357300064,-0.5990594497844093,1.1869584541030804,4.503947885858107
247540,2025-11-08,,,,,0.0,5.5,3.0,11.0,,7.474777596469946,-0.029594540357300064,-0.5990594497844093,1.1869584541030804,4.503947885858107
247540,2025-11-09,,,,,0.0,5.5,3.0,11.0,,7.474777596469946,-0.029594540357300064,-0.5990594497844093,1.1869584541030804,4.503947885858107
247540,2025-11-10,,,,,0.0,5.5,3.0,11.0,,7.60834410547371,-0.029594540357300064,-0.5990594497844093,1.1869584541030804,4.571464912359946
247540,2025-11-11,,,,,0.0,5.5,3.0,11.0,,7.59845028999195,-0.029594540357300064,-0.5990594497844093,1.1869584541030804,4.566463651137587
247540,2025-11-12,,,,,0.0,5.5,3.0,11.0,,7.682547721586913,-0.029594540357300064,-0.5990594497844093,1.1869584541030804,4.6089743715276335
247540,2025-11-13,,,,,0.0,5.5,3.0,11.0,,7.9150523854082815,-0.029594540357300064,-0.5990594497844093,1.1869584541030804,4.7265040102530556
247540,2025-11-14,,,,,0.0,5.5,3.0,11.0,,7.450043057765545,-0.029594540357300064,-0.5990594497844093,1.1869584541030804,4.491444732802211
247540,2025-11-15,,,,,0.0,5.5,3.0,11.0,,7.450043057765545,-0.029594540357300064,-0.5990594497844093,1.1869584541030804,4.491444732802211
247540,2025-11-16,,,,,0.0,5.5,3.0,11.0,,7.450043057765545,-0.029594540357300064,-0.5990594497844093,1.1869584541030804,4.491444732802211
247540,2025-11-17,,,,,0.0,5.5,3.0,11.0,,7.638025551918992,-0.029594540357300064,-0.5990594497844093,1.1869584541030804,4.586468696027021
247540,2025-11-18,,,,,0.0,5.5,3.0,11.0,,7.173016224276255,-0.029594540357300064,-0.5990594497844093,1.1869584541030804,4.351409418576177
247540,2025-11-19,,,,,0.0,5.5,3.0,11.0,,7.098812608163053,-0.029594540357300064,-0.5990594497844093,1.1869584541030804,4.313899959408488
247540,2025-11-20,,,,,0.0,5.5,3.0,11.0,,7.182910039758015,-0.029594540357300064,-0.5990594497844093,1.1869584541030804,4.356410679798534
247540,2025-11-21,,,,,0.0,5.5,3.0,11.0,,6.836626497896403,-0.029594540357300064,-0.5990594497844093,1.1869584541030804,4.1813665370159905
247540,2025-11-22,,,,,0.0,5.5,3.0,11.0,,6.836626497896403,-0.029594540357300064,-0.5990594497844093,1.1869584541030804,4.1813665370159905
247540,2025-11-23,,,,,0.0,5.5,3.0,11.0,,6.836626497896403,-0.029594540357300064,-0.5990594497844093,1.1869584541030804,4.1813665370159905
247540,2025-11-24,-0.9853,6.0,0.0135,0.2857,2.0,5.5,3.0,11.0,,6.8514672211190435,-0.029594540357300064,-0.5990594497844093,1.1869584541030804,4.188868428849528
247540,2025-11-25,0.0493,3.0,0.0,0.3864,1.0,5.5,3.0,11.0,,6.797051235969362,-0.029594540357300064,-0.5990594497844093,1.1869584541030804,4.161361492126557
247540,2025-11-26,,,,,0.0,5.5,3.0,11.0,,7.420361611320264,-0.029594540357300064,-0.5990594497844093,1.1869584541030804,4.476440949135136
247540,2025-11-27,,,,,0.0,5.5,3.0,11.0,,7.2719543790938586,-0.029594540357300064,-0.5990594497844093,1.1869584541030804,4.401422030799759
247540,2025-11-28,,,,,0.0,5.5,3.0,11.0,,7.415414703579384,-0.029594540357300064,-0.5990594497844093,1.1869584541030804,4.473940318523956
247540,2025-11-29,,,,,0.0,5.5,3.0,11.0,,7.415414703579384,-0.029594540357300064,-0.5990594497844093,1.1869584541030804,4.473940318523956
247540,2025-11-30,0.9998,6.0,0.0,0.1667,2.0,5.5,3.0,11.0,,7.415414703579384,-0.029594540357300064,-0.5990594497844093,1.1869584541030804,4.473940318523956
247540,2025-12-01,0.5254,5.0,0.4745,0.3512,2.0,5.5,3.0,12.0,,7.8606364002586,-0.029594540357300064,-0.5990594497844093,1.1869584541030804,4.698997073530084
247540,2025-12-02,,,,,0.0,5.5,3.0,12.0,,7.87547712348124,-0.029594540357300064,-0.5990594497844093,1.1869584541030804,4.706498965363622
247540,2025-12-03,,,,,0.0,5.5,3.0,12.0,,7.761698245440996,-0.029594540357300064,-0.5990594497844093,1.1869584541030804,4.648984461306501
247540,2025-12-04,,,,,0.0,5.5,3.0,12.0,,7.811167322849798,-0.029594540357300064,-0.5990594497844093,1.1869584541030804,4.673990767418292
247540,2025-12-05,,,,,0.0,5.5,3.0,12.0,,7.900211662185641,-0.029594540357300064,-0.5990594497844093,1.1869584541030804,4.7190021184195174
247540,2025-12-06,,,,,0.0,5.5,3.0,12.0,,7.900211662185641,-0.029594540357300064,-0.5990594497844093,1.1869584541030804,4.7190021184195174
247540,2025-12-07,,,,,0.0,5.5,3.0,12.0,,7.900211662185641,-0.029594540357300064,-0.5990594497844093,1.1869584541030804,4.7190021184195174
247540,2025-12-08,0.6571,7.0,0.485,0.2539,6.0,5.5,3.0,12.0,,8.572991114945346,-0.029594540357300064,-0.5990594497844093,1.1869584541030804,5.05908788153989
247540,2025-12-09,0.5098,5.0,0.49,0.4239,2.0,5.5,3.0,12.0,,9.008318996142801,-0.029594540357300064,-0.5990594497844093,1.1869584541030804,5.27914337532366
247540,2025-12-10,,,,,0.0,5.5,3.0,12.0,,8.879699394879916,-0.029594540357300064,-0.5990594497844093,1.1869584541030804,5.214126979433001
247540,2025-12-11,,,,,0.0,5.5,3.0,12.0,,8.597725653649746,-0.029594540357300064,-0.5990594497844093,1.1869584541030804,5.0715910345957855
247540,2025-12-12,,,,,0.0,5.5,3.0,12.0,,8.70655762394911,-0.029594540357300064,-0.5990594497844093,1.1869584541030804,5.1266049080417275
247540,2025-12-13,,,,,0.0,5.5,3.0,12.0,,8.70655762394911,-0.029594540357300064,-0.5990594497844093,1.1869584541030804,5.1266049080417275
247540,2025-12-14,0.0,3.0,0.0,0.1026,1.0,5.5,3.0,12.0,,8.70655762394911,-0.029594540357300064,-0.5990594497844093,1.1869584541030804,5.1266049080417275
247540,2025-12-15,,,,,0.0,5.5,3.0,12.0,,8.889593210361676,-0.029594540357300064,-0.5990594497844093,1.1869584541030804,5.219128240655358
247540,2025-12-16,,,,,0.0,5.5,3.0,12.0,,8.187132311156692,-0.029594540357300064,-0.5990594497844093,1.1869584541030804,4.864038693867911
247540,2025-12-17,0.9997,6.0,0.0,0.1463,1.0,5.5,3.0,12.0,,8.201973034379332,-0.029594540357300064,-0.5990594497844093,1.1869584541030804,4.8715405857014495
247540,2025-12-18,-0.9997,6.0,0.0,0.2955,1.0,5.5,3.0,12.0,,7.628131736437232,-0.029594540357300064,-0.5990594497844093,1.1869584541030804,4.581467434804662
247540,2025-12-19,-0.1038,3.0,0.0,0.2909,1.0,5.5,3.0,12.0,,7.667706998364273,-0.029594540357300064,-0.5990594497844093,1.1869584541030804,4.601472479694095
247540,2025-12-20,,,,,0.0,5.5,3.0,12.0,,7.667706998364273,-0.029594540357300064,-0.5990594497844093,1.1869584541030804,4.601472479694095
247540,2025-12-21,,,,,0.0,5.5,3.0,12.0,,7.667706998364273,-0.029594540357300064,-0.5990594497844093,1.1869584541030804,4.601472479694095
247540,2025-12-22,-0.0,3.0,0.0,0.1277,1.0,5.5,3.0,12.0,,7.8606364002586,-0.029594540357300064,-0.5990594497844093,1.1869584541030804,4.698997073530084
247540,2025-12-23,,,,,0.0,5.5,3.0,12.0,,7.816114230590678,-0.029594540357300064,-0.5990594497844093,1.1869584541030804,4.676491398029471
247540,2025-12-24,,,,,0.0,5.5,3.0,12.0,,7.8012735073680375,-0.029594540357300064,-0.5990594497844093,1.1869584541030804,4.668989506195935
247540,2025-12-25,,,,,0.0,5.5,3.0,12.0,,7.8012735073680375,-0.029594540357300064,-0.5990594497844093,1.1869584541030804,4.668989506195935
247540,2025-12-26,,,,,0.0,5.5,3.0,12.0,,7.732016798995716,-0.029594540357300064,-0.5990594497844093,1.1869584541030804,4.633980677639426
247540,2025-12-27,,,,,0.0,5.5,3.0,12.0,,7.732016798995716,-0.029594540357300064,-0.5990594497844093,1.1869584541030804,4.633980677639426
247540,2025-12-28,,,,,0.0,5.5,3.0,12.0,,7.732016798995716,-0.029594540357300064,-0.5990594497844093,1.1869584541030804,4.633980677639426
247540,2025-12-29,,,,,0.0,5.5,3.0,12.0,,7.732016798995716,-0.029594540357300064,-0.5990594497844093,1.1869584541030804,4.633980677639426
247540,2025-12-30,-0.9542,6.0,0.0,0.1875,1.0,5.5,3.0,12.0,,7.252166748130338,-0.029594540357300064,-0.5990594497844093,1.1869584541030804,4.391419508355043
247540,2025-12-31,,,,,0.0,5.5,3.0,12.0,,7.252166748130338,-0.029594540357300064,-0.5990594497844093,1.1869584541030804,4.391419508355043
