ticker,date,news_sentiment,news_impact_score,news_sentiment_std,news_staleness,article_count,financial_health_score,valuation_score,financial_age_months,per,pbr,roe,revenue_growth,debt_ratio,altman_z
005930,2017-01-01,-0.0114,7.0,0.7955,0.1967,15.0,9.25,6.0,13.0,11.193186720356362,1.1914664528361347,0.10644568723840618,-0.026926982483782103,0.35250633719834557,3.584655041783487
005930,2017-01-02,-0.0429,7.0,0.7561,0.2288,28.0,9.25,6.0,13.0,11.211821326439086,1.1934500262870273,0.10644568723840618,-0.026926982483782103,0.35250633719834557,3.588031276321551
005930,2017-01-03,0.2882,8.0,0.7452,0.2662,27.0,9.25,6.0,13.0,11.32984049829634,1.2060126581426802,0.10644568723840618,-0.026926982483782103,0.35250633719834557,3.609414095062624
005930,2017-01-04,-0.0341,7.0,0.6066,0.2346,33.0,9.25,6.0,13.0,11.23045593252181,1.19543359973792,0.10644568723840618,-0.026926982483782103,0.35250633719834557,3.5914075108596157
005930,2017-01-05,-0.0617,7.0,0.714,0.2095,31.0,9.25,6.0,13.0,11.044109871694568,1.1755978652289942,0.10644568723840618,-0.026926982483782103,0.35250633719834557,3.557645165478974
005930,2017-01-06,0.3374,8.0,0.773,0.2461,78.0,9.25,6.0,13.0,11.242879003243626,1.196755982038515,0.10644568723840618,-0.026926982483782103,0.35250633719834557,3.5936583338849917
005930,2017-01-07,0.8249,7.0,0.3693,0.2523,6.0,9.25,6.0,13.0,11.242879003243626,1.196755982038515,0.10644568723840618,-0.026926982483782103,0.35250633719834557,3.5936583338849917
005930,2017-01-08,-0.2998,8.0,0.7056,0.2024,20.0,9.25,6.0,13.0,11.242879003243626,1.196755982038515,0.10644568723840618,-0.026926982483782103,0.35250633719834557,3.5936583338849917
005930,2017-01-09,-0.1259,7.0,0.7684,0.3122,94.0,9.25,6.0,13.0,11.559667306649938,1.2304767307036886,0.10644568723840618,-0.026926982483782103,0.35250633719834557,3.6510543210320816
005930,2017-01-10,0.0727,7.0,0.7986,0.1066,27.0,9.25,6.0,13.0,11.565878842010846,1.2311379218539862,0.10644568723840618,-0.026926982483782103,0.35250633719834557,3.6521797325447696
005930,2017-01-11,-0.1173,7.0,0.8738,0.2337,74.0,9.25,6.0,13.0,11.888878680778067,1.2655198616694574,0.10644568723840618,-0.026926982483782103,0.35250633719834557,3.7107011312045484
005930,2017-01-12,-0.8652,10.0,0.4472,0.3924,200.0,9.25,6.0,13.0,12.050378600161677,1.282710831577193,0.10644568723840618,-0.026926982483782103,0.35250633719834557,3.7399618305344373
005930,2017-01-13,-0.8998,10.0,0.3561,0.3576,81.0,9.25,6.0,13.0,11.634205730980836,1.2384110245072588,0.10644568723840618,-0.026926982483782103,0.35250633719834557,3.664559259184338
005930,2017-01-14,-0.7918,9.0,0.4002,0.4608,22.0,9.25,6.0,13.0,11.634205730980836,1.2384110245072588,0.10644568723840618,-0.026926982483782103,0.35250633719834557,3.664559259184338
005930,2017-01-15,-0.7587,9.0,0.5502,0.3762,31.0,9.25,6.0,13.0,11.634205730980836,1.2384110245072588,0.10644568723840618,-0.026926982483782103,0.35250633719834557,3.664559259184338
005930,2017-01-16,-0.8764,10.0,0.3959,0.3687,150.0,9.25,6.0,13.0,11.385744316544512,1.211963378495358,0.10644568723840618,-0.026926982483782103,0.35250633719834557,3.6195427986768167
005930,2017-01-17,-0.5698,9.0,0.6265,0.2241,50.0,9.25,6.0,13.0,11.478917346958134,1.221881245749821,0.10644568723840618,-0.026926982483782103,0.35250633719834557,3.636423971367137
005930,2017-01-18,-0.9307,10.0,0.3364,0.3811,200.0,9.25,6.0,13.0,11.472705811597226,1.2212200545995233,0.10644568723840618,-0.026926982483782103,0.35250633719834557,3.635298559854449
005930,2017-01-19,-0.821,9.0,0.5236,0.3283,200.0,9.25,6.0,13.0,11.640417266341744,1.2390722156575564,0.10644568723840618,-0.026926982483782103,0.35250633719834557,3.665684670697026
005930,2017-01-20,-0.8904,10.0,0.401,0.2949,49.0,9.25,6.0,13.0,11.55345577128903,1.2298155395533912,0.10644568723840618,-0.026926982483782103,0.35250633719834557,3.6499289095193936
005930,2017-01-21,-0.7705,9.0,0.3607,0.2506,18.0,9.25,6.0,13.0,11.55345577128903,1.2298155395533912,0.10644568723840618,-0.026926982483782103,0.35250633719834557,3.6499289095193936
005930,2017-01-22,-0.3637,8.0,0.8173,0.1463,17.0,9.25,6.0,13.0,11.55345577128903,1.2298155395533912,0.10644568723840618,-0.026926982483782103,0.35250633719834557,3.6499289095193936
005930,2017-01-23,-0.5382,9.0,0.6906,0.185,64.0,9.25,6.0,13.0,11.820551791808079,1.2582467590161845,0.10644568723840618,-0.026926982483782103,0.35250633719834557,3.69832160456498
005930,2017-01-24,0.2825,8.0,0.7944,0.1715,95.0,9.25,6.0,13.0,11.851609468612619,1.2615527147676722,0.10644568723840618,-0.026926982483782103,0.35250633719834557,3.7039486621284206
005930,2017-01-25,0.2396,8.0,0.7714,0.1803,47.0,9.25,6.0,13.0,12.23672466098892,1.3025465660861186,0.10644568723840618,-0.026926982483782103,0.35250633719834557,3.773724175915079
005930,2017-01-26,0.5804,9.0,0.5381,0.2795,38.0,9.25,6.0,13.0,12.392013045011621,1.3190763448435565,0.10644568723840618,-0.026926982483782103,0.35250633719834557,3.80185946373228
005930,2017-01-27,0.0818,7.0,0.7153,0.1714,12.0,9.25,6.0,13.0,12.392013045011621,1.3190763448435565,0.10644568723840618,-0.026926982483782103,0.35250633719834557,3.80185946373228
005930,2017-01-28,0.6878,5.0,0.312,0.155,2.0,9.25,6.0,13.0,12.392013045011621,1.3190763448435565,0.10644568723840618,-0.026926982483782103,0.35250633719834557,3.80185946373228
005930,2017-01-29,-0.0753,7.0,0.8418,0.2284,12.0,9.25,6.0,13.0,12.392013045011621,1.3190763448435565,0.10644568723840618,-0.026926982483782103,0.35250633719834557,3.80185946373228
005930,2017-01-30,-0.3331,6.0,0.7413,0.2093,6.0,9.25,6.0,13.0,12.392013045011621,1.3190763448435565,0.10644568723840618,-0.026926982483782103,0.35250633719834557,3.80185946373228
005930,2017-01-31,-0.0213,7.0,0.7924,0.1321,19.0,9.25,6.0,13.0,12.255359267071643,1.304530139537011,0.10644568723840618,-0.026926982483782103,0.35250633719834557,3.777100410453143
005930,2017-02-01,-0.0777,7.0,0.7483,0.197,27.0,9.25,6.0,14.0,12.149763165936207,1.2932898899819532,0.10644568723840618,-0.026926982483782103,0.35250633719834557,3.7579684147374466
005930,2017-02-02,-0.0477,7.0,0.6964,0.2681,22.0,9.25,6.0,14.0,12.224301590267103,1.3012241837855234,0.10644568723840618,-0.026926982483782103,0.35250633719834557,3.771473352889703
005930,2017-02-03,-0.1607,7.0,0.7013,0.2453,22.0,9.25,6.0,14.0,12.255359267071643,1.304530139537011,0.10644568723840618,-0.026926982483782103,0.35250633719834557,3.777100410453143
005930,2017-02-04,-0.5562,9.0,0.4704,0.2631,13.0,9.25,6.0,14.0,12.255359267071643,1.304530139537011,0.10644568723840618,-0.026926982483782103,0.35250633719834557,3.777100410453143
005930,2017-02-05,-0.3188,8.0,0.577,0.0898,16.0,9.25,6.0,14.0,12.255359267071643,1.304530139537011,0.10644568723840618,-0.026926982483782103,0.35250633719834557,3.777100410453143
005930,2017-02-06,-0.3029,8.0,0.6364,0.1713,30.0,9.25,6.0,14.0,12.286416943876185,1.3078360952884986,0.10644568723840618,-0.026926982483782103,0.35250633719834557,3.7827274680165837
005930,2017-02-07,0.1202,7.0,0.7543,0.1687,32.0,9.25,6.0,14.0,12.056590135522585,1.2833720227274903,0.10644568723840618,-0.026926982483782103,0.35250633719834557,3.741087242047126
005930,2017-02-08,0.115,7.0,0.8555,0.1845,13.0,9.25,6.0,14.0,11.926147892943515,1.2694870085712424,0.10644568723840618,-0.026926982483782103,0.35250633719834557,3.717453600280676
005930,2017-02-09,0.2121,8.0,0.7272,0.2192,24.0,9.25,6.0,14.0,11.926147892943515,1.2694870085712424,0.10644568723840618,-0.026926982483782103,0.35250633719834557,3.717453600280676
005930,2017-02-10,-0.1701,8.0,0.6948,0.2086,21.0,9.25,6.0,14.0,11.913724822221699,1.2681646262706474,0.10644568723840618,-0.026926982483782103,0.35250633719834557,3.7152027772553002
005930,2017-02-11,0.1383,5.0,0.6711,0.2429,6.0,9.25,6.0,14.0,11.913724822221699,1.2681646262706474,0.10644568723840618,-0.026926982483782103,0.35250633719834557,3.7152027772553002
005930,2017-02-12,-0.7921,9.0,0.5535,0.3163,38.0,9.25,6.0,14.0,11.913724822221699,1.2681646262706474,0.10644568723840618,-0.026926982483782103,0.35250633719834557,3.7152027772553002
005930,2017-02-13,-0.9226,10.0,0.3076,0.4797,200.0,9.25,6.0,14.0,11.789494115003539,1.254940803264697,0.10644568723840618,-0.026926982483782103,0.35250633719834557,3.69269454700154
005930,2017-02-14,-0.8646,10.0,0.4043,0.2953,102.0,9.25,6.0,14.0,11.671474943146285,1.242378171409044,0.10644568723840618,-0.026926982483782103,0.35250633719834557,3.671311728260467
005930,2017-02-15,-0.7637,9.0,0.5403,0.3037,48.0,9.25,6.0,14.0,11.71495569067264,1.2470065094611267,0.10644568723840618,-0.026926982483782103,0.35250633719834557,3.6791896088492826
005930,2017-02-16,-0.9298,10.0,0.2899,0.3437,200.0,9.25,6.0,14.0,11.808128721086263,1.2569243767155895,0.10644568723840618,-0.026926982483782103,0.35250633719834557,3.696070781539604
005930,2017-02-17,-0.931,10.0,0.3141,0.2534,200.0,9.25,6.0,14.0,11.758436438198997,1.2516348475132093,0.10644568723840618,-0.026926982483782103,0.35250633719834557,3.6870674894380993
005930,2017-02-18,-0.9177,10.0,0.3247,0.4278,90.0,9.25,6.0,14.0,11.758436438198997,1.2516348475132093,0.10644568723840618,-0.026926982483782103,0.35250633719834557,3.6870674894380993
005930,2017-02-19,-0.7157,9.0,0.5738,0.4415,62.0,9.25,6.0,14.0,11.758436438198997,1.2516348475132093,0.10644568723840618,-0.026926982483782103,0.35250633719834557,3.6870674894380993
005930,2017-02-20,-0.4661,8.0,0.7333,0.294,57.0,9.25,6.0,14.0,12.006897852635321,1.2780824935251103,0.10644568723840618,-0.026926982483782103,0.35250633719834557,3.7320839499456215
005930,2017-02-21,-0.1097,7.0,0.8672,0.1662,31.0,9.25,6.0,14.0,12.093859347688033,1.2873391696292755,0.10644568723840618,-0.026926982483782103,0.35250633719834557,3.747839711123254
005930,2017-02-22,-0.4923,8.0,0.7043,0.3324,47.0,9.25,6.0,14.0,12.20566698418438,1.299240610334631,0.10644568723840618,-0.026926982483782103,0.35250633719834557,3.768097118351639
005930,2017-02-23,-0.1749,8.0,0.7775,0.2821,34.0,9.25,6.0,14.0,12.168397772018931,1.2952734634328458,0.10644568723840618,-0.026926982483782103,0.35250633719834557,3.7613446492755105
005930,2017-02-24,-0.1315,7.0,0.6765,0.2985,37.0,9.25,6.0,14.0,11.870244074695343,1.2635362882185648,0.10644568723840618,-0.026926982483782103,0.35250633719834557,3.7073248966664845
005930,2017-02-25,-0.9413,10.0,0.221,0.4131,41.0,9.25,6.0,14.0,11.870244074695343,1.2635362882185648,0.10644568723840618,-0.026926982483782103,0.35250633719834557,3.7073248966664845
005930,2017-02-26,-0.7612,9.0,0.5339,0.4209,44.0,9.25,6.0,14.0,11.870244074695343,1.2635362882185648,0.10644568723840618,-0.026926982483782103,0.35250633719834557,3.7073248966664845
005930,2017-02-27,0.1651,7.0,0.826,0.2335,55.0,9.25,6.0,14.0,11.820551791808079,1.2582467590161845,0.10644568723840618,-0.026926982483782103,0.35250633719834557,3.69832160456498
005930,2017-02-28,-0.3079,8.0,0.6243,0.2873,72.0,9.25,6.0,14.0,11.938570963665331,1.2708093908718374,0.10644568723840618,-0.026926982483782103,0.35250633719834557,3.719704423306053
005930,2017-03-01,-0.1555,7.0,0.5924,0.2025,23.0,9.25,6.0,15.0,11.938570963665331,1.2708093908718374,0.10644568723840618,-0.026926982483782103,0.35250633719834557,3.719704423306053
005930,2017-03-02,-0.3336,8.0,0.654,0.1642,36.0,9.25,6.0,15.0,12.33610922676345,1.3131256244908789,0.10644568723840618,-0.026926982483782103,0.35250633719834557,3.7917307601180874
005930,2017-03-03,-0.858,10.0,0.3166,0.2711,28.0,9.25,6.0,15.0,12.30505154995891,1.3098196687393913,0.10644568723840618,-0.026926982483782103,0.35250633719834557,3.7861037025546476
005930,2017-03-04,-0.3294,5.0,0.4737,0.1567,3.0,9.25,6.0,15.0,12.30505154995891,1.3098196687393913,0.10644568723840618,-0.026926982483782103,0.35250633719834557,3.7861037025546476
005930,2017-03-05,-0.236,8.0,0.6656,0.2074,19.0,9.25,6.0,15.0,12.30505154995891,1.3098196687393913,0.10644568723840618,-0.026926982483782103,0.35250633719834557,3.7861037025546476
005930,2017-03-06,-0.4511,8.0,0.6812,0.211,55.0,9.25,6.0,15.0,12.447916863259794,1.3250270651962344,0.10644568723840618,-0.026926982483782103,0.35250633719834557,3.8119881673464726
005930,2017-03-07,0.0766,7.0,0.8499,0.2192,38.0,9.25,6.0,15.0,12.485186075425244,1.3289942120980194,0.10644568723840618,-0.026926982483782103,0.35250633719834557,3.8187406364226013
005930,2017-03-08,0.4283,8.0,0.5952,0.211,33.0,9.25,6.0,15.0,12.485186075425244,1.3289942120980194,0.10644568723840618,-0.026926982483782103,0.35250633719834557,3.8187406364226013
005930,2017-03-09,0.0117,7.0,0.7789,0.2451,62.0,9.25,6.0,15.0,12.485186075425244,1.3289942120980194,0.10644568723840618,-0.026926982483782103,0.35250633719834557,3.8187406364226013
005930,2017-03-10,-0.1812,8.0,0.7974,0.1829,12.0,9.25,6.0,15.0,12.478974540064335,1.328333020947722,0.10644568723840618,-0.026926982483782103,0.35250633719834557,3.8176152249099133
005930,2017-03-11,0.8295,6.0,0.2223,0.13,5.0,9.25,6.0,15.0,12.478974540064335,1.328333020947722,0.10644568723840618,-0.026926982483782103,0.35250633719834557,3.8176152249099133
005930,2017-03-12,0.0599,7.0,0.7602,0.1661,12.0,9.25,6.0,15.0,12.478974540064335,1.328333020947722,0.10644568723840618,-0.026926982483782103,0.35250633719834557,3.8176152249099133
005930,2017-03-13,-0.0611,7.0,0.7961,0.225,36.0,9.25,6.0,15.0,12.609416782643404,1.3422180351039699,0.10644568723840618,-0.026926982483782103,0.35250633719834557,3.8412488666763616
005930,2017-03-14,0.3385,8.0,0.7322,0.2705,18.0,9.25,6.0,15.0,12.845455126357912,1.3673432988152756,0.10644568723840618,-0.026926982483782103,0.35250633719834557,3.884014504158508
005930,2017-03-15,0.2308,8.0,0.843,0.2554,18.0,9.25,6.0,15.0,12.857878197079728,1.3686656811158708,0.10644568723840618,-0.026926982483782103,0.35250633719834557,3.886265327183884
005930,2017-03-16,0.0312,7.0,0.8448,0.1932,37.0,9.25,6.0,15.0,12.994531975019706,1.3832118864224163,0.10644568723840618,-0.026926982483782103,0.35250633719834557,3.911024380463021
005930,2017-03-17,0.062,7.0,0.906,0.3565,23.0,9.25,6.0,15.0,13.168454965125132,1.4017252386307468,0.10644568723840618,-0.026926982483782103,0.35250633719834557,3.942535902818286
005930,2017-03-18,-0.0003,4.0,0.0006,0.2262,3.0,9.25,6.0,15.0,13.168454965125132,1.4017252386307468,0.10644568723840618,-0.026926982483782103,0.35250633719834557,3.942535902818286
005930,2017-03-19,0.006,7.0,0.7703,0.1587,16.0,9.25,6.0,15.0,13.168454965125132,1.4017252386307468,0.10644568723840618,-0.026926982483782103,0.35250633719834557,3.942535902818286
005930,2017-03-20,0.1351,7.0,0.6995,0.1687,30.0,9.25,6.0,15.0,13.01316658110243,1.3851954598733087,0.10644568723840618,-0.026926982483782103,0.35250633719834557,3.914400615001085
005930,2017-03-21,0.3927,8.0,0.6805,0.2028,31.0,9.25,6.0,15.0,13.218147248012396,1.407014767833127,0.10644568723840618,-0.026926982483782103,0.35250633719834557,3.9515391949197904
005930,2017-03-22,0.3387,8.0,0.6634,0.1697,18.0,9.25,6.0,15.0,13.187089571207856,1.4037088120816394,0.10644568723840618,-0.026926982483782103,0.35250633719834557,3.9459121373563506
005930,2017-03-23,-0.5302,9.0,0.6955,0.26,26.0,9.25,6.0,15.0,12.98210890429789,1.381889504121821,0.10644568723840618,-0.026926982483782103,0.35250633719834557,3.908773557437645
005930,2017-03-24,-0.1649,7.0,0.6865,0.2628,67.0,9.25,6.0,15.0,12.888935873884268,1.3719716368673585,0.10644568723840618,-0.026926982483782103,0.35250633719834557,3.8918923847473246
005930,2017-03-25,-0.0063,4.0,0.0962,0.1455,4.0,9.25,6.0,15.0,12.888935873884268,1.3719716368673585,0.10644568723840618,-0.026926982483782103,0.35250633719834557,3.8918923847473246
005930,2017-03-26,0.3645,7.0,0.735,0.1482,11.0,9.25,6.0,15.0,12.888935873884268,1.3719716368673585,0.10644568723840618,-0.026926982483782103,0.35250633719834557,3.8918923847473246
005930,2017-03-27,-0.2184,8.0,0.8511,0.1702,28.0,9.25,6.0,15.0,12.795762843470648,1.3620537696128956,0.10644568723840618,-0.026926982483782103,0.35250633719834557,3.8750112120570033
005930,2017-03-28,0.2647,8.0,0.6818,0.1738,35.0,9.25,6.0,15.0,12.88272433852336,1.3713104457170608,0.10644568723840618,-0.026926982483782103,0.35250633719834557,3.8907669732346366
005930,2017-03-29,0.2383,8.0,0.6992,0.185,33.0,9.25,6.0,15.0,12.975897368936982,1.3812283129715237,0.10644568723840618,-0.026926982483782103,0.35250633719834557,3.907648145924957
005930,2017-03-30,0.1503,7.0,0.7975,0.264,73.0,9.25,6.0,15.0,13.038012722546062,1.387840224474499,0.10644568723840618,-0.026926982483782103,0.35250633719834557,3.9189022610518376
005930,2017-03-31,-0.2982,8.0,0.7768,0.2098,50.0,9.25,6.0,15.0,12.795762843470648,1.3620537696128956,0.10644568723840618,-0.026926982483782103,0.35250633719834557,3.8750112120570033
005930,2017-04-01,-0.1107,4.0,0.6856,0.4288,3.0,9.25,7.0,4.0,10.731677157093264,1.263916091049419,0.11777433038171617,0.006046558414570647,0.35867642586235676,3.6492777627578885
005930,2017-04-02,-0.0702,7.0,0.4841,0.1912,19.0,9.25,7.0,4.0,10.731677157093264,1.263916091049419,0.11777433038171617,0.006046558414570647,0.35867642586235676,3.6492777627578885
005930,2017-04-03,0.5157,9.0,0.6392,0.2084,32.0,9.25,7.0,4.0,10.794191781309342,1.271278709055532,0.11777433038171617,0.006046558414570647,0.35867642586235676,3.661594074857427
005930,2017-04-04,0.0776,7.0,0.7956,0.2242,22.0,9.25,7.0,4.0,10.960897445885548,1.2909123570718335,0.11777433038171617,0.006046558414570647,0.35867642586235676,3.6944375737895303
005930,2017-04-05,0.3249,8.0,0.5978,0.2189,33.0,9.25,7.0,4.0,10.976526101939568,1.2927530115733619,0.11777433038171617,0.006046558414570647,0.35867642586235676,3.697516651814415
005930,2017-04-06,0.2526,8.0,0.7302,0.2067,37.0,9.25,7.0,4.0,10.898382821669472,1.2835497390657205,0.11777433038171617,0.006046558414570647,0.35867642586235676,3.682121261689992
005930,2017-04-07,-0.4178,8.0,0.7919,0.2561,126.0,9.25,7.0,4.0,10.835868197453394,1.2761871210596074,0.11777433038171617,0.006046558414570647,0.35867642586235676,3.6698049495904526
005930,2017-04-08,0.2813,5.0,0.7818,0.2836,4.0,9.25,7.0,4.0,10.835868197453394,1.2761871210596074,0.11777433038171617,0.006046558414570647,0.35867642586235676,3.6698049495904526
005930,2017-04-09,0.7894,9.0,0.3706,0.2115,17.0,9.25,7.0,4.0,10.835868197453394,1.2761871210596074,0.11777433038171617,0.006046558414570647,0.35867642586235676,3.6698049495904526
005930,2017-04-10,0.2785,8.0,0.8485,0.1701,21.0,9.25,7.0,4.0,10.924430581759504,1.2866174965682675,0.11777433038171617,0.006046558414570647,0.35867642586235676,3.6872530583981327
005930,2017-04-11,0.3159,8.0,0.7021,0.1593,19.0,9.25,7.0,4.0,10.835868197453394,1.2761871210596074,0.11777433038171617,0.006046558414570647,0.35867642586235676,3.6698049495904526
005930,2017-04-12,0.2125,8.0,0.7288,0.2602,26.0,9.25,7.0,4.0,10.91401147772349,1.2853903935672488,0.11777433038171617,0.006046558414570647,0.35867642586235676,3.685200339714876
005930,2017-04-13,-0.1427,7.0,0.828,0.2421,65.0,9.25,7.0,4.0,11.049459830191658,1.3013427325804938,0.11777433038171617,0.006046558414570647,0.35867642586235676,3.7118856825972104
005930,2017-04-14,-0.4294,8.0,0.6348,0.3151,38.0,9.25,7.0,4.0,10.945268789831529,1.2890717025703053,0.11777433038171617,0.006046558414570647,0.35867642586235676,3.6913584957646455
005930,2017-04-15,0.0625,4.0,0.6143,0.2553,4.0,9.25,7.0,4.0,10.945268789831529,1.2890717025703053,0.11777433038171617,0.006046558414570647,0.35867642586235676,3.6913584957646455
005930,2017-04-16,0.0905,6.0,0.5137,0.2032,11.0,9.25,7.0,4.0,10.945268789831529,1.2890717025703053,0.11777433038171617,0.006046558414570647,0.35867642586235676,3.6913584957646455
005930,2017-04-17,0.0226,7.0,0.7717,0.2049,29.0,9.25,7.0,4.0,10.825449093417381,1.2749600180585885,0.11777433038171617,0.006046558414570647,0.35867642586235676,3.6677522309071966
005930,2017-04-18,-0.1421,7.0,0.706,0.1583,40.0,9.25,7.0,4.0,10.809820437363362,1.2731193635570601,0.11777433038171617,0.006046558414570647,0.35867642586235676,3.6646731528823118
005930,2017-04-19,-0.444,8.0,0.7507,0.3043,58.0,9.25,7.0,4.0,10.653533876823168,1.2547128185417775,0.11777433038171617,0.006046558414570647,0.35867642586235676,3.6338823726334644
005930,2017-04-20,-0.2445,8.0,0.906,0.2847,43.0,9.25,7.0,4.0,10.49203776426497,1.2356927220259852,0.11777433038171617,0.006046558414570647,0.35867642586235676,3.602065233042989
005930,2017-04-21,-0.1519,7.0,0.8247,0.3151,52.0,9.25,7.0,4.0,10.617067012697124,1.2504179580382115,0.11777433038171617,0.006046558414570647,0.35867642586235676,3.6266978572420667
005930,2017-04-22,-0.2465,6.0,0.5434,0.1983,6.0,9.25,7.0,4.0,10.617067012697124,1.2504179580382115,0.11777433038171617,0.006046558414570647,0.35867642586235676,3.6266978572420667
005930,2017-04-23,-0.3282,8.0,0.6883,0.2137,18.0,9.25,7.0,4.0,10.617067012697124,1.2504179580382115,0.11777433038171617,0.006046558414570647,0.35867642586235676,3.6266978572420667
005930,2017-04-24,0.3211,8.0,0.8669,0.1873,22.0,9.25,7.0,4.0,10.742096261129278,1.2651431940504376,0.11777433038171617,0.006046558414570647,0.35867642586235676,3.6513304814411445
005930,2017-04-25,0.8789,10.0,0.3168,0.2359,24.0,9.25,7.0,4.0,11.122393558443747,1.3099324535876258,0.11777433038171617,0.006046558414570647,0.35867642586235676,3.7262547133800057
005930,2017-04-26,-0.2538,8.0,0.7569,0.1935,42.0,9.25,7.0,4.0,11.14844131853378,1.313000211090173,0.11777433038171617,0.006046558414570647,0.35867642586235676,3.7313865100881465
005930,2017-04-27,0.1363,7.0,0.7924,0.2099,102.0,9.25,7.0,4.0,11.419338023470115,1.344904889116663,0.11777433038171617,0.006046558414570647,0.35867642586235676,3.784757195852815
005930,2017-04-28,-0.0168,7.0,0.901,0.2416,40.0,9.25,7.0,4.0,11.622510552172367,1.3688333976365308,0.11777433038171617,0.006046558414570647,0.35867642586235676,3.824785210176316
005930,2017-04-29,0.4723,4.0,0.4693,0.1397,2.0,9.25,7.0,4.0,11.622510552172367,1.3688333976365308,0.11777433038171617,0.006046558414570647,0.35867642586235676,3.824785210176316
005930,2017-04-30,0.2045,7.0,0.8652,0.1407,10.0,9.25,7.0,4.0,11.622510552172367,1.3688333976365308,0.11777433038171617,0.006046558414570647,0.35867642586235676,3.824785210176316
005930,2017-05-01,0.2025,8.0,0.644,0.1567,21.0,9.25,7.0,5.0,11.622510552172367,1.3688333976365308,0.11777433038171617,0.006046558414570647,0.35867642586235676,3.824785210176316
005930,2017-05-02,-0.0212,7.0,0.8292,0.2071,52.0,9.25,7.0,5.0,11.695444280424455,1.3774231186436627,0.11777433038171617,0.006046558414570647,0.35867642586235676,3.839154240959111
005930,2017-05-03,0.4453,5.0,0.7217,0.1866,5.0,9.25,7.0,5.0,11.695444280424455,1.3774231186436627,0.11777433038171617,0.006046558414570647,0.35867642586235676,3.839154240959111
005930,2017-05-04,0.1791,8.0,0.484,0.1974,32.0,9.25,7.0,5.0,11.856940392982656,1.396443215159455,0.11777433038171617,0.006046558414570647,0.35867642586235676,3.8709713805495864
005930,2017-05-05,0.3017,6.0,0.791,0.3981,7.0,9.25,7.0,5.0,11.856940392982656,1.396443215159455,0.11777433038171617,0.006046558414570647,0.35867642586235676,3.8709713805495864
005930,2017-05-06,-0.0519,4.0,0.6343,0.1991,4.0,9.25,7.0,5.0,11.856940392982656,1.396443215159455,0.11777433038171617,0.006046558414570647,0.35867642586235676,3.8709713805495864
005930,2017-05-07,0.086,5.0,0.7656,0.2227,7.0,9.25,7.0,5.0,11.856940392982656,1.396443215159455,0.11777433038171617,0.006046558414570647,0.35867642586235676,3.8709713805495864
005930,2017-05-08,0.2829,8.0,0.558,0.2472,30.0,9.25,7.0,5.0,12.247656794333139,1.442459577697662,0.11777433038171617,0.006046558414570647,0.35867642586235676,3.9479483311717036
005930,2017-05-09,0.0672,6.0,0.7317,0.1543,9.0,9.25,7.0,5.0,12.247656794333139,1.442459577697662,0.11777433038171617,0.006046558414570647,0.35867642586235676,3.9479483311717036
005930,2017-05-10,-0.0362,7.0,0.8381,0.2099,35.0,9.25,7.0,5.0,11.87777860105468,1.3988974211614926,0.11777433038171617,0.006046558414570647,0.35867642586235676,3.8750768179160993
005930,2017-05-11,-0.4981,8.0,0.6067,0.3717,34.0,9.25,7.0,5.0,11.851730840964649,1.3958296636589456,0.11777433038171617,0.006046558414570647,0.35867642586235676,3.8699450212079576
005930,2017-05-12,-0.0655,7.0,0.6306,0.2135,36.0,9.25,7.0,5.0,11.935083673252752,1.4056464876670964,0.11777433038171617,0.006046558414570647,0.35867642586235676,3.8863667706740097
005930,2017-05-13,0.0006,4.0,0.0009,0.2261,3.0,9.25,7.0,5.0,11.935083673252752,1.4056464876670964,0.11777433038171617,0.006046558414570647,0.35867642586235676,3.8863667706740097
005930,2017-05-14,0.1485,4.0,0.7011,0.1237,5.0,9.25,7.0,5.0,11.935083673252752,1.4056464876670964,0.11777433038171617,0.006046558414570647,0.35867642586235676,3.8863667706740097
005930,2017-05-15,0.2932,8.0,0.7506,0.167,30.0,9.25,7.0,5.0,12.008017401504842,1.4142362086742284,0.11777433038171617,0.006046558414570647,0.35867642586235676,3.900735801456805
005930,2017-05-16,0.4626,8.0,0.4654,0.2233,22.0,9.25,7.0,5.0,12.080951129756933,1.4228259296813603,0.11777433038171617,0.006046558414570647,0.35867642586235676,3.9151048322396003
005930,2017-05-17,-0.3645,8.0,0.6706,0.1635,35.0,9.25,7.0,5.0,12.07053202572092,1.4215988266803414,0.11777433038171617,0.006046558414570647,0.35867642586235676,3.9130521135563434
005930,2017-05-18,-0.0872,7.0,0.7764,0.2566,25.0,9.25,7.0,5.0,11.966340985360791,1.409327796670153,0.11777433038171617,0.006046558414570647,0.35867642586235676,3.8925249267237794
005930,2017-05-19,0.063,7.0,0.7068,0.2061,22.0,9.25,7.0,5.0,11.648558312262399,1.3719011551390778,0.11777433038171617,0.006046558414570647,0.35867642586235676,3.8299170068844566
005930,2017-05-20,0.0544,4.0,0.0942,0.1171,4.0,9.25,7.0,5.0,11.648558312262399,1.3719011551390778,0.11777433038171617,0.006046558414570647,0.35867642586235676,3.8299170068844566
005930,2017-05-21,-0.3657,6.0,0.484,0.1225,8.0,9.25,7.0,5.0,11.648558312262399,1.3719011551390778,0.11777433038171617,0.006046558414570647,0.35867642586235676,3.8299170068844566
005930,2017-05-22,0.2275,8.0,0.8221,0.1091,29.0,9.25,7.0,5.0,11.747539800604521,1.383558633648757,0.11777433038171617,0.006046558414570647,0.35867642586235676,3.8494178343753935
005930,2017-05-23,0.2843,8.0,0.5853,0.1655,17.0,9.25,7.0,5.0,11.700653832442462,1.3780366701441722,0.11777433038171617,0.006046558414570647,0.35867642586235676,3.840180600300739
005930,2017-05-24,-0.075,7.0,0.7155,0.1931,37.0,9.25,7.0,5.0,11.69023472840645,1.3768095671431533,0.11777433038171617,0.006046558414570647,0.35867642586235676,3.838127881617483
005930,2017-05-25,-0.4952,8.0,0.8075,0.2768,63.0,9.25,7.0,5.0,11.898616809126707,1.4013516271635305,0.11777433038171617,0.006046558414570647,0.35867642586235676,3.879182255282612
005930,2017-05-26,-0.4004,8.0,0.6751,0.3201,18.0,9.25,7.0,5.0,12.002807849486835,1.413622657173719,0.11777433038171617,0.006046558414570647,0.35867642586235676,3.899709442115177
005930,2017-05-27,-0.998,6.0,0.0007,0.2175,2.0,9.25,7.0,5.0,12.002807849486835,1.413622657173719,0.11777433038171617,0.006046558414570647,0.35867642586235676,3.899709442115177
005930,2017-05-28,0.3893,8.0,0.5996,0.166,13.0,9.25,7.0,5.0,12.002807849486835,1.413622657173719,0.11777433038171617,0.006046558414570647,0.35867642586235676,3.899709442115177
005930,2017-05-29,-0.1677,8.0,0.8551,0.1747,43.0,9.25,7.0,5.0,11.882988153072688,1.399510972662002,0.11777433038171617,0.006046558414570647,0.35867642586235676,3.8761031772577272
005930,2017-05-30,0.1532,7.0,0.739,0.2035,28.0,9.25,7.0,5.0,11.627720104190372,1.3694469491370402,0.11777433038171617,0.006046558414570647,0.35867642586235676,3.8258115695179438
005930,2017-05-31,-0.4887,8.0,0.628,0.2553,37.0,9.25,7.0,5.0,11.643348760244391,1.3712876036385684,0.11777433038171617,0.006046558414570647,0.35867642586235676,3.8288906475428286
005930,2017-06-01,-0.3141,8.0,0.6398,0.2442,29.0,9.25,7.0,6.0,11.638139208226386,1.3706740521380592,0.11777433038171617,0.006046558414570647,0.35867642586235676,3.8278642882012006
005930,2017-06-02,0.0293,7.0,0.8167,0.3353,26.0,9.25,7.0,6.0,11.971550537378798,1.4099413481706624,0.11777433038171617,0.006046558414570647,0.35867642586235676,3.8935512860654073
005930,2017-06-03,0.3338,5.0,0.7062,0.1759,4.0,9.25,7.0,6.0,11.971550537378798,1.4099413481706624,0.11777433038171617,0.006046558414570647,0.35867642586235676,3.8935512860654073
005930,2017-06-04,0.1477,7.0,0.9459,0.228,13.0,9.25,7.0,6.0,11.971550537378798,1.4099413481706624,0.11777433038171617,0.006046558414570647,0.35867642586235676,3.8935512860654073
005930,2017-06-05,-0.0329,7.0,0.7216,0.2121,14.0,9.25,7.0,6.0,11.966340985360791,1.409327796670153,0.11777433038171617,0.006046558414570647,0.35867642586235676,3.8925249267237794
005930,2017-06-06,-0.0811,6.0,0.298,0.1527,9.0,9.25,7.0,6.0,11.966340985360791,1.409327796670153,0.11777433038171617,0.006046558414570647,0.35867642586235676,3.8925249267237794
005930,2017-06-07,-0.1939,8.0,0.8575,0.2748,31.0,9.25,7.0,6.0,11.799635320784585,1.3896941486538512,0.11777433038171617,0.006046558414570647,0.35867642586235676,3.859681427791676
005930,2017-06-08,-0.5918,9.0,0.743,0.3623,32.0,9.25,7.0,6.0,11.76316845665854,1.3853992881502852,0.11777433038171617,0.006046558414570647,0.35867642586235676,3.8524969124002784
005930,2017-06-09,-0.0835,7.0,0.8116,0.2435,24.0,9.25,7.0,6.0,12.008017401504842,1.4142362086742284,0.11777433038171617,0.006046558414570647,0.35867642586235676,3.900735801456805
005930,2017-06-10,-0.3324,5.0,0.4702,0.1517,3.0,9.25,7.0,6.0,12.008017401504842,1.4142362086742284,0.11777433038171617,0.006046558414570647,0.35867642586235676,3.900735801456805
005930,2017-06-11,-0.0161,6.0,0.7824,0.1765,9.0,9.25,7.0,6.0,12.008017401504842,1.4142362086742284,0.11777433038171617,0.006046558414570647,0.35867642586235676,3.900735801456805
005930,2017-06-12,-0.1062,7.0,0.8736,0.2364,26.0,9.25,7.0,6.0,11.820473528856612,1.392148354655889,0.11777433038171617,0.006046558414570647,0.35867642586235676,3.863786865158189
005930,2017-06-13,0.3172,8.0,0.6306,0.2445,12.0,9.25,7.0,6.0,11.825683080874617,1.3927619061563985,0.11777433038171617,0.006046558414570647,0.35867642586235676,3.864813224499817
005930,2017-06-14,0.0134,7.0,0.7212,0.1961,44.0,9.25,7.0,6.0,11.815263976838605,1.3915348031553796,0.11777433038171617,0.006046558414570647,0.35867642586235676,3.86276050581656
005930,2017-06-15,0.9222,10.0,0.2662,0.3135,13.0,9.25,7.0,6.0,11.898616809126707,1.4013516271635305,0.11777433038171617,0.006046558414570647,0.35867642586235676,3.879182255282612
005930,2017-06-16,-0.4733,8.0,0.7117,0.2055,15.0,9.25,7.0,6.0,11.872569049036676,1.3982838696609832,0.11777433038171617,0.006046558414570647,0.35867642586235676,3.8740504585744713
005930,2017-06-17,-0.0011,4.0,0.0884,0.1749,5.0,9.25,7.0,6.0,11.872569049036676,1.3982838696609832,0.11777433038171617,0.006046558414570647,0.35867642586235676,3.8740504585744713
005930,2017-06-18,0.0001,6.0,0.878,0.1803,10.0,9.25,7.0,6.0,11.872569049036676,1.3982838696609832,0.11777433038171617,0.006046558414570647,0.35867642586235676,3.8740504585744713
005930,2017-06-19,-0.1541,7.0,0.8314,0.2508,31.0,9.25,7.0,6.0,12.12783709791899,1.4283478931859452,0.11777433038171617,0.006046558414570647,0.35867642586235676,3.924342066314254
005930,2017-06-20,0.0329,7.0,0.7969,0.2885,39.0,9.25,7.0,6.0,12.5393917073415,1.47681846172619,0.11777433038171617,0.006046558414570647,0.35867642586235676,4.005424454302885
005930,2017-06-21,-0.4061,8.0,0.6799,0.2743,38.0,9.25,7.0,6.0,12.367476490747286,1.4565712622093787,0.11777433038171617,0.006046558414570647,0.35867642586235676,3.9715545960291525
005930,2017-06-22,0.377,8.0,0.6894,0.1672,24.0,9.25,7.0,6.0,12.49250573917944,1.471296498221605,0.11777433038171617,0.006046558414570647,0.35867642586235676,3.996187220228231
005930,2017-06-23,0.1787,8.0,0.6406,0.2746,36.0,9.25,7.0,6.0,12.403943354873332,1.4608661227129447,0.11777433038171617,0.006046558414570647,0.35867642586235676,3.978739111420551
005930,2017-06-24,,,,,0.0,9.25,7.0,6.0,12.403943354873332,1.4608661227129447,0.11777433038171617,0.006046558414570647,0.35867642586235676,3.978739111420551
005930,2017-06-25,-0.0733,7.0,0.8243,0.2335,13.0,9.25,7.0,6.0,12.403943354873332,1.4608661227129447,0.11777433038171617,0.006046558414570647,0.35867642586235676,3.978739111420551
005930,2017-06-26,-0.0417,7.0,0.8302,0.2104,39.0,9.25,7.0,6.0,12.575858571467544,1.481113322229756,0.11777433038171617,0.006046558414570647,0.35867642586235676,4.012608969694282
005930,2017-06-27,0.0758,7.0,0.8193,0.2354,31.0,9.25,7.0,6.0,12.58106812348555,1.4817268737302653,0.11777433038171617,0.006046558414570647,0.35867642586235676,4.01363532903591
005930,2017-06-28,0.3454,8.0,0.7883,0.1909,35.0,9.25,7.0,6.0,12.424781562945357,1.4633203287149825,0.11777433038171617,0.006046558414570647,0.35867642586235676,3.982844548787064
005930,2017-06-29,0.6242,9.0,0.4567,0.1668,29.0,9.25,7.0,6.0,12.487296187161435,1.4706829467210956,0.11777433038171617,0.006046558414570647,0.35867642586235676,3.9951608608866023
005930,2017-06-30,-0.2975,8.0,0.8757,0.2408,20.0,9.25,7.0,6.0,12.383105146801306,1.458411916710907,0.11777433038171617,0.006046558414570647,0.35867642586235676,3.9746336740540382
005930,2017-07-01,-0.3366,5.0,0.4689,0.2123,3.0,9.25,7.0,7.0,12.383105146801306,1.458411916710907,0.11777433038171617,0.006046558414570647,0.35867642586235676,3.9746336740540382
005930,2017-07-02,-0.155,7.0,0.7904,0.2177,20.0,9.25,7.0,7.0,12.383105146801306,1.458411916710907,0.11777433038171617,0.006046558414570647,0.35867642586235676,3.9746336740540382
005930,2017-07-03,0.2146,8.0,0.8093,0.2228,19.0,9.25,7.0,7.0,12.299752314513203,1.4485950927027562,0.11777433038171617,0.006046558414570647,0.35867642586235676,3.958211924587986
005930,2017-07-04,-0.043,7.0,0.7906,0.1552,57.0,9.25,7.0,7.0,12.242447242315132,1.4418460261971526,0.11777433038171617,0.006046558414570647,0.35867642586235676,3.9469219718300756
005930,2017-07-05,0.0158,7.0,0.8574,0.2392,38.0,9.25,7.0,7.0,12.393524250837318,1.459639019711926,0.11777433038171617,0.006046558414570647,0.35867642586235676,3.976686392737294
005930,2017-07-06,0.1106,7.0,0.8262,0.2553,26.0,9.25,7.0,7.0,12.518553499269474,1.474364255724152,0.11777433038171617,0.006046558414570647,0.35867642586235676,4.001319016936372
005930,2017-07-07,0.147,7.0,0.8565,0.2281,67.0,9.25,7.0,7.0,12.466457979089409,1.468228740719058,0.11777433038171617,0.006046558414570647,0.35867642586235676,3.9910554235200895
005930,2017-07-08,-0.5161,9.0,0.7176,0.2846,12.0,9.25,7.0,7.0,12.466457979089409,1.468228740719058,0.11777433038171617,0.006046558414570647,0.35867642586235676,3.9910554235200895
005930,2017-07-09,-0.1358,7.0,0.6678,0.2255,18.0,9.25,7.0,7.0,12.466457979089409,1.468228740719058,0.11777433038171617,0.006046558414570647,0.35867642586235676,3.9910554235200895
005930,2017-07-10,-0.3292,8.0,0.7795,0.3041,51.0,9.25,7.0,7.0,12.674840059809666,1.492770800739435,0.11777433038171617,0.006046558414570647,0.35867642586235676,4.0321097971852184
005930,2017-07-11,0.2233,8.0,0.7786,0.2366,33.0,9.25,6.0,7.0,12.763402444115776,1.5032011762480952,0.11777433038171617,0.006046558414570647,0.35867642586235676,4.0495579059928986
005930,2017-07-12,-0.5,9.0,0.7506,0.3117,65.0,9.25,6.0,7.0,12.99262273290806,1.53019744227051,0.11777433038171617,0.006046558414570647,0.35867642586235676,4.094717717024541
005930,2017-07-13,0.3974,8.0,0.6509,0.2,38.0,9.25,6.0,7.0,13.169747501520279,1.5510581932878305,0.11777433038171617,0.006046558414570647,0.35867642586235676,4.129613934639901
005930,2017-07-14,-0.4959,8.0,0.6018,0.2598,89.0,9.25,6.0,7.0,13.148909293448252,1.5486039872857928,0.11777433038171617,0.006046558414570647,0.35867642586235676,4.125508497273388
005930,2017-07-15,0.0046,4.0,0.01,0.1623,5.0,9.25,6.0,7.0,13.148909293448252,1.5486039872857928,0.11777433038171617,0.006046558414570647,0.35867642586235676,4.125508497273388
005930,2017-07-16,-0.1018,7.0,0.8375,0.1887,21.0,9.25,6.0,7.0,13.148909293448252,1.5486039872857928,0.11777433038171617,0.006046558414570647,0.35867642586235676,4.125508497273388
005930,2017-07-17,-0.48,8.0,0.7199,0.3067,51.0,9.25,6.0,7.0,13.190585709592304,1.5535123992898683,0.11777433038171617,0.006046558414570647,0.35867642586235676,4.133719372006413
005930,2017-07-18,-0.1457,7.0,0.8346,0.266,41.0,9.25,6.0,7.0,13.24268122977237,1.5596479142949624,0.11777433038171617,0.006046558414570647,0.35867642586235676,4.143982965422696
005930,2017-07-19,-0.3809,8.0,0.6867,0.3046,35.0,9.25,6.0,7.0,13.216633469682337,1.5565801567924153,0.11777433038171617,0.006046558414570647,0.35867642586235676,4.138851168714555
005930,2017-07-20,0.1971,8.0,0.6159,0.1966,20.0,9.25,6.0,7.0,13.336453166096485,1.5706918413041322,0.11777433038171617,0.006046558414570647,0.35867642586235676,4.162457433572004
005930,2017-07-21,-0.1353,7.0,0.9022,0.213,34.0,9.25,6.0,7.0,13.305195853988446,1.5670105323010757,0.11777433038171617,0.006046558414570647,0.35867642586235676,4.156299277522234
005930,2017-07-22,-0.4687,5.0,0.8482,0.3809,4.0,9.25,6.0,7.0,13.305195853988446,1.5670105323010757,0.11777433038171617,0.006046558414570647,0.35867642586235676,4.156299277522234
005930,2017-07-23,-0.2052,7.0,0.7975,0.2843,11.0,9.25,6.0,7.0,13.305195853988446,1.5670105323010757,0.11777433038171617,0.006046558414570647,0.35867642586235676,4.156299277522234
005930,2017-07-24,-0.2088,8.0,0.6738,0.28,32.0,9.25,6.0,7.0,13.247890781790375,1.5602614657954719,0.11777433038171617,0.006046558414570647,0.35867642586235676,4.145009324764324
005930,2017-07-25,-0.4848,8.0,0.6278,0.3193,31.0,9.25,6.0,7.0,13.023880045016098,1.5338787512735665,0.11777433038171617,0.006046558414570647,0.35867642586235676,4.10087587307431
005930,2017-07-26,-0.7267,9.0,0.5948,0.2527,60.0,9.25,6.0,7.0,12.982203628872046,1.528970339269491,0.11777433038171617,0.006046558414570647,0.35867642586235676,4.092664998341284
005930,2017-07-27,0.3969,8.0,0.7583,0.2166,71.0,9.25,6.0,7.0,12.971784524836034,1.5277432362684722,0.11777433038171617,0.006046558414570647,0.35867642586235676,4.0906122796580275
005930,2017-07-28,-0.1485,7.0,0.6855,0.2703,49.0,9.25,7.0,7.0,12.440410218999377,1.4651609832165107,0.11777433038171617,0.006046558414570647,0.35867642586235676,3.9859236268119487
005930,2017-07-29,0.0,3.0,0.0,0.0909,1.0,9.25,7.0,7.0,12.440410218999377,1.4651609832165107,0.11777433038171617,0.006046558414570647,0.35867642586235676,3.9859236268119487
005930,2017-07-30,0.0495,7.0,0.7668,0.1649,22.0,9.25,7.0,7.0,12.440410218999377,1.4651609832165107,0.11777433038171617,0.006046558414570647,0.35867642586235676,3.9859236268119487
005930,2017-07-31,-0.3827,8.0,0.8151,0.2665,55.0,9.25,7.0,7.0,12.555020363395519,1.478659116227718,0.11777433038171617,0.006046558414570647,0.35867642586235676,4.00850353232777
005930,2017-08-01,-0.4994,8.0,0.7792,0.3516,61.0,9.25,7.0,8.0,12.659211403755647,1.4909301462379068,0.11777433038171617,0.006046558414570647,0.35867642586235676,4.0290307191603345
005930,2017-08-02,-0.6686,9.0,0.6271,0.3669,99.0,9.25,6.0,8.0,12.763402444115776,1.5032011762480952,0.11777433038171617,0.006046558414570647,0.35867642586235676,4.0495579059928986
005930,2017-08-03,-0.602,9.0,0.6837,0.3447,72.0,9.25,7.0,8.0,12.445619771017384,1.4657745347170201,0.11777433038171617,0.006046558414570647,0.35867642586235676,3.9869499861535767
005930,2017-08-04,-0.7187,9.0,0.595,0.3538,35.0,9.25,7.0,8.0,12.424781562945357,1.4633203287149825,0.11777433038171617,0.006046558414570647,0.35867642586235676,3.982844548787064
005930,2017-08-05,-0.972,7.0,0.0388,0.4106,3.0,9.25,7.0,8.0,12.424781562945357,1.4633203287149825,0.11777433038171617,0.006046558414570647,0.35867642586235676,3.982844548787064
005930,2017-08-06,-0.6925,9.0,0.624,0.3888,32.0,9.25,7.0,8.0,12.424781562945357,1.4633203287149825,0.11777433038171617,0.006046558414570647,0.35867642586235676,3.982844548787064
005930,2017-08-07,-0.8417,10.0,0.4734,0.428,160.0,9.25,7.0,8.0,12.393524250837318,1.459639019711926,0.11777433038171617,0.006046558414570647,0.35867642586235676,3.976686392737294
005930,2017-08-08,-0.1204,7.0,0.8366,0.2206,21.0,9.25,7.0,8.0,12.429991114963364,1.463933880215492,0.11777433038171617,0.006046558414570647,0.35867642586235676,3.983870908128692
005930,2017-08-09,-0.1194,7.0,0.8979,0.2816,17.0,9.25,7.0,8.0,12.054903369666901,1.4197581721788133,0.11777433038171617,0.006046558414570647,0.35867642586235676,3.9099730355314595
005930,2017-08-10,-0.3096,8.0,0.691,0.1684,20.0,9.25,7.0,8.0,11.955921881324779,1.408100693669134,0.11777433038171617,0.006046558414570647,0.35867642586235676,3.8904722080405225
005930,2017-08-11,-0.0642,7.0,0.554,0.2183,29.0,9.25,7.0,8.0,11.622510552172367,1.3688333976365308,0.11777433038171617,0.006046558414570647,0.35867642586235676,3.824785210176316
005930,2017-08-12,-0.295,4.0,0.0,0.1622,1.0,9.25,7.0,8.0,11.622510552172367,1.3688333976365308,0.11777433038171617,0.006046558414570647,0.35867642586235676,3.824785210176316
005930,2017-08-13,-0.1577,7.0,0.5808,0.1045,19.0,9.25,7.0,8.0,11.622510552172367,1.3688333976365308,0.11777433038171617,0.006046558414570647,0.35867642586235676,3.824785210176316
005930,2017-08-14,-0.1642,7.0,0.7078,0.0845,22.0,9.25,7.0,8.0,11.72149204051449,1.3804908761462098,0.11777433038171617,0.006046558414570647,0.35867642586235676,3.844286037667252
005930,2017-08-15,0.2462,7.0,0.7682,0.1554,9.0,9.25,7.0,8.0,11.72149204051449,1.3804908761462098,0.11777433038171617,0.006046558414570647,0.35867642586235676,3.844286037667252
005930,2017-08-16,0.155,7.0,0.6903,0.1816,18.0,9.25,7.0,8.0,12.034065161594874,1.4173039661767755,0.11777433038171617,0.006046558414570647,0.35867642586235676,3.9058675981649458
005930,2017-08-17,0.2964,8.0,0.612,0.214,21.0,9.25,7.0,8.0,12.252866346351146,1.4430731291981713,0.11777433038171617,0.006046558414570647,0.35867642586235676,3.9489746905133316
005930,2017-08-18,-0.1101,5.0,0.8022,0.3083,7.0,9.25,7.0,8.0,12.2163994822251,1.4387782686946053,0.11777433038171617,0.006046558414570647,0.35867642586235676,3.941790175121935
005930,2017-08-19,0.0,3.0,0.0,0.0909,1.0,9.25,7.0,8.0,12.2163994822251,1.4387782686946053,0.11777433038171617,0.006046558414570647,0.35867642586235676,3.941790175121935
005930,2017-08-20,0.066,7.0,0.8263,0.1584,16.0,9.25,7.0,8.0,12.2163994822251,1.4387782686946053,0.11777433038171617,0.006046558414570647,0.35867642586235676,3.941790175121935
005930,2017-08-21,0.2268,8.0,0.8168,0.2498,17.0,9.25,7.0,8.0,12.20077082617108,1.4369376141930772,0.11777433038171617,0.006046558414570647,0.35867642586235676,3.938711097097049
005930,2017-08-22,-0.4742,8.0,0.7626,0.2319,67.0,9.25,7.0,8.0,12.242447242315132,1.4418460261971526,0.11777433038171617,0.006046558414570647,0.35867642586235676,3.9469219718300756
005930,2017-08-23,-0.1348,7.0,0.7576,0.2328,30.0,9.25,7.0,8.0,12.367476490747286,1.4565712622093787,0.11777433038171617,0.006046558414570647,0.35867642586235676,3.9715545960291525
005930,2017-08-24,-0.0928,7.0,0.7954,0.2114,72.0,9.25,7.0,8.0,12.3778955947833,1.4577983652103976,0.11777433038171617,0.006046558414570647,0.35867642586235676,3.9736073147124094
005930,2017-08-25,-0.9318,10.0,0.316,0.464,200.0,9.25,7.0,8.0,12.247656794333139,1.442459577697662,0.11777433038171617,0.006046558414570647,0.35867642586235676,3.9479483311717036
005930,2017-08-26,-0.8688,8.0,0.329,0.4049,8.0,9.25,7.0,8.0,12.247656794333139,1.442459577697662,0.11777433038171617,0.006046558414570647,0.35867642586235676,3.9479483311717036
005930,2017-08-27,-0.4777,8.0,0.6213,0.2612,25.0,9.25,7.0,8.0,12.247656794333139,1.442459577697662,0.11777433038171617,0.006046558414570647,0.35867642586235676,3.9479483311717036
005930,2017-08-28,-0.4409,8.0,0.7203,0.2506,58.0,9.25,7.0,8.0,12.008017401504842,1.4142362086742284,0.11777433038171617,0.006046558414570647,0.35867642586235676,3.900735801456805
005930,2017-08-29,-0.3109,8.0,0.7603,0.1509,42.0,9.25,7.0,8.0,12.002807849486835,1.413622657173719,0.11777433038171617,0.006046558414570647,0.35867642586235676,3.899709442115177
005930,2017-08-30,0.3444,8.0,0.4693,0.2567,20.0,9.25,7.0,8.0,12.034065161594874,1.4173039661767755,0.11777433038171617,0.006046558414570647,0.35867642586235676,3.9058675981649458
005930,2017-08-31,0.2124,8.0,0.6269,0.1558,23.0,9.25,7.0,8.0,12.065322473702913,1.420985275179832,0.11777433038171617,0.006046558414570647,0.35867642586235676,3.9120257542147154
005930,2017-09-01,-0.0612,7.0,0.85,0.2018,28.0,9.25,7.0,9.0,12.106998889846965,1.4258936871839074,0.11777433038171617,0.006046558414570647,0.35867642586235676,3.920236628947741
005930,2017-09-02,0.4982,5.0,0.4989,0.2039,4.0,9.25,7.0,9.0,12.106998889846965,1.4258936871839074,0.11777433038171617,0.006046558414570647,0.35867642586235676,3.920236628947741
005930,2017-09-03,-0.025,7.0,0.5293,0.2735,14.0,9.25,7.0,9.0,12.106998889846965,1.4258936871839074,0.11777433038171617,0.006046558414570647,0.35867642586235676,3.920236628947741
005930,2017-09-04,-0.1026,7.0,0.657,0.1965,17.0,9.25,7.0,9.0,11.992388745450823,1.4123955541727,0.11777433038171617,0.006046558414570647,0.35867642586235676,3.89765672343192
005930,2017-09-05,0.1345,7.0,0.7629,0.2308,21.0,9.25,7.0,9.0,12.179932618099055,1.4344834081910394,0.11777433038171617,0.006046558414570647,0.35867642586235676,3.9346056597305363
005930,2017-09-06,0.2303,8.0,0.7347,0.2405,33.0,9.25,7.0,9.0,12.242447242315132,1.4418460261971526,0.11777433038171617,0.006046558414570647,0.35867642586235676,3.9469219718300756
005930,2017-09-07,0.2823,8.0,0.5532,0.3205,36.0,9.25,7.0,9.0,12.534182155323492,1.4762049102256805,0.11777433038171617,0.006046558414570647,0.35867642586235676,4.004398094961256
005930,2017-09-08,0.6415,9.0,0.5927,0.2668,27.0,9.25,6.0,9.0,12.784240652187801,1.5056553822501328,0.11777433038171617,0.006046558414570647,0.35867642586235676,4.053663343359411
005930,2017-09-09,-0.2467,5.0,0.4276,0.1835,4.0,9.25,6.0,9.0,12.784240652187801,1.5056553822501328,0.11777433038171617,0.006046558414570647,0.35867642586235676,4.053663343359411
005930,2017-09-10,0.1096,6.0,0.6219,0.1945,9.0,9.25,6.0,9.0,12.784240652187801,1.5056553822501328,0.11777433038171617,0.006046558414570647,0.35867642586235676,4.053663343359411
005930,2017-09-11,0.2247,8.0,0.7768,0.2327,27.0,9.25,6.0,9.0,12.971784524836034,1.5277432362684722,0.11777433038171617,0.006046558414570647,0.35867642586235676,4.0906122796580275
005930,2017-09-12,0.4553,8.0,0.705,0.2421,45.0,9.25,6.0,9.0,12.91968900465597,1.521607721263378,0.11777433038171617,0.006046558414570647,0.35867642586235676,4.080348686241745
005930,2017-09-13,0.1083,7.0,0.8194,0.2967,25.0,9.25,6.0,9.0,12.924898556673975,1.5222212727638875,0.11777433038171617,0.006046558414570647,0.35867642586235676,4.081375045583374
005930,2017-09-14,0.6216,9.0,0.4648,0.1923,34.0,9.25,6.0,9.0,13.102023325286195,1.543082023781208,0.11777433038171617,0.006046558414570647,0.35867642586235676,4.116271263198734
005930,2017-09-15,0.4176,8.0,0.5624,0.1794,36.0,9.25,6.0,9.0,13.128071085376227,1.546149781283755,0.11777433038171617,0.006046558414570647,0.35867642586235676,4.121403059906875
005930,2017-09-16,0.3259,5.0,0.4609,0.2516,3.0,9.25,6.0,9.0,13.128071085376227,1.546149781283755,0.11777433038171617,0.006046558414570647,0.35867642586235676,4.121403059906875
005930,2017-09-17,0.4575,6.0,0.6754,0.2092,7.0,9.25,6.0,9.0,13.128071085376227,1.546149781283755,0.11777433038171617,0.006046558414570647,0.35867642586235676,4.121403059906875
005930,2017-09-18,0.2782,8.0,0.6924,0.1499,27.0,9.25,6.0,9.0,13.669864495248897,1.6099591373367355,0.11777433038171617,0.006046558414570647,0.35867642586235676,4.2281444314362115
005930,2017-09-19,0.1871,8.0,0.5807,0.1732,31.0,9.25,6.0,9.0,13.576092558924781,1.5989152103275657,0.11777433038171617,0.006046558414570647,0.35867642586235676,4.209669963286903
005930,2017-09-20,0.4261,8.0,0.6305,0.2084,22.0,9.25,6.0,9.0,13.602140319014813,1.601982967830113,0.11777433038171617,0.006046558414570647,0.35867642586235676,4.214801759995044
005930,2017-09-21,0.4273,8.0,0.6117,0.2252,19.0,9.25,6.0,9.0,13.753217327537,1.6197759613448863,0.11777433038171617,0.006046558414570647,0.35867642586235676,4.244566180902263
005930,2017-09-22,0.252,8.0,0.6601,0.3086,17.0,9.25,6.0,9.0,13.805312847717063,1.6259114763499805,0.11777433038171617,0.006046558414570647,0.35867642586235676,4.254829774318545
005930,2017-09-23,-0.031,4.0,0.7825,0.1398,3.0,9.25,6.0,9.0,13.805312847717063,1.6259114763499805,0.11777433038171617,0.006046558414570647,0.35867642586235676,4.254829774318545
005930,2017-09-24,-0.2391,7.0,0.8941,0.1721,9.0,9.25,6.0,9.0,13.805312847717063,1.6259114763499805,0.11777433038171617,0.006046558414570647,0.35867642586235676,4.254829774318545
005930,2017-09-25,0.4539,8.0,0.6065,0.1524,24.0,9.25,6.0,9.0,13.966808960275264,1.6449315728657727,0.11777433038171617,0.006046558414570647,0.35867642586235676,4.28664691390902
005930,2017-09-26,0.1553,7.0,0.7886,0.2152,27.0,9.25,6.0,9.0,13.456272862510632,1.584803525815849,0.11777433038171617,0.006046558414570647,0.35867642586235676,4.186063698429454
005930,2017-09-27,0.415,8.0,0.5595,0.202,23.0,9.25,6.0,9.0,13.46148241452864,1.5854170773163583,0.11777433038171617,0.006046558414570647,0.35867642586235676,4.187090057771082
005930,2017-09-28,-0.0623,7.0,0.933,0.1933,32.0,9.25,6.0,9.0,13.352081822150504,1.5725324958056603,0.11777433038171617,0.006046558414570647,0.35867642586235676,4.165536511596889
005930,2017-09-29,-0.1715,8.0,0.6185,0.247,20.0,9.25,6.0,9.0,13.35729137416851,1.5731460473061698,0.11777433038171617,0.006046558414570647,0.35867642586235676,4.166562870938517
005930,2017-09-30,-0.0007,3.0,0.0007,0.295,2.0,9.25,6.0,9.0,13.35729137416851,1.5731460473061698,0.11777433038171617,0.006046558414570647,0.35867642586235676,4.166562870938517
005930,2017-10-01,0.1686,6.0,0.3623,0.1345,6.0,9.25,6.0,10.0,13.35729137416851,1.5731460473061698,0.11777433038171617,0.006046558414570647,0.35867642586235676,4.166562870938517
005930,2017-10-02,0.2634,5.0,0.4258,0.215,4.0,9.25,6.0,10.0,13.35729137416851,1.5731460473061698,0.11777433038171617,0.006046558414570647,0.35867642586235676,4.166562870938517
005930,2017-10-03,0.2146,4.0,0.0,0.1633,1.0,9.25,6.0,10.0,13.35729137416851,1.5731460473061698,0.11777433038171617,0.006046558414570647,0.35867642586235676,4.166562870938517
005930,2017-10-04,,,,,0.0,9.25,6.0,10.0,13.35729137416851,1.5731460473061698,0.11777433038171617,0.006046558414570647,0.35867642586235676,4.166562870938517
005930,2017-10-05,0.4992,4.0,0.4992,0.1683,2.0,9.25,6.0,10.0,13.35729137416851,1.5731460473061698,0.11777433038171617,0.006046558414570647,0.35867642586235676,4.166562870938517
005930,2017-10-06,-0.509,7.0,0.6831,0.1058,8.0,9.25,6.0,10.0,13.35729137416851,1.5731460473061698,0.11777433038171617,0.006046558414570647,0.35867642586235676,4.166562870938517
005930,2017-10-07,-0.0794,4.0,0.6515,0.3255,5.0,9.25,6.0,10.0,13.35729137416851,1.5731460473061698,0.11777433038171617,0.006046558414570647,0.35867642586235676,4.166562870938517
005930,2017-10-08,0.0558,5.0,0.5959,0.1753,7.0,9.25,6.0,10.0,13.35729137416851,1.5731460473061698,0.11777433038171617,0.006046558414570647,0.35867642586235676,4.166562870938517
005930,2017-10-09,0.0695,7.0,0.7041,0.2056,14.0,9.25,6.0,10.0,13.35729137416851,1.5731460473061698,0.11777433038171617,0.006046558414570647,0.35867642586235676,4.166562870938517
005930,2017-10-10,0.0843,7.0,0.7115,0.2099,24.0,9.25,6.0,10.0,13.753217327537,1.6197759613448863,0.11777433038171617,0.006046558414570647,0.35867642586235676,4.244566180902263
005930,2017-10-11,0.2458,8.0,0.6624,0.2799,29.0,9.25,6.0,10.0,14.232496113193593,1.6762226993917535,0.11777433038171617,0.006046558414570647,0.35867642586235676,4.33899124033206
005930,2017-10-12,-0.2751,8.0,0.8224,0.3391,75.0,9.25,6.0,10.0,14.274172529337644,1.681131111395829,0.11777433038171617,0.006046558414570647,0.35867642586235676,4.347202115065086
005930,2017-10-13,0.3118,8.0,0.686,0.1917,63.0,9.25,6.0,10.0,14.065790448617387,1.6565890513754518,0.11777433038171617,0.006046558414570647,0.35867642586235676,4.306147741399957
005930,2017-10-14,-0.4974,4.0,0.4974,0.1757,2.0,9.25,6.0,10.0,14.065790448617387,1.6565890513754518,0.11777433038171617,0.006046558414570647,0.35867642586235676,4.306147741399957
005930,2017-10-15,-0.1386,6.0,0.6782,0.1978,11.0,9.25,6.0,10.0,14.065790448617387,1.6565890513754518,0.11777433038171617,0.006046558414570647,0.35867642586235676,4.306147741399957
005930,2017-10-16,0.2119,8.0,0.8586,0.1863,23.0,9.25,6.0,10.0,14.04495224054536,1.6541348453734142,0.11777433038171617,0.006046558414570647,0.35867642586235676,4.302042304033444
005930,2017-10-17,0.1282,7.0,0.4597,0.1824,54.0,9.25,6.0,10.0,14.274172529337644,1.681131111395829,0.11777433038171617,0.006046558414570647,0.35867642586235676,4.347202115065086
005930,2017-10-18,0.2249,8.0,0.6698,0.2086,22.0,9.25,6.0,10.0,14.263753425301632,1.67990400839481,0.11777433038171617,0.006046558414570647,0.35867642586235676,4.34514939638183
005930,2017-10-19,-0.292,8.0,0.8123,0.2335,52.0,9.25,6.0,10.0,13.800103295699058,1.6252979248494712,0.11777433038171617,0.006046558414570647,0.35867642586235676,4.253803414976916
005930,2017-10-20,-0.1258,7.0,0.6455,0.1745,28.0,9.25,6.0,10.0,14.024114032473335,1.6516806393713765,0.11777433038171617,0.006046558414570647,0.35867642586235676,4.297936866666931
005930,2017-10-21,-0.9956,6.0,0.0037,0.1602,2.0,9.25,6.0,10.0,14.024114032473335,1.6516806393713765,0.11777433038171617,0.006046558414570647,0.35867642586235676,4.297936866666931
005930,2017-10-22,0.1997,8.0,0.3826,0.1919,26.0,9.25,6.0,10.0,14.024114032473335,1.6516806393713765,0.11777433038171617,0.006046558414570647,0.35867642586235676,4.297936866666931
005930,2017-10-23,0.3175,8.0,0.6888,0.1136,14.0,9.25,6.0,10.0,14.143933728887482,1.6657923238830932,0.11777433038171617,0.006046558414570647,0.35867642586235676,4.321543131524381
005930,2017-10-24,-0.0041,7.0,0.7139,0.2166,19.0,9.25,6.0,10.0,14.076209552653399,1.6578161543764707,0.11777433038171617,0.006046558414570647,0.35867642586235676,4.308200460083213
005930,2017-10-25,0.3643,8.0,0.7219,0.2789,13.0,9.25,6.0,10.0,14.039742688527355,1.6535212938729047,0.11777433038171617,0.006046558414570647,0.35867642586235676,4.301015944691816
005930,2017-10-26,0.2259,8.0,0.7195,0.2437,17.0,9.25,6.0,10.0,13.649026287176872,1.6075049313346976,0.11777433038171617,0.006046558414570647,0.35867642586235676,4.224038994069699
005930,2017-10-27,0.1124,7.0,0.6699,0.2375,12.0,9.25,6.0,10.0,13.82615105578909,1.6283656823520183,0.11777433038171617,0.006046558414570647,0.35867642586235676,4.258935211685058
005930,2017-10-28,0.058,3.0,0.0346,0.0874,2.0,9.25,6.0,10.0,13.82615105578909,1.6283656823520183,0.11777433038171617,0.006046558414570647,0.35867642586235676,4.258935211685058
005930,2017-10-29,0.0003,5.0,0.8655,0.1569,8.0,9.25,6.0,10.0,13.82615105578909,1.6283656823520183,0.11777433038171617,0.006046558414570647,0.35867642586235676,4.258935211685058
005930,2017-10-30,-0.1002,7.0,0.8446,0.2417,43.0,9.25,6.0,10.0,14.076209552653399,1.6578161543764707,0.11777433038171617,0.006046558414570647,0.35867642586235676,4.308200460083213
005930,2017-10-31,0.6071,9.0,0.5663,0.1575,87.0,9.25,6.0,10.0,14.347106257589735,1.689720832402961,0.11777433038171617,0.006046558414570647,0.35867642586235676,4.361571145847881
005930,2017-11-01,0.4072,8.0,0.5478,0.3046,42.0,9.25,6.0,11.0,14.904528323516423,1.7553708429574695,0.11777433038171617,0.006046558414570647,0.35867642586235676,4.471391595402102
005930,2017-11-02,0.0167,7.0,0.4822,0.2045,66.0,9.25,6.0,11.0,14.862851907372372,1.750462430953394,0.11777433038171617,0.006046558414570647,0.35867642586235676,4.463180720669077
005930,2017-11-03,0.2464,8.0,0.574,0.1737,25.0,9.25,6.0,11.0,14.685727138760152,1.7296016799360736,0.11777433038171617,0.006046558414570647,0.35867642586235676,4.428284503053717
005930,2017-11-04,-0.0,3.0,0.0,0.2449,1.0,9.25,6.0,11.0,14.685727138760152,1.7296016799360736,0.11777433038171617,0.006046558414570647,0.35867642586235676,4.428284503053717
005930,2017-11-05,-0.1912,7.0,0.6429,0.1572,9.0,9.25,6.0,11.0,14.685727138760152,1.7296016799360736,0.11777433038171617,0.006046558414570647,0.35867642586235676,4.428284503053717
005930,2017-11-06,0.1516,7.0,0.4646,0.2312,17.0,9.25,6.0,11.0,14.685727138760152,1.7296016799360736,0.11777433038171617,0.006046558414570647,0.35867642586235676,4.428284503053717
005930,2017-11-07,0.0458,7.0,0.7076,0.2324,21.0,9.25,6.0,11.0,14.612793410508063,1.7210119589289417,0.11777433038171617,0.006046558414570647,0.35867642586235676,4.413915472270921
005930,2017-11-08,0.1459,7.0,0.7673,0.2343,17.0,9.25,6.0,11.0,14.784708627102274,1.7412591584457526,0.11777433038171617,0.006046558414570647,0.35867642586235676,4.447785330544653
005930,2017-11-09,-0.1025,7.0,0.7725,0.2313,22.0,9.25,6.0,11.0,14.67530803472414,1.7283745769350547,0.11777433038171617,0.006046558414570647,0.35867642586235676,4.42623178437046
005930,2017-11-10,0.2027,8.0,0.8315,0.2964,15.0,9.25,6.0,11.0,14.690936690778159,1.730215231436583,0.11777433038171617,0.006046558414570647,0.35867642586235676,4.4293108623953446
005930,2017-11-11,-0.0415,4.0,0.9547,0.2396,4.0,9.25,6.0,11.0,14.690936690778159,1.730215231436583,0.11777433038171617,0.006046558414570647,0.35867642586235676,4.4293108623953446
005930,2017-11-12,0.5141,8.0,0.6289,0.1097,11.0,9.25,6.0,11.0,14.690936690778159,1.730215231436583,0.11777433038171617,0.006046558414570647,0.35867642586235676,4.4293108623953446
005930,2017-11-13,0.3368,8.0,0.5582,0.1401,17.0,9.25,6.0,11.0,14.685727138760152,1.7296016799360736,0.11777433038171617,0.006046558414570647,0.35867642586235676,4.428284503053717
005930,2017-11-14,-0.3346,8.0,0.6774,0.1844,33.0,9.25,6.0,11.0,14.565907442346004,1.7154899954243568,0.11777433038171617,0.006046558414570647,0.35867642586235676,4.404678238196267
005930,2017-11-15,0.0068,7.0,0.8651,0.1858,21.0,9.25,6.0,11.0,14.414830433823818,1.6976970019095834,0.11777433038171617,0.006046558414570647,0.35867642586235676,4.374913817289048
005930,2017-11-16,-0.0439,7.0,0.5186,0.1636,70.0,9.25,6.0,11.0,14.52944057821996,1.7111951349207908,0.11777433038171617,0.006046558414570647,0.35867642586235676,4.39749372280487
005930,2017-11-17,0.2777,8.0,0.6498,0.1593,18.0,9.25,6.0,11.0,14.539859682255972,1.7124222379218097,0.11777433038171617,0.006046558414570647,0.35867642586235676,4.399546441488126
005930,2017-11-18,-0.9996,6.0,0.0,0.2174,1.0,9.25,6.0,11.0,14.539859682255972,1.7124222379218097,0.11777433038171617,0.006046558414570647,0.35867642586235676,4.399546441488126
005930,2017-11-19,0.3923,8.0,0.4966,0.1603,13.0,9.25,6.0,11.0,14.539859682255972,1.7124222379218097,0.11777433038171617,0.006046558414570647,0.35867642586235676,4.399546441488126
005930,2017-11-20,0.2027,8.0,0.6355,0.1739,22.0,9.25,6.0,11.0,14.378363569697772,1.6934021414060174,0.11777433038171617,0.006046558414570647,0.35867642586235676,4.367729301897651
005930,2017-11-21,0.533,9.0,0.543,0.3125,16.0,9.25,6.0,11.0,14.399201777769798,1.6958563474080552,0.11777433038171617,0.006046558414570647,0.35867642586235676,4.371834739264163
005930,2017-11-22,-0.0612,7.0,0.8285,0.2073,29.0,9.25,6.0,11.0,14.576326546382017,1.7167170984253757,0.11777433038171617,0.006046558414570647,0.35867642586235676,4.406730956879524
005930,2017-11-23,-0.2133,8.0,0.7595,0.2004,28.0,9.25,6.0,11.0,14.404411329787804,1.6964698989085647,0.11777433038171617,0.006046558414570647,0.35867642586235676,4.372861098605791
005930,2017-11-24,0.4549,8.0,0.5361,0.2226,15.0,9.25,6.0,11.0,14.446087745931855,1.70137831091264,0.11777433038171617,0.006046558414570647,0.35867642586235676,4.381071973338818
005930,2017-11-25,0.9994,6.0,0.0,0.1739,1.0,9.25,6.0,11.0,14.446087745931855,1.70137831091264,0.11777433038171617,0.006046558414570647,0.35867642586235676,4.381071973338818
005930,2017-11-26,0.1269,6.0,0.8054,0.1254,10.0,9.25,6.0,11.0,14.446087745931855,1.70137831091264,0.11777433038171617,0.006046558414570647,0.35867642586235676,4.381071973338818
005930,2017-11-27,-0.2317,8.0,0.8765,0.2032,53.0,9.25,6.0,11.0,13.711540911392948,1.614867549340811,0.11777433038171617,0.006046558414570647,0.35867642586235676,4.236355306169237
005930,2017-11-28,0.1889,8.0,0.6833,0.1968,43.0,9.25,6.0,11.0,13.878246575969154,1.6345011973571124,0.11777433038171617,0.006046558414570647,0.35867642586235676,4.2691988051013405
005930,2017-11-29,-0.3327,8.0,0.7944,0.1729,38.0,9.25,6.0,11.0,13.701121807356936,1.613640446339792,0.11777433038171617,0.006046558414570647,0.35867642586235676,4.23430258748598
005930,2017-11-30,-0.2627,8.0,0.6918,0.2296,19.0,9.25,6.0,11.0,13.232262125736355,1.5584208112939435,0.11777433038171617,0.006046558414570647,0.35867642586235676,4.14193024673944
005930,2017-12-01,0.1325,7.0,0.4743,0.2496,15.0,9.25,6.0,12.0,13.24268122977237,1.5596479142949624,0.11777433038171617,0.006046558414570647,0.35867642586235676,4.143982965422696
005930,2017-12-02,-0.0,3.0,0.0,0.1702,1.0,9.25,6.0,12.0,13.24268122977237,1.5596479142949624,0.11777433038171617,0.006046558414570647,0.35867642586235676,4.143982965422696
005930,2017-12-03,-0.0828,7.0,0.7576,0.1764,12.0,9.25,6.0,12.0,13.24268122977237,1.5596479142949624,0.11777433038171617,0.006046558414570647,0.35867642586235676,4.143982965422696
005930,2017-12-04,-0.2621,8.0,0.7783,0.2114,32.0,9.25,6.0,12.0,13.372920030222529,1.5749867018076982,0.11777433038171617,0.006046558414570647,0.35867642586235676,4.1696419489634025
005930,2017-12-05,-0.0877,7.0,0.8028,0.1903,23.0,9.25,6.0,12.0,13.352081822150504,1.5725324958056603,0.11777433038171617,0.006046558414570647,0.35867642586235676,4.165536511596889
005930,2017-12-06,-0.1949,8.0,0.8834,0.2625,28.0,9.25,6.0,12.0,13.029089597034105,1.534492302774076,0.11777433038171617,0.006046558414570647,0.35867642586235676,4.101902232415938
005930,2017-12-07,0.007,7.0,0.5306,0.2941,18.0,9.25,6.0,12.0,13.216633469682337,1.5565801567924153,0.11777433038171617,0.006046558414570647,0.35867642586235676,4.138851168714555
005930,2017-12-08,0.2414,8.0,0.7367,0.1172,16.0,9.25,6.0,12.0,13.544835246816742,1.5952339013245092,0.11777433038171617,0.006046558414570647,0.35867642586235676,4.203511807237134
005930,2017-12-09,-0.9993,6.0,0.0,0.2292,1.0,9.25,6.0,12.0,13.544835246816742,1.5952339013245092,0.11777433038171617,0.006046558414570647,0.35867642586235676,4.203511807237134
005930,2017-12-10,0.2065,5.0,0.2764,0.1029,3.0,9.25,6.0,12.0,13.544835246816742,1.5952339013245092,0.11777433038171617,0.006046558414570647,0.35867642586235676,4.203511807237134
005930,2017-12-11,-0.5973,9.0,0.6458,0.214,42.0,9.25,6.0,12.0,13.487530174618671,1.5884848348189056,0.11777433038171617,0.006046558414570647,0.35867642586235676,4.192221854479223
005930,2017-12-12,0.4186,8.0,0.6348,0.1126,12.0,9.25,6.0,12.0,13.570883006906774,1.5983016588270564,0.11777433038171617,0.006046558414570647,0.35867642586235676,4.208643603945275
005930,2017-12-13,-0.0543,7.0,0.774,0.2668,29.0,9.25,6.0,12.0,13.367710478204524,1.5743731503071887,0.11777433038171617,0.006046558414570647,0.35867642586235676,4.168615589621774
005930,2017-12-14,0.1857,8.0,0.5749,0.2093,21.0,9.25,6.0,12.0,13.29998630197044,1.5663969808005662,0.11777433038171617,0.006046558414570647,0.35867642586235676,4.155272918180606
005930,2017-12-15,0.0312,7.0,0.5906,0.1019,18.0,9.25,6.0,12.0,13.185376157574298,1.5528988477893588,0.11777433038171617,0.006046558414570647,0.35867642586235676,4.132693012664785
005930,2017-12-16,0.9995,6.0,0.0,0.1364,1.0,9.25,6.0,12.0,13.185376157574298,1.5528988477893588,0.11777433038171617,0.006046558414570647,0.35867642586235676,4.132693012664785
005930,2017-12-17,0.1497,4.0,0.257,0.1359,4.0,9.25,6.0,12.0,13.185376157574298,1.5528988477893588,0.11777433038171617,0.006046558414570647,0.35867642586235676,4.132693012664785
005930,2017-12-18,0.0815,7.0,0.7877,0.1464,46.0,9.25,6.0,12.0,13.336453166096485,1.5706918413041322,0.11777433038171617,0.006046558414570647,0.35867642586235676,4.162457433572004
005930,2017-12-19,0.218,8.0,0.5055,0.268,23.0,9.25,6.0,12.0,13.4302251024206,1.5817357683133018,0.11777433038171617,0.006046558414570647,0.35867642586235676,4.180931901721313
005930,2017-12-20,-0.5795,9.0,0.7695,0.3796,56.0,9.25,6.0,12.0,13.253100333808382,1.5608750172959813,0.11777433038171617,0.006046558414570647,0.35867642586235676,4.146035684105953
005930,2017-12-21,-0.279,8.0,0.6917,0.2302,30.0,9.25,6.0,12.0,12.79986930824182,1.5074960367516612,0.11777433038171617,0.006046558414570647,0.35867642586235676,4.056742421384296
005930,2017-12-22,-0.1467,7.0,0.7724,0.3179,21.0,9.25,6.0,12.0,12.945736764746002,1.5246754787659251,0.11777433038171617,0.006046558414570647,0.35867642586235676,4.085480482949887
005930,2017-12-23,-0.522,5.0,0.4773,0.1293,2.0,9.25,6.0,12.0,12.945736764746002,1.5246754787659251,0.11777433038171617,0.006046558414570647,0.35867642586235676,4.085480482949887
005930,2017-12-24,-0.3053,7.0,0.501,0.2356,9.0,9.25,6.0,12.0,12.945736764746002,1.5246754787659251,0.11777433038171617,0.006046558414570647,0.35867642586235676,4.085480482949887
005930,2017-12-25,-0.4993,5.0,0.4993,0.1734,4.0,9.25,6.0,12.0,12.945736764746002,1.5246754787659251,0.11777433038171617,0.006046558414570647,0.35867642586235676,4.085480482949887
005930,2017-12-26,-0.5574,9.0,0.6116,0.2686,16.0,9.25,7.0,12.0,12.555020363395519,1.478659116227718,0.11777433038171617,0.006046558414570647,0.35867642586235676,4.00850353232777
005930,2017-12-27,-0.759,9.0,0.5569,0.2715,101.0,9.25,6.0,12.0,12.857174380439892,1.5142451032572648,0.11777433038171617,0.006046558414570647,0.35867642586235676,4.068032374142207
005930,2017-12-28,-0.3038,7.0,0.7941,0.1742,9.0,9.25,6.0,12.0,13.273938541880407,1.563329223298019,0.11777433038171617,0.006046558414570647,0.35867642586235676,4.1501411214724655
005930,2017-12-29,-0.0037,7.0,0.6705,0.1589,13.0,9.25,6.0,12.0,13.273938541880407,1.563329223298019,0.11777433038171617,0.006046558414570647,0.35867642586235676,4.1501411214724655
005930,2017-12-30,-0.9997,6.0,0.0,0.1633,1.0,9.25,6.0,12.0,13.273938541880407,1.563329223298019,0.11777433038171617,0.006046558414570647,0.35867642586235676,4.1501411214724655
005930,2017-12-31,0.1847,5.0,0.6731,0.2232,5.0,9.25,6.0,12.0,13.273938541880407,1.563329223298019,0.11777433038171617,0.006046558414570647,0.35867642586235676,4.1501411214724655
005930,2018-01-01,-0.3633,6.0,0.4737,0.2067,8.0,9.25,6.0,13.0,13.273938541880407,1.563329223298019,0.11777433038171617,0.006046558414570647,0.35867642586235676,4.1501411214724655
005930,2018-01-02,0.2545,8.0,0.6464,0.2025,28.0,9.25,6.0,13.0,13.289567197934426,1.5651698777995473,0.11777433038171617,0.006046558414570647,0.35867642586235676,4.15322019949735
005930,2018-01-03,0.4091,8.0,0.6178,0.1774,27.0,9.25,6.0,13.0,13.44585375847462,1.5835764228148301,0.11777433038171617,0.006046558414570647,0.35867642586235676,4.184010979746197
005930,2018-01-04,0.266,8.0,0.766,0.1842,17.0,9.25,6.0,13.0,13.305195853988446,1.5670105323010757,0.11777433038171617,0.006046558414570647,0.35867642586235676,4.156299277522234
005930,2018-01-05,0.6439,9.0,0.5338,0.2354,24.0,9.25,6.0,13.0,13.576092558924781,1.5989152103275657,0.11777433038171617,0.006046558414570647,0.35867642586235676,4.209669963286903
005930,2018-01-06,0.5933,6.0,0.4845,0.1586,5.0,9.25,6.0,13.0,13.576092558924781,1.5989152103275657,0.11777433038171617,0.006046558414570647,0.35867642586235676,4.209669963286903
005930,2018-01-07,0.1732,8.0,0.49,0.1838,15.0,9.25,6.0,13.0,13.576092558924781,1.5989152103275657,0.11777433038171617,0.006046558414570647,0.35867642586235676,4.209669963286903
005930,2018-01-08,0.1792,8.0,0.7169,0.2391,30.0,9.25,6.0,13.0,13.55004479883475,1.5958474528250186,0.11777433038171617,0.006046558414570647,0.35867642586235676,4.204538166578762
005930,2018-01-09,0.1573,7.0,0.761,0.2485,55.0,9.25,6.0,13.0,13.128071085376227,1.546149781283755,0.11777433038171617,0.006046558414570647,0.35867642586235676,4.121403059906875
005930,2018-01-10,0.1796,8.0,0.7518,0.3092,30.0,9.25,7.0,13.0,12.721726027971725,1.4982927642440198,0.11777433038171617,0.006046558414570647,0.35867642586235676,4.041347031259873
005930,2018-01-11,-0.068,7.0,0.6711,0.255,22.0,9.25,7.0,13.0,12.565439467431531,1.479886219228737,0.11777433038171617,0.006046558414570647,0.35867642586235676,4.0105562510110255
005930,2018-01-12,0.0517,7.0,0.6401,0.2507,22.0,9.25,7.0,13.0,12.555020363395519,1.478659116227718,0.11777433038171617,0.006046558414570647,0.35867642586235676,4.00850353232777
005930,2018-01-13,0.201,5.0,0.3994,0.3228,5.0,9.25,7.0,13.0,12.555020363395519,1.478659116227718,0.11777433038171617,0.006046558414570647,0.35867642586235676,4.00850353232777
005930,2018-01-14,0.4285,8.0,0.5609,0.3948,15.0,9.25,7.0,13.0,12.555020363395519,1.478659116227718,0.11777433038171617,0.006046558414570647,0.35867642586235676,4.00850353232777
005930,2018-01-15,0.1641,7.0,0.6562,0.221,21.0,9.25,7.0,13.0,12.643582747701629,1.4890894917363784,0.11777433038171617,0.006046558414570647,0.35867642586235676,4.025951641135449
005930,2018-01-16,0.4795,7.0,0.4794,0.2841,11.0,9.25,6.0,13.0,13.023880045016098,1.5338787512735665,0.11777433038171617,0.006046558414570647,0.35867642586235676,4.10087587307431
005930,2018-01-17,0.1179,7.0,0.8658,0.3044,14.0,9.25,6.0,13.0,12.924898556673975,1.5222212727638875,0.11777433038171617,0.006046558414570647,0.35867642586235676,4.081375045583374
005930,2018-01-18,0.3558,8.0,0.7432,0.2799,19.0,9.25,6.0,13.0,12.997832284926066,1.5308109937710195,0.11777433038171617,0.006046558414570647,0.35867642586235676,4.095744076366169
005930,2018-01-19,0.2256,6.0,0.807,0.3185,8.0,9.25,6.0,13.0,12.84675527640388,1.513018000256246,0.11777433038171617,0.006046558414570647,0.35867642586235676,4.065979655458951
005930,2018-01-20,0.9672,6.0,0.0,0.3111,1.0,9.25,6.0,13.0,12.84675527640388,1.513018000256246,0.11777433038171617,0.006046558414570647,0.35867642586235676,4.065979655458951
005930,2018-01-21,0.0772,6.0,0.8621,0.1644,9.0,9.25,6.0,13.0,12.84675527640388,1.513018000256246,0.11777433038171617,0.006046558414570647,0.35867642586235676,4.065979655458951
005930,2018-01-22,-0.2346,8.0,0.6793,0.2221,19.0,9.25,7.0,13.0,12.565439467431531,1.479886219228737,0.11777433038171617,0.006046558414570647,0.35867642586235676,4.0105562510110255
005930,2018-01-23,0.0613,7.0,0.6867,0.1752,24.0,9.25,6.0,13.0,12.805078860259828,1.5081095882521707,0.11777433038171617,0.006046558414570647,0.35867642586235676,4.057768780725924
005930,2018-01-24,0.1478,7.0,0.6871,0.1924,22.0,9.25,6.0,13.0,12.851964828421886,1.5136315517567556,0.11777433038171617,0.006046558414570647,0.35867642586235676,4.067006014800579
005930,2018-01-25,0.3777,8.0,0.6323,0.1583,22.0,9.25,6.0,13.0,13.091604221250181,1.541854920780189,0.11777433038171617,0.006046558414570647,0.35867642586235676,4.114218544515477
005930,2018-01-26,0.2131,8.0,0.6911,0.2251,18.0,9.25,6.0,13.0,13.22705257371835,1.5578072597934343,0.11777433038171617,0.006046558414570647,0.35867642586235676,4.140903887397811
005930,2018-01-27,0.498,4.0,0.5012,0.2094,2.0,9.25,6.0,13.0,13.22705257371835,1.5578072597934343,0.11777433038171617,0.006046558414570647,0.35867642586235676,4.140903887397811
005930,2018-01-28,0.6666,6.0,0.4713,0.2326,3.0,9.25,6.0,13.0,13.22705257371835,1.5578072597934343,0.11777433038171617,0.006046558414570647,0.35867642586235676,4.140903887397811
005930,2018-01-29,0.0272,7.0,0.6955,0.1672,17.0,9.25,6.0,13.0,13.341662718114492,1.5713053928046417,0.11777433038171617,0.006046558414570647,0.35867642586235676,4.163483792913633
005930,2018-01-30,0.2355,8.0,0.6985,0.2016,20.0,9.25,6.0,13.0,12.971784524836034,1.5277432362684722,0.11777433038171617,0.006046558414570647,0.35867642586235676,4.0906122796580275
005930,2018-01-31,0.1969,8.0,0.7737,0.2044,119.0,9.25,6.0,13.0,12.997832284926066,1.5308109937710195,0.11777433038171617,0.006046558414570647,0.35867642586235676,4.095744076366169
005930,2018-02-01,0.109,7.0,0.6357,0.2147,33.0,9.25,6.0,14.0,12.97699407685404,1.5283567877689817,0.11777433038171617,0.006046558414570647,0.35867642586235676,4.091638638999656
005930,2018-02-02,-0.0899,7.0,0.7976,0.2676,28.0,9.25,7.0,14.0,12.424781562945357,1.4633203287149825,0.11777433038171617,0.006046558414570647,0.35867642586235676,3.982844548787064
005930,2018-02-03,-0.0065,3.0,0.0,0.2273,1.0,9.25,7.0,14.0,12.424781562945357,1.4633203287149825,0.11777433038171617,0.006046558414570647,0.35867642586235676,3.982844548787064
005930,2018-02-04,-0.3633,8.0,0.7256,0.2039,18.0,9.25,7.0,14.0,12.424781562945357,1.4633203287149825,0.11777433038171617,0.006046558414570647,0.35867642586235676,3.982844548787064
005930,2018-02-05,-0.8603,10.0,0.4486,0.3908,200.0,9.25,7.0,14.0,12.482086635143428,1.470069395220586,0.11777433038171617,0.006046558414570647,0.35867642586235676,3.9941345015449743
005930,2018-02-06,-0.2628,8.0,0.8516,0.212,43.0,9.25,7.0,14.0,12.351847834693267,1.4547306077078506,0.11777433038171617,0.006046558414570647,0.35867642586235676,3.9684755180042686
005930,2018-02-07,-0.1989,8.0,0.7334,0.2299,31.0,9.25,7.0,14.0,11.929874121234747,1.405032936166587,0.11777433038171617,0.006046558414570647,0.35867642586235676,3.8853404113323817
005930,2018-02-08,-0.204,8.0,0.8438,0.2241,54.0,9.25,7.0,14.0,11.98196964141481,1.4111684511716813,0.11777433038171617,0.006046558414570647,0.35867642586235676,3.895604004748664
005930,2018-02-09,-0.5218,9.0,0.7838,0.3152,39.0,9.25,7.0,14.0,11.643348760244391,1.3712876036385684,0.11777433038171617,0.006046558414570647,0.35867642586235676,3.8288906475428286
005930,2018-02-10,0.0,3.0,0.0,0.1111,1.0,9.25,7.0,14.0,11.643348760244391,1.3712876036385684,0.11777433038171617,0.006046558414570647,0.35867642586235676,3.8288906475428286
005930,2018-02-11,-0.0016,4.0,0.8916,0.134,5.0,9.25,7.0,14.0,11.643348760244391,1.3712876036385684,0.11777433038171617,0.006046558414570647,0.35867642586235676,3.8288906475428286
005930,2018-02-12,0.0631,7.0,0.6766,0.157,33.0,9.25,7.0,14.0,11.90903591316272,1.4025787301645491,0.11777433038171617,0.006046558414570647,0.35867642586235676,3.881234973965868
005930,2018-02-13,0.1428,7.0,0.7606,0.2243,34.0,9.25,7.0,14.0,12.383105146801306,1.458411916710907,0.11777433038171617,0.006046558414570647,0.35867642586235676,3.9746336740540382
005930,2018-02-14,0.1731,8.0,0.8776,0.1119,21.0,9.25,6.0,14.0,12.763402444115776,1.5032011762480952,0.11777433038171617,0.006046558414570647,0.35867642586235676,4.0495579059928986
005930,2018-02-15,-0.7754,8.0,0.4196,0.175,9.0,9.25,6.0,14.0,12.763402444115776,1.5032011762480952,0.11777433038171617,0.006046558414570647,0.35867642586235676,4.0495579059928986
005930,2018-02-16,-0.9997,6.0,0.0,0.6894,2.0,9.25,6.0,14.0,12.763402444115776,1.5032011762480952,0.11777433038171617,0.006046558414570647,0.35867642586235676,4.0495579059928986
005930,2018-02-17,-0.9993,6.0,0.0,0.4524,1.0,9.25,6.0,14.0,12.763402444115776,1.5032011762480952,0.11777433038171617,0.006046558414570647,0.35867642586235676,4.0495579059928986
005930,2018-02-18,-0.3712,7.0,0.5185,0.1859,10.0,9.25,6.0,14.0,12.763402444115776,1.5032011762480952,0.11777433038171617,0.006046558414570647,0.35867642586235676,4.0495579059928986
005930,2018-02-19,-0.1913,7.0,0.7396,0.1898,10.0,9.25,7.0,14.0,12.601906331557577,1.484181079732303,0.11777433038171617,0.006046558414570647,0.35867642586235676,4.017740766402424
005930,2018-02-20,-0.0119,7.0,0.7786,0.1819,25.0,9.25,7.0,14.0,12.346638282675261,1.454117056207341,0.11777433038171617,0.006046558414570647,0.35867642586235676,3.9674491586626397
005930,2018-02-21,0.0498,7.0,0.6035,0.1786,19.0,9.25,7.0,14.0,12.315380970567222,1.4504357472042846,0.11777433038171617,0.006046558414570647,0.35867642586235676,3.961291002612871
005930,2018-02-22,0.23,8.0,0.7687,0.2448,23.0,9.25,7.0,14.0,12.179932618099055,1.4344834081910394,0.11777433038171617,0.006046558414570647,0.35867642586235676,3.9346056597305363
005930,2018-02-23,0.2402,8.0,0.6218,0.209,26.0,9.25,7.0,14.0,12.299752314513203,1.4485950927027562,0.11777433038171617,0.006046558414570647,0.35867642586235676,3.958211924587986
005930,2018-02-24,0.0008,3.0,0.0,0.0851,1.0,9.25,7.0,14.0,12.299752314513203,1.4485950927027562,0.11777433038171617,0.006046558414570647,0.35867642586235676,3.958211924587986
005930,2018-02-25,0.173,6.0,0.6855,0.3051,6.0,9.25,7.0,14.0,12.299752314513203,1.4485950927027562,0.11777433038171617,0.006046558414570647,0.35867642586235676,3.958211924587986
005930,2018-02-26,0.1458,7.0,0.6493,0.2511,71.0,9.25,7.0,14.0,12.341428730657254,1.4535035047068317,0.11777433038171617,0.006046558414570647,0.35867642586235676,3.9664227993210117
005930,2018-02-27,0.1748,8.0,0.5625,0.2414,24.0,9.25,7.0,14.0,12.341428730657254,1.4535035047068317,0.11777433038171617,0.006046558414570647,0.35867642586235676,3.9664227993210117
005930,2018-02-28,0.1153,7.0,0.6049,0.1694,27.0,9.25,7.0,14.0,12.258075898369151,1.4436866806986808,0.11777433038171617,0.006046558414570647,0.35867642586235676,3.9500010498549596
005930,2018-03-01,0.1954,6.0,0.6125,0.1534,7.0,9.25,7.0,15.0,12.258075898369151,1.4436866806986808,0.11777433038171617,0.006046558414570647,0.35867642586235676,3.9500010498549596
005930,2018-03-02,-0.28,8.0,0.8081,0.2406,13.0,9.25,7.0,15.0,11.987179193432818,1.4117820026721906,0.11777433038171617,0.006046558414570647,0.35867642586235676,3.896630364090292
005930,2018-03-03,-0.0674,4.0,0.5575,0.174,4.0,9.25,7.0,15.0,11.987179193432818,1.4117820026721906,0.11777433038171617,0.006046558414570647,0.35867642586235676,3.896630364090292
005930,2018-03-04,0.1442,5.0,0.6373,0.2484,7.0,9.25,7.0,15.0,11.987179193432818,1.4117820026721906,0.11777433038171617,0.006046558414570647,0.35867642586235676,3.896630364090292
005930,2018-03-05,-0.0277,7.0,0.7512,0.1597,16.0,9.25,7.0,15.0,11.773587560694553,1.3866263911513041,0.11777433038171617,0.006046558414570647,0.35867642586235676,3.8545496310835343
005930,2018-03-06,0.3301,8.0,0.684,0.271,13.0,9.25,7.0,15.0,12.247656794333139,1.442459577697662,0.11777433038171617,0.006046558414570647,0.35867642586235676,3.9479483311717036
005930,2018-03-07,0.0993,7.0,0.7453,0.1478,38.0,9.25,7.0,15.0,12.664420955773654,1.491543697738416,0.11777433038171617,0.006046558414570647,0.35867642586235676,4.0300570785019625
005930,2018-03-08,0.3437,8.0,0.5539,0.2206,25.0,9.25,6.0,15.0,12.81549796429584,1.5093366912531896,0.11777433038171617,0.006046558414570647,0.35867642586235676,4.059821499409181
005930,2018-03-09,0.3593,8.0,0.6189,0.245,24.0,9.25,6.0,15.0,12.956155868782014,1.525902581766944,0.11777433038171617,0.006046558414570647,0.35867642586235676,4.087533201633144
005930,2018-03-10,0.2383,6.0,0.6864,0.1944,6.0,9.25,6.0,15.0,12.956155868782014,1.525902581766944,0.11777433038171617,0.006046558414570647,0.35867642586235676,4.087533201633144
005930,2018-03-11,-0.0443,6.0,0.8874,0.3417,9.0,9.25,6.0,15.0,12.956155868782014,1.525902581766944,0.11777433038171617,0.006046558414570647,0.35867642586235676,4.087533201633144
005930,2018-03-12,0.1505,7.0,0.5824,0.1992,31.0,9.25,6.0,15.0,12.956155868782014,1.525902581766944,0.11777433038171617,0.006046558414570647,0.35867642586235676,4.087533201633144
005930,2018-03-13,0.2884,8.0,0.7338,0.1803,33.0,9.25,6.0,15.0,13.456272862510632,1.584803525815849,0.11777433038171617,0.006046558414570647,0.35867642586235676,4.186063698429454
005930,2018-03-14,0.0178,7.0,0.6856,0.199,20.0,9.25,6.0,15.0,13.482320622600664,1.587871283318396,0.11777433038171617,0.006046558414570647,0.35867642586235676,4.1911954951375945
005930,2018-03-15,0.4191,8.0,0.6304,0.1735,21.0,9.25,6.0,15.0,13.425015550402595,1.5811222168127923,0.11777433038171617,0.006046558414570647,0.35867642586235676,4.179905542379684
005930,2018-03-16,0.1484,7.0,0.7342,0.2637,22.0,9.25,6.0,15.0,13.320824510042465,1.5688511868026038,0.11777433038171617,0.006046558414570647,0.35867642586235676,4.15937835554712
005930,2018-03-17,0.4999,4.0,0.4999,0.285,2.0,9.25,6.0,15.0,13.320824510042465,1.5688511868026038,0.11777433038171617,0.006046558414570647,0.35867642586235676,4.15937835554712
005930,2018-03-18,0.3396,5.0,0.5584,0.2178,5.0,9.25,6.0,15.0,13.320824510042465,1.5688511868026038,0.11777433038171617,0.006046558414570647,0.35867642586235676,4.15937835554712
005930,2018-03-19,0.0144,7.0,0.6201,0.2595,20.0,9.25,6.0,15.0,13.216633469682337,1.5565801567924153,0.11777433038171617,0.006046558414570647,0.35867642586235676,4.138851168714555
005930,2018-03-20,0.3824,8.0,0.6466,0.1882,18.0,9.25,6.0,15.0,13.336453166096485,1.5706918413041322,0.11777433038171617,0.006046558414570647,0.35867642586235676,4.162457433572004
005930,2018-03-21,0.4152,8.0,0.7416,0.2132,19.0,9.25,6.0,15.0,13.29998630197044,1.5663969808005662,0.11777433038171617,0.006046558414570647,0.35867642586235676,4.155272918180606
005930,2018-03-22,0.2814,8.0,0.4978,0.2239,26.0,9.25,6.0,15.0,13.487530174618671,1.5884848348189056,0.11777433038171617,0.006046558414570647,0.35867642586235676,4.192221854479223
005930,2018-03-23,-0.0285,7.0,0.5557,0.2378,50.0,9.25,6.0,15.0,12.950946316764009,1.5252890302664346,0.11777433038171617,0.006046558414570647,0.35867642586235676,4.086506842291515
005930,2018-03-24,,,,,0.0,9.25,6.0,15.0,12.950946316764009,1.5252890302664346,0.11777433038171617,0.006046558414570647,0.35867642586235676,4.086506842291515
005930,2018-03-25,0.3079,6.0,0.7307,0.2137,6.0,9.25,6.0,15.0,12.950946316764009,1.5252890302664346,0.11777433038171617,0.006046558414570647,0.35867642586235676,4.086506842291515
005930,2018-03-26,0.2287,8.0,0.6239,0.1784,15.0,9.25,6.0,15.0,13.096813773268188,1.5424684722806985,0.11777433038171617,0.006046558414570647,0.35867642586235676,4.115244903857106
005930,2018-03-27,0.3221,8.0,0.6281,0.2287,24.0,9.25,6.0,15.0,13.018670492998092,1.533265199773057,0.11777433038171617,0.006046558414570647,0.35867642586235676,4.099849513732682
005930,2018-03-28,0.0866,7.0,0.7774,0.2173,16.0,9.25,7.0,15.0,12.68525916384568,1.4939979037404538,0.11777433038171617,0.006046558414570647,0.35867642586235676,4.034162515868475
005930,2018-03-29,0.4389,8.0,0.401,0.258,12.0,9.25,6.0,15.0,12.773821548151789,1.5044282792491142,0.11777433038171617,0.006046558414570647,0.35867642586235676,4.051610624676155
005930,2018-03-30,0.4796,8.0,0.4817,0.1975,14.0,9.25,6.0,15.0,12.820707516313847,1.5099502427536988,0.11777433038171617,0.006046558414570647,0.35867642586235676,4.060847858750809
005930,2018-03-31,,,,,0.0,9.25,6.0,15.0,12.820707516313847,1.5099502427536988,0.11777433038171617,0.006046558414570647,0.35867642586235676,4.060847858750809
005930,2018-04-01,0.5329,9.0,0.4757,0.2086,12.0,10.0,8.33,4.0,6.906542913129567,1.3583973086366883,0.19668267116017335,0.18679961872868164,0.4068258709154568,3.701401062751998
005930,2018-04-02,0.0543,7.0,0.6735,0.1918,23.0,10.0,8.33,4.0,6.811125416564591,1.3396303405368721,0.19668267116017335,0.18679961872868164,0.4068258709154568,3.673722929022323
005930,2018-04-03,0.2075,8.0,0.7352,0.2179,31.0,10.0,8.33,4.0,6.752191080450929,1.3280389778869857,0.19668267116017335,0.18679961872868164,0.4068258709154568,3.6566276111304643
005930,2018-04-04,0.0056,7.0,0.6709,0.2437,13.0,10.0,8.33,4.0,6.583807262983325,1.2949207988873104,0.19668267116017335,0.18679961872868164,0.4068258709154568,3.6077838457251548
005930,2018-04-05,0.1729,8.0,0.7425,0.2628,22.0,10.0,8.33,4.0,6.839189386142525,1.3451500370368181,0.19668267116017335,0.18679961872868164,0.4068258709154568,3.681863556589874
005930,2018-04-06,0.1462,7.0,0.8185,0.287,61.0,10.0,8.33,4.0,6.791480637860038,1.33576655298691,0.19668267116017335,0.18679961872868164,0.4068258709154568,3.668024489725037
005930,2018-04-07,-0.2296,5.0,0.2858,0.189,4.0,10.0,8.33,4.0,6.791480637860038,1.33576655298691,0.19668267116017335,0.18679961872868164,0.4068258709154568,3.668024489725037
005930,2018-04-08,-0.0005,6.0,0.6659,0.2707,9.0,10.0,8.33,4.0,6.791480637860038,1.33576655298691,0.19668267116017335,0.18679961872868164,0.4068258709154568,3.668024489725037
005930,2018-04-09,-0.1509,7.0,0.6758,0.2081,26.0,10.0,8.33,4.0,6.903736516171773,1.3578453389866936,0.19668267116017335,0.18679961872868164,0.4068258709154568,3.700586999995243
005930,2018-04-10,-0.2143,8.0,0.7393,0.1622,21.0,10.0,8.33,4.0,6.858834164847079,1.3490138245867802,0.19668267116017335,0.18679961872868164,0.4068258709154568,3.6875619958871604
005930,2018-04-11,-0.2185,8.0,0.7396,0.2089,25.0,10.0,8.33,4.0,6.856027767889286,1.3484618549367857,0.19668267116017335,0.18679961872868164,0.4068258709154568,3.686747933130405
005930,2018-04-12,0.0998,7.0,0.8875,0.1858,22.0,10.0,8.33,4.0,6.875672546593839,1.3523256424867478,0.19668267116017335,0.18679961872868164,0.4068258709154568,3.6924463724276912
005930,2018-04-13,0.3288,8.0,0.5606,0.2119,16.0,10.0,8.33,4.0,6.987928424905576,1.3744044284865313,0.19668267116017335,0.18679961872868164,0.4068258709154568,3.7250088826978978
005930,2018-04-14,-0.0407,3.0,0.0,0.2083,1.0,10.0,8.33,4.0,6.987928424905576,1.3744044284865313,0.19668267116017335,0.18679961872868164,0.4068258709154568,3.7250088826978978
005930,2018-04-15,0.0781,5.0,0.5939,0.193,8.0,10.0,8.33,4.0,6.987928424905576,1.3744044284865313,0.19668267116017335,0.18679961872868164,0.4068258709154568,3.7250088826978978
005930,2018-04-16,0.0997,7.0,0.7852,0.2081,26.0,10.0,8.33,4.0,7.063701142765997,1.3893076090363854,0.19668267116017335,0.18679961872868164,0.4068258709154568,3.7469885771302867
005930,2018-04-17,-0.1193,7.0,0.7429,0.2198,34.0,10.0,8.33,4.0,7.013185997525716,1.3793721553364826,0.19668267116017335,0.18679961872868164,0.4068258709154568,3.732335447508694
005930,2018-04-18,0.1166,7.0,0.7289,0.1777,18.0,10.0,8.33,4.0,7.206827387613461,1.4174580611861094,0.19668267116017335,0.18679961872868164,0.4068258709154568,3.7885057777248
005930,2018-04-19,0.1439,7.0,0.6627,0.288,22.0,10.0,8.33,4.0,7.4060815716167925,1.4566479063357254,0.19668267116017335,0.18679961872868164,0.4068258709154568,3.846304233454416
005930,2018-04-20,-0.6193,8.0,0.6483,0.2369,11.0,10.0,8.33,4.0,7.243310548064775,1.424633666636039,0.19668267116017335,0.18679961872868164,0.4068258709154568,3.799088593562617
005930,2018-04-21,,,,,0.0,10.0,8.33,4.0,7.243310548064775,1.424633666636039,0.19668267116017335,0.18679961872868164,0.4068258709154568,3.799088593562617
005930,2018-04-22,0.0746,7.0,0.5242,0.1779,16.0,10.0,8.33,4.0,7.243310548064775,1.424633666636039,0.19668267116017335,0.18679961872868164,0.4068258709154568,3.799088593562617
005930,2018-04-23,-0.0094,7.0,0.8794,0.1955,18.0,10.0,8.33,4.0,7.282600105473883,1.4323612417359635,0.19668267116017335,0.18679961872868164,0.4068258709154568,3.8104854721571892
005930,2018-04-24,0.1941,8.0,0.6313,0.2083,15.0,10.0,8.33,4.0,7.080539524512758,1.392619426936353,0.19668267116017335,0.18679961872868164,0.4068258709154568,3.751872953670818
005930,2018-04-25,0.0175,7.0,0.7338,0.2001,28.0,10.0,8.33,4.0,7.072120333639377,1.390963517986369,0.19668267116017335,0.18679961872868164,0.4068258709154568,3.7494307654005525
005930,2018-04-26,0.3731,8.0,0.7715,0.25,60.0,10.0,8.33,4.0,7.316276868967404,1.4389848775358984,0.19668267116017335,0.18679961872868164,0.4068258709154568,3.820254225238251
005930,2018-04-27,0.3734,8.0,0.5073,0.2387,26.0,10.0,8.33,4.0,7.436951938152521,1.4627195724856659,0.19668267116017335,0.18679961872868164,0.4068258709154568,3.855258923778723
005930,2018-04-28,0.9998,6.0,0.0,0.125,1.0,10.0,8.33,4.0,7.436951938152521,1.4627195724856659,0.19668267116017335,0.18679961872868164,0.4068258709154568,3.855258923778723
005930,2018-04-29,-0.0126,5.0,0.4747,0.2099,8.0,10.0,8.33,4.0,7.436951938152521,1.4627195724856659,0.19668267116017335,0.18679961872868164,0.4068258709154568,3.855258923778723
005930,2018-04-30,0.3897,8.0,0.7075,0.1915,15.0,10.0,8.33,4.0,7.436951938152521,1.4627195724856659,0.19668267116017335,0.18679961872868164,0.4068258709154568,3.855258923778723
005930,2018-05-01,-0.1053,7.0,0.7284,0.1729,17.0,10.0,8.33,5.0,7.436951938152521,1.4627195724856659,0.19668267116017335,0.18679961872868164,0.4068258709154568,3.855258923778723
005930,2018-05-02,0.2598,8.0,0.6287,0.1628,26.0,10.0,8.33,5.0,7.436951938152521,1.4627195724856659,0.19668267116017335,0.18679961872868164,0.4068258709154568,3.855258923778723
005930,2018-05-03,0.2589,8.0,0.7047,0.1504,20.0,10.0,8.33,5.0,7.436951938152521,1.4627195724856659,0.19668267116017335,0.18679961872868164,0.4068258709154568,3.855258923778723
005930,2018-05-04,-0.3268,8.0,0.6503,0.2412,33.0,10.0,8.33,5.0,7.282600105473883,1.4323612417359635,0.19668267116017335,0.18679961872868164,0.4068258709154568,3.8104854721571892
005930,2018-05-05,-0.4998,4.0,0.4998,0.2984,2.0,10.0,8.33,5.0,7.282600105473883,1.4323612417359635,0.19668267116017335,0.18679961872868164,0.4068258709154568,3.8104854721571892
005930,2018-05-06,-0.063,5.0,0.5955,0.1432,8.0,10.0,8.33,5.0,7.282600105473883,1.4323612417359635,0.19668267116017335,0.18679961872868164,0.4068258709154568,3.8104854721571892
005930,2018-05-07,0.1714,8.0,0.7017,0.1886,18.0,10.0,8.33,5.0,7.282600105473883,1.4323612417359635,0.19668267116017335,0.18679961872868164,0.4068258709154568,3.8104854721571892
005930,2018-05-08,0.3098,8.0,0.7932,0.1739,23.0,10.0,8.33,5.0,7.380823998996652,1.451680179485774,0.19668267116017335,0.18679961872868164,0.4068258709154568,3.83897766864362
005930,2018-05-09,0.1968,8.0,0.7192,0.2093,23.0,10.0,8.33,5.0,7.142280257584213,1.404762759236234,0.19668267116017335,0.18679961872868164,0.4068258709154568,3.7697823343194314
005930,2018-05-10,0.1417,7.0,0.6553,0.2172,20.0,10.0,8.33,5.0,7.240504151106982,1.4240816969860446,0.19668267116017335,0.18679961872868164,0.4068258709154568,3.7982745308058616
005930,2018-05-11,-0.2968,8.0,0.5938,0.2405,15.0,10.0,8.33,5.0,7.198408196740081,1.4158021522361257,0.19668267116017335,0.18679961872868164,0.4068258709154568,3.7860635894545345
005930,2018-05-12,0.0,3.0,0.0,0.1662,2.0,10.0,8.33,5.0,7.198408196740081,1.4158021522361257,0.19668267116017335,0.18679961872868164,0.4068258709154568,3.7860635894545345
005930,2018-05-13,0.1396,5.0,0.6562,0.2463,6.0,10.0,8.33,5.0,7.198408196740081,1.4158021522361257,0.19668267116017335,0.18679961872868164,0.4068258709154568,3.7860635894545345
005930,2018-05-14,0.0336,7.0,0.7396,0.2434,27.0,10.0,8.33,5.0,7.030024379272477,1.3826839732364502,0.19668267116017335,0.18679961872868164,0.4068258709154568,3.737219824049225
005930,2018-05-15,0.2136,8.0,0.8876,0.3135,24.0,10.0,8.33,5.0,6.903736516171773,1.3578453389866936,0.19668267116017335,0.18679961872868164,0.4068258709154568,3.700586999995243
005930,2018-05-16,0.3834,8.0,0.7695,0.2118,26.0,10.0,8.33,5.0,6.994944417300059,1.3757843526115179,0.19668267116017335,0.18679961872868164,0.4068258709154568,3.7270440395897855
005930,2018-05-17,0.0243,7.0,0.4604,0.268,18.0,10.0,8.33,5.0,6.931800485749707,1.3633650354866396,0.19668267116017335,0.18679961872868164,0.4068258709154568,3.7087276275627947
005930,2018-05-18,0.0814,7.0,0.683,0.2406,14.0,10.0,8.33,5.0,6.945832470538675,1.3661248837366124,0.19668267116017335,0.18679961872868164,0.4068258709154568,3.71279794134657
005930,2018-05-19,,,,,0.0,10.0,8.33,5.0,6.945832470538675,1.3661248837366124,0.19668267116017335,0.18679961872868164,0.4068258709154568,3.71279794134657
005930,2018-05-20,0.03,7.0,0.2572,0.2626,18.0,10.0,8.33,5.0,6.945832470538675,1.3661248837366124,0.19668267116017335,0.18679961872868164,0.4068258709154568,3.71279794134657
005930,2018-05-21,0.5582,8.0,0.6778,0.1788,9.0,10.0,8.33,5.0,7.01599239448351,1.3799241249864773,0.19668267116017335,0.18679961872868164,0.4068258709154568,3.733149510265449
005930,2018-05-22,0.4529,7.0,0.647,0.1845,10.0,10.0,8.33,5.0,7.01599239448351,1.3799241249864773,0.19668267116017335,0.18679961872868164,0.4068258709154568,3.733149510265449
005930,2018-05-23,0.4013,8.0,0.6588,0.2216,20.0,10.0,8.33,5.0,7.268568120684916,1.4296013934859906,0.19668267116017335,0.18679961872868164,0.4068258709154568,3.8064151583734134
005930,2018-05-24,-0.0449,7.0,0.8354,0.2278,20.0,10.0,8.33,5.0,7.212440181529048,1.4185620004860986,0.19668267116017335,0.18679961872868164,0.4068258709154568,3.7901339032383103
005930,2018-05-25,-0.2052,8.0,0.7523,0.1816,16.0,10.0,8.33,5.0,7.394855983785619,1.454440027735747,0.19668267116017335,0.18679961872868164,0.4068258709154568,3.8430479824273958
005930,2018-05-26,,,,,0.0,10.0,8.33,5.0,7.394855983785619,1.454440027735747,0.19668267116017335,0.18679961872868164,0.4068258709154568,3.8430479824273958
005930,2018-05-27,0.3743,6.0,0.441,0.1629,6.0,10.0,8.33,5.0,7.394855983785619,1.454440027735747,0.19668267116017335,0.18679961872868164,0.4068258709154568,3.8430479824273958
005930,2018-05-28,-0.2274,8.0,0.7325,0.1946,17.0,10.0,8.33,5.0,7.338728044629751,1.4434006347358552,0.19668267116017335,0.18679961872868164,0.4068258709154568,3.8267667272922923
005930,2018-05-29,-0.0284,7.0,0.8103,0.1829,20.0,10.0,8.33,5.0,7.198408196740081,1.4158021522361257,0.19668267116017335,0.18679961872868164,0.4068258709154568,3.7860635894545345
005930,2018-05-30,0.0466,7.0,0.6586,0.1762,26.0,10.0,8.33,5.0,6.945832470538675,1.3661248837366124,0.19668267116017335,0.18679961872868164,0.4068258709154568,3.71279794134657
005930,2018-05-31,0.2488,8.0,0.6353,0.2858,29.0,10.0,8.33,5.0,7.114216288006279,1.399243062736288,0.19668267116017335,0.18679961872868164,0.4068258709154568,3.7616417067518797
005930,2018-06-01,0.0273,7.0,0.6983,0.2601,21.0,10.0,8.33,6.0,7.198408196740081,1.4158021522361257,0.19668267116017335,0.18679961872868164,0.4068258709154568,3.7860635894545345
005930,2018-06-02,,,,,0.0,10.0,8.33,6.0,7.198408196740081,1.4158021522361257,0.19668267116017335,0.18679961872868164,0.4068258709154568,3.7860635894545345
005930,2018-06-03,-0.3283,6.0,0.9173,0.2281,6.0,10.0,8.33,6.0,7.198408196740081,1.4158021522361257,0.19668267116017335,0.18679961872868164,0.4068258709154568,3.7860635894545345
005930,2018-06-04,0.1245,7.0,0.7303,0.2305,36.0,10.0,8.33,6.0,7.170344227162147,1.4102824557361797,0.19668267116017335,0.18679961872868164,0.4068258709154568,3.7779229618869827
005930,2018-06-05,0.3262,8.0,0.5896,0.1808,22.0,10.0,8.33,6.0,7.198408196740081,1.4158021522361257,0.19668267116017335,0.18679961872868164,0.4068258709154568,3.7860635894545345
005930,2018-06-06,0.1777,7.0,0.7099,0.1727,11.0,10.0,8.33,6.0,7.198408196740081,1.4158021522361257,0.19668267116017335,0.18679961872868164,0.4068258709154568,3.7860635894545345
005930,2018-06-07,-0.0831,7.0,0.6397,0.2271,12.0,10.0,8.33,6.0,7.100184303217312,1.396483214486315,0.19668267116017335,0.18679961872868164,0.4068258709154568,3.757571392968104
005930,2018-06-08,0.0152,7.0,0.7109,0.2545,13.0,10.0,8.33,6.0,6.966880447722125,1.3702646561115719,0.19668267116017335,0.18679961872868164,0.4068258709154568,3.718903412022234
005930,2018-06-09,,,,,0.0,10.0,8.33,6.0,6.966880447722125,1.3702646561115719,0.19668267116017335,0.18679961872868164,0.4068258709154568,3.718903412022234
005930,2018-06-10,0.0572,5.0,0.5208,0.158,8.0,10.0,8.33,6.0,6.966880447722125,1.3702646561115719,0.19668267116017335,0.18679961872868164,0.4068258709154568,3.718903412022234
005930,2018-06-11,0.1757,8.0,0.7099,0.198,20.0,10.0,8.33,6.0,7.001960409694543,1.3771642767365044,0.19668267116017335,0.18679961872868164,0.4068258709154568,3.7290791964816736
005930,2018-06-12,-0.2131,7.0,0.8972,0.3009,11.0,10.0,8.33,6.0,6.931800485749707,1.3633650354866396,0.19668267116017335,0.18679961872868164,0.4068258709154568,3.7087276275627947
005930,2018-06-13,0.1795,6.0,0.3676,0.2317,6.0,10.0,8.33,6.0,6.931800485749707,1.3633650354866396,0.19668267116017335,0.18679961872868164,0.4068258709154568,3.7087276275627947
005930,2018-06-14,0.1597,7.0,0.8085,0.2454,19.0,10.0,8.33,6.0,6.763416668282103,1.330246856486964,0.19668267116017335,0.18679961872868164,0.4068258709154568,3.659883862157485
005930,2018-06-15,-0.1655,6.0,0.879,0.3052,9.0,10.0,8.33,6.0,6.686240751942785,1.3150676911121129,0.19668267116017335,0.18679961872868164,0.4068258709154568,3.637497136346718
005930,2018-06-16,-0.6855,6.0,0.4441,0.2889,3.0,10.0,8.33,6.0,6.686240751942785,1.3150676911121129,0.19668267116017335,0.18679961872868164,0.4068258709154568,3.637497136346718
005930,2018-06-17,0.887,7.0,0.1938,0.1157,4.0,10.0,8.33,6.0,6.686240751942785,1.3150676911121129,0.19668267116017335,0.18679961872868164,0.4068258709154568,3.637497136346718
005930,2018-06-18,-0.2852,8.0,0.8015,0.2732,15.0,10.0,8.33,6.0,6.538904911658631,1.2860892844873968,0.19668267116017335,0.18679961872868164,0.4068258709154568,3.594758841617072
005930,2018-06-19,0.3276,8.0,0.5996,0.2095,15.0,10.0,8.33,6.0,6.595032850814499,1.2971286774872888,0.19668267116017335,0.18679961872868164,0.4068258709154568,3.6110400967521756
005930,2018-06-20,0.1819,8.0,0.7924,0.2326,17.0,10.0,8.33,6.0,6.595032850814499,1.2971286774872888,0.19668267116017335,0.18679961872868164,0.4068258709154568,3.6110400967521756
005930,2018-06-21,0.4764,8.0,0.5335,0.2403,18.0,10.0,8.33,6.0,6.6020488432089826,1.298508601612275,0.19668267116017335,0.18679961872868164,0.4068258709154568,3.6130752536440633
005930,2018-06-22,-0.1856,8.0,0.8357,0.2094,15.0,10.0,8.33,6.0,6.630112812786916,1.304028298112221,0.19668267116017335,0.18679961872868164,0.4068258709154568,3.621215881211615
005930,2018-06-23,,,,,0.0,10.0,8.33,6.0,6.630112812786916,1.304028298112221,0.19668267116017335,0.18679961872868164,0.4068258709154568,3.621215881211615
005930,2018-06-24,-0.2046,5.0,0.3544,0.1415,4.0,10.0,8.33,6.0,6.630112812786916,1.304028298112221,0.19668267116017335,0.18679961872868164,0.4068258709154568,3.621215881211615
005930,2018-06-25,-0.104,7.0,0.6584,0.1925,18.0,10.0,8.33,6.0,6.545920904053115,1.2874692086123833,0.19668267116017335,0.18679961872868164,0.4068258709154568,3.5967939985089603
005930,2018-06-26,0.2595,8.0,0.7466,0.2078,24.0,10.0,8.33,6.0,6.595032850814499,1.2971286774872888,0.19668267116017335,0.18679961872868164,0.4068258709154568,3.6110400967521756
005930,2018-06-27,0.2645,8.0,0.7519,0.1898,25.0,10.0,8.33,6.0,6.728336706309686,1.3233472358620317,0.19668267116017335,0.18679961872868164,0.4068258709154568,3.6497080776980453
005930,2018-06-28,-0.0143,7.0,0.7862,0.2213,30.0,10.0,8.33,6.0,6.566968881236565,1.2916089809873428,0.19668267116017335,0.18679961872868164,0.4068258709154568,3.602899469184624
005930,2018-06-29,0.0565,7.0,0.7044,0.2549,14.0,10.0,8.33,6.0,6.545920904053115,1.2874692086123833,0.19668267116017335,0.18679961872868164,0.4068258709154568,3.5967939985089603
005930,2018-06-30,,,,,0.0,10.0,8.33,6.0,6.545920904053115,1.2874692086123833,0.19668267116017335,0.18679961872868164,0.4068258709154568,3.5967939985089603
005930,2018-07-01,-0.6702,9.0,0.441,0.1577,12.0,10.0,8.33,7.0,6.545920904053115,1.2874692086123833,0.19668267116017335,0.18679961872868164,0.4068258709154568,3.5967939985089603
005930,2018-07-02,-0.096,7.0,0.7973,0.2776,14.0,10.0,8.33,7.0,6.3915690713744775,1.2571108778626807,0.19668267116017335,0.18679961872868164,0.4068258709154568,3.5520205468874266
005930,2018-07-03,0.3599,8.0,0.7393,0.173,32.0,10.0,8.33,7.0,6.475760980108279,1.2736699673625185,0.19668267116017335,0.18679961872868164,0.4068258709154568,3.5764424295900814
005930,2018-07-04,0.2822,8.0,0.7835,0.1873,16.0,10.0,8.33,7.0,6.489792964897246,1.2764298156124916,0.19668267116017335,0.18679961872868164,0.4068258709154568,3.5805127433738573
005930,2018-07-05,0.1555,7.0,0.5707,0.2103,27.0,10.0,8.33,7.0,6.447697010530345,1.2681502708625727,0.19668267116017335,0.18679961872868164,0.4068258709154568,3.5683018020225297
005930,2018-07-06,-0.0981,7.0,0.8498,0.2022,48.0,10.0,8.33,7.0,6.300361170246192,1.2391718642378566,0.19668267116017335,0.18679961872868164,0.4068258709154568,3.525563507292884
005930,2018-07-07,-0.0,3.0,0.0,0.2273,1.0,10.0,8.33,7.0,6.300361170246192,1.2391718642378566,0.19668267116017335,0.18679961872868164,0.4068258709154568,3.525563507292884
005930,2018-07-08,0.1398,5.0,0.5975,0.233,8.0,10.0,8.33,7.0,6.300361170246192,1.2391718642378566,0.19668267116017335,0.18679961872868164,0.4068258709154568,3.525563507292884
005930,2018-07-09,0.3159,8.0,0.5759,0.3245,37.0,10.0,8.33,7.0,6.3985850637689605,1.2584908019876673,0.19668267116017335,0.18679961872868164,0.4068258709154568,3.5540557037793143
005930,2018-07-10,0.0511,7.0,0.6132,0.2795,44.0,10.0,8.33,7.0,6.49680895729173,1.277809739737478,0.19668267116017335,0.18679961872868164,0.4068258709154568,3.582547900265745
005930,2018-07-11,0.2327,8.0,0.6878,0.2214,13.0,10.0,8.33,7.0,6.454713002924829,1.269530194987559,0.19668267116017335,0.18679961872868164,0.4068258709154568,3.570336958914418
005930,2018-07-12,-0.1022,7.0,0.7705,0.2224,16.0,10.0,8.33,7.0,6.384553078979994,1.2557309537376944,0.19668267116017335,0.18679961872868164,0.4068258709154568,3.549985389995539
005930,2018-07-13,-0.1674,8.0,0.6871,0.181,12.0,10.0,8.33,7.0,6.524872926869664,1.283329436237424,0.19668267116017335,0.18679961872868164,0.4068258709154568,3.5906885278332967
005930,2018-07-14,0.2133,4.0,0.7865,0.1697,2.0,10.0,8.33,7.0,6.524872926869664,1.283329436237424,0.19668267116017335,0.18679961872868164,0.4068258709154568,3.5906885278332967
005930,2018-07-15,0.3762,6.0,0.8539,0.1915,8.0,10.0,8.33,7.0,6.524872926869664,1.283329436237424,0.19668267116017335,0.18679961872868164,0.4068258709154568,3.5906885278332967
005930,2018-07-16,-0.0582,7.0,0.5012,0.178,28.0,10.0,8.33,7.0,6.461728995319312,1.2709101191125456,0.19668267116017335,0.18679961872868164,0.4068258709154568,3.5723721158063055
005930,2018-07-17,0.382,8.0,0.7397,0.2313,12.0,10.0,8.33,7.0,6.433665025741378,1.2653904226125996,0.19668267116017335,0.18679961872868164,0.4068258709154568,3.5642314882387542
005930,2018-07-18,0.528,9.0,0.5693,0.2382,17.0,10.0,8.33,7.0,6.531888919264148,1.2847093603624105,0.19668267116017335,0.18679961872868164,0.4068258709154568,3.5927236847251844
005930,2018-07-19,0.5457,9.0,0.4903,0.22,13.0,10.0,8.33,7.0,6.581000866025532,1.2943688292373157,0.19668267116017335,0.18679961872868164,0.4068258709154568,3.6069697829683998
005930,2018-07-20,0.5753,7.0,0.4902,0.2045,7.0,10.0,8.33,7.0,6.65817678236485,1.3095479946121669,0.19668267116017335,0.18679961872868164,0.4068258709154568,3.6293565087791664
005930,2018-07-21,,,,,0.0,10.0,8.33,7.0,6.65817678236485,1.3095479946121669,0.19668267116017335,0.18679961872868164,0.4068258709154568,3.6293565087791664
005930,2018-07-22,0.0722,7.0,0.7798,0.1592,13.0,10.0,8.33,7.0,6.65817678236485,1.3095479946121669,0.19668267116017335,0.18679961872868164,0.4068258709154568,3.6293565087791664
005930,2018-07-23,-0.17,8.0,0.6628,0.2312,12.0,10.0,8.33,7.0,6.524872926869664,1.283329436237424,0.19668267116017335,0.18679961872868164,0.4068258709154568,3.5906885278332967
005930,2018-07-24,0.1427,7.0,0.6755,0.1999,18.0,10.0,8.33,7.0,6.475760980108279,1.2736699673625185,0.19668267116017335,0.18679961872868164,0.4068258709154568,3.5764424295900814
005930,2018-07-25,0.3152,8.0,0.7823,0.1929,14.0,10.0,8.33,7.0,6.475760980108279,1.2736699673625185,0.19668267116017335,0.18679961872868164,0.4068258709154568,3.5764424295900814
005930,2018-07-26,0.2201,8.0,0.6223,0.131,18.0,10.0,8.33,7.0,6.581000866025532,1.2943688292373157,0.19668267116017335,0.18679961872868164,0.4068258709154568,3.6069697829683998
005930,2018-07-27,0.0441,5.0,0.6525,0.1265,8.0,10.0,8.33,7.0,6.581000866025532,1.2943688292373157,0.19668267116017335,0.18679961872868164,0.4068258709154568,3.6069697829683998
005930,2018-07-28,,,,,0.0,10.0,8.33,7.0,6.581000866025532,1.2943688292373157,0.19668267116017335,0.18679961872868164,0.4068258709154568,3.6069697829683998
005930,2018-07-29,0.1451,5.0,0.2404,0.1925,7.0,10.0,8.33,7.0,6.581000866025532,1.2943688292373157,0.19668267116017335,0.18679961872868164,0.4068258709154568,3.6069697829683998
005930,2018-07-30,-0.3142,8.0,0.6114,0.2022,23.0,10.0,8.33,7.0,6.524872926869664,1.283329436237424,0.19668267116017335,0.18679961872868164,0.4068258709154568,3.5906885278332967
005930,2018-07-31,0.3615,8.0,0.7941,0.1769,61.0,10.0,8.33,7.0,6.489792964897246,1.2764298156124916,0.19668267116017335,0.18679961872868164,0.4068258709154568,3.5805127433738573
005930,2018-08-01,0.1336,7.0,0.7846,0.2044,15.0,10.0,8.33,8.0,6.531888919264148,1.2847093603624105,0.19668267116017335,0.18679961872868164,0.4068258709154568,3.5927236847251844
005930,2018-08-02,0.2496,8.0,0.7571,0.199,15.0,10.0,8.33,8.0,6.3915690713744775,1.2571108778626807,0.19668267116017335,0.18679961872868164,0.4068258709154568,3.5520205468874266
005930,2018-08-03,-0.3431,6.0,0.6015,0.3104,7.0,10.0,8.33,8.0,6.419633040952411,1.2626305743626267,0.19668267116017335,0.18679961872868164,0.4068258709154568,3.5601611744549784
005930,2018-08-04,-0.1876,4.0,0.1876,0.4188,2.0,10.0,8.33,8.0,6.419633040952411,1.2626305743626267,0.19668267116017335,0.18679961872868164,0.4068258709154568,3.5601611744549784
005930,2018-08-05,0.2548,5.0,0.6635,0.332,5.0,10.0,8.33,8.0,6.419633040952411,1.2626305743626267,0.19668267116017335,0.18679961872868164,0.4068258709154568,3.5601611744549784
005930,2018-08-06,-0.0815,7.0,0.3549,0.4502,69.0,10.0,8.33,8.0,6.426649033346894,1.2640104984876133,0.19668267116017335,0.18679961872868164,0.4068258709154568,3.562196331346866
005930,2018-08-07,0.4559,8.0,0.602,0.1993,17.0,10.0,8.33,8.0,6.552936896447598,1.28884913273737,0.19668267116017335,0.18679961872868164,0.4068258709154568,3.5988291554008485
005930,2018-08-08,0.1824,8.0,0.5637,0.2169,31.0,10.0,8.33,8.0,6.566968881236565,1.2916089809873428,0.19668267116017335,0.18679961872868164,0.4068258709154568,3.602899469184624
005930,2018-08-09,0.592,9.0,0.5983,0.2511,15.0,10.0,8.33,8.0,6.581000866025532,1.2943688292373157,0.19668267116017335,0.18679961872868164,0.4068258709154568,3.6069697829683998
005930,2018-08-10,0.159,7.0,0.6483,0.2959,56.0,10.0,8.33,8.0,6.370521094191027,1.2529711054877213,0.19668267116017335,0.18679961872868164,0.4068258709154568,3.545915076211763
005930,2018-08-11,0.0,3.0,0.0002,0.3104,2.0,10.0,8.33,8.0,6.370521094191027,1.2529711054877213,0.19668267116017335,0.18679961872868164,0.4068258709154568,3.545915076211763
005930,2018-08-12,0.0348,5.0,0.5078,0.2083,8.0,10.0,8.33,8.0,6.370521094191027,1.2529711054877213,0.19668267116017335,0.18679961872868164,0.4068258709154568,3.545915076211763
005930,2018-08-13,0.2156,8.0,0.4742,0.1888,31.0,10.0,8.33,8.0,6.321409147429642,1.243311636612816,0.19668267116017335,0.18679961872868164,0.4068258709154568,3.5316689779685477
005930,2018-08-14,0.2024,8.0,0.7018,0.1737,17.0,10.0,8.33,8.0,6.335441132218609,1.246071484862789,0.19668267116017335,0.18679961872868164,0.4068258709154568,3.5357392917523236
005930,2018-08-15,0.5439,7.0,0.6969,0.2003,7.0,10.0,8.33,8.0,6.335441132218609,1.246071484862789,0.19668267116017335,0.18679961872868164,0.4068258709154568,3.5357392917523236
005930,2018-08-16,0.1215,7.0,0.8217,0.2263,23.0,10.0,8.33,8.0,6.209153269117906,1.2212328506130323,0.19668267116017335,0.18679961872868164,0.4068258709154568,3.4991064676983417
005930,2018-08-17,-0.1581,5.0,0.8896,0.1559,6.0,10.0,8.33,8.0,6.1881052919344555,1.217093078238073,0.19668267116017335,0.18679961872868164,0.4068258709154568,3.4930009970226776
005930,2018-08-18,-0.5002,5.0,0.4995,0.2099,2.0,10.0,8.33,8.0,6.1881052919344555,1.217093078238073,0.19668267116017335,0.18679961872868164,0.4068258709154568,3.4930009970226776
005930,2018-08-19,0.5331,6.0,0.3903,0.1746,5.0,10.0,8.33,8.0,6.1881052919344555,1.217093078238073,0.19668267116017335,0.18679961872868164,0.4068258709154568,3.4930009970226776
005930,2018-08-20,0.3883,8.0,0.6833,0.2168,19.0,10.0,8.33,8.0,6.153025329962038,1.2101934576131406,0.19668267116017335,0.18679961872868164,0.4068258709154568,3.4828252125632386
005930,2018-08-21,0.5438,9.0,0.6377,0.2497,19.0,10.0,8.33,8.0,6.286329185457225,1.2364120159878838,0.19668267116017335,0.18679961872868164,0.4068258709154568,3.5214931935091083
005930,2018-08-22,0.6329,8.0,0.4794,0.1787,11.0,10.0,8.33,8.0,6.468744987713796,1.2722900432375321,0.19668267116017335,0.18679961872868164,0.4068258709154568,3.5744072726981932
005930,2018-08-23,0.4829,8.0,0.7267,0.1904,13.0,10.0,8.33,8.0,6.482776972502763,1.275049891487505,0.19668267116017335,0.18679961872868164,0.4068258709154568,3.5784775864819696
005930,2018-08-24,-0.1998,8.0,0.9249,0.2255,16.0,10.0,8.33,8.0,6.475760980108279,1.2736699673625185,0.19668267116017335,0.18679961872868164,0.4068258709154568,3.5764424295900814
005930,2018-08-25,-0.6665,6.0,0.4712,0.1623,3.0,10.0,8.33,8.0,6.475760980108279,1.2736699673625185,0.19668267116017335,0.18679961872868164,0.4068258709154568,3.5764424295900814
005930,2018-08-26,0.1408,5.0,0.768,0.136,8.0,10.0,8.33,8.0,6.475760980108279,1.2736699673625185,0.19668267116017335,0.18679961872868164,0.4068258709154568,3.5764424295900814
005930,2018-08-27,0.6614,9.0,0.4275,0.1808,12.0,10.0,8.33,8.0,6.49680895729173,1.277809739737478,0.19668267116017335,0.18679961872868164,0.4068258709154568,3.582547900265745
005930,2018-08-28,0.2516,8.0,0.6251,0.1471,17.0,10.0,8.33,8.0,6.531888919264148,1.2847093603624105,0.19668267116017335,0.18679961872868164,0.4068258709154568,3.5927236847251844
005930,2018-08-29,0.366,7.0,0.7669,0.1798,11.0,10.0,8.33,8.0,6.566968881236565,1.2916089809873428,0.19668267116017335,0.18679961872868164,0.4068258709154568,3.602899469184624
005930,2018-08-30,0.5068,9.0,0.5427,0.1891,25.0,10.0,8.33,8.0,6.686240751942785,1.3150676911121129,0.19668267116017335,0.18679961872868164,0.4068258709154568,3.637497136346718
005930,2018-08-31,0.1628,7.0,0.6903,0.279,15.0,10.0,8.33,8.0,6.798496630254521,1.3371464771118966,0.19668267116017335,0.18679961872868164,0.4068258709154568,3.6700596466169246
005930,2018-09-01,0.0518,3.0,0.0,0.3171,1.0,10.0,8.33,9.0,6.798496630254521,1.3371464771118966,0.19668267116017335,0.18679961872868164,0.4068258709154568,3.6700596466169246
005930,2018-09-02,0.3151,7.0,0.4314,0.2783,9.0,10.0,8.33,9.0,6.798496630254521,1.3371464771118966,0.19668267116017335,0.18679961872868164,0.4068258709154568,3.6700596466169246
005930,2018-09-03,0.3973,8.0,0.4485,0.3612,15.0,10.0,8.33,9.0,6.65817678236485,1.3095479946121669,0.19668267116017335,0.18679961872868164,0.4068258709154568,3.6293565087791664
005930,2018-09-04,0.0094,7.0,0.8445,0.2061,14.0,10.0,8.33,9.0,6.686240751942785,1.3150676911121129,0.19668267116017335,0.18679961872868164,0.4068258709154568,3.637497136346718
005930,2018-09-05,-0.3672,8.0,0.5485,0.2351,21.0,10.0,8.33,9.0,6.538904911658631,1.2860892844873968,0.19668267116017335,0.18679961872868164,0.4068258709154568,3.594758841617072
005930,2018-09-06,-0.2243,8.0,0.7827,0.1645,28.0,10.0,8.33,9.0,6.468744987713796,1.2722900432375321,0.19668267116017335,0.18679961872868164,0.4068258709154568,3.5744072726981932
005930,2018-09-07,-0.7179,8.0,0.4391,0.2057,11.0,10.0,8.33,9.0,6.300361170246192,1.2391718642378566,0.19668267116017335,0.18679961872868164,0.4068258709154568,3.525563507292884
005930,2018-09-08,0.9597,6.0,0.0,0.1818,1.0,10.0,8.33,9.0,6.300361170246192,1.2391718642378566,0.19668267116017335,0.18679961872868164,0.4068258709154568,3.525563507292884
005930,2018-09-09,0.3914,8.0,0.4617,0.1853,12.0,10.0,8.33,9.0,6.300361170246192,1.2391718642378566,0.19668267116017335,0.18679961872868164,0.4068258709154568,3.525563507292884
005930,2018-09-10,0.2372,8.0,0.8711,0.2358,17.0,10.0,8.33,9.0,6.384553078979994,1.2557309537376944,0.19668267116017335,0.18679961872868164,0.4068258709154568,3.549985389995539
005930,2018-09-11,-0.1855,8.0,0.889,0.1837,30.0,10.0,8.33,9.0,6.321409147429642,1.243311636612816,0.19668267116017335,0.18679961872868164,0.4068258709154568,3.5316689779685477
005930,2018-09-12,-0.0702,7.0,0.4376,0.2293,22.0,10.0,8.33,9.0,6.251249223484807,1.2295123953629512,0.19668267116017335,0.18679961872868164,0.4068258709154568,3.511317409049669
005930,2018-09-13,0.1645,7.0,0.4801,0.1894,13.0,10.0,8.33,9.0,6.181089299539972,1.2157131541130866,0.19668267116017335,0.18679961872868164,0.4068258709154568,3.4909658401307904
005930,2018-09-14,0.3392,8.0,0.7069,0.2008,23.0,10.0,8.33,9.0,6.433665025741378,1.2653904226125996,0.19668267116017335,0.18679961872868164,0.4068258709154568,3.5642314882387542
005930,2018-09-15,-0.4385,4.0,0.0,0.325,1.0,10.0,8.33,9.0,6.433665025741378,1.2653904226125996,0.19668267116017335,0.18679961872868164,0.4068258709154568,3.5642314882387542
005930,2018-09-16,0.1457,7.0,0.3489,0.1853,14.0,10.0,8.33,9.0,6.433665025741378,1.2653904226125996,0.19668267116017335,0.18679961872868164,0.4068258709154568,3.5642314882387542
005930,2018-09-17,-0.0826,7.0,0.624,0.2298,19.0,10.0,8.33,9.0,6.335441132218609,1.246071484862789,0.19668267116017335,0.18679961872868164,0.4068258709154568,3.5357392917523236
005930,2018-09-18,0.144,7.0,0.4887,0.278,46.0,10.0,8.33,9.0,6.384553078979994,1.2557309537376944,0.19668267116017335,0.18679961872868164,0.4068258709154568,3.549985389995539
005930,2018-09-19,0.0633,7.0,0.4678,0.2458,32.0,10.0,8.33,9.0,6.475760980108279,1.2736699673625185,0.19668267116017335,0.18679961872868164,0.4068258709154568,3.5764424295900814
005930,2018-09-20,0.1649,7.0,0.5395,0.344,37.0,10.0,8.33,9.0,6.630112812786916,1.304028298112221,0.19668267116017335,0.18679961872868164,0.4068258709154568,3.621215881211615
005930,2018-09-21,0.2857,6.0,0.6997,0.2246,7.0,10.0,8.33,9.0,6.651160789970367,1.3081680704871805,0.19668267116017335,0.18679961872868164,0.4068258709154568,3.6273213518872787
005930,2018-09-22,-0.0,4.0,0.0001,0.31,4.0,10.0,8.33,9.0,6.651160789970367,1.3081680704871805,0.19668267116017335,0.18679961872868164,0.4068258709154568,3.6273213518872787
005930,2018-09-23,0.9471,6.0,0.0317,0.1293,2.0,10.0,8.33,9.0,6.651160789970367,1.3081680704871805,0.19668267116017335,0.18679961872868164,0.4068258709154568,3.6273213518872787
005930,2018-09-24,0.3283,5.0,0.4096,0.1286,3.0,10.0,8.33,9.0,6.651160789970367,1.3081680704871805,0.19668267116017335,0.18679961872868164,0.4068258709154568,3.6273213518872787
005930,2018-09-25,0.4958,4.0,0.4958,0.1752,2.0,10.0,8.33,9.0,6.651160789970367,1.3081680704871805,0.19668267116017335,0.18679961872868164,0.4068258709154568,3.6273213518872787
005930,2018-09-26,-0.0628,6.0,0.8205,0.2341,9.0,10.0,8.33,9.0,6.651160789970367,1.3081680704871805,0.19668267116017335,0.18679961872868164,0.4068258709154568,3.6273213518872787
005930,2018-09-27,-0.2552,8.0,0.6274,0.1783,19.0,10.0,8.33,9.0,6.665192774759334,1.3109279187371534,0.19668267116017335,0.18679961872868164,0.4068258709154568,3.6313916656710545
005930,2018-09-28,0.4451,8.0,0.7436,0.2201,13.0,10.0,8.33,9.0,6.517856934475181,1.2819495121124374,0.19668267116017335,0.18679961872868164,0.4068258709154568,3.5886533709414086
005930,2018-09-29,0.0524,3.0,0.0,0.1795,1.0,10.0,8.33,9.0,6.517856934475181,1.2819495121124374,0.19668267116017335,0.18679961872868164,0.4068258709154568,3.5886533709414086
005930,2018-09-30,0.379,7.0,0.6108,0.1602,9.0,10.0,8.33,9.0,6.517856934475181,1.2819495121124374,0.19668267116017335,0.18679961872868164,0.4068258709154568,3.5886533709414086
005930,2018-10-01,0.2458,8.0,0.6299,0.2123,22.0,10.0,8.33,10.0,6.503824949686213,1.2791896638624645,0.19668267116017335,0.18679961872868164,0.4068258709154568,3.584583057157633
005930,2018-10-02,0.1957,6.0,0.6093,0.2105,8.0,10.0,8.33,10.0,6.4126170485579275,1.2612506502376402,0.19668267116017335,0.18679961872868164,0.4068258709154568,3.5581260175630907
005930,2018-10-03,0.2167,5.0,0.7373,0.2118,5.0,10.0,8.33,10.0,6.4126170485579275,1.2612506502376402,0.19668267116017335,0.18679961872868164,0.4068258709154568,3.5581260175630907
005930,2018-10-04,0.62,9.0,0.4711,0.2347,22.0,10.0,8.33,10.0,6.272297200668258,1.2336521677379106,0.19668267116017335,0.18679961872868164,0.4068258709154568,3.517422879725333
005930,2018-10-05,0.5941,9.0,0.7159,0.2634,28.0,10.0,8.33,10.0,6.272297200668258,1.2336521677379106,0.19668267116017335,0.18679961872868164,0.4068258709154568,3.517422879725333
005930,2018-10-06,0.0042,3.0,0.9957,0.6474,2.0,10.0,8.33,10.0,6.272297200668258,1.2336521677379106,0.19668267116017335,0.18679961872868164,0.4068258709154568,3.517422879725333
005930,2018-10-07,0.0063,5.0,0.4308,0.1701,8.0,10.0,8.33,10.0,6.272297200668258,1.2336521677379106,0.19668267116017335,0.18679961872868164,0.4068258709154568,3.517422879725333
005930,2018-10-08,0.1697,8.0,0.7355,0.2234,19.0,10.0,8.33,10.0,6.307377162640675,1.2405517883628432,0.19668267116017335,0.18679961872868164,0.4068258709154568,3.527598664184772
005930,2018-10-09,0.4419,7.0,0.6772,0.1685,9.0,10.0,8.33,10.0,6.307377162640675,1.2405517883628432,0.19668267116017335,0.18679961872868164,0.4068258709154568,3.527598664184772
005930,2018-10-10,0.0783,7.0,0.421,0.1849,13.0,10.0,8.33,10.0,6.35648910940206,1.2502112572377484,0.19668267116017335,0.18679961872868164,0.4068258709154568,3.541844762427987
005930,2018-10-11,0.3331,8.0,0.6168,0.185,17.0,10.0,8.33,10.0,6.047785444044785,1.1894945957383434,0.19668267116017335,0.18679961872868164,0.4068258709154568,3.45229785918492
005930,2018-10-12,0.4089,6.0,0.3919,0.2327,8.0,10.0,8.33,10.0,6.1740733071454885,1.2143332299881,0.19668267116017335,0.18679961872868164,0.4068258709154568,3.488930683238902
005930,2018-10-13,,,,,0.0,10.0,8.33,10.0,6.1740733071454885,1.2143332299881,0.19668267116017335,0.18679961872868164,0.4068258709154568,3.488930683238902
005930,2018-10-14,0.1029,5.0,0.6176,0.1727,6.0,10.0,8.33,10.0,6.1740733071454885,1.2143332299881,0.19668267116017335,0.18679961872868164,0.4068258709154568,3.488930683238902
005930,2018-10-15,0.0125,7.0,0.8848,0.1798,14.0,10.0,8.33,10.0,6.146009337567555,1.208813533488154,0.19668267116017335,0.18679961872868164,0.4068258709154568,3.4807900556713505
005930,2018-10-16,0.4762,8.0,0.5942,0.1793,20.0,10.0,8.33,10.0,6.117945367989621,1.2032938369882082,0.19668267116017335,0.18679961872868164,0.4068258709154568,3.4726494281037987
005930,2018-10-17,0.3431,8.0,0.6145,0.1341,12.0,10.0,8.33,10.0,6.195121284328939,1.2184730023630594,0.19668267116017335,0.18679961872868164,0.4068258709154568,3.495036153914566
005930,2018-10-18,0.5912,8.0,0.6049,0.2077,9.0,10.0,8.33,10.0,6.181089299539972,1.2157131541130866,0.19668267116017335,0.18679961872868164,0.4068258709154568,3.4909658401307904
005930,2018-10-19,0.0863,7.0,0.7607,0.1794,13.0,10.0,8.33,10.0,6.160041322356522,1.2115733817381271,0.19668267116017335,0.18679961872868164,0.4068258709154568,3.4848603694551263
005930,2018-10-20,,,,,0.0,10.0,8.33,10.0,6.160041322356522,1.2115733817381271,0.19668267116017335,0.18679961872868164,0.4068258709154568,3.4848603694551263
005930,2018-10-21,0.4562,7.0,0.6304,0.1808,11.0,10.0,8.33,10.0,6.160041322356522,1.2115733817381271,0.19668267116017335,0.18679961872868164,0.4068258709154568,3.4848603694551263
005930,2018-10-22,0.6586,9.0,0.4528,0.1782,16.0,10.0,8.33,10.0,6.110929375595137,1.2019139128632217,0.19668267116017335,0.18679961872868164,0.4068258709154568,3.4706142712119115
005930,2018-10-23,0.1642,7.0,0.7427,0.1793,28.0,10.0,8.33,10.0,6.040769451650302,1.188114671613357,0.19668267116017335,0.18679961872868164,0.4068258709154568,3.4502627022930317
005930,2018-10-24,0.0738,7.0,0.7218,0.2107,25.0,10.0,8.33,10.0,5.9706095277054665,1.1743154303634922,0.19668267116017335,0.18679961872868164,0.4068258709154568,3.4299111333741528
005930,2018-10-25,-0.0594,7.0,0.6745,0.1585,26.0,10.0,8.33,10.0,5.7531137634764775,1.1315377824889115,0.19668267116017335,0.18679961872868164,0.4068258709154568,3.366821269725629
005930,2018-10-26,0.138,6.0,0.7848,0.2254,10.0,10.0,8.33,10.0,5.7531137634764775,1.1315377824889115,0.19668267116017335,0.18679961872868164,0.4068258709154568,3.366821269725629
005930,2018-10-27,,,,,0.0,10.0,8.33,10.0,5.7531137634764775,1.1315377824889115,0.19668267116017335,0.18679961872868164,0.4068258709154568,3.366821269725629
005930,2018-10-28,0.1668,6.0,0.3871,0.1824,7.0,10.0,8.33,10.0,5.7531137634764775,1.1315377824889115,0.19668267116017335,0.18679961872868164,0.4068258709154568,3.366821269725629
005930,2018-10-29,0.089,5.0,0.5496,0.1567,8.0,10.0,8.33,10.0,5.809241702632346,1.1425771754888032,0.19668267116017335,0.18679961872868164,0.4068258709154568,3.3831025248607314
005930,2018-10-30,0.3783,8.0,0.5558,0.209,20.0,10.0,8.33,10.0,5.942545558127533,1.1687957338635462,0.19668267116017335,0.18679961872868164,0.4068258709154568,3.4217705058066015
005930,2018-10-31,0.5499,9.0,0.6422,0.2005,58.0,10.0,8.33,10.0,5.9495615505220165,1.1701756579885327,0.19668267116017335,0.18679961872868164,0.4068258709154568,3.423805662698489
005930,2018-11-01,-0.0394,7.0,0.7975,0.2576,15.0,10.0,8.33,11.0,5.914481588549599,1.1632760373636004,0.19668267116017335,0.18679961872868164,0.4068258709154568,3.41362987823905
005930,2018-11-02,0.3708,7.0,0.7671,0.2114,11.0,10.0,8.33,11.0,6.195121284328939,1.2184730023630594,0.19668267116017335,0.18679961872868164,0.4068258709154568,3.495036153914566
005930,2018-11-03,0.4864,4.0,0.5134,0.0994,2.0,10.0,8.33,11.0,6.195121284328939,1.2184730023630594,0.19668267116017335,0.18679961872868164,0.4068258709154568,3.495036153914566
005930,2018-11-04,0.531,7.0,0.408,0.1475,7.0,10.0,8.33,11.0,6.195121284328939,1.2184730023630594,0.19668267116017335,0.18679961872868164,0.4068258709154568,3.495036153914566
005930,2018-11-05,0.1334,7.0,0.7303,0.1756,18.0,10.0,8.33,11.0,6.146009337567555,1.208813533488154,0.19668267116017335,0.18679961872868164,0.4068258709154568,3.4807900556713505
005930,2018-11-06,0.4278,7.0,0.6747,0.1963,11.0,10.0,8.33,11.0,6.138993345173071,1.2074336093631677,0.19668267116017335,0.18679961872868164,0.4068258709154568,3.4787548987794628
005930,2018-11-07,0.3371,8.0,0.5394,0.212,21.0,10.0,8.33,11.0,6.1740733071454885,1.2143332299881,0.19668267116017335,0.18679961872868164,0.4068258709154568,3.488930683238902
005930,2018-11-08,0.6273,9.0,0.5037,0.2451,28.0,10.0,8.33,11.0,6.181089299539972,1.2157131541130866,0.19668267116017335,0.18679961872868164,0.4068258709154568,3.4909658401307904
005930,2018-11-09,0.5375,9.0,0.7085,0.1804,15.0,10.0,8.33,11.0,6.216169261512389,1.2226127747380189,0.19668267116017335,0.18679961872868164,0.4068258709154568,3.5011416245902294
005930,2018-11-10,0.0643,3.0,0.0,0.2432,1.0,10.0,8.33,11.0,6.216169261512389,1.2226127747380189,0.19668267116017335,0.18679961872868164,0.4068258709154568,3.5011416245902294
005930,2018-11-11,0.4439,7.0,0.8276,0.2456,9.0,10.0,8.33,11.0,6.216169261512389,1.2226127747380189,0.19668267116017335,0.18679961872868164,0.4068258709154568,3.5011416245902294
005930,2018-11-12,0.0957,7.0,0.669,0.214,14.0,10.0,8.33,11.0,6.342457124613093,1.2474514089877755,0.19668267116017335,0.18679961872868164,0.4068258709154568,3.5377744486442118
005930,2018-11-13,0.091,6.0,0.8997,0.1923,11.0,10.0,8.33,11.0,6.244233231090323,1.2281324712379649,0.19668267116017335,0.18679961872868164,0.4068258709154568,3.509282252157781
005930,2018-11-14,0.2387,8.0,0.7278,0.187,24.0,10.0,8.33,11.0,6.1881052919344555,1.217093078238073,0.19668267116017335,0.18679961872868164,0.4068258709154568,3.4930009970226776
005930,2018-11-15,0.3604,8.0,0.7104,0.191,20.0,10.0,8.33,11.0,6.209153269117906,1.2212328506130323,0.19668267116017335,0.18679961872868164,0.4068258709154568,3.4991064676983417
005930,2018-11-16,-0.3029,5.0,0.3417,0.1372,5.0,10.0,8.33,11.0,6.1740733071454885,1.2143332299881,0.19668267116017335,0.18679961872868164,0.4068258709154568,3.488930683238902
005930,2018-11-17,,,,,0.0,10.0,8.33,11.0,6.1740733071454885,1.2143332299881,0.19668267116017335,0.18679961872868164,0.4068258709154568,3.488930683238902
005930,2018-11-18,0.3487,6.0,0.4613,0.1689,6.0,10.0,8.33,11.0,6.1740733071454885,1.2143332299881,0.19668267116017335,0.18679961872868164,0.4068258709154568,3.488930683238902
005930,2018-11-19,0.06,7.0,0.654,0.1926,18.0,10.0,8.33,11.0,6.124961360384104,1.2046737611131948,0.19668267116017335,0.18679961872868164,0.4068258709154568,3.474684584995687
005930,2018-11-20,-0.002,7.0,0.5164,0.291,27.0,10.0,8.33,11.0,6.005689489677884,1.1812150509884245,0.19668267116017335,0.18679961872868164,0.4068258709154568,3.4400869178335927
005930,2018-11-21,0.1648,7.0,0.8426,0.1527,17.0,10.0,8.33,11.0,5.907465596155115,1.1618961132386139,0.19668267116017335,0.18679961872868164,0.4068258709154568,3.411594721347162
005930,2018-11-22,0.3586,8.0,0.7,0.1382,18.0,10.0,8.33,11.0,5.9565775429164995,1.1715555821135193,0.19668267116017335,0.18679961872868164,0.4068258709154568,3.4258408195903773
005930,2018-11-23,-0.3461,8.0,0.653,0.2642,31.0,10.0,8.33,11.0,5.9495615505220165,1.1701756579885327,0.19668267116017335,0.18679961872868164,0.4068258709154568,3.423805662698489
005930,2018-11-24,,,,,0.0,10.0,8.33,11.0,5.9495615505220165,1.1701756579885327,0.19668267116017335,0.18679961872868164,0.4068258709154568,3.423805662698489
005930,2018-11-25,0.5943,7.0,0.4719,0.1548,7.0,10.0,8.33,11.0,5.9495615505220165,1.1701756579885327,0.19668267116017335,0.18679961872868164,0.4068258709154568,3.423805662698489
005930,2018-11-26,0.1595,7.0,0.7036,0.1938,19.0,10.0,8.33,11.0,5.97762552009995,1.1756953544884787,0.19668267116017335,0.18679961872868164,0.4068258709154568,3.431946290266041
005930,2018-11-27,0.2676,8.0,0.7055,0.2107,19.0,10.0,8.33,11.0,6.040769451650302,1.188114671613357,0.19668267116017335,0.18679961872868164,0.4068258709154568,3.4502627022930317
005930,2018-11-28,0.5602,9.0,0.6851,0.1752,16.0,10.0,8.33,11.0,6.054801436439269,1.19087451986333,0.19668267116017335,0.18679961872868164,0.4068258709154568,3.454333016076808
005930,2018-11-29,-0.3635,8.0,0.801,0.1377,14.0,10.0,8.33,11.0,6.054801436439269,1.19087451986333,0.19668267116017335,0.18679961872868164,0.4068258709154568,3.454333016076808
005930,2018-11-30,0.4003,8.0,0.7634,0.2291,17.0,10.0,8.33,11.0,5.872385634182698,1.1549964926136815,0.19668267116017335,0.18679961872868164,0.4068258709154568,3.4014189368877226
005930,2018-12-01,0.9998,6.0,0.0,0.1702,1.0,10.0,8.33,12.0,5.872385634182698,1.1549964926136815,0.19668267116017335,0.18679961872868164,0.4068258709154568,3.4014189368877226
005930,2018-12-02,0.2191,7.0,0.7166,0.1721,10.0,10.0,8.33,12.0,5.872385634182698,1.1549964926136815,0.19668267116017335,0.18679961872868164,0.4068258709154568,3.4014189368877226
005930,2018-12-03,-0.0075,6.0,0.7033,0.2263,11.0,10.0,8.33,12.0,6.068833421228236,1.1936343681133028,0.19668267116017335,0.18679961872868164,0.4068258709154568,3.4584033298605834
005930,2018-12-04,0.2531,8.0,0.5643,0.214,21.0,10.0,8.33,12.0,5.914481588549599,1.1632760373636004,0.19668267116017335,0.18679961872868164,0.4068258709154568,3.41362987823905
005930,2018-12-05,0.399,7.0,0.6575,0.22,10.0,10.0,8.33,12.0,5.816257695026829,1.1439570996137898,0.19668267116017335,0.18679961872868164,0.4068258709154568,3.3851376817526195
005930,2018-12-06,-0.039,7.0,0.2855,0.2027,42.0,10.0,8.33,12.0,5.682953839531643,1.1177385412390466,0.19668267116017335,0.18679961872868164,0.4068258709154568,3.34646970080675
005930,2018-12-07,0.2288,8.0,0.5239,0.1814,14.0,10.0,8.33,12.0,5.7460977710819945,1.130157858363925,0.19668267116017335,0.18679961872868164,0.4068258709154568,3.3647861128337406
005930,2018-12-08,,,,,0.0,10.0,8.33,12.0,5.7460977710819945,1.130157858363925,0.19668267116017335,0.18679961872868164,0.4068258709154568,3.3647861128337406
005930,2018-12-09,0.1546,4.0,0.6825,0.1649,5.0,10.0,8.33,12.0,5.7460977710819945,1.130157858363925,0.19668267116017335,0.18679961872868164,0.4068258709154568,3.3647861128337406
005930,2018-12-10,-0.1224,7.0,0.3195,0.1753,17.0,10.0,8.33,12.0,5.640857885164742,1.1094589964891277,0.19668267116017335,0.18679961872868164,0.4068258709154568,3.3342587594554223
005930,2018-12-11,0.2375,8.0,0.6209,0.2329,16.0,10.0,8.33,12.0,5.647873877559225,1.1108389206141143,0.19668267116017335,0.18679961872868164,0.4068258709154568,3.33629391634731
005930,2018-12-12,-0.0357,7.0,0.7106,0.1991,24.0,10.0,8.33,12.0,5.675937847137159,1.11635861711406,0.19668267116017335,0.18679961872868164,0.4068258709154568,3.3444345439148617
005930,2018-12-13,0.0798,7.0,0.7794,0.1763,27.0,10.0,8.33,12.0,5.612793915586808,1.103939299989182,0.19668267116017335,0.18679961872868164,0.4068258709154568,3.326118131887871
005930,2018-12-14,-0.37,8.0,0.6859,0.2129,23.0,10.0,8.33,12.0,5.465458075302654,1.0749608933644659,0.19668267116017335,0.18679961872868164,0.4068258709154568,3.283379837158225
005930,2018-12-15,0.0001,3.0,0.0,0.2344,2.0,10.0,8.33,12.0,5.465458075302654,1.0749608933644659,0.19668267116017335,0.18679961872868164,0.4068258709154568,3.283379837158225
005930,2018-12-16,0.4175,6.0,0.6077,0.3056,6.0,10.0,8.33,12.0,5.465458075302654,1.0749608933644659,0.19668267116017335,0.18679961872868164,0.4068258709154568,3.283379837158225
005930,2018-12-17,0.0006,7.0,0.6779,0.1792,13.0,10.0,8.33,12.0,5.493522044880588,1.0804805898644116,0.19668267116017335,0.18679961872868164,0.4068258709154568,3.2915204647257768
005930,2018-12-18,0.0762,7.0,0.804,0.1316,19.0,10.0,8.33,12.0,5.458442082908171,1.0735809692394793,0.19668267116017335,0.18679961872868164,0.4068258709154568,3.281344680266337
005930,2018-12-19,0.1229,7.0,0.7786,0.2734,16.0,10.0,8.33,12.0,5.486506052486105,1.0791006657394253,0.19668267116017335,0.18679961872868164,0.4068258709154568,3.2894853078338886
005930,2018-12-20,0.3158,8.0,0.5784,0.1741,15.0,10.0,8.33,12.0,5.423362120935753,1.066681348614547,0.19668267116017335,0.18679961872868164,0.4068258709154568,3.2711688958068974
005930,2018-12-21,0.4732,8.0,0.662,0.1269,18.0,10.0,8.33,12.0,5.423362120935753,1.066681348614547,0.19668267116017335,0.18679961872868164,0.4068258709154568,3.2711688958068974
005930,2018-12-22,,,,,0.0,10.0,8.33,12.0,5.423362120935753,1.066681348614547,0.19668267116017335,0.18679961872868164,0.4068258709154568,3.2711688958068974
005930,2018-12-23,0.0132,5.0,0.8166,0.1836,6.0,10.0,8.33,12.0,5.423362120935753,1.066681348614547,0.19668267116017335,0.18679961872868164,0.4068258709154568,3.2711688958068974
005930,2018-12-24,-0.1715,7.0,0.6519,0.2141,9.0,10.0,8.33,12.0,5.444410098119204,1.0708211209895064,0.19668267116017335,0.18679961872868164,0.4068258709154568,3.277274366482561
005930,2018-12-25,-0.2432,7.0,0.7137,0.2558,10.0,10.0,8.33,12.0,5.444410098119204,1.0708211209895064,0.19668267116017335,0.18679961872868164,0.4068258709154568,3.277274366482561
005930,2018-12-26,0.0884,6.0,0.6848,0.225,10.0,10.0,8.33,12.0,5.381266166568852,1.0584018038646281,0.19668267116017335,0.18679961872868164,0.4068258709154568,3.25895795445557
005930,2018-12-27,0.0035,7.0,0.7755,0.2458,15.0,10.0,8.33,12.0,5.367234181779885,1.0556419556146552,0.19668267116017335,0.18679961872868164,0.4068258709154568,3.2548876406717944
005930,2018-12-28,0.1672,7.0,0.7009,0.1886,11.0,10.0,8.33,12.0,5.430378113330237,1.0680612727395333,0.19668267116017335,0.18679961872868164,0.4068258709154568,3.273204052698785
005930,2018-12-29,,,,,0.0,10.0,8.33,12.0,5.430378113330237,1.0680612727395333,0.19668267116017335,0.18679961872868164,0.4068258709154568,3.273204052698785
005930,2018-12-30,0.0007,3.0,0.0008,0.2111,2.0,10.0,8.33,12.0,5.430378113330237,1.0680612727395333,0.19668267116017335,0.18679961872868164,0.4068258709154568,3.273204052698785
005930,2018-12-31,0.1625,6.0,0.6658,0.2576,9.0,10.0,8.33,12.0,5.430378113330237,1.0680612727395333,0.19668267116017335,0.18679961872868164,0.4068258709154568,3.273204052698785
005930,2019-01-01,0.3901,8.0,0.6398,0.2455,13.0,10.0,8.33,13.0,5.430378113330237,1.0680612727395333,0.19668267116017335,0.18679961872868164,0.4068258709154568,3.273204052698785
005930,2019-01-02,0.1408,7.0,0.5022,0.1978,25.0,10.0,8.33,13.0,5.43739410572472,1.0694411968645199,0.19668267116017335,0.18679961872868164,0.4068258709154568,3.2752392095906733
005930,2019-01-03,0.1024,7.0,0.5937,0.2702,22.0,10.0,8.33,13.0,5.2760262806516,1.037702941989831,0.19668267116017335,0.18679961872868164,0.4068258709154568,3.228430601077252
005930,2019-01-04,0.1804,8.0,0.6615,0.2028,20.0,10.0,8.33,13.0,5.254978303468149,1.0335631696148715,0.19668267116017335,0.18679961872868164,0.4068258709154568,3.2223251304015883
005930,2019-01-05,0.8876,6.0,0.0,0.1522,1.0,10.0,8.33,13.0,5.254978303468149,1.0335631696148715,0.19668267116017335,0.18679961872868164,0.4068258709154568,3.2223251304015883
005930,2019-01-06,-0.2768,7.0,0.4427,0.1791,11.0,10.0,8.33,13.0,5.254978303468149,1.0335631696148715,0.19668267116017335,0.18679961872868164,0.4068258709154568,3.2223251304015883
005930,2019-01-07,0.2199,8.0,0.5918,0.2657,31.0,10.0,8.33,13.0,5.43739410572472,1.0694411968645199,0.19668267116017335,0.18679961872868164,0.4068258709154568,3.2752392095906733
005930,2019-01-08,-0.2957,8.0,0.749,0.2544,58.0,10.0,8.33,13.0,5.346186204596434,1.0515021832396958,0.19668267116017335,0.18679961872868164,0.4068258709154568,3.248782169996131
005930,2019-01-09,0.0009,7.0,0.6223,0.1973,41.0,10.0,8.33,13.0,5.556665976430939,1.09289990698929,0.19668267116017335,0.18679961872868164,0.4068258709154568,3.3098368767527675
005930,2019-01-10,0.2381,8.0,0.5273,0.2898,28.0,10.0,8.33,13.0,5.584729946008873,1.098419603489236,0.19668267116017335,0.18679961872868164,0.4068258709154568,3.3179775043203192
005930,2019-01-11,0.1655,7.0,0.7065,0.2392,15.0,10.0,8.33,13.0,5.682953839531643,1.1177385412390466,0.19668267116017335,0.18679961872868164,0.4068258709154568,3.34646970080675
005930,2019-01-12,0.3336,5.0,0.4566,0.4658,3.0,10.0,8.33,13.0,5.682953839531643,1.1177385412390466,0.19668267116017335,0.18679961872868164,0.4068258709154568,3.34646970080675
005930,2019-01-13,0.142,7.0,0.5787,0.2359,15.0,10.0,8.33,13.0,5.682953839531643,1.1177385412390466,0.19668267116017335,0.18679961872868164,0.4068258709154568,3.34646970080675
005930,2019-01-14,0.2159,8.0,0.6966,0.1889,22.0,10.0,8.33,13.0,5.619809907981291,1.1053192241141683,0.19668267116017335,0.18679961872868164,0.4068258709154568,3.3281532887797582
005930,2019-01-15,0.1359,7.0,0.3974,0.2757,43.0,10.0,8.33,13.0,5.767145748265445,1.1342976307388843,0.19668267116017335,0.18679961872868164,0.4068258709154568,3.370891583509404
005930,2019-01-16,0.5742,8.0,0.4416,0.1762,9.0,10.0,8.33,13.0,5.816257695026829,1.1439570996137898,0.19668267116017335,0.18679961872868164,0.4068258709154568,3.3851376817526195
005930,2019-01-17,0.4722,8.0,0.529,0.1724,18.0,10.0,8.33,13.0,5.886417618971665,1.1577563408636544,0.19668267116017335,0.18679961872868164,0.4068258709154568,3.4054892506714984
005930,2019-01-18,0.4895,6.0,0.4878,0.1982,8.0,10.0,8.33,13.0,5.93552956573305,1.1674158097385599,0.19668267116017335,0.18679961872868164,0.4068258709154568,3.4197353489147138
005930,2019-01-19,,,,,0.0,10.0,8.33,13.0,5.93552956573305,1.1674158097385599,0.19668267116017335,0.18679961872868164,0.4068258709154568,3.4197353489147138
005930,2019-01-20,0.6604,6.0,0.4787,0.2075,3.0,10.0,8.33,13.0,5.93552956573305,1.1674158097385599,0.19668267116017335,0.18679961872868164,0.4068258709154568,3.4197353489147138
005930,2019-01-21,0.0051,5.0,0.0089,0.2067,6.0,10.0,8.33,13.0,5.9986734972834,1.1798351268634382,0.19668267116017335,0.18679961872868164,0.4068258709154568,3.4380517609417045
005930,2019-01-22,0.4992,8.0,0.634,0.1998,12.0,10.0,8.33,13.0,5.914481588549599,1.1632760373636004,0.19668267116017335,0.18679961872868164,0.4068258709154568,3.41362987823905
005930,2019-01-23,0.3418,8.0,0.7004,0.2623,14.0,10.0,8.33,13.0,5.893433611366148,1.159136264988641,0.19668267116017335,0.18679961872868164,0.4068258709154568,3.4075244075633866
005930,2019-01-24,0.6367,9.0,0.4743,0.2081,20.0,10.0,8.33,13.0,6.040769451650302,1.188114671613357,0.19668267116017335,0.18679961872868164,0.4068258709154568,3.4502627022930317
005930,2019-01-25,0.2899,8.0,0.6775,0.2609,19.0,10.0,8.33,13.0,6.279313193062741,1.2350320918628972,0.19668267116017335,0.18679961872868164,0.4068258709154568,3.5194580366172206
005930,2019-01-26,0.0,3.0,0.0,0.0889,1.0,10.0,8.33,13.0,6.279313193062741,1.2350320918628972,0.19668267116017335,0.18679961872868164,0.4068258709154568,3.5194580366172206
005930,2019-01-27,0.4571,6.0,0.4579,0.2555,7.0,10.0,8.33,13.0,6.279313193062741,1.2350320918628972,0.19668267116017335,0.18679961872868164,0.4068258709154568,3.5194580366172206
005930,2019-01-28,0.6263,9.0,0.4754,0.1854,18.0,10.0,8.33,13.0,6.321409147429642,1.243311636612816,0.19668267116017335,0.18679961872868164,0.4068258709154568,3.5316689779685477
005930,2019-01-29,0.3247,8.0,0.5083,0.2324,22.0,10.0,8.33,13.0,6.384553078979994,1.2557309537376944,0.19668267116017335,0.18679961872868164,0.4068258709154568,3.549985389995539
005930,2019-01-30,0.2108,8.0,0.4398,0.2223,66.0,10.0,8.33,13.0,6.510840942080697,1.280569587987451,0.19668267116017335,0.18679961872868164,0.4068258709154568,3.586618214049521
005930,2019-01-31,0.1921,8.0,0.834,0.1575,84.0,10.0,8.33,13.0,6.475760980108279,1.2736699673625185,0.19668267116017335,0.18679961872868164,0.4068258709154568,3.5764424295900814
005930,2019-02-01,0.0633,7.0,0.7358,0.2115,15.0,10.0,8.33,14.0,6.503824949686213,1.2791896638624645,0.19668267116017335,0.18679961872868164,0.4068258709154568,3.584583057157633
005930,2019-02-02,0.4994,4.0,0.4994,0.1507,2.0,10.0,8.33,14.0,6.503824949686213,1.2791896638624645,0.19668267116017335,0.18679961872868164,0.4068258709154568,3.584583057157633
005930,2019-02-03,-0.1005,4.0,0.663,0.2562,5.0,10.0,8.33,14.0,6.503824949686213,1.2791896638624645,0.19668267116017335,0.18679961872868164,0.4068258709154568,3.584583057157633
005930,2019-02-04,0.2382,5.0,0.8183,0.2343,4.0,10.0,8.33,14.0,6.503824949686213,1.2791896638624645,0.19668267116017335,0.18679961872868164,0.4068258709154568,3.584583057157633
005930,2019-02-05,-0.3761,4.0,0.3761,0.1931,2.0,10.0,8.33,14.0,6.503824949686213,1.2791896638624645,0.19668267116017335,0.18679961872868164,0.4068258709154568,3.584583057157633
005930,2019-02-06,0.2616,6.0,0.6225,0.2448,8.0,10.0,8.33,14.0,6.503824949686213,1.2791896638624645,0.19668267116017335,0.18679961872868164,0.4068258709154568,3.584583057157633
005930,2019-02-07,0.1899,8.0,0.6075,0.2332,17.0,10.0,8.33,14.0,6.482776972502763,1.275049891487505,0.19668267116017335,0.18679961872868164,0.4068258709154568,3.5784775864819696
005930,2019-02-08,0.4008,6.0,0.4367,0.1902,7.0,10.0,8.33,14.0,6.286329185457225,1.2364120159878838,0.19668267116017335,0.18679961872868164,0.4068258709154568,3.5214931935091083
005930,2019-02-09,0.0121,3.0,0.0,0.1522,1.0,10.0,8.33,14.0,6.286329185457225,1.2364120159878838,0.19668267116017335,0.18679961872868164,0.4068258709154568,3.5214931935091083
005930,2019-02-10,0.5941,6.0,0.4874,0.203,5.0,10.0,8.33,14.0,6.286329185457225,1.2364120159878838,0.19668267116017335,0.18679961872868164,0.4068258709154568,3.5214931935091083
005930,2019-02-11,-0.0239,7.0,0.7744,0.1802,12.0,10.0,8.33,14.0,6.314393155035159,1.2419317124878295,0.19668267116017335,0.18679961872868164,0.4068258709154568,3.52963382107666
005930,2019-02-12,0.2222,8.0,0.5523,0.2024,12.0,10.0,8.33,14.0,6.461728995319312,1.2709101191125456,0.19668267116017335,0.18679961872868164,0.4068258709154568,3.5723721158063055
005930,2019-02-13,0.2348,6.0,0.6374,0.1478,8.0,10.0,8.33,14.0,6.482776972502763,1.275049891487505,0.19668267116017335,0.18679961872868164,0.4068258709154568,3.5784775864819696
005930,2019-02-14,0.3847,7.0,0.6275,0.1978,11.0,10.0,8.33,14.0,6.665192774759334,1.3109279187371534,0.19668267116017335,0.18679961872868164,0.4068258709154568,3.6313916656710545
005930,2019-02-15,0.1709,7.0,0.5552,0.2357,11.0,10.0,8.33,14.0,6.461728995319312,1.2709101191125456,0.19668267116017335,0.18679961872868164,0.4068258709154568,3.5723721158063055
005930,2019-02-16,-0.0001,3.0,0.0,0.1304,1.0,10.0,8.33,14.0,6.461728995319312,1.2709101191125456,0.19668267116017335,0.18679961872868164,0.4068258709154568,3.5723721158063055
005930,2019-02-17,0.4593,7.0,0.4446,0.2291,9.0,10.0,8.33,14.0,6.461728995319312,1.2709101191125456,0.19668267116017335,0.18679961872868164,0.4068258709154568,3.5723721158063055
005930,2019-02-18,0.3897,8.0,0.5244,0.2537,13.0,10.0,8.33,14.0,6.482776972502763,1.275049891487505,0.19668267116017335,0.18679961872868164,0.4068258709154568,3.5784775864819696
005930,2019-02-19,0.4628,8.0,0.6131,0.1949,26.0,10.0,8.33,14.0,6.447697010530345,1.2681502708625727,0.19668267116017335,0.18679961872868164,0.4068258709154568,3.5683018020225297
005930,2019-02-20,0.3878,7.0,0.4292,0.1752,11.0,10.0,8.33,14.0,6.581000866025532,1.2943688292373157,0.19668267116017335,0.18679961872868164,0.4068258709154568,3.6069697829683998
005930,2019-02-21,0.595,9.0,0.4587,0.2624,50.0,10.0,8.33,14.0,6.588016858420016,1.2957487533623022,0.19668267116017335,0.18679961872868164,0.4068258709154568,3.6090049398602875
005930,2019-02-22,0.7609,9.0,0.4216,0.2264,17.0,10.0,8.33,14.0,6.6160808279979495,1.301268449862248,0.19668267116017335,0.18679961872868164,0.4068258709154568,3.617145567427839
005930,2019-02-23,0.9322,6.0,0.0,0.2609,1.0,10.0,8.33,14.0,6.6160808279979495,1.301268449862248,0.19668267116017335,0.18679961872868164,0.4068258709154568,3.617145567427839
005930,2019-02-24,0.4026,8.0,0.5911,0.2417,16.0,10.0,8.33,14.0,6.6160808279979495,1.301268449862248,0.19668267116017335,0.18679961872868164,0.4068258709154568,3.617145567427839
005930,2019-02-25,0.3019,8.0,0.5873,0.2158,28.0,10.0,8.33,14.0,6.644144797575883,1.306788146362194,0.19668267116017335,0.18679961872868164,0.4068258709154568,3.625286194995391
005930,2019-02-26,0.0813,7.0,0.4963,0.2373,27.0,10.0,8.33,14.0,6.559952888842082,1.2902290568623562,0.19668267116017335,0.18679961872868164,0.4068258709154568,3.600864312292736
005930,2019-02-27,0.4117,8.0,0.7537,0.1593,15.0,10.0,8.33,14.0,6.559952888842082,1.2902290568623562,0.19668267116017335,0.18679961872868164,0.4068258709154568,3.600864312292736
005930,2019-02-28,-0.0007,5.0,0.8144,0.1662,6.0,10.0,8.33,14.0,6.328425139824126,1.2446915607378026,0.19668267116017335,0.18679961872868164,0.4068258709154568,3.5337041348604354
005930,2019-03-01,-0.1658,5.0,0.686,0.1883,6.0,10.0,8.33,15.0,6.328425139824126,1.2446915607378026,0.19668267116017335,0.18679961872868164,0.4068258709154568,3.5337041348604354
005930,2019-03-02,0.5024,5.0,0.4972,0.2223,2.0,10.0,8.33,15.0,6.328425139824126,1.2446915607378026,0.19668267116017335,0.18679961872868164,0.4068258709154568,3.5337041348604354
005930,2019-03-03,0.7998,7.0,0.3537,0.2403,7.0,10.0,8.33,15.0,6.328425139824126,1.2446915607378026,0.19668267116017335,0.18679961872868164,0.4068258709154568,3.5337041348604354
005930,2019-03-04,0.3546,8.0,0.594,0.2685,28.0,10.0,8.33,15.0,6.293345177851708,1.23779194011287,0.19668267116017335,0.18679961872868164,0.4068258709154568,3.5235283504009964
005930,2019-03-05,0.1508,7.0,0.7265,0.2554,14.0,10.0,8.33,15.0,6.209153269117906,1.2212328506130323,0.19668267116017335,0.18679961872868164,0.4068258709154568,3.4991064676983417
005930,2019-03-06,0.2984,8.0,0.6149,0.1959,20.0,10.0,8.33,15.0,6.1740733071454885,1.2143332299881,0.19668267116017335,0.18679961872868164,0.4068258709154568,3.488930683238902
005930,2019-03-07,0.3961,8.0,0.6416,0.2362,21.0,10.0,8.33,15.0,6.23721723869584,1.2267525471129783,0.19668267116017335,0.18679961872868164,0.4068258709154568,3.507247095265893
005930,2019-03-08,0.5416,8.0,0.7796,0.2798,11.0,10.0,8.33,15.0,6.146009337567555,1.208813533488154,0.19668267116017335,0.18679961872868164,0.4068258709154568,3.4807900556713505
005930,2019-03-09,0.6056,6.0,0.4316,0.4885,3.0,10.0,8.33,15.0,6.146009337567555,1.208813533488154,0.19668267116017335,0.18679961872868164,0.4068258709154568,3.4807900556713505
005930,2019-03-10,0.2025,6.0,0.6311,0.1877,6.0,10.0,8.33,15.0,6.146009337567555,1.208813533488154,0.19668267116017335,0.18679961872868164,0.4068258709154568,3.4807900556713505
005930,2019-03-11,0.0894,7.0,0.6836,0.1973,20.0,10.0,8.33,15.0,6.124961360384104,1.2046737611131948,0.19668267116017335,0.18679961872868164,0.4068258709154568,3.474684584995687
005930,2019-03-12,0.2349,8.0,0.6131,0.1713,21.0,10.0,8.33,15.0,6.265281208273774,1.2322722436129243,0.19668267116017335,0.18679961872868164,0.4068258709154568,3.5153877228334447
005930,2019-03-13,0.2455,8.0,0.6661,0.2201,20.0,10.0,8.33,15.0,6.153025329962038,1.2101934576131406,0.19668267116017335,0.18679961872868164,0.4068258709154568,3.4828252125632386
005930,2019-03-14,0.2006,8.0,0.7761,0.2412,28.0,10.0,8.33,15.0,6.153025329962038,1.2101934576131406,0.19668267116017335,0.18679961872868164,0.4068258709154568,3.4828252125632386
005930,2019-03-15,0.3019,6.0,0.7501,0.1829,6.0,10.0,8.33,15.0,6.202137276723422,1.219852926488046,0.19668267116017335,0.18679961872868164,0.4068258709154568,3.497071310806454
005930,2019-03-16,0.9998,6.0,0.0,0.1702,1.0,10.0,8.33,15.0,6.202137276723422,1.219852926488046,0.19668267116017335,0.18679961872868164,0.4068258709154568,3.497071310806454
005930,2019-03-17,0.5492,7.0,0.3282,0.1877,7.0,10.0,8.33,15.0,6.202137276723422,1.219852926488046,0.19668267116017335,0.18679961872868164,0.4068258709154568,3.497071310806454
005930,2019-03-18,0.2976,8.0,0.7022,0.2238,15.0,10.0,8.33,15.0,6.131977352778588,1.2060536852381811,0.19668267116017335,0.18679961872868164,0.4068258709154568,3.476719741887575
005930,2019-03-19,0.1571,7.0,0.7668,0.2031,13.0,10.0,8.33,15.0,6.160041322356522,1.2115733817381271,0.19668267116017335,0.18679961872868164,0.4068258709154568,3.4848603694551263
005930,2019-03-20,0.0782,7.0,0.5715,0.1793,31.0,10.0,8.33,15.0,6.181089299539972,1.2157131541130866,0.19668267116017335,0.18679961872868164,0.4068258709154568,3.4909658401307904
005930,2019-03-21,0.318,8.0,0.6185,0.2891,34.0,10.0,8.33,15.0,6.433665025741378,1.2653904226125996,0.19668267116017335,0.18679961872868164,0.4068258709154568,3.5642314882387542
005930,2019-03-22,-0.0197,7.0,0.6714,0.1526,13.0,10.0,8.33,15.0,6.531888919264148,1.2847093603624105,0.19668267116017335,0.18679961872868164,0.4068258709154568,3.5927236847251844
005930,2019-03-23,0.6863,5.0,0.3135,0.101,2.0,10.0,8.33,15.0,6.531888919264148,1.2847093603624105,0.19668267116017335,0.18679961872868164,0.4068258709154568,3.5927236847251844
005930,2019-03-24,-0.0695,6.0,0.7303,0.1989,9.0,10.0,8.33,15.0,6.531888919264148,1.2847093603624105,0.19668267116017335,0.18679961872868164,0.4068258709154568,3.5927236847251844
005930,2019-03-25,0.13,7.0,0.7634,0.2023,15.0,10.0,8.33,15.0,6.384553078979994,1.2557309537376944,0.19668267116017335,0.18679961872868164,0.4068258709154568,3.549985389995539
005930,2019-03-26,-0.1829,8.0,0.9117,0.2116,20.0,10.0,8.33,15.0,6.349473117007577,1.248831333112762,0.19668267116017335,0.18679961872868164,0.4068258709154568,3.5398096055360995
005930,2019-03-27,-0.1399,7.0,0.6894,0.2113,29.0,10.0,8.33,15.0,6.363505101796544,1.251591181362735,0.19668267116017335,0.18679961872868164,0.4068258709154568,3.5438799193198753
005930,2019-03-28,0.3409,8.0,0.7238,0.1527,18.0,10.0,8.33,15.0,6.293345177851708,1.23779194011287,0.19668267116017335,0.18679961872868164,0.4068258709154568,3.5235283504009964
005930,2019-03-29,0.0756,7.0,0.7886,0.1844,17.0,10.0,8.33,15.0,6.265281208273774,1.2322722436129243,0.19668267116017335,0.18679961872868164,0.4068258709154568,3.5153877228334447
005930,2019-03-30,-0.4221,5.0,0.4217,0.2913,3.0,10.0,8.33,15.0,6.265281208273774,1.2322722436129243,0.19668267116017335,0.18679961872868164,0.4068258709154568,3.5153877228334447
005930,2019-03-31,0.028,6.0,0.3843,0.1997,9.0,10.0,8.33,15.0,6.265281208273774,1.2322722436129243,0.19668267116017335,0.18679961872868164,0.4068258709154568,3.5153877228334447
005930,2019-04-01,0.4014,8.0,0.6131,0.2349,29.0,10.0,7.33,4.0,6.013768144208922,1.0763926082211248,0.1789880458324052,0.017514483625395625,0.3697392223551587,4.412404497904331
005930,2019-04-02,0.8572,8.0,0.3263,0.2475,8.0,10.0,7.33,4.0,6.107211822365331,1.0931179095697328,0.1789880458324052,0.017514483625395625,0.3697392223551587,4.439545737465671
005930,2019-04-03,0.1104,7.0,0.5626,0.1876,17.0,10.0,7.33,4.0,6.220679145840971,1.113427204064471,0.1789880458324052,0.017514483625395625,0.3697392223551587,4.4725029569330115
005930,2019-04-04,0.3365,8.0,0.6534,0.2342,19.0,10.0,7.33,4.0,6.267400984919176,1.1217898547387748,0.1789880458324052,0.017514483625395625,0.3697392223551587,4.4860735767136815
005930,2019-04-05,-0.075,7.0,0.8876,0.2164,40.0,10.0,7.33,4.0,6.2540518880396885,1.119400525974688,0.1789880458324052,0.017514483625395625,0.3697392223551587,4.482196256776347
005930,2019-04-06,-0.3331,5.0,0.9425,0.3104,3.0,10.0,7.33,4.0,6.2540518880396885,1.119400525974688,0.1789880458324052,0.017514483625395625,0.3697392223551587,4.482196256776347
005930,2019-04-07,0.727,8.0,0.6148,0.2276,9.0,10.0,7.33,4.0,6.2540518880396885,1.119400525974688,0.1789880458324052,0.017514483625395625,0.3697392223551587,4.482196256776347
005930,2019-04-08,0.2134,8.0,0.7676,0.2154,22.0,10.0,7.33,4.0,6.227353694280715,1.1146218684465143,0.1789880458324052,0.017514483625395625,0.3697392223551587,4.474441616901679
005930,2019-04-09,0.2346,8.0,0.5452,0.1602,17.0,10.0,7.33,4.0,6.227353694280715,1.1146218684465143,0.1789880458324052,0.017514483625395625,0.3697392223551587,4.474441616901679
005930,2019-04-10,0.2798,8.0,0.6757,0.229,23.0,10.0,7.33,4.0,6.234028242720458,1.1158165328285579,0.1789880458324052,0.017514483625395625,0.3697392223551587,4.476380276870346
005930,2019-04-11,0.3096,8.0,0.585,0.2155,16.0,10.0,7.33,4.0,6.173957306762766,1.105064553390167,0.1789880458324052,0.017514483625395625,0.3697392223551587,4.4589323371523415
005930,2019-04-12,0.3636,7.0,0.4808,0.1919,11.0,10.0,7.33,4.0,6.2540518880396885,1.119400525974688,0.1789880458324052,0.017514483625395625,0.3697392223551587,4.482196256776347
005930,2019-04-13,-0.3281,5.0,0.4638,0.2764,3.0,10.0,7.33,4.0,6.2540518880396885,1.119400525974688,0.1789880458324052,0.017514483625395625,0.3697392223551587,4.482196256776347
005930,2019-04-14,0.4995,6.0,0.7066,0.2055,8.0,10.0,7.33,4.0,6.2540518880396885,1.119400525974688,0.1789880458324052,0.017514483625395625,0.3697392223551587,4.482196256776347
005930,2019-04-15,0.224,6.0,0.5986,0.1579,7.0,10.0,7.33,4.0,6.280750081798662,1.1241791835028618,0.1789880458324052,0.017514483625395625,0.3697392223551587,4.489950896651016
005930,2019-04-16,0.6618,9.0,0.5056,0.2172,16.0,10.0,7.33,4.0,6.307448275557637,1.1289578410310355,0.1789880458324052,0.017514483625395625,0.3697392223551587,4.497705536525684
005930,2019-04-17,0.2254,7.0,0.708,0.2038,11.0,10.0,7.33,4.0,6.280750081798662,1.1241791835028618,0.1789880458324052,0.017514483625395625,0.3697392223551587,4.489950896651016
005930,2019-04-18,-0.2388,8.0,0.8244,0.1858,16.0,10.0,7.33,4.0,6.087188177046101,1.0895339164236024,0.1789880458324052,0.017514483625395625,0.3697392223551587,4.43372975755967
005930,2019-04-19,0.079,5.0,0.609,0.1489,7.0,10.0,7.33,4.0,6.0471408864076395,1.082365930131342,0.1789880458324052,0.017514483625395625,0.3697392223551587,4.422097797747667
005930,2019-04-20,-0.9996,7.0,0.0002,0.2358,3.0,10.0,7.33,4.0,6.0471408864076395,1.082365930131342,0.1789880458324052,0.017514483625395625,0.3697392223551587,4.422097797747667
005930,2019-04-21,0.231,5.0,0.7324,0.186,5.0,10.0,7.33,4.0,6.0471408864076395,1.082365930131342,0.1789880458324052,0.017514483625395625,0.3697392223551587,4.422097797747667
005930,2019-04-22,0.1482,7.0,0.8405,0.1765,16.0,10.0,7.33,4.0,6.053815434847383,1.0835605945133853,0.1789880458324052,0.017514483625395625,0.3697392223551587,4.424036457716334
005930,2019-04-23,0.0504,7.0,0.7889,0.3134,21.0,10.0,7.33,4.0,6.033791789528152,1.0799766013672552,0.1789880458324052,0.017514483625395625,0.3697392223551587,4.4182204778103324
005930,2019-04-24,0.4957,8.0,0.6344,0.2512,26.0,10.0,7.33,4.0,5.973720853570461,1.0692246219288644,0.1789880458324052,0.017514483625395625,0.3697392223551587,4.400772538092329
005930,2019-04-25,0.4695,8.0,0.6215,0.2183,20.0,10.0,7.33,4.0,5.960371756690973,1.0668352931647773,0.1789880458324052,0.017514483625395625,0.3697392223551587,4.396895218154994
005930,2019-04-26,0.7064,8.0,0.4107,0.2321,11.0,10.0,7.33,4.0,5.987069950449947,1.0716139506929512,0.1789880458324052,0.017514483625395625,0.3697392223551587,4.4046498580296625
005930,2019-04-27,0.4364,4.0,0.0,0.186,1.0,10.0,7.33,4.0,5.987069950449947,1.0716139506929512,0.1789880458324052,0.017514483625395625,0.3697392223551587,4.4046498580296625
005930,2019-04-28,-0.2746,8.0,0.783,0.2302,13.0,10.0,7.33,4.0,5.987069950449947,1.0716139506929512,0.1789880458324052,0.017514483625395625,0.3697392223551587,4.4046498580296625
005930,2019-04-29,-0.0738,7.0,0.7286,0.2306,22.0,10.0,7.33,4.0,6.1606082098832795,1.10267522462608,0.1789880458324052,0.017514483625395625,0.3697392223551587,4.455055017215008
005930,2019-04-30,0.0735,7.0,0.7913,0.2529,75.0,10.0,7.33,4.0,6.120560919244818,1.0955072383338196,0.1789880458324052,0.017514483625395625,0.3697392223551587,4.443423057403005
005930,2019-05-01,-0.2135,6.0,0.5873,0.2279,7.0,10.0,7.33,5.0,6.120560919244818,1.0955072383338196,0.1789880458324052,0.017514483625395625,0.3697392223551587,4.443423057403005
005930,2019-05-02,0.2099,8.0,0.6507,0.187,21.0,10.0,7.33,5.0,6.127235467684562,1.096701902715863,0.1789880458324052,0.017514483625395625,0.3697392223551587,4.445361717371672
005930,2019-05-03,0.4164,8.0,0.637,0.2364,12.0,10.0,7.33,5.0,6.0471408864076395,1.082365930131342,0.1789880458324052,0.017514483625395625,0.3697392223551587,4.422097797747667
005930,2019-05-04,0.9998,6.0,0.0,0.3478,1.0,10.0,7.33,5.0,6.0471408864076395,1.082365930131342,0.1789880458324052,0.017514483625395625,0.3697392223551587,4.422097797747667
005930,2019-05-05,0.7917,6.0,0.2944,0.198,3.0,10.0,7.33,5.0,6.0471408864076395,1.082365930131342,0.1789880458324052,0.017514483625395625,0.3697392223551587,4.422097797747667
005930,2019-05-06,0.4065,6.0,0.847,0.2189,6.0,10.0,7.33,5.0,6.0471408864076395,1.082365930131342,0.1789880458324052,0.017514483625395625,0.3697392223551587,4.422097797747667
005930,2019-05-07,0.2274,8.0,0.751,0.2078,23.0,10.0,7.33,5.0,5.987069950449947,1.0716139506929512,0.1789880458324052,0.017514483625395625,0.3697392223551587,4.4046498580296625
005930,2019-05-08,-0.2668,8.0,0.6694,0.2338,23.0,10.0,7.33,5.0,5.906975369173025,1.05727797810843,0.1789880458324052,0.017514483625395625,0.3697392223551587,4.381385938405657
005930,2019-05-09,0.4861,8.0,0.578,0.1523,18.0,10.0,7.33,5.0,5.666691625342258,1.0142700603548667,0.1789880458324052,0.017514483625395625,0.3697392223551587,4.311594179533642
005930,2019-05-10,-0.2873,7.0,0.7438,0.1671,10.0,10.0,7.33,5.0,5.7267625612999495,1.0250220397932577,0.1789880458324052,0.017514483625395625,0.3697392223551587,4.329042119251645
005930,2019-05-11,-0.0031,3.0,0.9966,0.5694,2.0,10.0,7.33,5.0,5.7267625612999495,1.0250220397932577,0.1789880458324052,0.017514483625395625,0.3697392223551587,4.329042119251645
005930,2019-05-12,0.2958,8.0,0.6772,0.2364,14.0,10.0,7.33,5.0,5.7267625612999495,1.0250220397932577,0.1789880458324052,0.017514483625395625,0.3697392223551587,4.329042119251645
005930,2019-05-13,0.4472,8.0,0.6059,0.1696,26.0,10.0,7.33,5.0,5.693389819101232,1.0190487178830405,0.1789880458324052,0.017514483625395625,0.3697392223551587,4.31934881940831
005930,2019-05-14,0.4622,8.0,0.5025,0.1793,13.0,10.0,7.33,5.0,5.693389819101232,1.0190487178830405,0.1789880458324052,0.017514483625395625,0.3697392223551587,4.31934881940831
005930,2019-05-15,0.1934,8.0,0.808,0.1935,21.0,10.0,7.33,5.0,5.680040722221745,1.0166593891189537,0.1789880458324052,0.017514483625395625,0.3697392223551587,4.315471499470975
005930,2019-05-16,-0.0526,6.0,0.9164,0.2934,11.0,10.0,8.67,5.0,5.546549753426874,0.9927661014780851,0.1789880458324052,0.017514483625395625,0.3697392223551587,4.2766983000976335
005930,2019-05-17,-0.0906,6.0,0.8988,0.1518,11.0,10.0,8.67,5.0,5.4998279143486695,0.9844034508037812,0.1789880458324052,0.017514483625395625,0.3697392223551587,4.2631276803169635
005930,2019-05-18,0.3079,4.0,0.692,0.2972,2.0,10.0,8.67,5.0,5.4998279143486695,0.9844034508037812,0.1789880458324052,0.017514483625395625,0.3697392223551587,4.2631276803169635
005930,2019-05-19,-0.0709,6.0,0.8002,0.1585,11.0,10.0,8.67,5.0,5.4998279143486695,0.9844034508037812,0.1789880458324052,0.017514483625395625,0.3697392223551587,4.2631276803169635
005930,2019-05-20,0.0588,7.0,0.5909,0.1418,14.0,10.0,7.33,5.0,5.606620689384566,1.0035180809164759,0.1789880458324052,0.017514483625395625,0.3697392223551587,4.294146239815637
005930,2019-05-21,0.3018,8.0,0.7242,0.136,20.0,10.0,7.33,5.0,5.760135303498667,1.0309953617034746,0.1789880458324052,0.017514483625395625,0.3697392223551587,4.338735419094981
005930,2019-05-22,-0.0644,7.0,0.7244,0.1403,21.0,10.0,7.33,5.0,5.806857142576872,1.0393580123777786,0.1789880458324052,0.017514483625395625,0.3697392223551587,4.352306038875651
005930,2019-05-23,-0.4608,8.0,0.6317,0.3605,28.0,10.0,7.33,5.0,5.853578981655077,1.0477206630520826,0.1789880458324052,0.017514483625395625,0.3697392223551587,4.365876658656321
005930,2019-05-24,-0.1888,8.0,0.767,0.229,12.0,10.0,7.33,5.0,5.700064367540976,1.0202433822650838,0.1789880458324052,0.017514483625395625,0.3697392223551587,4.321287479376977
005930,2019-05-25,-0.5997,6.0,0.7998,0.3647,5.0,10.0,7.33,5.0,5.700064367540976,1.0202433822650838,0.1789880458324052,0.017514483625395625,0.3697392223551587,4.321287479376977
005930,2019-05-26,0.327,8.0,0.6986,0.1737,13.0,10.0,7.33,5.0,5.700064367540976,1.0202433822650838,0.1789880458324052,0.017514483625395625,0.3697392223551587,4.321287479376977
005930,2019-05-27,-0.0385,7.0,0.4925,0.1916,13.0,10.0,7.33,5.0,5.693389819101232,1.0190487178830405,0.1789880458324052,0.017514483625395625,0.3697392223551587,4.31934881940831
005930,2019-05-28,-0.1429,7.0,0.8843,0.1692,24.0,10.0,7.33,5.0,5.680040722221745,1.0166593891189537,0.1789880458324052,0.017514483625395625,0.3697392223551587,4.315471499470975
005930,2019-05-29,-0.1856,8.0,0.7049,0.1743,17.0,10.0,8.67,5.0,5.579922495625592,0.9987394233883022,0.1789880458324052,0.017514483625395625,0.3697392223551587,4.286391599940969
005930,2019-05-30,0.4556,8.0,0.679,0.1723,18.0,10.0,7.33,5.0,5.680040722221745,1.0166593891189537,0.1789880458324052,0.017514483625395625,0.3697392223551587,4.315471499470975
005930,2019-05-31,0.0985,7.0,0.75,0.1666,15.0,10.0,7.33,5.0,5.673366173782002,1.0154647247369102,0.1789880458324052,0.017514483625395625,0.3697392223551587,4.313532839502308
005930,2019-06-01,-0.0772,3.0,0.8662,0.2919,2.0,10.0,7.33,6.0,5.673366173782002,1.0154647247369102,0.1789880458324052,0.017514483625395625,0.3697392223551587,4.313532839502308
005930,2019-06-02,-0.1014,7.0,0.593,0.2417,13.0,10.0,7.33,6.0,5.673366173782002,1.0154647247369102,0.1789880458324052,0.017514483625395625,0.3697392223551587,4.313532839502308
005930,2019-06-03,0.4533,8.0,0.7548,0.2346,18.0,10.0,7.33,6.0,5.846904433215333,1.0465259986700393,0.1789880458324052,0.017514483625395625,0.3697392223551587,4.363937998687653
005930,2019-06-04,-0.1067,7.0,0.7108,0.2267,25.0,10.0,7.33,6.0,5.800182594137128,1.0381633479957353,0.1789880458324052,0.017514483625395625,0.3697392223551587,4.350367378906983
005930,2019-06-05,0.1139,7.0,0.8987,0.1794,26.0,10.0,7.33,6.0,5.860253530094821,1.048915327434126,0.1789880458324052,0.017514483625395625,0.3697392223551587,4.367815318624987
005930,2019-06-06,0.3456,8.0,0.7152,0.222,13.0,10.0,7.33,6.0,5.860253530094821,1.048915327434126,0.1789880458324052,0.017514483625395625,0.3697392223551587,4.367815318624987
005930,2019-06-07,0.3636,8.0,0.7517,0.2253,13.0,10.0,7.33,6.0,5.900300820733282,1.0560833137263865,0.1789880458324052,0.017514483625395625,0.3697392223551587,4.379447278436991
005930,2019-06-08,-0.026,3.0,0.0,0.1915,1.0,10.0,7.33,6.0,5.900300820733282,1.0560833137263865,0.1789880458324052,0.017514483625395625,0.3697392223551587,4.379447278436991
005930,2019-06-09,-0.1058,5.0,0.796,0.2302,7.0,10.0,7.33,6.0,5.900300820733282,1.0560833137263865,0.1789880458324052,0.017514483625395625,0.3697392223551587,4.379447278436991
005930,2019-06-10,-0.4609,8.0,0.6898,0.1597,16.0,10.0,7.33,6.0,5.9803954020102035,1.0704192863109077,0.1789880458324052,0.017514483625395625,0.3697392223551587,4.402711198060995
005930,2019-06-11,-0.187,8.0,0.8127,0.3106,23.0,10.0,7.33,6.0,5.987069950449947,1.0716139506929512,0.1789880458324052,0.017514483625395625,0.3697392223551587,4.4046498580296625
005930,2019-06-12,-0.1407,7.0,0.7251,0.2426,17.0,10.0,7.33,6.0,5.95369720825123,1.065640628782734,0.1789880458324052,0.017514483625395625,0.3697392223551587,4.394956558186327
005930,2019-06-13,0.3663,8.0,0.5865,0.2143,16.0,10.0,7.33,6.0,5.84022988477559,1.0453313342879957,0.1789880458324052,0.017514483625395625,0.3697392223551587,4.361999338718986
005930,2019-06-14,0.0044,6.0,0.8456,0.1576,11.0,10.0,7.33,6.0,5.873602626974307,1.051304656198213,0.1789880458324052,0.017514483625395625,0.3697392223551587,4.371692638562322
005930,2019-06-15,-0.0001,3.0,0.0,0.1136,1.0,10.0,7.33,6.0,5.873602626974307,1.051304656198213,0.1789880458324052,0.017514483625395625,0.3697392223551587,4.371692638562322
005930,2019-06-16,-0.1373,7.0,0.8424,0.1327,12.0,10.0,7.33,6.0,5.873602626974307,1.051304656198213,0.1789880458324052,0.017514483625395625,0.3697392223551587,4.371692638562322
005930,2019-06-17,0.0575,7.0,0.754,0.1685,21.0,10.0,7.33,6.0,5.860253530094821,1.048915327434126,0.1789880458324052,0.017514483625395625,0.3697392223551587,4.367815318624987
005930,2019-06-18,0.1401,7.0,0.9217,0.1648,13.0,10.0,7.33,6.0,5.920324466052512,1.0596673068725169,0.1789880458324052,0.017514483625395625,0.3697392223551587,4.385263258342992
005930,2019-06-19,0.3744,8.0,0.5551,0.2019,16.0,10.0,7.33,6.0,6.053815434847383,1.0835605945133853,0.1789880458324052,0.017514483625395625,0.3697392223551587,4.424036457716334
005930,2019-06-20,-0.1099,7.0,0.6157,0.2236,15.0,10.0,7.33,6.0,6.073839080166613,1.0871445876595156,0.1789880458324052,0.017514483625395625,0.3697392223551587,4.429852437622335
005930,2019-06-21,0.2221,7.0,0.6278,0.1397,9.0,10.0,7.33,6.0,6.100537273925587,1.0919232451876892,0.1789880458324052,0.017514483625395625,0.3697392223551587,4.437607077497003
005930,2019-06-22,0.0271,4.0,0.7824,0.1343,3.0,10.0,7.33,6.0,6.100537273925587,1.0919232451876892,0.1789880458324052,0.017514483625395625,0.3697392223551587,4.437607077497003
005930,2019-06-23,0.8332,7.0,0.3726,0.2831,6.0,10.0,7.33,6.0,6.100537273925587,1.0919232451876892,0.1789880458324052,0.017514483625395625,0.3697392223551587,4.437607077497003
005930,2019-06-24,-0.0458,6.0,0.593,0.1503,11.0,10.0,7.33,6.0,6.073839080166613,1.0871445876595156,0.1789880458324052,0.017514483625395625,0.3697392223551587,4.429852437622335
005930,2019-06-25,0.4116,8.0,0.4608,0.2042,15.0,10.0,7.33,6.0,6.087188177046101,1.0895339164236024,0.1789880458324052,0.017514483625395625,0.3697392223551587,4.43372975755967
005930,2019-06-26,0.2723,8.0,0.6891,0.2124,19.0,10.0,7.33,6.0,6.100537273925587,1.0919232451876892,0.1789880458324052,0.017514483625395625,0.3697392223551587,4.437607077497003
005930,2019-06-27,0.3884,8.0,0.599,0.2057,15.0,10.0,7.33,6.0,6.2073300489614835,1.111037875300384,0.1789880458324052,0.017514483625395625,0.3697392223551587,4.468625636995677
005930,2019-06-28,0.0904,7.0,0.6108,0.1785,13.0,10.0,7.33,6.0,6.2740755333589195,1.1229845191208183,0.1789880458324052,0.017514483625395625,0.3697392223551587,4.488012236682349
005930,2019-06-29,,,,,0.0,10.0,7.33,6.0,6.2740755333589195,1.1229845191208183,0.1789880458324052,0.017514483625395625,0.3697392223551587,4.488012236682349
005930,2019-06-30,-0.0095,5.0,0.6936,0.238,8.0,10.0,7.33,6.0,6.2740755333589195,1.1229845191208183,0.1789880458324052,0.017514483625395625,0.3697392223551587,4.488012236682349
005930,2019-07-01,0.1647,7.0,0.5125,0.2152,28.0,10.0,7.33,7.0,6.220679145840971,1.113427204064471,0.1789880458324052,0.017514483625395625,0.3697392223551587,4.4725029569330115
005930,2019-07-02,0.2841,8.0,0.6095,0.1927,29.0,10.0,7.33,7.0,6.173957306762766,1.105064553390167,0.1789880458324052,0.017514483625395625,0.3697392223551587,4.4589323371523415
005930,2019-07-03,-0.2351,8.0,0.7159,0.2186,22.0,10.0,7.33,7.0,6.060489983287126,1.0847552588954288,0.1789880458324052,0.017514483625395625,0.3697392223551587,4.425975117685001
005930,2019-07-04,0.0104,7.0,0.5232,0.3018,32.0,10.0,7.33,7.0,6.140584564564048,1.09909123147995,0.1789880458324052,0.017514483625395625,0.3697392223551587,4.449239037309006
005930,2019-07-05,-0.3373,8.0,0.7026,0.0967,30.0,10.0,7.33,7.0,6.0938627254858435,1.090728580805646,0.1789880458324052,0.017514483625395625,0.3697392223551587,4.435668417528336
005930,2019-07-06,-0.0001,3.0,0.0001,0.3109,2.0,10.0,7.33,7.0,6.0938627254858435,1.090728580805646,0.1789880458324052,0.017514483625395625,0.3697392223551587,4.435668417528336
005930,2019-07-07,-0.2705,8.0,0.3927,0.4012,12.0,10.0,7.33,7.0,6.0938627254858435,1.090728580805646,0.1789880458324052,0.017514483625395625,0.3697392223551587,4.435668417528336
005930,2019-07-08,-0.0852,7.0,0.782,0.2838,21.0,10.0,7.33,7.0,5.926999014492256,1.0608619712545604,0.1789880458324052,0.017514483625395625,0.3697392223551587,4.387201918311659
005930,2019-07-09,0.0535,7.0,0.4839,0.2363,21.0,10.0,7.33,7.0,6.020442692648665,1.0775872726031683,0.1789880458324052,0.017514483625395625,0.3697392223551587,4.414343157872998
005930,2019-07-10,-0.0013,7.0,0.5982,0.251,26.0,10.0,7.33,7.0,6.080513628606357,1.0883392520415591,0.1789880458324052,0.017514483625395625,0.3697392223551587,4.431791097591002
005930,2019-07-11,-0.0878,7.0,0.6359,0.2597,17.0,10.0,7.33,7.0,6.167282758323023,1.1038698890081236,0.1789880458324052,0.017514483625395625,0.3697392223551587,4.456993677183674
005930,2019-07-12,0.1284,7.0,0.628,0.2221,13.0,10.0,7.33,7.0,6.18063185520251,1.1062592177722104,0.1789880458324052,0.017514483625395625,0.3697392223551587,4.460870997121009
005930,2019-07-13,-0.047,3.0,0.0471,0.1621,2.0,10.0,7.33,7.0,6.18063185520251,1.1062592177722104,0.1789880458324052,0.017514483625395625,0.3697392223551587,4.460870997121009
005930,2019-07-14,-0.1725,8.0,0.4125,0.2776,16.0,10.0,7.33,7.0,6.18063185520251,1.1062592177722104,0.1789880458324052,0.017514483625395625,0.3697392223551587,4.460870997121009
005930,2019-07-15,-0.099,6.0,0.9272,0.2782,10.0,10.0,7.33,7.0,6.200655500521741,1.1098432109183407,0.1789880458324052,0.017514483625395625,0.3697392223551587,4.466686977027011
005930,2019-07-16,0.5003,7.0,0.4995,0.2205,6.0,10.0,7.33,7.0,6.2540518880396885,1.119400525974688,0.1789880458324052,0.017514483625395625,0.3697392223551587,4.482196256776347
005930,2019-07-17,0.0146,7.0,0.7828,0.193,20.0,10.0,7.33,7.0,6.147259113003792,1.1002858958619932,0.1789880458324052,0.017514483625395625,0.3697392223551587,4.451177697277673
005930,2019-07-18,0.1866,7.0,0.7966,0.2914,11.0,10.0,7.33,7.0,6.153933661443536,1.1014805602440367,0.1789880458324052,0.017514483625395625,0.3697392223551587,4.453116357246341
005930,2019-07-19,-0.0166,6.0,0.598,0.1691,11.0,10.0,7.33,7.0,6.247377339599945,1.1182058615926447,0.1789880458324052,0.017514483625395625,0.3697392223551587,4.48025759680768
005930,2019-07-20,-0.9931,6.0,0.0,0.3333,1.0,10.0,7.33,7.0,6.247377339599945,1.1182058615926447,0.1789880458324052,0.017514483625395625,0.3697392223551587,4.48025759680768
005930,2019-07-21,-0.0246,6.0,0.7187,0.1974,10.0,10.0,7.33,7.0,6.247377339599945,1.1182058615926447,0.1789880458324052,0.017514483625395625,0.3697392223551587,4.48025759680768
005930,2019-07-22,0.4873,7.0,0.6622,0.2506,10.0,10.0,7.33,7.0,6.300773727117893,1.127763176648992,0.1789880458324052,0.017514483625395625,0.3697392223551587,4.495766876557017
005930,2019-07-23,0.1855,7.0,0.8154,0.1968,11.0,10.0,7.33,7.0,6.314122823997381,1.1301525054130788,0.1789880458324052,0.017514483625395625,0.3697392223551587,4.499644196494351
005930,2019-07-24,0.0421,7.0,0.4474,0.2002,12.0,10.0,7.33,7.0,6.193980952081997,1.1086485465362972,0.1789880458324052,0.017514483625395625,0.3697392223551587,4.464748317058343
005930,2019-07-25,0.5661,9.0,0.668,0.1601,21.0,10.0,7.33,7.0,6.300773727117893,1.127763176648992,0.1789880458324052,0.017514483625395625,0.3697392223551587,4.495766876557017
005930,2019-07-26,0.4023,7.0,0.6601,0.225,10.0,10.0,7.33,7.0,6.29409917867815,1.1265685122669487,0.1789880458324052,0.017514483625395625,0.3697392223551587,4.49382821658835
005930,2019-07-27,-0.9966,6.0,0.0,0.12,1.0,10.0,7.33,7.0,6.29409917867815,1.1265685122669487,0.1789880458324052,0.017514483625395625,0.3697392223551587,4.49382821658835
005930,2019-07-28,0.0002,4.0,0.0002,0.1085,3.0,10.0,7.33,7.0,6.29409917867815,1.1265685122669487,0.1789880458324052,0.017514483625395625,0.3697392223551587,4.49382821658835
005930,2019-07-29,-0.1909,7.0,0.5052,0.1474,10.0,10.0,7.33,7.0,6.153933661443536,1.1014805602440367,0.1789880458324052,0.017514483625395625,0.3697392223551587,4.453116357246341
005930,2019-07-30,0.4359,8.0,0.5806,0.2024,22.0,10.0,7.33,7.0,6.214004597401227,1.1122325396824275,0.1789880458324052,0.017514483625395625,0.3697392223551587,4.470564296964344
005930,2019-07-31,-0.1737,8.0,0.8347,0.2653,83.0,10.0,7.33,7.0,6.053815434847383,1.0835605945133853,0.1789880458324052,0.017514483625395625,0.3697392223551587,4.424036457716334
005930,2019-08-01,0.4343,8.0,0.5479,0.2127,24.0,10.0,7.33,8.0,6.033791789528152,1.0799766013672552,0.1789880458324052,0.017514483625395625,0.3697392223551587,4.4182204778103324
005930,2019-08-02,-0.3354,8.0,0.6214,0.2448,12.0,10.0,7.33,8.0,6.0004190473294345,1.074003279457038,0.1789880458324052,0.017514483625395625,0.3697392223551587,4.408527177966997
005930,2019-08-03,,,,,0.0,10.0,7.33,8.0,6.0004190473294345,1.074003279457038,0.1789880458324052,0.017514483625395625,0.3697392223551587,4.408527177966997
005930,2019-08-04,0.1823,8.0,0.6581,0.2705,12.0,10.0,7.33,8.0,6.0004190473294345,1.074003279457038,0.1789880458324052,0.017514483625395625,0.3697392223551587,4.408527177966997
005930,2019-08-05,-0.2294,8.0,0.5702,0.2109,12.0,10.0,7.33,8.0,5.866928078534563,1.0501099918161694,0.1789880458324052,0.017514483625395625,0.3697392223551587,4.369753978593654
005930,2019-08-06,0.3029,8.0,0.5728,0.2788,24.0,10.0,7.33,8.0,5.806857142576872,1.0393580123777786,0.1789880458324052,0.017514483625395625,0.3697392223551587,4.352306038875651
005930,2019-08-07,0.558,8.0,0.4836,0.1983,9.0,10.0,7.33,8.0,5.766809851938411,1.0321900260855181,0.1789880458324052,0.017514483625395625,0.3697392223551587,4.340674079063648
005930,2019-08-08,0.4896,8.0,0.5364,0.3073,54.0,10.0,7.33,8.0,5.693389819101232,1.0190487178830405,0.1789880458324052,0.017514483625395625,0.3697392223551587,4.31934881940831
005930,2019-08-09,0.4496,8.0,0.5611,0.2347,18.0,10.0,7.33,8.0,5.760135303498667,1.0309953617034746,0.1789880458324052,0.017514483625395625,0.3697392223551587,4.338735419094981
005930,2019-08-10,-0.2592,4.0,0.2605,0.1726,2.0,10.0,7.33,8.0,5.760135303498667,1.0309953617034746,0.1789880458324052,0.017514483625395625,0.3697392223551587,4.338735419094981
005930,2019-08-11,0.1119,7.0,0.3605,0.2592,14.0,10.0,7.33,8.0,5.760135303498667,1.0309953617034746,0.1789880458324052,0.017514483625395625,0.3697392223551587,4.338735419094981
005930,2019-08-12,0.5199,9.0,0.4868,0.2529,17.0,10.0,7.33,8.0,5.833555336335846,1.0441366699059524,0.1789880458324052,0.017514483625395625,0.3697392223551587,4.360060678750319
005930,2019-08-13,-0.0731,7.0,0.6884,0.1809,20.0,10.0,7.33,8.0,5.740111658179437,1.0274113685573445,0.1789880458324052,0.017514483625395625,0.3697392223551587,4.33291943918898
005930,2019-08-14,0.009,7.0,0.7112,0.2533,17.0,10.0,7.33,8.0,5.833555336335846,1.0441366699059524,0.1789880458324052,0.017514483625395625,0.3697392223551587,4.360060678750319
005930,2019-08-15,0.2205,7.0,0.7006,0.1409,11.0,10.0,7.33,8.0,5.833555336335846,1.0441366699059524,0.1789880458324052,0.017514483625395625,0.3697392223551587,4.360060678750319
005930,2019-08-16,0.04,6.0,0.8338,0.2388,10.0,10.0,7.33,8.0,5.860253530094821,1.048915327434126,0.1789880458324052,0.017514483625395625,0.3697392223551587,4.367815318624987
005930,2019-08-17,-0.0083,3.0,0.0033,0.186,2.0,10.0,7.33,8.0,5.860253530094821,1.048915327434126,0.1789880458324052,0.017514483625395625,0.3697392223551587,4.367815318624987
005930,2019-08-18,-0.2703,6.0,0.7009,0.2275,6.0,10.0,7.33,8.0,5.860253530094821,1.048915327434126,0.1789880458324052,0.017514483625395625,0.3697392223551587,4.367815318624987
005930,2019-08-19,0.0797,7.0,0.7791,0.2412,17.0,10.0,7.33,8.0,5.820206239456359,1.0417473411418654,0.1789880458324052,0.017514483625395625,0.3697392223551587,4.356183358812985
005930,2019-08-20,0.3182,8.0,0.6022,0.1825,30.0,10.0,7.33,8.0,5.933673562931999,1.0620566356366037,0.1789880458324052,0.017514483625395625,0.3697392223551587,4.389140578280326
005930,2019-08-21,0.1486,6.0,0.7035,0.1767,11.0,10.0,7.33,8.0,5.940348111371743,1.0632513000186472,0.1789880458324052,0.017514483625395625,0.3697392223551587,4.3910792382489925
005930,2019-08-22,0.0144,7.0,0.7193,0.1991,26.0,10.0,7.33,8.0,5.880277175414051,1.0524993205802564,0.1789880458324052,0.017514483625395625,0.3697392223551587,4.373631298530989
005930,2019-08-23,0.2936,8.0,0.7849,0.2161,12.0,10.0,7.33,8.0,5.866928078534563,1.0501099918161694,0.1789880458324052,0.017514483625395625,0.3697392223551587,4.369753978593654
005930,2019-08-24,0.9918,6.0,0.0,0.0833,1.0,10.0,7.33,8.0,5.866928078534563,1.0501099918161694,0.1789880458324052,0.017514483625395625,0.3697392223551587,4.369753978593654
005930,2019-08-25,0.2079,6.0,0.6399,0.2047,7.0,10.0,7.33,8.0,5.866928078534563,1.0501099918161694,0.1789880458324052,0.017514483625395625,0.3697392223551587,4.369753978593654
005930,2019-08-26,-0.2603,8.0,0.5276,0.2515,18.0,10.0,7.33,8.0,5.820206239456359,1.0417473411418654,0.1789880458324052,0.017514483625395625,0.3697392223551587,4.356183358812985
005930,2019-08-27,0.1641,7.0,0.7492,0.2018,15.0,10.0,7.33,8.0,5.880277175414051,1.0524993205802564,0.1789880458324052,0.017514483625395625,0.3697392223551587,4.373631298530989
005930,2019-08-28,0.1671,8.0,0.8956,0.2425,18.0,10.0,7.33,8.0,5.893626272293538,1.0548886493443432,0.1789880458324052,0.017514483625395625,0.3697392223551587,4.377508618468323
005930,2019-08-29,-0.7847,9.0,0.6004,0.3994,97.0,10.0,7.33,8.0,5.793508045697385,1.0369686836136918,0.1789880458324052,0.017514483625395625,0.3697392223551587,4.348428718938316
005930,2019-08-30,0.1076,7.0,0.7815,0.2121,19.0,10.0,7.33,8.0,5.873602626974307,1.051304656198213,0.1789880458324052,0.017514483625395625,0.3697392223551587,4.371692638562322
005930,2019-08-31,-0.4998,4.0,0.4998,0.1931,2.0,10.0,7.33,8.0,5.873602626974307,1.051304656198213,0.1789880458324052,0.017514483625395625,0.3697392223551587,4.371692638562322
005930,2019-09-01,-0.0064,5.0,0.5772,0.2263,6.0,10.0,7.33,9.0,5.873602626974307,1.051304656198213,0.1789880458324052,0.017514483625395625,0.3697392223551587,4.371692638562322
005930,2019-09-02,0.2367,8.0,0.6538,0.2032,17.0,10.0,7.33,9.0,5.846904433215333,1.0465259986700393,0.1789880458324052,0.017514483625395625,0.3697392223551587,4.363937998687653
005930,2019-09-03,0.1875,8.0,0.6743,0.2127,22.0,10.0,7.33,9.0,5.7734844003781545,1.0333846904675617,0.1789880458324052,0.017514483625395625,0.3697392223551587,4.342612739032315
005930,2019-09-04,0.0125,7.0,0.6839,0.2039,25.0,10.0,7.33,9.0,5.8869517238537945,1.0536939849622997,0.1789880458324052,0.017514483625395625,0.3697392223551587,4.375569958499656
005930,2019-09-05,0.3994,8.0,0.5388,0.2319,22.0,10.0,7.33,9.0,6.100537273925587,1.0919232451876892,0.1789880458324052,0.017514483625395625,0.3697392223551587,4.437607077497003
005930,2019-09-06,0.4073,8.0,0.644,0.2424,21.0,10.0,7.33,9.0,6.18063185520251,1.1062592177722104,0.1789880458324052,0.017514483625395625,0.3697392223551587,4.460870997121009
005930,2019-09-07,0.011,4.0,0.8134,0.407,3.0,10.0,7.33,9.0,6.18063185520251,1.1062592177722104,0.1789880458324052,0.017514483625395625,0.3697392223551587,4.460870997121009
005930,2019-09-08,0.236,7.0,0.6201,0.3044,11.0,10.0,7.33,9.0,6.18063185520251,1.1062592177722104,0.1789880458324052,0.017514483625395625,0.3697392223551587,4.460870997121009
005930,2019-09-09,0.226,8.0,0.4057,0.1946,19.0,10.0,7.33,9.0,6.260726436479432,1.1205951903567315,0.1789880458324052,0.017514483625395625,0.3697392223551587,4.484134916745014
005930,2019-09-10,-0.0071,6.0,0.4266,0.1535,11.0,10.0,7.33,9.0,6.2740755333589195,1.1229845191208183,0.1789880458324052,0.017514483625395625,0.3697392223551587,4.488012236682349
005930,2019-09-11,0.1283,7.0,0.6706,0.1708,13.0,10.0,7.33,9.0,6.29409917867815,1.1265685122669487,0.1789880458324052,0.017514483625395625,0.3697392223551587,4.49382821658835
005930,2019-09-12,0.1007,5.0,0.4261,0.2691,6.0,10.0,7.33,9.0,6.29409917867815,1.1265685122669487,0.1789880458324052,0.017514483625395625,0.3697392223551587,4.49382821658835
005930,2019-09-13,,,,,0.0,10.0,7.33,9.0,6.29409917867815,1.1265685122669487,0.1789880458324052,0.017514483625395625,0.3697392223551587,4.49382821658835
005930,2019-09-14,0.0095,4.0,0.3761,0.2205,5.0,10.0,7.33,9.0,6.29409917867815,1.1265685122669487,0.1789880458324052,0.017514483625395625,0.3697392223551587,4.49382821658835
005930,2019-09-15,-0.0027,6.0,0.2496,0.1674,11.0,10.0,7.33,9.0,6.29409917867815,1.1265685122669487,0.1789880458324052,0.017514483625395625,0.3697392223551587,4.49382821658835
005930,2019-09-16,0.0671,7.0,0.6256,0.1542,12.0,10.0,7.33,9.0,6.287424630238406,1.1253738478849051,0.1789880458324052,0.017514483625395625,0.3697392223551587,4.491889556619682
005930,2019-09-17,0.1029,7.0,0.6407,0.2156,27.0,10.0,7.33,9.0,6.260726436479432,1.1205951903567315,0.1789880458324052,0.017514483625395625,0.3697392223551587,4.484134916745014
005930,2019-09-18,-0.0141,7.0,0.6356,0.2308,18.0,10.0,7.33,9.0,6.3675192115153285,1.1397098204694263,0.1789880458324052,0.017514483625395625,0.3697392223551587,4.515153476243688
005930,2019-09-19,0.7316,9.0,0.4224,0.2918,21.0,10.0,7.33,9.0,6.561081116267891,1.1743550875486855,0.1789880458324052,0.017514483625395625,0.3697392223551587,4.571374615335034
005930,2019-09-20,-0.0773,7.0,0.5976,0.2403,17.0,10.0,7.33,9.0,6.567755664707635,1.175549751930729,0.1789880458324052,0.017514483625395625,0.3697392223551587,4.573313275303701
005930,2019-09-21,,,,,0.0,10.0,7.33,9.0,6.567755664707635,1.175549751930729,0.1789880458324052,0.017514483625395625,0.3697392223551587,4.573313275303701
005930,2019-09-22,0.6093,8.0,0.6254,0.2493,9.0,10.0,7.33,9.0,6.567755664707635,1.175549751930729,0.1789880458324052,0.017514483625395625,0.3697392223551587,4.573313275303701
005930,2019-09-23,0.121,7.0,0.7713,0.1986,16.0,10.0,7.33,9.0,6.581104761587122,1.1779390806948158,0.1789880458324052,0.017514483625395625,0.3697392223551587,4.577190595241036
005930,2019-09-24,0.5206,9.0,0.4768,0.1882,23.0,10.0,7.33,9.0,6.607802955346096,1.1827177382229894,0.1789880458324052,0.017514483625395625,0.3697392223551587,4.584945235115704
005930,2019-09-25,-0.0866,7.0,0.62,0.2188,16.0,10.0,7.33,9.0,6.5277083740691735,1.1683817656384685,0.1789880458324052,0.017514483625395625,0.3697392223551587,4.561681315491699
005930,2019-09-26,0.0383,7.0,0.773,0.1955,21.0,10.0,7.33,9.0,6.567755664707635,1.175549751930729,0.1789880458324052,0.017514483625395625,0.3697392223551587,4.573313275303701
005930,2019-09-27,0.0069,7.0,0.82,0.2328,14.0,10.0,7.33,9.0,6.460962889671738,1.1564351218180342,0.1789880458324052,0.017514483625395625,0.3697392223551587,4.542294715805028
005930,2019-09-28,,,,,0.0,10.0,7.33,9.0,6.460962889671738,1.1564351218180342,0.1789880458324052,0.017514483625395625,0.3697392223551587,4.542294715805028
005930,2019-09-29,0.2362,8.0,0.7459,0.2206,15.0,10.0,7.33,9.0,6.460962889671738,1.1564351218180342,0.1789880458324052,0.017514483625395625,0.3697392223551587,4.542294715805028
005930,2019-09-30,0.3728,8.0,0.5691,0.1957,26.0,10.0,7.33,9.0,6.547732019388404,1.1719657587845986,0.1789880458324052,0.017514483625395625,0.3697392223551587,4.5674972953976996
005930,2019-10-01,-0.1802,8.0,0.6544,0.2115,13.0,10.0,7.33,10.0,6.52103382562943,1.167187101256425,0.1789880458324052,0.017514483625395625,0.3697392223551587,4.559742655523031
005930,2019-10-02,0.4698,8.0,0.5593,0.1931,17.0,10.0,7.33,10.0,6.354170114635842,1.1373204917053394,0.1789880458324052,0.017514483625395625,0.3697392223551587,4.511276156306354
005930,2019-10-03,0.2988,7.0,0.6407,0.2146,10.0,10.0,7.33,10.0,6.354170114635842,1.1373204917053394,0.1789880458324052,0.017514483625395625,0.3697392223551587,4.511276156306354
005930,2019-10-04,0.1569,7.0,0.6903,0.2025,14.0,10.0,7.33,10.0,6.40756650215379,1.1468778067616867,0.1789880458324052,0.017514483625395625,0.3697392223551587,4.5267854360556905
005930,2019-10-05,-0.5221,6.0,0.4051,0.3229,3.0,10.0,7.33,10.0,6.40756650215379,1.1468778067616867,0.1789880458324052,0.017514483625395625,0.3697392223551587,4.5267854360556905
005930,2019-10-06,0.3112,7.0,0.6322,0.1993,10.0,10.0,7.33,10.0,6.40756650215379,1.1468778067616867,0.1789880458324052,0.017514483625395625,0.3697392223551587,4.5267854360556905
005930,2019-10-07,0.247,8.0,0.5635,0.2459,30.0,10.0,7.33,10.0,6.374193759955072,1.1409044848514698,0.1789880458324052,0.017514483625395625,0.3697392223551587,4.517092136212355
005930,2019-10-08,0.2811,8.0,0.6794,0.2244,45.0,10.0,7.33,10.0,6.5277083740691735,1.1683817656384685,0.1789880458324052,0.017514483625395625,0.3697392223551587,4.561681315491699
005930,2019-10-09,0.2614,6.0,0.4321,0.1924,8.0,10.0,7.33,10.0,6.5277083740691735,1.1683817656384685,0.1789880458324052,0.017514483625395625,0.3697392223551587,4.561681315491699
005930,2019-10-10,0.2828,8.0,0.5355,0.2076,44.0,10.0,7.33,10.0,6.4809865349909686,1.1600191149641645,0.1789880458324052,0.017514483625395625,0.3697392223551587,4.548110695711029
005930,2019-10-11,0.4345,6.0,0.4877,0.2502,7.0,10.0,7.33,10.0,6.561081116267891,1.1743550875486855,0.1789880458324052,0.017514483625395625,0.3697392223551587,4.571374615335034
005930,2019-10-12,0.3168,5.0,0.449,0.1092,3.0,10.0,7.33,10.0,6.561081116267891,1.1743550875486855,0.1789880458324052,0.017514483625395625,0.3697392223551587,4.571374615335034
005930,2019-10-13,0.0,3.0,0.0,0.25,1.0,10.0,7.33,10.0,6.561081116267891,1.1743550875486855,0.1789880458324052,0.017514483625395625,0.3697392223551587,4.571374615335034
005930,2019-10-14,0.2233,8.0,0.682,0.1941,23.0,10.0,7.33,10.0,6.674548439743531,1.1946643820434237,0.1789880458324052,0.017514483625395625,0.3697392223551587,4.604331834802375
005930,2019-10-15,0.1843,8.0,0.4993,0.2329,36.0,10.0,7.33,10.0,6.6878975366230184,1.1970537108075106,0.1789880458324052,0.017514483625395625,0.3697392223551587,4.6082091547397095
005930,2019-10-16,0.3446,8.0,0.5806,0.2286,22.0,10.0,7.33,10.0,6.767992117899941,1.2113896833920317,0.1789880458324052,0.017514483625395625,0.3697392223551587,4.631473074363715
005930,2019-10-17,0.1626,7.0,0.7339,0.1891,12.0,10.0,7.33,10.0,6.741293924140966,1.206611025863858,0.1789880458324052,0.017514483625395625,0.3697392223551587,4.623718434489047
005930,2019-10-18,0.0475,7.0,0.6972,0.2168,14.0,10.0,7.33,10.0,6.661199342864044,1.192275053279337,0.1789880458324052,0.017514483625395625,0.3697392223551587,4.600454514865041
005930,2019-10-19,-0.0003,3.0,0.0002,0.1374,2.0,10.0,7.33,10.0,6.661199342864044,1.192275053279337,0.1789880458324052,0.017514483625395625,0.3697392223551587,4.600454514865041
005930,2019-10-20,0.0224,7.0,0.749,0.2137,14.0,10.0,7.33,10.0,6.661199342864044,1.192275053279337,0.1789880458324052,0.017514483625395625,0.3697392223551587,4.600454514865041
005930,2019-10-21,0.1116,7.0,0.7896,0.2597,24.0,10.0,7.33,10.0,6.714595730381992,1.2018323683356842,0.1789880458324052,0.017514483625395625,0.3697392223551587,4.615963794614378
005930,2019-10-22,0.3091,8.0,0.658,0.2307,28.0,10.0,7.33,10.0,6.834737602297376,1.223336327212466,0.1789880458324052,0.017514483625395625,0.3697392223551587,4.650859674050386
005930,2019-10-23,-0.1125,7.0,0.6883,0.1791,22.0,10.0,7.33,10.0,6.834737602297376,1.223336327212466,0.1789880458324052,0.017514483625395625,0.3697392223551587,4.650859674050386
005930,2019-10-24,0.3625,8.0,0.6541,0.2616,19.0,10.0,7.33,10.0,6.767992117899941,1.2113896833920317,0.1789880458324052,0.017514483625395625,0.3697392223551587,4.631473074363715
005930,2019-10-25,-0.6179,9.0,0.6414,0.1865,52.0,10.0,7.33,10.0,6.794690311658915,1.2161683409202053,0.1789880458324052,0.017514483625395625,0.3697392223551587,4.639227714238383
005930,2019-10-26,-0.3584,4.0,0.0,0.0909,1.0,10.0,7.33,10.0,6.794690311658915,1.2161683409202053,0.1789880458324052,0.017514483625395625,0.3697392223551587,4.639227714238383
005930,2019-10-27,0.1438,5.0,0.3495,0.2288,7.0,10.0,7.33,10.0,6.794690311658915,1.2161683409202053,0.1789880458324052,0.017514483625395625,0.3697392223551587,4.639227714238383
005930,2019-10-28,-0.0589,7.0,0.8835,0.2093,21.0,10.0,7.33,10.0,6.8480866991768625,1.2257256559765528,0.1789880458324052,0.017514483625395625,0.3697392223551587,4.65473699398772
005930,2019-10-29,0.5739,9.0,0.5809,0.1586,16.0,10.0,7.33,10.0,6.821388505417889,1.2209469984483792,0.1789880458324052,0.017514483625395625,0.3697392223551587,4.646982354113051
005930,2019-10-30,0.4734,8.0,0.5628,0.2141,23.0,10.0,7.33,10.0,6.72794482726148,1.2042216970997712,0.1789880458324052,0.017514483625395625,0.3697392223551587,4.619841114551712
005930,2019-10-31,0.4455,8.0,0.7083,0.2578,53.0,10.0,7.33,10.0,6.72794482726148,1.2042216970997712,0.1789880458324052,0.017514483625395625,0.3697392223551587,4.619841114551712
005930,2019-11-01,0.1895,8.0,0.5011,0.1845,15.0,10.0,7.33,11.0,6.834737602297376,1.223336327212466,0.1789880458324052,0.017514483625395625,0.3697392223551587,4.650859674050386
005930,2019-11-02,0.2319,4.0,0.2319,0.1459,2.0,10.0,7.33,11.0,6.834737602297376,1.223336327212466,0.1789880458324052,0.017514483625395625,0.3697392223551587,4.650859674050386
005930,2019-11-03,0.1873,5.0,0.7348,0.2095,5.0,10.0,7.33,11.0,6.834737602297376,1.223336327212466,0.1789880458324052,0.017514483625395625,0.3697392223551587,4.650859674050386
005930,2019-11-04,0.0317,7.0,0.5445,0.3278,30.0,10.0,7.33,11.0,6.981577667971734,1.2496189436174212,0.1789880458324052,0.017514483625395625,0.3697392223551587,4.693510193361062
005930,2019-11-05,0.2031,8.0,0.692,0.2148,18.0,10.0,7.33,11.0,7.034974055489681,1.2591762586737687,0.1789880458324052,0.017514483625395625,0.3697392223551587,4.709019473110399
005930,2019-11-06,0.3863,8.0,0.5258,0.1972,24.0,10.0,7.33,11.0,7.115068636766604,1.2735122312582898,0.1789880458324052,0.017514483625395625,0.3697392223551587,4.732283392734404
005930,2019-11-07,-0.0084,6.0,0.6029,0.2187,11.0,10.0,7.33,11.0,7.061672249248656,1.2639549162019423,0.1789880458324052,0.017514483625395625,0.3697392223551587,4.7167741129850675
005930,2019-11-08,0.651,9.0,0.5535,0.2013,21.0,10.0,7.33,11.0,6.95487947421276,1.2448402860892476,0.1789880458324052,0.017514483625395625,0.3697392223551587,4.685755553486394
005930,2019-11-09,-0.0005,3.0,0.0006,0.138,2.0,10.0,7.33,11.0,6.95487947421276,1.2448402860892476,0.1789880458324052,0.017514483625395625,0.3697392223551587,4.685755553486394
005930,2019-11-10,0.0912,6.0,0.3262,0.2088,9.0,10.0,7.33,11.0,6.95487947421276,1.2448402860892476,0.1789880458324052,0.017514483625395625,0.3697392223551587,4.685755553486394
005930,2019-11-11,0.3148,8.0,0.7967,0.1205,19.0,10.0,7.33,11.0,6.888133989815324,1.2328936422688133,0.1789880458324052,0.017514483625395625,0.3697392223551587,4.666368953799722
005930,2019-11-12,0.0535,6.0,0.6681,0.2101,11.0,10.0,7.33,11.0,7.021624958610195,1.2567869299096819,0.1789880458324052,0.017514483625395625,0.3697392223551587,4.705142153173065
005930,2019-11-13,0.2114,8.0,0.5874,0.2064,12.0,10.0,7.33,11.0,7.0082758617307075,1.2543976011455948,0.1789880458324052,0.017514483625395625,0.3697392223551587,4.70126483323573
005930,2019-11-14,0.4468,8.0,0.5908,0.199,17.0,10.0,7.33,11.0,7.048323152369169,1.2615655874378555,0.1789880458324052,0.017514483625395625,0.3697392223551587,4.712896793047733
005930,2019-11-15,0.2471,8.0,0.684,0.2152,15.0,10.0,7.33,11.0,7.1684650242845525,1.283069546314637,0.1789880458324052,0.017514483625395625,0.3697392223551587,4.747792672483741
005930,2019-11-16,-0.6374,6.0,0.1631,0.1521,3.0,10.0,7.33,11.0,7.1684650242845525,1.283069546314637,0.1789880458324052,0.017514483625395625,0.3697392223551587,4.747792672483741
005930,2019-11-17,0.1435,5.0,0.6386,0.2317,6.0,10.0,7.33,11.0,7.1684650242845525,1.283069546314637,0.1789880458324052,0.017514483625395625,0.3697392223551587,4.747792672483741
005930,2019-11-18,0.1983,8.0,0.6616,0.1647,19.0,10.0,7.33,11.0,7.141766830525579,1.2782908887864635,0.1789880458324052,0.017514483625395625,0.3697392223551587,4.740038032609073
005930,2019-11-19,0.3831,8.0,0.5056,0.1715,15.0,10.0,7.33,11.0,7.141766830525579,1.2782908887864635,0.1789880458324052,0.017514483625395625,0.3697392223551587,4.740038032609073
005930,2019-11-20,0.4289,8.0,0.5397,0.2181,13.0,10.0,7.33,11.0,6.941530377333272,1.2424509573251608,0.1789880458324052,0.017514483625395625,0.3697392223551587,4.681878233549059
005930,2019-11-21,0.4031,8.0,0.5273,0.1936,18.0,10.0,7.33,11.0,6.808039408538402,1.2185576696842921,0.1789880458324052,0.017514483625395625,0.3697392223551587,4.643105034175718
005930,2019-11-22,-0.492,8.0,0.6959,0.1914,26.0,10.0,7.33,11.0,6.888133989815324,1.2328936422688133,0.1789880458324052,0.017514483625395625,0.3697392223551587,4.666368953799722
005930,2019-11-23,0.4884,4.0,0.4892,0.3062,2.0,10.0,7.33,11.0,6.888133989815324,1.2328936422688133,0.1789880458324052,0.017514483625395625,0.3697392223551587,4.666368953799722
005930,2019-11-24,0.4478,6.0,0.4275,0.1765,7.0,10.0,7.33,11.0,6.888133989815324,1.2328936422688133,0.1789880458324052,0.017514483625395625,0.3697392223551587,4.666368953799722
005930,2019-11-25,0.2496,7.0,0.6256,0.1731,9.0,10.0,7.33,11.0,6.9148321835742985,1.237672299796987,0.1789880458324052,0.017514483625395625,0.3697392223551587,4.674123593674391
005930,2019-11-26,0.5391,8.0,0.4664,0.1209,10.0,10.0,7.33,11.0,6.9148321835742985,1.237672299796987,0.1789880458324052,0.017514483625395625,0.3697392223551587,4.674123593674391
005930,2019-11-27,0.0018,5.0,0.7507,0.1782,7.0,10.0,7.33,11.0,6.968228571092246,1.2472296148533344,0.1789880458324052,0.017514483625395625,0.3697392223551587,4.689632873423728
005930,2019-11-28,0.5611,9.0,0.4796,0.2344,12.0,10.0,7.33,11.0,6.8480866991768625,1.2257256559765528,0.1789880458324052,0.017514483625395625,0.3697392223551587,4.65473699398772
005930,2019-11-29,0.4266,7.0,0.53,0.2174,11.0,10.0,7.33,11.0,6.714595730381992,1.2018323683356842,0.1789880458324052,0.017514483625395625,0.3697392223551587,4.615963794614378
005930,2019-11-30,0.2644,4.0,0.0,0.0833,1.0,10.0,7.33,11.0,6.714595730381992,1.2018323683356842,0.1789880458324052,0.017514483625395625,0.3697392223551587,4.615963794614378
005930,2019-12-01,0.1818,7.0,0.3856,0.227,11.0,10.0,7.33,12.0,6.714595730381992,1.2018323683356842,0.1789880458324052,0.017514483625395625,0.3697392223551587,4.615963794614378
005930,2019-12-02,0.4934,7.0,0.5616,0.1873,11.0,10.0,7.33,12.0,6.72794482726148,1.2042216970997712,0.1789880458324052,0.017514483625395625,0.3697392223551587,4.619841114551712
005930,2019-12-03,-0.5412,7.0,0.3813,0.1916,7.0,10.0,7.33,12.0,6.661199342864044,1.192275053279337,0.1789880458324052,0.017514483625395625,0.3697392223551587,4.600454514865041
005930,2019-12-04,0.4518,8.0,0.6255,0.199,13.0,10.0,7.33,12.0,6.601128406906352,1.1815230738409461,0.1789880458324052,0.017514483625395625,0.3697392223551587,4.583006575147037
005930,2019-12-05,0.136,5.0,0.5791,0.1609,8.0,10.0,7.33,12.0,6.607802955346096,1.1827177382229894,0.1789880458324052,0.017514483625395625,0.3697392223551587,4.584945235115704
005930,2019-12-06,-0.8161,9.0,0.5185,0.2351,33.0,10.0,7.33,12.0,6.72794482726148,1.2042216970997712,0.1789880458324052,0.017514483625395625,0.3697392223551587,4.619841114551712
005930,2019-12-07,0.4998,4.0,0.4998,0.1406,2.0,10.0,7.33,12.0,6.72794482726148,1.2042216970997712,0.1789880458324052,0.017514483625395625,0.3697392223551587,4.619841114551712
005930,2019-12-08,-0.0151,4.0,0.8776,0.2553,5.0,10.0,7.33,12.0,6.72794482726148,1.2042216970997712,0.1789880458324052,0.017514483625395625,0.3697392223551587,4.619841114551712
005930,2019-12-09,-0.3552,8.0,0.7917,0.2975,16.0,10.0,7.33,12.0,6.834737602297376,1.223336327212466,0.1789880458324052,0.017514483625395625,0.3697392223551587,4.650859674050386
005930,2019-12-10,0.3377,6.0,0.3913,0.2053,7.0,10.0,7.33,12.0,6.874784892935837,1.2305043135047264,0.1789880458324052,0.017514483625395625,0.3697392223551587,4.6624916338623885
005930,2019-12-11,0.1815,8.0,0.621,0.1885,12.0,10.0,7.33,12.0,6.928181280453785,1.240061628561074,0.1789880458324052,0.017514483625395625,0.3697392223551587,4.678000913611725
005930,2019-12-12,0.5013,9.0,0.572,0.2021,20.0,10.0,7.33,12.0,7.115068636766604,1.2735122312582898,0.1789880458324052,0.017514483625395625,0.3697392223551587,4.732283392734404
005930,2019-12-13,-0.0312,7.0,0.8788,0.2208,17.0,10.0,7.33,12.0,7.301955993079423,1.3069628339555055,0.1789880458324052,0.017514483625395625,0.3697392223551587,4.786565871857084
005930,2019-12-14,0.4797,4.0,0.0,0.1556,1.0,10.0,7.33,12.0,7.301955993079423,1.3069628339555055,0.1789880458324052,0.017514483625395625,0.3697392223551587,4.786565871857084
005930,2019-12-15,0.558,7.0,0.5046,0.1812,7.0,10.0,7.33,12.0,7.301955993079423,1.3069628339555055,0.1789880458324052,0.017514483625395625,0.3697392223551587,4.786565871857084
005930,2019-12-16,0.4657,6.0,0.4456,0.1611,8.0,10.0,7.33,12.0,7.301955993079423,1.3069628339555055,0.1789880458324052,0.017514483625395625,0.3697392223551587,4.786565871857084
005930,2019-12-17,-0.2583,8.0,0.7838,0.2188,21.0,10.0,7.33,12.0,7.568937930669164,1.3547494092372425,0.1789880458324052,0.017514483625395625,0.3697392223551587,4.864112270603768
005930,2019-12-18,-0.1423,7.0,0.8322,0.2702,21.0,10.0,7.33,12.0,7.515541543151216,1.3451920941808952,0.1789880458324052,0.017514483625395625,0.3697392223551587,4.848602990854431
005930,2019-12-19,0.4025,8.0,0.541,0.1907,29.0,10.0,7.33,12.0,7.475494252512755,1.3380241078886346,0.1789880458324052,0.017514483625395625,0.3697392223551587,4.836971031042428
005930,2019-12-20,0.2356,7.0,0.7168,0.2006,11.0,10.0,7.33,12.0,7.475494252512755,1.3380241078886346,0.1789880458324052,0.017514483625395625,0.3697392223551587,4.836971031042428
005930,2019-12-21,0.9911,6.0,0.0,0.2,1.0,10.0,7.33,12.0,7.475494252512755,1.3380241078886346,0.1789880458324052,0.017514483625395625,0.3697392223551587,4.836971031042428
005930,2019-12-22,0.2834,6.0,0.4482,0.1929,7.0,10.0,7.33,12.0,7.475494252512755,1.3380241078886346,0.1789880458324052,0.017514483625395625,0.3697392223551587,4.836971031042428
005930,2019-12-23,0.7506,8.0,0.396,0.1698,10.0,10.0,7.33,12.0,7.40874876811532,1.3260774640682003,0.1789880458324052,0.017514483625395625,0.3697392223551587,4.817584431355757
005930,2019-12-24,0.6205,7.0,0.4807,0.2415,8.0,10.0,7.33,12.0,7.342003283717884,1.3141308202477662,0.1789880458324052,0.017514483625395625,0.3697392223551587,4.7981978316690865
005930,2019-12-25,0.3464,8.0,0.5944,0.2614,12.0,10.0,7.33,12.0,7.342003283717884,1.3141308202477662,0.1789880458324052,0.017514483625395625,0.3697392223551587,4.7981978316690865
005930,2019-12-26,0.2242,8.0,0.5473,0.2005,14.0,10.0,7.33,12.0,7.3953996712358325,1.3236881353041134,0.1789880458324052,0.017514483625395625,0.3697392223551587,4.813707111418423
005930,2019-12-27,0.3883,8.0,0.7094,0.1345,13.0,10.0,7.33,12.0,7.54223973691019,1.3499707517090689,0.1789880458324052,0.017514483625395625,0.3697392223551587,4.856357630729099
005930,2019-12-28,,,,,0.0,10.0,7.33,12.0,7.54223973691019,1.3499707517090689,0.1789880458324052,0.017514483625395625,0.3697392223551587,4.856357630729099
005930,2019-12-29,0.4479,6.0,0.6801,0.2472,8.0,10.0,7.33,12.0,7.54223973691019,1.3499707517090689,0.1789880458324052,0.017514483625395625,0.3697392223551587,4.856357630729099
005930,2019-12-30,-0.2866,6.0,0.6991,0.2202,7.0,10.0,7.33,12.0,7.448796058753781,1.333245450360461,0.1789880458324052,0.017514483625395625,0.3697392223551587,4.82921639116776
005930,2019-12-31,0.3227,8.0,0.577,0.2319,13.0,10.0,7.33,12.0,7.448796058753781,1.333245450360461,0.1789880458324052,0.017514483625395625,0.3697392223551587,4.82921639116776
005930,2020-01-01,-0.0998,7.0,0.7452,0.2559,12.0,10.0,7.33,13.0,7.448796058753781,1.333245450360461,0.1789880458324052,0.017514483625395625,0.3697392223551587,4.82921639116776
005930,2020-01-02,0.2791,8.0,0.5099,0.2147,27.0,10.0,7.33,13.0,7.368701477476859,1.3189094777759398,0.1789880458324052,0.017514483625395625,0.3697392223551587,4.805952471543755
005930,2020-01-03,0.3454,8.0,0.4548,0.2676,24.0,10.0,7.33,13.0,7.40874876811532,1.3260774640682003,0.1789880458324052,0.017514483625395625,0.3697392223551587,4.817584431355757
005930,2020-01-04,0.6187,6.0,0.4449,0.254,5.0,10.0,7.33,13.0,7.40874876811532,1.3260774640682003,0.1789880458324052,0.017514483625395625,0.3697392223551587,4.817584431355757
005930,2020-01-05,0.3003,8.0,0.6163,0.2715,20.0,10.0,7.33,13.0,7.40874876811532,1.3260774640682003,0.1789880458324052,0.017514483625395625,0.3697392223551587,4.817584431355757
005930,2020-01-06,0.3747,8.0,0.5957,0.2935,25.0,10.0,7.33,13.0,7.40874876811532,1.3260774640682003,0.1789880458324052,0.017514483625395625,0.3697392223551587,4.817584431355757
005930,2020-01-07,-0.1712,8.0,0.6519,0.2588,22.0,10.0,7.33,13.0,7.448796058753781,1.333245450360461,0.1789880458324052,0.017514483625395625,0.3697392223551587,4.82921639116776
005930,2020-01-08,0.2055,8.0,0.7024,0.3055,63.0,10.0,7.33,13.0,7.582287027548651,1.3571387380013293,0.1789880458324052,0.017514483625395625,0.3697392223551587,4.867989590541102
005930,2020-01-09,0.3368,8.0,0.6036,0.24,40.0,10.0,6.67,13.0,7.822570771379419,1.4001466557548927,0.1789880458324052,0.017514483625395625,0.3697392223551587,4.937781349413118
005930,2020-01-10,-0.0555,7.0,0.8383,0.2406,18.0,10.0,6.67,13.0,7.942712643294802,1.4216506146316743,0.1789880458324052,0.017514483625395625,0.3697392223551587,4.972677228849126
005930,2020-01-11,,,,,0.0,10.0,6.67,13.0,7.942712643294802,1.4216506146316743,0.1789880458324052,0.017514483625395625,0.3697392223551587,4.972677228849126
005930,2020-01-12,0.5709,8.0,0.6495,0.2776,9.0,10.0,6.67,13.0,7.942712643294802,1.4216506146316743,0.1789880458324052,0.017514483625395625,0.3697392223551587,4.972677228849126
005930,2020-01-13,0.1306,7.0,0.525,0.1933,21.0,10.0,5.33,13.0,8.009458127692238,1.4335972584521084,0.1789880458324052,0.017514483625395625,0.3697392223551587,4.992063828535797
005930,2020-01-14,0.6434,9.0,0.5342,0.2699,16.0,10.0,5.33,13.0,8.009458127692238,1.4335972584521084,0.1789880458324052,0.017514483625395625,0.3697392223551587,4.992063828535797
005930,2020-01-15,0.6086,9.0,0.6176,0.2756,24.0,10.0,6.67,13.0,7.8759671588973665,1.40970397081124,0.1789880458324052,0.017514483625395625,0.3697392223551587,4.953290629162455
005930,2020-01-16,0.1186,7.0,0.7822,0.1803,13.0,10.0,5.33,13.0,8.102901805848647,1.4503225598007163,0.1789880458324052,0.017514483625395625,0.3697392223551587,5.019205068097137
005930,2020-01-17,-0.5545,9.0,0.7456,0.2938,42.0,10.0,5.33,13.0,8.18299638712557,1.4646585323852375,0.1789880458324052,0.017514483625395625,0.3697392223551587,5.042468987721143
005930,2020-01-18,-0.2494,5.0,0.432,0.1897,4.0,10.0,5.33,13.0,8.18299638712557,1.4646585323852375,0.1789880458324052,0.017514483625395625,0.3697392223551587,5.042468987721143
005930,2020-01-19,-0.331,7.0,0.4449,0.253,10.0,10.0,5.33,13.0,8.18299638712557,1.4646585323852375,0.1789880458324052,0.017514483625395625,0.3697392223551587,5.042468987721143
005930,2020-01-20,0.0777,7.0,0.43,0.2426,51.0,10.0,5.33,13.0,8.329836452799928,1.490941148790193,0.1789880458324052,0.017514483625395625,0.3697392223551587,5.085119507031819
005930,2020-01-21,0.1477,7.0,0.3567,0.2255,38.0,10.0,5.33,13.0,8.196345484005056,1.4670478611493243,0.1789880458324052,0.017514483625395625,0.3697392223551587,5.046346307658476
005930,2020-01-22,0.0967,7.0,0.6571,0.181,26.0,10.0,5.33,13.0,8.31648735592044,1.488551820026106,0.1789880458324052,0.017514483625395625,0.3697392223551587,5.081242187094484
005930,2020-01-23,0.4557,8.0,0.4556,0.1709,13.0,10.0,5.33,13.0,8.116250902728133,1.4527118885648034,0.1789880458324052,0.017514483625395625,0.3697392223551587,5.023082388034471
005930,2020-01-24,-0.6614,6.0,0.4695,0.1499,3.0,10.0,5.33,13.0,8.116250902728133,1.4527118885648034,0.1789880458324052,0.017514483625395625,0.3697392223551587,5.023082388034471
005930,2020-01-25,0.0862,4.0,0.7381,0.1745,4.0,10.0,5.33,13.0,8.116250902728133,1.4527118885648034,0.1789880458324052,0.017514483625395625,0.3697392223551587,5.023082388034471
005930,2020-01-26,0.3331,5.0,0.4713,0.2151,3.0,10.0,5.33,13.0,8.116250902728133,1.4527118885648034,0.1789880458324052,0.017514483625395625,0.3697392223551587,5.023082388034471
005930,2020-01-27,0.1941,7.0,0.4684,0.1849,11.0,10.0,5.33,13.0,8.116250902728133,1.4527118885648034,0.1789880458324052,0.017514483625395625,0.3697392223551587,5.023082388034471
005930,2020-01-28,0.2646,8.0,0.7472,0.2775,15.0,10.0,6.67,13.0,7.849268965138393,1.4049253132830664,0.1789880458324052,0.017514483625395625,0.3697392223551587,4.945535989287786
005930,2020-01-29,0.3719,8.0,0.704,0.1724,39.0,10.0,6.67,13.0,7.889316255776854,1.4120932995753268,0.1789880458324052,0.017514483625395625,0.3697392223551587,4.957167949099789
005930,2020-01-30,0.3025,8.0,0.7532,0.2656,90.0,10.0,7.33,13.0,7.6356834150666,1.3666960530576768,0.1789880458324052,0.017514483625395625,0.3697392223551587,4.883498870290439
005930,2020-01-31,0.0403,7.0,0.8171,0.1735,15.0,10.0,7.33,13.0,7.528890640030703,1.347581422944982,0.1789880458324052,0.017514483625395625,0.3697392223551587,4.852480310791766
005930,2020-02-01,0.5957,5.0,0.3994,0.2072,2.0,10.0,7.33,14.0,7.528890640030703,1.347581422944982,0.1789880458324052,0.017514483625395625,0.3697392223551587,4.852480310791766
005930,2020-02-02,-0.3776,5.0,0.7842,0.22,5.0,10.0,7.33,14.0,7.528890640030703,1.347581422944982,0.1789880458324052,0.017514483625395625,0.3697392223551587,4.852480310791766
005930,2020-02-03,0.3668,8.0,0.5856,0.1565,15.0,10.0,7.33,14.0,7.6356834150666,1.3666960530576768,0.1789880458324052,0.017514483625395625,0.3697392223551587,4.883498870290439
005930,2020-02-04,-0.3338,8.0,0.717,0.1457,16.0,10.0,6.67,14.0,7.86261806201788,1.4073146420471532,0.1789880458324052,0.017514483625395625,0.3697392223551587,4.949413309225121
005930,2020-02-05,0.1747,8.0,0.8654,0.274,19.0,10.0,6.67,14.0,7.942712643294802,1.4216506146316743,0.1789880458324052,0.017514483625395625,0.3697392223551587,4.972677228849126
005930,2020-02-06,0.1527,7.0,0.7092,0.2235,13.0,10.0,5.33,14.0,8.156298193366595,1.4598798748570638,0.1789880458324052,0.017514483625395625,0.3697392223551587,5.0347143478464735
005930,2020-02-07,-0.0504,7.0,0.587,0.2132,13.0,10.0,5.33,14.0,8.062854515210185,1.4431545735084559,0.1789880458324052,0.017514483625395625,0.3697392223551587,5.0075731082851345
005930,2020-02-08,0.0751,5.0,0.5874,0.2329,6.0,10.0,5.33,14.0,8.062854515210185,1.4431545735084559,0.1789880458324052,0.017514483625395625,0.3697392223551587,5.0075731082851345
005930,2020-02-09,-0.1707,7.0,0.7116,0.2233,11.0,10.0,5.33,14.0,8.062854515210185,1.4431545735084559,0.1789880458324052,0.017514483625395625,0.3697392223551587,5.0075731082851345
005930,2020-02-10,0.4525,8.0,0.6642,0.3194,28.0,10.0,6.67,14.0,7.969410837053776,1.426429272159848,0.1789880458324052,0.017514483625395625,0.3697392223551587,4.9804318687237945
005930,2020-02-11,0.0976,7.0,0.6209,0.1852,17.0,10.0,6.67,14.0,7.99610903081275,1.4312079296880216,0.1789880458324052,0.017514483625395625,0.3697392223551587,4.988186508598463
005930,2020-02-12,0.4524,8.0,0.5258,0.1903,47.0,10.0,5.33,14.0,8.076203612089673,1.4455439022725427,0.1789880458324052,0.017514483625395625,0.3697392223551587,5.011450428222469
005930,2020-02-13,-0.0139,7.0,0.6254,0.2182,40.0,10.0,5.33,14.0,8.102901805848647,1.4503225598007163,0.1789880458324052,0.017514483625395625,0.3697392223551587,5.019205068097137
005930,2020-02-14,0.1235,7.0,0.8179,0.2048,35.0,10.0,5.33,14.0,8.249741871523005,1.4766051762056718,0.1789880458324052,0.017514483625395625,0.3697392223551587,5.0618555874078135
005930,2020-02-15,0.2785,5.0,0.7266,0.1827,4.0,10.0,5.33,14.0,8.249741871523005,1.4766051762056718,0.1789880458324052,0.017514483625395625,0.3697392223551587,5.0618555874078135
005930,2020-02-16,0.0024,5.0,0.5773,0.2586,6.0,10.0,5.33,14.0,8.249741871523005,1.4766051762056718,0.1789880458324052,0.017514483625395625,0.3697392223551587,5.0618555874078135
005930,2020-02-17,-0.2221,8.0,0.6798,0.2059,19.0,10.0,5.33,14.0,8.209694580884543,1.4694371899134113,0.1789880458324052,0.017514483625395625,0.3697392223551587,5.050223627595811
005930,2020-02-18,0.4655,8.0,0.6302,0.1681,20.0,10.0,6.67,14.0,7.982759933933263,1.4288186009239348,0.1789880458324052,0.017514483625395625,0.3697392223551587,4.984309188661129
005930,2020-02-19,0.1292,7.0,0.6647,0.2265,30.0,10.0,5.33,14.0,8.03615632145121,1.4383759159802822,0.1789880458324052,0.017514483625395625,0.3697392223551587,4.999818468410465
005930,2020-02-20,0.1309,7.0,0.5556,0.2015,35.0,10.0,5.33,14.0,8.009458127692238,1.4335972584521084,0.1789880458324052,0.017514483625395625,0.3697392223551587,4.992063828535797
005930,2020-02-21,0.0572,7.0,0.4358,0.2254,22.0,10.0,6.67,14.0,7.90266535265634,1.4144826283394136,0.1789880458324052,0.017514483625395625,0.3697392223551587,4.961045269037124
005930,2020-02-22,-0.1165,7.0,0.3364,0.2194,12.0,10.0,6.67,14.0,7.90266535265634,1.4144826283394136,0.1789880458324052,0.017514483625395625,0.3697392223551587,4.961045269037124
005930,2020-02-23,-0.0428,7.0,0.6297,0.2754,16.0,10.0,6.67,14.0,7.90266535265634,1.4144826283394136,0.1789880458324052,0.017514483625395625,0.3697392223551587,4.961045269037124
005930,2020-02-24,-0.1518,7.0,0.6386,0.269,13.0,10.0,7.33,14.0,7.582287027548651,1.3571387380013293,0.1789880458324052,0.017514483625395625,0.3697392223551587,4.867989590541102
005930,2020-02-25,0.4257,8.0,0.583,0.164,19.0,10.0,6.67,14.0,7.729127093223009,1.3834213544062848,0.1789880458324052,0.017514483625395625,0.3697392223551587,4.910640109851778
005930,2020-02-26,0.2274,8.0,0.5019,0.2138,13.0,10.0,7.33,14.0,7.54223973691019,1.3499707517090689,0.1789880458324052,0.017514483625395625,0.3697392223551587,4.856357630729099
005930,2020-02-27,0.2355,8.0,0.635,0.1742,14.0,10.0,7.33,14.0,7.462145155633268,1.3356347791245478,0.1789880458324052,0.017514483625395625,0.3697392223551587,4.833093711105095
005930,2020-02-28,-0.4446,7.0,0.7488,0.1578,10.0,10.0,7.33,14.0,7.235210508681988,1.2950161901350714,0.1789880458324052,0.017514483625395625,0.3697392223551587,4.767179272170412
005930,2020-02-29,-0.1784,6.0,0.3645,0.297,6.0,10.0,7.33,14.0,7.235210508681988,1.2950161901350714,0.1789880458324052,0.017514483625395625,0.3697392223551587,4.767179272170412
005930,2020-03-01,0.3217,7.0,0.5717,0.2957,10.0,10.0,7.33,15.0,7.235210508681988,1.2950161901350714,0.1789880458324052,0.017514483625395625,0.3697392223551587,4.767179272170412
005930,2020-03-02,0.2855,8.0,0.6287,0.2367,20.0,10.0,7.33,15.0,7.342003283717884,1.3141308202477662,0.1789880458324052,0.017514483625395625,0.3697392223551587,4.7981978316690865
005930,2020-03-03,0.2265,8.0,0.6329,0.2432,17.0,10.0,7.33,15.0,7.3953996712358325,1.3236881353041134,0.1789880458324052,0.017514483625395625,0.3697392223551587,4.813707111418423
005930,2020-03-04,0.0654,7.0,0.6184,0.2402,18.0,10.0,7.33,15.0,7.662381608825574,1.3714747105858505,0.1789880458324052,0.017514483625395625,0.3697392223551587,4.891253510165107
005930,2020-03-05,0.6572,8.0,0.4995,0.2233,10.0,10.0,6.67,15.0,7.715777996343522,1.381032025642198,0.1789880458324052,0.017514483625395625,0.3697392223551587,4.906762789914445
005930,2020-03-06,-0.082,7.0,0.6373,0.2224,12.0,10.0,7.33,15.0,7.54223973691019,1.3499707517090689,0.1789880458324052,0.017514483625395625,0.3697392223551587,4.856357630729099
005930,2020-03-07,0.1304,4.0,0.1844,0.206,3.0,10.0,7.33,15.0,7.54223973691019,1.3499707517090689,0.1789880458324052,0.017514483625395625,0.3697392223551587,4.856357630729099
005930,2020-03-08,0.0013,4.0,0.0025,0.1616,4.0,10.0,7.33,15.0,7.54223973691019,1.3499707517090689,0.1789880458324052,0.017514483625395625,0.3697392223551587,4.856357630729099
005930,2020-03-09,-0.3634,8.0,0.7219,0.1907,22.0,10.0,7.33,15.0,7.235210508681988,1.2950161901350714,0.1789880458324052,0.017514483625395625,0.3697392223551587,4.767179272170412
005930,2020-03-10,0.3911,8.0,0.7063,0.1618,20.0,10.0,7.33,15.0,7.288606896199936,1.3045735051914187,0.1789880458324052,0.017514483625395625,0.3697392223551587,4.782688551919749
005930,2020-03-11,0.0497,7.0,0.8789,0.1678,14.0,10.0,7.33,15.0,6.95487947421276,1.2448402860892476,0.1789880458324052,0.017514483625395625,0.3697392223551587,4.685755553486394
005930,2020-03-12,-0.1322,7.0,0.609,0.2029,21.0,10.0,7.33,15.0,6.781341214779427,1.2137790121561185,0.1789880458324052,0.017514483625395625,0.3697392223551587,4.635350394301049
005930,2020-03-13,-0.2564,8.0,0.5121,0.2445,17.0,10.0,7.33,15.0,6.667873891303787,1.1934697176613804,0.1789880458324052,0.017514483625395625,0.3697392223551587,4.602393174833708
005930,2020-03-14,-0.3895,4.0,0.3895,0.2341,2.0,10.0,7.33,15.0,6.667873891303787,1.1934697176613804,0.1789880458324052,0.017514483625395625,0.3697392223551587,4.602393174833708
005930,2020-03-15,-0.0002,3.0,0.0002,0.1678,2.0,10.0,7.33,15.0,6.667873891303787,1.1934697176613804,0.1789880458324052,0.017514483625395625,0.3697392223551587,4.602393174833708
005930,2020-03-16,0.0017,7.0,0.7307,0.2091,17.0,10.0,7.33,15.0,6.5277083740691735,1.1683817656384685,0.1789880458324052,0.017514483625395625,0.3697392223551587,4.561681315491699
005930,2020-03-17,0.0251,7.0,0.7647,0.2177,24.0,10.0,7.33,15.0,6.314122823997381,1.1301525054130788,0.1789880458324052,0.017514483625395625,0.3697392223551587,4.499644196494351
005930,2020-03-18,0.037,7.0,0.3499,0.3246,66.0,10.0,7.33,15.0,6.087188177046101,1.0895339164236024,0.1789880458324052,0.017514483625395625,0.3697392223551587,4.43372975755967
005930,2020-03-19,-0.1363,7.0,0.6799,0.2149,29.0,10.0,7.33,15.0,5.733437109739693,1.026216704175301,0.1789880458324052,0.017514483625395625,0.3697392223551587,4.3309807792203125
005930,2020-03-20,0.0491,7.0,0.7744,0.2807,17.0,10.0,7.33,15.0,6.060489983287126,1.0847552588954288,0.1789880458324052,0.017514483625395625,0.3697392223551587,4.425975117685001
005930,2020-03-21,0.1282,4.0,0.2312,0.2366,5.0,10.0,7.33,15.0,6.060489983287126,1.0847552588954288,0.1789880458324052,0.017514483625395625,0.3697392223551587,4.425975117685001
005930,2020-03-22,0.1112,5.0,0.5798,0.2025,8.0,10.0,7.33,15.0,6.060489983287126,1.0847552588954288,0.1789880458324052,0.017514483625395625,0.3697392223551587,4.425975117685001
005930,2020-03-23,-0.1876,8.0,0.6812,0.2016,28.0,10.0,7.33,15.0,5.673366173782002,1.0154647247369102,0.1789880458324052,0.017514483625395625,0.3697392223551587,4.313532839502308
005930,2020-03-24,0.2802,8.0,0.6429,0.1967,21.0,10.0,7.33,15.0,6.267400984919176,1.1217898547387748,0.1789880458324052,0.017514483625395625,0.3697392223551587,4.4860735767136815
005930,2020-03-25,0.1013,7.0,0.7662,0.2192,23.0,10.0,7.33,15.0,6.494335631870456,1.1624084437282514,0.1789880458324052,0.017514483625395625,0.3697392223551587,4.551988015648363
005930,2020-03-26,0.4302,8.0,0.4569,0.2304,13.0,10.0,7.33,15.0,6.380868308394816,1.142099149233513,0.1789880458324052,0.017514483625395625,0.3697392223551587,4.519030796181022
005930,2020-03-27,-0.0925,7.0,0.5801,0.2341,20.0,10.0,7.33,15.0,6.447613792792251,1.1540457930539474,0.1789880458324052,0.017514483625395625,0.3697392223551587,4.538417395867693
005930,2020-03-28,-0.3881,5.0,0.473,0.2361,5.0,10.0,7.33,15.0,6.447613792792251,1.1540457930539474,0.1789880458324052,0.017514483625395625,0.3697392223551587,4.538417395867693
005930,2020-03-29,0.8774,7.0,0.1653,0.1949,3.0,10.0,7.33,15.0,6.447613792792251,1.1540457930539474,0.1789880458324052,0.017514483625395625,0.3697392223551587,4.538417395867693
005930,2020-03-30,-0.1727,8.0,0.6575,0.2174,25.0,10.0,7.33,15.0,6.38754285683456,1.1432938136155566,0.1789880458324052,0.017514483625395625,0.3697392223551587,4.52096945614969
005930,2020-03-31,-0.106,7.0,0.6405,0.2152,12.0,10.0,7.33,15.0,6.374193759955072,1.1409044848514698,0.1789880458324052,0.017514483625395625,0.3697392223551587,4.517092136212355
005930,2020-04-01,0.1579,7.0,0.7036,0.1931,25.0,9.25,6.0,4.0,12.471645452860578,1.0313412303444234,0.08269488049853663,-0.0548486540146637,0.34115920713623626,3.1275183921822327
005930,2020-04-02,0.0544,7.0,0.4188,0.1734,14.0,9.25,6.0,4.0,12.74395212213701,1.0538595978191925,0.08269488049853663,-0.0548486540146637,0.34115920713623626,3.167121663037139
005930,2020-04-03,0.1417,7.0,0.6927,0.1935,21.0,9.25,6.0,4.0,12.798413455992296,1.0583632713141462,0.08269488049853663,-0.0548486540146637,0.34115920713623626,3.1750423172081197
005930,2020-04-04,-0.1749,6.0,0.6486,0.2933,6.0,9.25,6.0,4.0,12.798413455992296,1.0583632713141462,0.08269488049853663,-0.0548486540146637,0.34115920713623626,3.1750423172081197
005930,2020-04-05,-0.9984,6.0,0.0,0.4082,1.0,9.25,6.0,4.0,12.798413455992296,1.0583632713141462,0.08269488049853663,-0.0548486540146637,0.34115920713623626,3.1750423172081197
005930,2020-04-06,-0.1924,8.0,0.625,0.247,27.0,9.25,6.0,4.0,13.26133479376223,1.0966444960212536,0.08269488049853663,-0.0548486540146637,0.34115920713623626,3.2423678776614606
005930,2020-04-07,0.2972,8.0,0.7017,0.2854,44.0,9.25,6.0,4.0,13.50641079611102,1.1169110267485458,0.08269488049853663,-0.0548486540146637,0.34115920713623626,3.2780108214308763
005930,2020-04-08,0.2175,8.0,0.6429,0.232,33.0,9.25,6.0,4.0,13.234104126834588,1.0943926592737767,0.08269488049853663,-0.0548486540146637,0.34115920713623626,3.23840755057597
005930,2020-04-09,0.243,8.0,0.4731,0.1975,18.0,9.25,6.0,4.0,13.370257461472804,1.1056518430111613,0.08269488049853663,-0.0548486540146637,0.34115920713623626,3.2582091860034232
005930,2020-04-10,-0.0857,5.0,0.5952,0.1878,8.0,9.25,6.0,4.0,13.411103461864268,1.1090295981323766,0.08269488049853663,-0.0548486540146637,0.34115920713623626,3.264149676631659
005930,2020-04-11,-0.9661,6.0,0.0,0.2653,1.0,9.25,6.0,4.0,13.411103461864268,1.1090295981323766,0.08269488049853663,-0.0548486540146637,0.34115920713623626,3.264149676631659
005930,2020-04-12,0.4183,5.0,0.4745,0.1524,5.0,9.25,6.0,4.0,13.411103461864268,1.1090295981323766,0.08269488049853663,-0.0548486540146637,0.34115920713623626,3.264149676631659
005930,2020-04-13,0.3192,8.0,0.4123,0.2169,12.0,9.25,6.0,4.0,13.152412126051658,1.0876371490313461,0.08269488049853663,-0.0548486540146637,0.34115920713623626,3.226526569319498
005930,2020-04-14,0.3965,7.0,0.6601,0.2001,10.0,9.25,6.0,4.0,13.34302679454516,1.1034000062636844,0.08269488049853663,-0.0548486540146637,0.34115920713623626,3.2542488589179324
005930,2020-04-15,0.7219,6.0,0.3913,0.1395,5.0,9.25,6.0,4.0,13.34302679454516,1.1034000062636844,0.08269488049853663,-0.0548486540146637,0.34115920713623626,3.2542488589179324
005930,2020-04-16,0.191,8.0,0.4744,0.2043,12.0,9.25,6.0,4.0,13.34302679454516,1.1034000062636844,0.08269488049853663,-0.0548486540146637,0.34115920713623626,3.2542488589179324
005930,2020-04-17,-0.1626,6.0,0.7024,0.1727,10.0,9.25,6.0,4.0,13.996562800808597,1.15744408820313,0.08269488049853663,-0.0548486540146637,0.34115920713623626,3.3492967089697077
005930,2020-04-18,0.4048,5.0,0.4142,0.2746,4.0,9.25,6.0,4.0,13.996562800808597,1.15744408820313,0.08269488049853663,-0.0548486540146637,0.34115920713623626,3.3492967089697077
005930,2020-04-19,-0.5,6.0,0.4926,0.2462,4.0,9.25,6.0,4.0,13.996562800808597,1.15744408820313,0.08269488049853663,-0.0548486540146637,0.34115920713623626,3.3492967089697077
005930,2020-04-20,0.2727,7.0,0.7493,0.1435,11.0,9.25,6.0,4.0,13.642564130749236,1.1281702104859304,0.08269488049853663,-0.0548486540146637,0.34115920713623626,3.2978124568583294
005930,2020-04-21,0.5545,9.0,0.4827,0.2263,16.0,9.25,6.0,4.0,13.411103461864268,1.1090295981323766,0.08269488049853663,-0.0548486540146637,0.34115920713623626,3.264149676631659
005930,2020-04-22,0.1257,7.0,0.8059,0.2224,17.0,9.25,6.0,4.0,13.574487463430128,1.122540618617238,0.08269488049853663,-0.0548486540146637,0.34115920713623626,3.287911639144603
005930,2020-04-23,0.0821,7.0,0.762,0.1712,19.0,9.25,6.0,4.0,13.574487463430128,1.122540618617238,0.08269488049853663,-0.0548486540146637,0.34115920713623626,3.287911639144603
005930,2020-04-24,-0.015,7.0,0.7326,0.1794,15.0,9.25,6.0,4.0,13.438334128791912,1.1112814348798536,0.08269488049853663,-0.0548486540146637,0.34115920713623626,3.2681100037171498
005930,2020-04-25,0.0001,3.0,0.0,0.1136,1.0,9.25,6.0,4.0,13.438334128791912,1.1112814348798536,0.08269488049853663,-0.0548486540146637,0.34115920713623626,3.2681100037171498
005930,2020-04-26,0.4753,8.0,0.6127,0.2515,12.0,9.25,6.0,4.0,13.438334128791912,1.1112814348798536,0.08269488049853663,-0.0548486540146637,0.34115920713623626,3.2681100037171498
005930,2020-04-27,0.349,8.0,0.6912,0.2119,26.0,9.25,6.0,4.0,13.574487463430128,1.122540618617238,0.08269488049853663,-0.0548486540146637,0.34115920713623626,3.287911639144603
005930,2020-04-28,0.314,8.0,0.5066,0.1662,17.0,9.25,6.0,4.0,13.642564130749236,1.1281702104859304,0.08269488049853663,-0.0548486540146637,0.34115920713623626,3.2978124568583294
005930,2020-04-29,0.0954,7.0,0.8999,0.2447,52.0,9.25,6.0,4.0,13.615333463821592,1.1259183737384535,0.08269488049853663,-0.0548486540146637,0.34115920713623626,3.293852129772839
005930,2020-04-30,0.7766,8.0,0.4151,0.2178,9.0,9.25,6.0,4.0,13.615333463821592,1.1259183737384535,0.08269488049853663,-0.0548486540146637,0.34115920713623626,3.293852129772839
005930,2020-05-01,0.2935,5.0,0.3625,0.2926,5.0,9.25,6.0,5.0,13.615333463821592,1.1259183737384535,0.08269488049853663,-0.0548486540146637,0.34115920713623626,3.293852129772839
005930,2020-05-02,0.3742,6.0,0.4773,0.3251,7.0,9.25,6.0,5.0,13.615333463821592,1.1259183737384535,0.08269488049853663,-0.0548486540146637,0.34115920713623626,3.293852129772839
005930,2020-05-03,0.3591,8.0,0.8384,0.284,12.0,9.25,6.0,5.0,13.615333463821592,1.1259183737384535,0.08269488049853663,-0.0548486540146637,0.34115920713623626,3.293852129772839
005930,2020-05-04,0.2648,8.0,0.8169,0.2193,16.0,9.25,6.0,5.0,13.206873459906944,1.0921408225262998,0.08269488049853663,-0.0548486540146637,0.34115920713623626,3.2344472234904793
005930,2020-05-05,0.3686,6.0,0.4763,0.2247,8.0,9.25,6.0,5.0,13.206873459906944,1.0921408225262998,0.08269488049853663,-0.0548486540146637,0.34115920713623626,3.2344472234904793
005930,2020-05-06,-0.7078,9.0,0.5392,0.2031,57.0,9.25,6.0,5.0,13.397488128400447,1.1079036797586381,0.08269488049853663,-0.0548486540146637,0.34115920713623626,3.2621695130889137
005930,2020-05-07,-0.489,8.0,0.6201,0.3422,32.0,9.25,6.0,5.0,13.288565460689874,1.0988963327687304,0.08269488049853663,-0.0548486540146637,0.34115920713623626,3.246328204746951
005930,2020-05-08,0.0745,5.0,0.8209,0.2039,7.0,9.25,6.0,5.0,13.288565460689874,1.0988963327687304,0.08269488049853663,-0.0548486540146637,0.34115920713623626,3.246328204746951
005930,2020-05-09,0.0353,3.0,0.9646,0.4165,2.0,9.25,6.0,5.0,13.288565460689874,1.0988963327687304,0.08269488049853663,-0.0548486540146637,0.34115920713623626,3.246328204746951
005930,2020-05-10,0.4058,7.0,0.7006,0.2098,10.0,9.25,6.0,5.0,13.288565460689874,1.0988963327687304,0.08269488049853663,-0.0548486540146637,0.34115920713623626,3.246328204746951
005930,2020-05-11,0.1864,8.0,0.7636,0.221,13.0,9.25,6.0,5.0,13.179642792979301,1.089888985778823,0.08269488049853663,-0.0548486540146637,0.34115920713623626,3.230486896404989
005930,2020-05-12,-0.0212,7.0,0.5216,0.1632,13.0,9.25,6.0,5.0,13.043489458341085,1.0786298020414384,0.08269488049853663,-0.0548486540146637,0.34115920713623626,3.2106852609775354
005930,2020-05-13,0.14,7.0,0.5536,0.2195,21.0,9.25,6.0,5.0,13.220488793370766,1.0932667409000383,0.08269488049853663,-0.0548486540146637,0.34115920713623626,3.236427387033225
005930,2020-05-14,0.1747,8.0,0.6891,0.225,21.0,9.25,6.0,5.0,13.070720125268728,1.0808816387889153,0.08269488049853663,-0.0548486540146637,0.34115920713623626,3.2146455880630262
005930,2020-05-15,-0.0648,7.0,0.6955,0.1918,13.0,9.25,6.0,5.0,13.029874124877264,1.0775038836677,0.08269488049853663,-0.0548486540146637,0.34115920713623626,3.20870509743479
005930,2020-05-16,-0.3772,5.0,0.4227,0.2055,3.0,9.25,6.0,5.0,13.029874124877264,1.0775038836677,0.08269488049853663,-0.0548486540146637,0.34115920713623626,3.20870509743479
005930,2020-05-17,-0.1029,5.0,0.8443,0.2464,6.0,9.25,6.0,5.0,13.029874124877264,1.0775038836677,0.08269488049853663,-0.0548486540146637,0.34115920713623626,3.20870509743479
005930,2020-05-18,0.2615,8.0,0.5572,0.2075,22.0,9.25,6.0,5.0,13.288565460689874,1.0988963327687304,0.08269488049853663,-0.0548486540146637,0.34115920713623626,3.246328204746951
005930,2020-05-19,0.0636,7.0,0.5275,0.3583,53.0,9.25,6.0,5.0,13.697025464604522,1.132673883980884,0.08269488049853663,-0.0548486540146637,0.34115920713623626,3.3057331110293107
005930,2020-05-20,0.3322,8.0,0.5828,0.2499,15.0,9.25,6.0,5.0,13.615333463821592,1.1259183737384535,0.08269488049853663,-0.0548486540146637,0.34115920713623626,3.293852129772839
005930,2020-05-21,0.6957,9.0,0.4154,0.2065,14.0,9.25,6.0,5.0,13.60171813035777,1.124792455364715,0.08269488049853663,-0.0548486540146637,0.34115920713623626,3.2918719662300937
005930,2020-05-22,0.1344,7.0,0.6507,0.209,17.0,9.25,6.0,5.0,13.274950127226052,1.097770414394992,0.08269488049853663,-0.0548486540146637,0.34115920713623626,3.244348041204206
005930,2020-05-23,0.2846,5.0,0.7276,0.3257,4.0,9.25,6.0,5.0,13.274950127226052,1.097770414394992,0.08269488049853663,-0.0548486540146637,0.34115920713623626,3.244348041204206
005930,2020-05-24,0.6236,7.0,0.4828,0.2938,8.0,9.25,6.0,5.0,13.274950127226052,1.097770414394992,0.08269488049853663,-0.0548486540146637,0.34115920713623626,3.244348041204206
005930,2020-05-25,-0.0934,7.0,0.6904,0.2498,18.0,9.25,6.0,5.0,13.302180794153696,1.100022251142469,0.08269488049853663,-0.0548486540146637,0.34115920713623626,3.2483083682896963
005930,2020-05-26,-0.2354,8.0,0.8055,0.1983,34.0,9.25,6.0,5.0,13.411103461864268,1.1090295981323766,0.08269488049853663,-0.0548486540146637,0.34115920713623626,3.264149676631659
005930,2020-05-27,0.0295,7.0,0.7635,0.2463,24.0,9.25,6.0,5.0,13.58810279689395,1.1236665369909766,0.08269488049853663,-0.0548486540146637,0.34115920713623626,3.2898918026873485
005930,2020-05-28,0.2391,8.0,0.8102,0.2264,21.0,9.25,6.0,5.0,13.724256131532165,1.134925720728361,0.08269488049853663,-0.0548486540146637,0.34115920713623626,3.3096934381148015
005930,2020-05-29,-0.4478,8.0,0.6786,0.1591,16.0,9.25,6.0,5.0,13.805948132315095,1.1416812309707918,0.08269488049853663,-0.0548486540146637,0.34115920713623626,3.3215744193712733
005930,2020-05-30,-0.2882,6.0,0.5341,0.255,6.0,9.25,6.0,5.0,13.805948132315095,1.1416812309707918,0.08269488049853663,-0.0548486540146637,0.34115920713623626,3.3215744193712733
005930,2020-05-31,-0.0898,7.0,0.4387,0.288,13.0,9.25,6.0,5.0,13.805948132315095,1.1416812309707918,0.08269488049853663,-0.0548486540146637,0.34115920713623626,3.3215744193712733
005930,2020-06-01,0.0934,7.0,0.6865,0.2073,28.0,9.25,6.0,6.0,13.94210146695331,1.1529404147081763,0.08269488049853663,-0.0548486540146637,0.34115920713623626,3.3413760547987263
005930,2020-06-02,0.7016,7.0,0.3625,0.2656,7.0,9.25,6.0,6.0,13.996562800808597,1.15744408820313,0.08269488049853663,-0.0548486540146637,0.34115920713623626,3.3492967089697077
005930,2020-06-03,-0.1536,7.0,0.76,0.194,31.0,9.25,6.0,6.0,14.840713475565536,1.2272510273749142,0.08269488049853663,-0.0548486540146637,0.34115920713623626,3.472066848619917
005930,2020-06-04,-0.3235,8.0,0.7615,0.2891,52.0,9.25,6.0,6.0,14.86794414249318,1.229502864122391,0.08269488049853663,-0.0548486540146637,0.34115920713623626,3.4760271757054078
005930,2020-06-05,-0.3865,8.0,0.696,0.2551,23.0,9.25,4.5,6.0,15.113020144841968,1.2497693948496833,0.08269488049853663,-0.0548486540146637,0.34115920713623626,3.5116701194748234
005930,2020-06-06,-0.4634,6.0,0.7052,0.3161,7.0,9.25,4.5,6.0,15.113020144841968,1.2497693948496833,0.08269488049853663,-0.0548486540146637,0.34115920713623626,3.5116701194748234
005930,2020-06-07,-0.9152,10.0,0.2759,0.2823,12.0,9.25,4.5,6.0,15.113020144841968,1.2497693948496833,0.08269488049853663,-0.0548486540146637,0.34115920713623626,3.5116701194748234
005930,2020-06-08,-0.8693,10.0,0.4313,0.4347,79.0,9.25,6.0,6.0,14.94963614327611,1.2362583743648219,0.08269488049853663,-0.0548486540146637,0.34115920713623626,3.4879081569618795
005930,2020-06-09,-0.6831,9.0,0.5751,0.2697,64.0,9.25,4.5,6.0,15.113020144841968,1.2497693948496833,0.08269488049853663,-0.0548486540146637,0.34115920713623626,3.5116701194748234
005930,2020-06-10,-0.0993,7.0,0.8284,0.2458,23.0,9.25,4.5,6.0,15.085789477914325,1.2475175581022064,0.08269488049853663,-0.0548486540146637,0.34115920713623626,3.507709792389333
005930,2020-06-11,-0.1792,8.0,0.8194,0.2208,36.0,9.25,6.0,6.0,14.78625214171025,1.2227473538799605,0.08269488049853663,-0.0548486540146637,0.34115920713623626,3.4641461944489356
005930,2020-06-12,-0.4055,8.0,0.6494,0.2925,20.0,9.25,6.0,6.0,14.241638803157386,1.1777106189304223,0.08269488049853663,-0.0548486540146637,0.34115920713623626,3.3849396527391233
005930,2020-06-13,0.1737,5.0,0.7195,0.3298,5.0,9.25,6.0,6.0,14.241638803157386,1.1777106189304223,0.08269488049853663,-0.0548486540146637,0.34115920713623626,3.3849396527391233
005930,2020-06-14,0.9973,7.0,0.0035,0.2359,3.0,9.25,6.0,6.0,14.241638803157386,1.1777106189304223,0.08269488049853663,-0.0548486540146637,0.34115920713623626,3.3849396527391233
005930,2020-06-15,-0.0672,7.0,0.8296,0.2577,30.0,9.25,6.0,6.0,13.58810279689395,1.1236665369909766,0.08269488049853663,-0.0548486540146637,0.34115920713623626,3.2898918026873485
005930,2020-06-16,-0.042,7.0,0.8088,0.2078,31.0,9.25,6.0,6.0,14.1871774693021,1.1732069454354686,0.08269488049853663,-0.0548486540146637,0.34115920713623626,3.377018998568142
005930,2020-06-17,0.0877,7.0,0.4789,0.2097,20.0,9.25,6.0,6.0,14.214408136229743,1.1754587821829454,0.08269488049853663,-0.0548486540146637,0.34115920713623626,3.3809793256536325
005930,2020-06-18,0.5528,9.0,0.5482,0.1948,19.0,9.25,6.0,6.0,14.241638803157386,1.1777106189304223,0.08269488049853663,-0.0548486540146637,0.34115920713623626,3.3849396527391233
005930,2020-06-19,0.2269,8.0,0.7053,0.1944,15.0,9.25,6.0,6.0,14.405022804723245,1.1912216394152837,0.08269488049853663,-0.0548486540146637,0.34115920713623626,3.4087016152520673
005930,2020-06-20,0.3267,5.0,0.4694,0.1555,3.0,9.25,6.0,6.0,14.405022804723245,1.1912216394152837,0.08269488049853663,-0.0548486540146637,0.34115920713623626,3.4087016152520673
005930,2020-06-21,0.182,7.0,0.932,0.1781,9.0,9.25,6.0,6.0,14.405022804723245,1.1912216394152837,0.08269488049853663,-0.0548486540146637,0.34115920713623626,3.4087016152520673
005930,2020-06-22,0.1752,8.0,0.7018,0.1864,31.0,9.25,6.0,6.0,14.159946802374456,1.1709551086879915,0.08269488049853663,-0.0548486540146637,0.34115920713623626,3.373058671482651
005930,2020-06-23,0.1191,7.0,0.5163,0.2027,22.0,9.25,6.0,6.0,13.996562800808597,1.15744408820313,0.08269488049853663,-0.0548486540146637,0.34115920713623626,3.3492967089697077
005930,2020-06-24,0.2327,8.0,0.5968,0.2251,20.0,9.25,6.0,6.0,14.405022804723245,1.1912216394152837,0.08269488049853663,-0.0548486540146637,0.34115920713623626,3.4087016152520673
005930,2020-06-25,0.3567,8.0,0.8689,0.1836,20.0,9.25,6.0,6.0,14.132716135446813,1.1687032719405146,0.08269488049853663,-0.0548486540146637,0.34115920713623626,3.3690983443971607
005930,2020-06-26,-0.7778,9.0,0.5018,0.2486,28.0,9.25,6.0,6.0,14.513945472433818,1.2002289864051914,0.08269488049853663,-0.0548486540146637,0.34115920713623626,3.4245429235940295
005930,2020-06-27,-0.7707,7.0,0.3772,0.4876,7.0,9.25,6.0,6.0,14.513945472433818,1.2002289864051914,0.08269488049853663,-0.0548486540146637,0.34115920713623626,3.4245429235940295
005930,2020-06-28,-0.1928,8.0,0.7866,0.2902,16.0,9.25,6.0,6.0,14.513945472433818,1.2002289864051914,0.08269488049853663,-0.0548486540146637,0.34115920713623626,3.4245429235940295
005930,2020-06-29,-0.5604,9.0,0.7291,0.2698,18.0,9.25,6.0,6.0,14.26886947008503,1.1799624556778991,0.08269488049853663,-0.0548486540146637,0.34115920713623626,3.3888999798246138
005930,2020-06-30,-0.1155,7.0,0.5776,0.2238,25.0,9.25,6.0,6.0,14.377792137795602,1.1889698026678068,0.08269488049853663,-0.0548486540146637,0.34115920713623626,3.4047412881665764
005930,2020-07-01,0.2503,8.0,0.612,0.209,23.0,9.25,6.0,7.0,14.323330803940316,1.184466129172853,0.08269488049853663,-0.0548486540146637,0.34115920713623626,3.396820633995595
005930,2020-07-02,0.3632,8.0,0.6568,0.1928,19.0,9.25,6.0,7.0,14.405022804723245,1.1912216394152837,0.08269488049853663,-0.0548486540146637,0.34115920713623626,3.4087016152520673
005930,2020-07-03,0.4033,8.0,0.7013,0.1654,15.0,9.25,6.0,7.0,14.595637473216748,1.206984496647622,0.08269488049853663,-0.0548486540146637,0.34115920713623626,3.4364239048505016
005930,2020-07-04,-0.0001,3.0,0.0,0.2439,1.0,9.25,6.0,7.0,14.595637473216748,1.206984496647622,0.08269488049853663,-0.0548486540146637,0.34115920713623626,3.4364239048505016
005930,2020-07-05,0.4888,7.0,0.5105,0.192,10.0,9.25,6.0,7.0,14.595637473216748,1.206984496647622,0.08269488049853663,-0.0548486540146637,0.34115920713623626,3.4364239048505016
005930,2020-07-06,0.3322,8.0,0.5534,0.2125,20.0,9.25,6.0,7.0,14.976866810203752,1.2385102111122988,0.08269488049853663,-0.0548486540146637,0.34115920713623626,3.4918684840473704
005930,2020-07-07,0.3916,8.0,0.6665,0.306,48.0,9.25,6.0,7.0,14.541176139361461,1.2024808231526682,0.08269488049853663,-0.0548486540146637,0.34115920713623626,3.4285032506795203
005930,2020-07-08,0.1908,8.0,0.5743,0.2174,22.0,9.25,6.0,7.0,14.432253471650888,1.1934734761627606,0.08269488049853663,-0.0548486540146637,0.34115920713623626,3.4126619423375577
005930,2020-07-09,0.5579,9.0,0.5217,0.2254,17.0,9.25,6.0,7.0,14.377792137795602,1.1889698026678068,0.08269488049853663,-0.0548486540146637,0.34115920713623626,3.4047412881665764
005930,2020-07-10,0.6702,9.0,0.4349,0.2054,14.0,9.25,6.0,7.0,14.350561470867959,1.18671796592033,0.08269488049853663,-0.0548486540146637,0.34115920713623626,3.400780961081086
005930,2020-07-11,0.5437,6.0,0.4526,0.2131,4.0,9.25,6.0,7.0,14.350561470867959,1.18671796592033,0.08269488049853663,-0.0548486540146637,0.34115920713623626,3.400780961081086
005930,2020-07-12,-0.0214,4.0,0.022,0.2024,4.0,9.25,6.0,7.0,14.350561470867959,1.18671796592033,0.08269488049853663,-0.0548486540146637,0.34115920713623626,3.400780961081086
005930,2020-07-13,0.2002,8.0,0.3925,0.1691,15.0,9.25,6.0,7.0,14.541176139361461,1.2024808231526682,0.08269488049853663,-0.0548486540146637,0.34115920713623626,3.4285032506795203
005930,2020-07-14,0.4713,8.0,0.6004,0.2004,15.0,9.25,6.0,7.0,14.650098807072034,1.211488170142576,0.08269488049853663,-0.0548486540146637,0.34115920713623626,3.4443445590214825
005930,2020-07-15,0.0661,6.0,0.5931,0.2338,11.0,9.25,6.0,7.0,14.895174809420823,1.2317547008698682,0.08269488049853663,-0.0548486540146637,0.34115920713623626,3.479987502790898
005930,2020-07-16,0.1783,8.0,0.6443,0.21,12.0,9.25,6.0,7.0,14.650098807072034,1.211488170142576,0.08269488049853663,-0.0548486540146637,0.34115920713623626,3.4443445590214825
005930,2020-07-17,-0.2675,6.0,0.4647,0.1517,7.0,9.25,6.0,7.0,14.813482808637893,1.2249991906274373,0.08269488049853663,-0.0548486540146637,0.34115920713623626,3.4681065215344264
005930,2020-07-18,0.9549,6.0,0.0,0.1702,1.0,9.25,6.0,7.0,14.813482808637893,1.2249991906274373,0.08269488049853663,-0.0548486540146637,0.34115920713623626,3.4681065215344264
005930,2020-07-19,0.9872,7.0,0.0213,0.1766,4.0,9.25,6.0,7.0,14.813482808637893,1.2249991906274373,0.08269488049853663,-0.0548486540146637,0.34115920713623626,3.4681065215344264
005930,2020-07-20,0.1796,8.0,0.6328,0.2471,29.0,9.25,6.0,7.0,14.759021474782607,1.2204955171324836,0.08269488049853663,-0.0548486540146637,0.34115920713623626,3.460185867363445
005930,2020-07-21,0.2367,8.0,0.4775,0.1671,23.0,9.25,4.5,7.0,15.058558810986682,1.2452657213547296,0.08269488049853663,-0.0548486540146637,0.34115920713623626,3.503749465303842
005930,2020-07-22,0.0697,7.0,0.7046,0.1685,14.0,9.25,6.0,7.0,14.895174809420823,1.2317547008698682,0.08269488049853663,-0.0548486540146637,0.34115920713623626,3.479987502790898
005930,2020-07-23,0.4285,8.0,0.5436,0.1815,17.0,9.25,6.0,7.0,14.731790807854964,1.2182436803850065,0.08269488049853663,-0.0548486540146637,0.34115920713623626,3.4562255402779543
005930,2020-07-24,0.3814,6.0,0.842,0.2225,8.0,9.25,6.0,7.0,14.759021474782607,1.2204955171324836,0.08269488049853663,-0.0548486540146637,0.34115920713623626,3.460185867363445
005930,2020-07-25,-0.0203,3.0,0.0193,0.3298,2.0,9.25,6.0,7.0,14.759021474782607,1.2204955171324836,0.08269488049853663,-0.0548486540146637,0.34115920713623626,3.460185867363445
005930,2020-07-26,-0.3712,8.0,0.684,0.1846,12.0,9.25,6.0,7.0,14.759021474782607,1.2204955171324836,0.08269488049853663,-0.0548486540146637,0.34115920713623626,3.460185867363445
005930,2020-07-27,-0.0824,7.0,0.6375,0.1929,15.0,9.25,4.5,7.0,15.140250811769612,1.2520212315971602,0.08269488049853663,-0.0548486540146637,0.34115920713623626,3.515630446560314
005930,2020-07-28,0.387,8.0,0.4677,0.2523,25.0,9.25,4.5,7.0,15.957170819598906,1.3195763340214675,0.08269488049853663,-0.0548486540146637,0.34115920713623626,3.6344402591250327
005930,2020-07-29,0.1956,8.0,0.5531,0.2145,22.0,9.25,4.5,7.0,16.06609348730948,1.3285836810113751,0.08269488049853663,-0.0548486540146637,0.34115920713623626,3.6502815674669953
005930,2020-07-30,0.4231,8.0,0.7489,0.1936,66.0,9.25,4.5,7.0,16.06609348730948,1.3285836810113751,0.08269488049853663,-0.0548486540146637,0.34115920713623626,3.6502815674669953
005930,2020-07-31,0.0984,7.0,0.628,0.2063,21.0,9.25,4.5,7.0,15.766556151105403,1.3038134767891292,0.08269488049853663,-0.0548486540146637,0.34115920713623626,3.6067179695265987
005930,2020-08-01,-0.4986,4.0,0.4923,0.2348,2.0,9.25,4.5,8.0,15.766556151105403,1.3038134767891292,0.08269488049853663,-0.0548486540146637,0.34115920713623626,3.6067179695265987
005930,2020-08-02,0.263,5.0,0.7155,0.2638,5.0,9.25,4.5,8.0,15.766556151105403,1.3038134767891292,0.08269488049853663,-0.0548486540146637,0.34115920713623626,3.6067179695265987
005930,2020-08-03,-0.19,8.0,0.4417,0.1641,17.0,9.25,4.5,8.0,15.46701881490133,1.279043272566883,0.08269488049853663,-0.0548486540146637,0.34115920713623626,3.5631543715862013
005930,2020-08-04,-0.2823,8.0,0.5535,0.164,18.0,9.25,4.5,8.0,15.603172149539546,1.2903024563042675,0.08269488049853663,-0.0548486540146637,0.34115920713623626,3.582956007013655
005930,2020-08-05,0.4314,8.0,0.5598,0.1678,23.0,9.25,4.5,8.0,15.494249481828973,1.28129510931436,0.08269488049853663,-0.0548486540146637,0.34115920713623626,3.567114698671692
005930,2020-08-06,0.2255,8.0,0.5941,0.2824,39.0,9.25,4.5,8.0,15.793786818033047,1.306065313536606,0.08269488049853663,-0.0548486540146637,0.34115920713623626,3.610678296612089
005930,2020-08-07,0.5385,9.0,0.5847,0.3197,18.0,9.25,4.5,8.0,15.65763348339483,1.2948061297992215,0.08269488049853663,-0.0548486540146637,0.34115920713623626,3.590876661184636
005930,2020-08-08,0.0037,3.0,0.0,0.2889,1.0,9.25,4.5,8.0,15.65763348339483,1.2948061297992215,0.08269488049853663,-0.0548486540146637,0.34115920713623626,3.590876661184636
005930,2020-08-09,0.2221,7.0,0.4972,0.187,11.0,9.25,4.5,8.0,15.65763348339483,1.2948061297992215,0.08269488049853663,-0.0548486540146637,0.34115920713623626,3.590876661184636
005930,2020-08-10,0.3404,8.0,0.7346,0.2009,23.0,9.25,4.5,8.0,15.73932548417776,1.301561640041652,0.08269488049853663,-0.0548486540146637,0.34115920713623626,3.602757642441108
005930,2020-08-11,0.0067,7.0,0.6423,0.2123,12.0,9.25,4.5,8.0,15.848248151888333,1.3105689870315598,0.08269488049853663,-0.0548486540146637,0.34115920713623626,3.6185989507830705
005930,2020-08-12,0.3864,8.0,0.7157,0.2456,12.0,9.25,4.5,8.0,16.06609348730948,1.3285836810113751,0.08269488049853663,-0.0548486540146637,0.34115920713623626,3.6502815674669953
005930,2020-08-13,0.2786,8.0,0.535,0.2439,24.0,9.25,4.5,8.0,15.984401486526549,1.3218281707689443,0.08269488049853663,-0.0548486540146637,0.34115920713623626,3.6384005862105235
005930,2020-08-14,0.3738,8.0,0.5022,0.2226,23.0,9.25,4.5,8.0,15.793786818033047,1.306065313536606,0.08269488049853663,-0.0548486540146637,0.34115920713623626,3.610678296612089
005930,2020-08-15,0.2453,6.0,0.4141,0.3256,8.0,9.25,4.5,8.0,15.793786818033047,1.306065313536606,0.08269488049853663,-0.0548486540146637,0.34115920713623626,3.610678296612089
005930,2020-08-16,0.2923,8.0,0.567,0.2804,16.0,9.25,4.5,8.0,15.793786818033047,1.306065313536606,0.08269488049853663,-0.0548486540146637,0.34115920713623626,3.610678296612089
005930,2020-08-17,0.456,5.0,0.4617,0.4326,4.0,9.25,4.5,8.0,15.793786818033047,1.306065313536606,0.08269488049853663,-0.0548486540146637,0.34115920713623626,3.610678296612089
005930,2020-08-18,0.2048,7.0,0.7088,0.2667,11.0,9.25,4.5,8.0,15.90270948574362,1.3150726605265135,0.08269488049853663,-0.0548486540146637,0.34115920713623626,3.626519604954052
005930,2020-08-19,-0.1106,7.0,0.7438,0.182,21.0,9.25,4.5,8.0,15.73932548417776,1.301561640041652,0.08269488049853663,-0.0548486540146637,0.34115920713623626,3.602757642441108
005930,2020-08-20,0.1161,7.0,0.7429,0.2336,23.0,9.25,4.5,8.0,15.085789477914325,1.2475175581022064,0.08269488049853663,-0.0548486540146637,0.34115920713623626,3.507709792389333
005930,2020-08-21,0.4436,8.0,0.7141,0.2655,21.0,9.25,4.5,8.0,15.221942812552541,1.258776741839591,0.08269488049853663,-0.0548486540146637,0.34115920713623626,3.527511427816786
005930,2020-08-22,-0.9306,6.0,0.0,0.3778,1.0,9.25,4.5,8.0,15.221942812552541,1.258776741839591,0.08269488049853663,-0.0548486540146637,0.34115920713623626,3.527511427816786
005930,2020-08-23,0.5151,8.0,0.4702,0.2333,11.0,9.25,4.5,8.0,15.221942812552541,1.258776741839591,0.08269488049853663,-0.0548486540146637,0.34115920713623626,3.527511427816786
005930,2020-08-24,0.1489,7.0,0.7577,0.2338,13.0,9.25,4.5,8.0,15.276404146407828,1.2632804153345447,0.08269488049853663,-0.0548486540146637,0.34115920713623626,3.535432081987767
005930,2020-08-25,0.2086,8.0,0.7485,0.2072,28.0,9.25,4.5,8.0,15.358096147190757,1.2700359255769755,0.08269488049853663,-0.0548486540146637,0.34115920713623626,3.547313063244239
005930,2020-08-26,0.3377,8.0,0.7263,0.2415,14.0,9.25,4.5,8.0,15.358096147190757,1.2700359255769755,0.08269488049853663,-0.0548486540146637,0.34115920713623626,3.547313063244239
005930,2020-08-27,0.3716,8.0,0.7222,0.2087,21.0,9.25,4.5,8.0,15.140250811769612,1.2520212315971602,0.08269488049853663,-0.0548486540146637,0.34115920713623626,3.515630446560314
005930,2020-08-28,0.5128,9.0,0.4483,0.2166,16.0,9.25,4.5,8.0,15.085789477914325,1.2475175581022064,0.08269488049853663,-0.0548486540146637,0.34115920713623626,3.507709792389333
005930,2020-08-29,-0.1313,4.0,0.1806,0.2434,4.0,9.25,4.5,8.0,15.085789477914325,1.2475175581022064,0.08269488049853663,-0.0548486540146637,0.34115920713623626,3.507709792389333
005930,2020-08-30,-0.1527,4.0,0.69,0.2005,5.0,9.25,4.5,8.0,15.085789477914325,1.2475175581022064,0.08269488049853663,-0.0548486540146637,0.34115920713623626,3.507709792389333
005930,2020-08-31,0.1902,8.0,0.7838,0.1815,23.0,9.25,6.0,8.0,14.70456014092732,1.2159918436375297,0.08269488049853663,-0.0548486540146637,0.34115920713623626,3.452265213192464
005930,2020-09-01,-0.4359,8.0,0.8077,0.1939,59.0,9.25,6.0,9.0,14.759021474782607,1.2204955171324836,0.08269488049853663,-0.0548486540146637,0.34115920713623626,3.460185867363445
005930,2020-09-02,0.0283,7.0,0.7747,0.262,34.0,9.25,6.0,9.0,14.813482808637893,1.2249991906274373,0.08269488049853663,-0.0548486540146637,0.34115920713623626,3.4681065215344264
005930,2020-09-03,0.1866,8.0,0.7521,0.2091,19.0,9.25,4.5,9.0,15.358096147190757,1.2700359255769755,0.08269488049853663,-0.0548486540146637,0.34115920713623626,3.547313063244239
005930,2020-09-04,0.0142,6.0,0.6101,0.1923,10.0,9.25,4.5,9.0,15.140250811769612,1.2520212315971602,0.08269488049853663,-0.0548486540146637,0.34115920713623626,3.515630446560314
005930,2020-09-05,-0.919,6.0,0.0,0.1333,1.0,9.25,4.5,9.0,15.140250811769612,1.2520212315971602,0.08269488049853663,-0.0548486540146637,0.34115920713623626,3.515630446560314
005930,2020-09-06,0.5433,8.0,0.6768,0.1864,9.0,9.25,4.5,9.0,15.140250811769612,1.2520212315971602,0.08269488049853663,-0.0548486540146637,0.34115920713623626,3.515630446560314
005930,2020-09-07,0.2371,8.0,0.7749,0.2464,33.0,9.25,4.5,9.0,15.3853268141184,1.2722877623244524,0.08269488049853663,-0.0548486540146637,0.34115920713623626,3.5512733903297296
005930,2020-09-08,0.5551,9.0,0.6433,0.2152,38.0,9.25,4.5,9.0,15.984401486526549,1.3218281707689443,0.08269488049853663,-0.0548486540146637,0.34115920713623626,3.6384005862105235
005930,2020-09-09,0.1446,7.0,0.7369,0.1912,32.0,9.25,4.5,9.0,15.90270948574362,1.3150726605265135,0.08269488049853663,-0.0548486540146637,0.34115920713623626,3.626519604954052
005930,2020-09-10,0.5402,9.0,0.5826,0.1817,33.0,9.25,4.5,9.0,16.120554821164767,1.3330873545063289,0.08269488049853663,-0.0548486540146637,0.34115920713623626,3.6582022216379766
005930,2020-09-11,-0.0709,7.0,0.7602,0.2114,15.0,9.25,4.5,9.0,16.06609348730948,1.3285836810113751,0.08269488049853663,-0.0548486540146637,0.34115920713623626,3.6502815674669953
005930,2020-09-12,0.3315,5.0,0.4689,0.1735,3.0,9.25,4.5,9.0,16.06609348730948,1.3285836810113751,0.08269488049853663,-0.0548486540146637,0.34115920713623626,3.6502815674669953
005930,2020-09-13,0.122,4.0,0.1545,0.3838,4.0,9.25,4.5,9.0,16.06609348730948,1.3285836810113751,0.08269488049853663,-0.0548486540146637,0.34115920713623626,3.6502815674669953
005930,2020-09-14,0.3389,8.0,0.6365,0.2117,26.0,9.25,4.5,9.0,16.447322824296485,1.3601093954760517,0.08269488049853663,-0.0548486540146637,0.34115920713623626,3.705726146663864
005930,2020-09-15,0.5356,9.0,0.5613,0.2344,30.0,9.25,4.5,9.0,16.610706825862344,1.373620415960913,0.08269488049853663,-0.0548486540146637,0.34115920713623626,3.729488109176808
005930,2020-09-16,0.1969,8.0,0.8651,0.2325,21.0,9.25,4.5,9.0,16.610706825862344,1.373620415960913,0.08269488049853663,-0.0548486540146637,0.34115920713623626,3.729488109176808
005930,2020-09-17,0.3826,8.0,0.5933,0.1894,15.0,9.25,4.5,9.0,16.202246821947696,1.3398428647487597,0.08269488049853663,-0.0548486540146637,0.34115920713623626,3.6700832028944483
005930,2020-09-18,0.3539,8.0,0.6027,0.1544,15.0,9.25,4.5,9.0,16.14778548809241,1.3353391912538057,0.08269488049853663,-0.0548486540146637,0.34115920713623626,3.662162548723467
005930,2020-09-19,,,,,0.0,9.25,4.5,9.0,16.14778548809241,1.3353391912538057,0.08269488049853663,-0.0548486540146637,0.34115920713623626,3.662162548723467
005930,2020-09-20,0.1923,7.0,0.5396,0.1808,9.0,9.25,4.5,9.0,16.14778548809241,1.3353391912538057,0.08269488049853663,-0.0548486540146637,0.34115920713623626,3.662162548723467
005930,2020-09-21,0.3959,8.0,0.6131,0.1947,17.0,9.25,4.5,9.0,16.120554821164767,1.3330873545063289,0.08269488049853663,-0.0548486540146637,0.34115920713623626,3.6582022216379766
005930,2020-09-22,0.6257,9.0,0.481,0.1836,14.0,9.25,4.5,9.0,15.848248151888333,1.3105689870315598,0.08269488049853663,-0.0548486540146637,0.34115920713623626,3.6185989507830705
005930,2020-09-23,0.653,9.0,0.4695,0.1889,20.0,9.25,4.5,9.0,15.957170819598906,1.3195763340214675,0.08269488049853663,-0.0548486540146637,0.34115920713623626,3.6344402591250327
005930,2020-09-24,0.2235,8.0,0.6014,0.2515,15.0,9.25,4.5,9.0,15.73932548417776,1.301561640041652,0.08269488049853663,-0.0548486540146637,0.34115920713623626,3.602757642441108
005930,2020-09-25,0.1274,5.0,0.7702,0.2008,8.0,9.25,4.5,9.0,15.766556151105403,1.3038134767891292,0.08269488049853663,-0.0548486540146637,0.34115920713623626,3.6067179695265987
005930,2020-09-26,-0.0,3.0,0.0,0.2558,1.0,9.25,4.5,9.0,15.766556151105403,1.3038134767891292,0.08269488049853663,-0.0548486540146637,0.34115920713623626,3.6067179695265987
005930,2020-09-27,0.0868,4.0,0.7127,0.2306,3.0,9.25,4.5,9.0,15.766556151105403,1.3038134767891292,0.08269488049853663,-0.0548486540146637,0.34115920713623626,3.6067179695265987
005930,2020-09-28,0.393,8.0,0.5718,0.1599,14.0,9.25,4.5,9.0,15.848248151888333,1.3105689870315598,0.08269488049853663,-0.0548486540146637,0.34115920713623626,3.6185989507830705
005930,2020-09-29,0.3897,5.0,0.2762,0.2102,3.0,9.25,4.5,9.0,15.848248151888333,1.3105689870315598,0.08269488049853663,-0.0548486540146637,0.34115920713623626,3.6185989507830705
005930,2020-09-30,-0.0,3.0,0.0,0.3673,1.0,9.25,4.5,9.0,15.848248151888333,1.3105689870315598,0.08269488049853663,-0.0548486540146637,0.34115920713623626,3.6185989507830705
005930,2020-10-01,-0.4997,4.0,0.4997,0.2039,2.0,9.25,4.5,10.0,15.848248151888333,1.3105689870315598,0.08269488049853663,-0.0548486540146637,0.34115920713623626,3.6185989507830705
005930,2020-10-02,-0.0,3.0,0.0,0.2931,2.0,9.25,4.5,10.0,15.848248151888333,1.3105689870315598,0.08269488049853663,-0.0548486540146637,0.34115920713623626,3.6185989507830705
005930,2020-10-03,0.0645,4.0,0.5367,0.2094,5.0,9.25,4.5,10.0,15.848248151888333,1.3105689870315598,0.08269488049853663,-0.0548486540146637,0.34115920713623626,3.6185989507830705
005930,2020-10-04,-0.1123,5.0,0.5677,0.2411,8.0,9.25,4.5,10.0,15.848248151888333,1.3105689870315598,0.08269488049853663,-0.0548486540146637,0.34115920713623626,3.6185989507830705
005930,2020-10-05,0.3391,8.0,0.659,0.2758,18.0,9.25,4.5,10.0,15.984401486526549,1.3218281707689443,0.08269488049853663,-0.0548486540146637,0.34115920713623626,3.6384005862105235
005930,2020-10-06,0.0635,7.0,0.4918,0.1966,34.0,9.25,4.5,10.0,16.06609348730948,1.3285836810113751,0.08269488049853663,-0.0548486540146637,0.34115920713623626,3.6502815674669953
005930,2020-10-07,0.3155,8.0,0.5811,0.2178,18.0,9.25,4.5,10.0,16.31116948965827,1.3488502117386671,0.08269488049853663,-0.0548486540146637,0.34115920713623626,3.685924511236411
005930,2020-10-08,0.6015,9.0,0.6638,0.256,55.0,9.25,4.5,10.0,16.256708155802983,1.3443465382437134,0.08269488049853663,-0.0548486540146637,0.34115920713623626,3.6780038570654296
005930,2020-10-09,0.5707,7.0,0.4942,0.2951,7.0,9.25,4.5,10.0,16.256708155802983,1.3443465382437134,0.08269488049853663,-0.0548486540146637,0.34115920713623626,3.6780038570654296
005930,2020-10-10,-0.0,3.0,0.0,0.2174,1.0,9.25,4.5,10.0,16.256708155802983,1.3443465382437134,0.08269488049853663,-0.0548486540146637,0.34115920713623626,3.6780038570654296
005930,2020-10-11,0.3238,5.0,0.4781,0.1716,3.0,9.25,4.5,10.0,16.256708155802983,1.3443465382437134,0.08269488049853663,-0.0548486540146637,0.34115920713623626,3.6780038570654296
005930,2020-10-12,0.0829,7.0,0.7515,0.1984,15.0,9.25,4.5,10.0,16.447322824296485,1.3601093954760517,0.08269488049853663,-0.0548486540146637,0.34115920713623626,3.705726146663864
005930,2020-10-13,0.0412,7.0,0.7337,0.1824,24.0,9.25,4.5,10.0,16.5834761589347,1.3713685792134362,0.08269488049853663,-0.0548486540146637,0.34115920713623626,3.725527782091317
005930,2020-10-14,0.1773,8.0,0.4695,0.2582,33.0,9.25,4.5,10.0,16.5834761589347,1.3713685792134362,0.08269488049853663,-0.0548486540146637,0.34115920713623626,3.725527782091317
005930,2020-10-15,0.2826,8.0,0.8221,0.1658,15.0,9.25,4.5,10.0,16.338400156585912,1.351102048486144,0.08269488049853663,-0.0548486540146637,0.34115920713623626,3.689884838321902
005930,2020-10-16,0.3072,8.0,0.5843,0.1082,16.0,9.25,4.5,10.0,16.202246821947696,1.3398428647487597,0.08269488049853663,-0.0548486540146637,0.34115920713623626,3.6700832028944483
005930,2020-10-17,0.6014,5.0,0.0,0.1489,1.0,9.25,4.5,10.0,16.202246821947696,1.3398428647487597,0.08269488049853663,-0.0548486540146637,0.34115920713623626,3.6700832028944483
005930,2020-10-18,0.1199,5.0,0.3643,0.18,7.0,9.25,4.5,10.0,16.202246821947696,1.3398428647487597,0.08269488049853663,-0.0548486540146637,0.34115920713623626,3.6700832028944483
005930,2020-10-19,-0.0763,7.0,0.552,0.2729,19.0,9.25,4.5,10.0,16.338400156585912,1.351102048486144,0.08269488049853663,-0.0548486540146637,0.34115920713623626,3.689884838321902
005930,2020-10-20,0.3482,8.0,0.5802,0.1872,20.0,9.25,4.5,10.0,16.5834761589347,1.3713685792134362,0.08269488049853663,-0.0548486540146637,0.34115920713623626,3.725527782091317
005930,2020-10-21,-0.0004,6.0,0.7738,0.3344,10.0,9.25,4.5,10.0,16.5834761589347,1.3713685792134362,0.08269488049853663,-0.0548486540146637,0.34115920713623626,3.725527782091317
005930,2020-10-22,-0.2809,8.0,0.7059,0.3133,15.0,9.25,4.5,10.0,16.365630823513555,1.353353885233621,0.08269488049853663,-0.0548486540146637,0.34115920713623626,3.6938451654073923
005930,2020-10-23,0.41,8.0,0.6253,0.1256,23.0,9.25,4.5,10.0,16.3928614904412,1.355605721981098,0.08269488049853663,-0.0548486540146637,0.34115920713623626,3.697805492492883
005930,2020-10-24,-0.3332,5.0,0.4712,0.1715,3.0,9.25,4.5,10.0,16.3928614904412,1.355605721981098,0.08269488049853663,-0.0548486540146637,0.34115920713623626,3.697805492492883
005930,2020-10-25,-0.044,7.0,0.3427,0.137,132.0,9.25,4.5,10.0,16.3928614904412,1.355605721981098,0.08269488049853663,-0.0548486540146637,0.34115920713623626,3.697805492492883
005930,2020-10-26,0.0398,7.0,0.4323,0.2875,95.0,9.25,4.5,10.0,16.447322824296485,1.3601093954760517,0.08269488049853663,-0.0548486540146637,0.34115920713623626,3.705726146663864
005930,2020-10-27,0.2264,8.0,0.4822,0.2341,32.0,9.25,4.5,10.0,16.283938822730626,1.3465983749911903,0.08269488049853663,-0.0548486540146637,0.34115920713623626,3.6819641841509205
005930,2020-10-28,0.0104,7.0,0.2001,0.2579,35.0,9.25,4.5,10.0,16.06609348730948,1.3285836810113751,0.08269488049853663,-0.0548486540146637,0.34115920713623626,3.6502815674669953
005930,2020-10-29,0.3406,8.0,0.7124,0.2157,87.0,9.25,4.5,10.0,15.82101748496069,1.308317150284083,0.08269488049853663,-0.0548486540146637,0.34115920713623626,3.6146386236975796
005930,2020-10-30,0.3838,8.0,0.6428,0.206,20.0,9.25,4.5,10.0,15.412557481046044,1.2745395990719293,0.08269488049853663,-0.0548486540146637,0.34115920713623626,3.55523371741522
005930,2020-10-31,0.0,4.0,0.0001,0.1619,3.0,9.25,4.5,10.0,15.412557481046044,1.2745395990719293,0.08269488049853663,-0.0548486540146637,0.34115920713623626,3.55523371741522
005930,2020-11-01,0.2049,7.0,0.5901,0.2871,10.0,9.25,4.5,11.0,15.412557481046044,1.2745395990719293,0.08269488049853663,-0.0548486540146637,0.34115920713623626,3.55523371741522
005930,2020-11-02,0.1151,7.0,0.5103,0.1983,21.0,9.25,4.5,11.0,15.630402816467187,1.2925542930517446,0.08269488049853663,-0.0548486540146637,0.34115920713623626,3.5869163340991452
005930,2020-11-03,0.1595,7.0,0.4756,0.2295,35.0,9.25,4.5,11.0,16.011632153454194,1.3240800075164212,0.08269488049853663,-0.0548486540146637,0.34115920713623626,3.642360913296014
005930,2020-11-04,0.2829,8.0,0.5295,0.1715,12.0,9.25,4.5,11.0,15.929940152671263,1.3173244972739906,0.08269488049853663,-0.0548486540146637,0.34115920713623626,3.6304799320395422
005930,2020-11-05,0.1488,7.0,0.6503,0.1976,20.0,9.25,4.5,11.0,16.420092157368842,1.3578575587285748,0.08269488049853663,-0.0548486540146637,0.34115920713623626,3.7017658195783736
005930,2020-11-06,0.1259,4.0,0.2188,0.1668,4.0,9.25,4.5,11.0,16.365630823513555,1.353353885233621,0.08269488049853663,-0.0548486540146637,0.34115920713623626,3.6938451654073923
005930,2020-11-07,,,,,0.0,9.25,4.5,11.0,16.365630823513555,1.353353885233621,0.08269488049853663,-0.0548486540146637,0.34115920713623626,3.6938451654073923
005930,2020-11-08,0.2827,6.0,0.4541,0.1849,7.0,9.25,4.5,11.0,16.365630823513555,1.353353885233621,0.08269488049853663,-0.0548486540146637,0.34115920713623626,3.6938451654073923
005930,2020-11-09,-0.4185,8.0,0.8196,0.2596,30.0,9.25,4.5,11.0,16.3928614904412,1.355605721981098,0.08269488049853663,-0.0548486540146637,0.34115920713623626,3.697805492492883
005930,2020-11-10,0.0781,5.0,0.4071,0.1975,7.0,9.25,4.5,11.0,16.3928614904412,1.355605721981098,0.08269488049853663,-0.0548486540146637,0.34115920713623626,3.697805492492883
005930,2020-11-11,0.3591,7.0,0.6524,0.1496,9.0,9.25,4.5,11.0,16.692398826645274,1.380375926203344,0.08269488049853663,-0.0548486540146637,0.34115920713623626,3.7413690904332797
005930,2020-11-12,-0.0663,7.0,0.486,0.155,19.0,9.25,4.5,11.0,16.610706825862344,1.373620415960913,0.08269488049853663,-0.0548486540146637,0.34115920713623626,3.729488109176808
005930,2020-11-13,0.2927,8.0,0.56,0.1884,20.0,9.25,4.5,11.0,17.209781498270495,1.423160824405405,0.08269488049853663,-0.0548486540146637,0.34115920713623626,3.8166153050576015
005930,2020-11-14,-0.0,3.0,0.0,0.587,1.0,9.25,4.5,11.0,17.209781498270495,1.423160824405405,0.08269488049853663,-0.0548486540146637,0.34115920713623626,3.8166153050576015
005930,2020-11-15,0.2999,7.0,0.7008,0.2099,11.0,9.25,4.5,11.0,17.209781498270495,1.423160824405405,0.08269488049853663,-0.0548486540146637,0.34115920713623626,3.8166153050576015
005930,2020-11-16,0.6048,9.0,0.5845,0.2457,26.0,9.25,4.5,11.0,18.05393217302743,1.4929677635771892,0.08269488049853663,-0.0548486540146637,0.34115920713623626,3.939385444707811
005930,2020-11-17,0.246,8.0,0.7322,0.2205,15.0,9.25,4.5,11.0,17.89054817146157,1.4794567430923278,0.08269488049853663,-0.0548486540146637,0.34115920713623626,3.9156234821948677
005930,2020-11-18,0.155,7.0,0.6908,0.1723,12.0,9.25,4.5,11.0,17.645472169112782,1.4591902123650355,0.08269488049853663,-0.0548486540146637,0.34115920713623626,3.8799805384254515
005930,2020-11-19,0.1096,6.0,0.2977,0.1181,10.0,9.25,4.5,11.0,17.591010835257496,1.4546865388700818,0.08269488049853663,-0.0548486540146637,0.34115920713623626,3.8720598842544707
005930,2020-11-20,0.6274,8.0,0.452,0.1203,11.0,9.25,4.5,11.0,17.61824150218514,1.4569383756175587,0.08269488049853663,-0.0548486540146637,0.34115920713623626,3.876020211339961
005930,2020-11-21,0.9965,6.0,0.0,0.1875,1.0,9.25,4.5,11.0,17.61824150218514,1.4569383756175587,0.08269488049853663,-0.0548486540146637,0.34115920713623626,3.876020211339961
005930,2020-11-22,0.2472,6.0,0.3638,0.1641,7.0,9.25,4.5,11.0,17.61824150218514,1.4569383756175587,0.08269488049853663,-0.0548486540146637,0.34115920713623626,3.876020211339961
005930,2020-11-23,-0.216,8.0,0.836,0.1855,26.0,9.25,3.0,11.0,18.38070017615915,1.5199898045469122,0.08269488049853663,-0.0548486540146637,0.34115920713623626,3.9869093697336986
005930,2020-11-24,0.3562,8.0,0.7074,0.178,22.0,9.25,3.0,11.0,18.435161510014435,1.524493478041866,0.08269488049853663,-0.0548486540146637,0.34115920713623626,3.9948300239046803
005930,2020-11-25,0.438,7.0,0.4816,0.1431,11.0,9.25,4.5,11.0,18.13562417381036,1.49972327381962,0.08269488049853663,-0.0548486540146637,0.34115920713623626,3.951266425964283
005930,2020-11-26,-0.3726,6.0,0.5579,0.1041,7.0,9.25,3.0,11.0,18.516853510797365,1.5312489882842966,0.08269488049853663,-0.0548486540146637,0.34115920713623626,4.0067110051611525
005930,2020-11-27,0.1435,7.0,0.4785,0.1892,17.0,9.25,3.0,11.0,18.57131484465265,1.5357526617792505,0.08269488049853663,-0.0548486540146637,0.34115920713623626,4.014631659332133
005930,2020-11-28,-0.5878,5.0,0.0,0.1875,1.0,9.25,3.0,11.0,18.57131484465265,1.5357526617792505,0.08269488049853663,-0.0548486540146637,0.34115920713623626,4.014631659332133
005930,2020-11-29,0.1699,5.0,0.3396,0.258,5.0,9.25,3.0,11.0,18.57131484465265,1.5357526617792505,0.08269488049853663,-0.0548486540146637,0.34115920713623626,4.014631659332133
005930,2020-11-30,-0.1233,6.0,0.7253,0.2068,11.0,9.25,3.0,11.0,18.162854840738003,1.5019751105670969,0.08269488049853663,-0.0548486540146637,0.34115920713623626,3.955226753049774
005930,2020-12-01,0.4351,8.0,0.5566,0.201,19.0,9.25,3.0,12.0,18.46239217694208,1.5267453147893428,0.08269488049853663,-0.0548486540146637,0.34115920713623626,3.9987903509901703
005930,2020-12-02,0.0251,7.0,0.2397,0.2046,42.0,9.25,3.0,12.0,18.925313514712013,1.5650265394964502,0.08269488049853663,-0.0548486540146637,0.34115920713623626,4.066115911443511
005930,2020-12-03,0.6262,9.0,0.5432,0.2345,21.0,9.25,3.0,12.0,18.9797748485673,1.5695302129914042,0.08269488049853663,-0.0548486540146637,0.34115920713623626,4.074036565614493
005930,2020-12-04,0.1577,7.0,0.4466,0.2735,30.0,9.25,3.0,12.0,19.469926853264877,1.6100632744459884,0.08269488049853663,-0.0548486540146637,0.34115920713623626,4.145322453153324
005930,2020-12-05,0.8966,6.0,0.0,0.1429,1.0,9.25,3.0,12.0,19.469926853264877,1.6100632744459884,0.08269488049853663,-0.0548486540146637,0.34115920713623626,4.145322453153324
005930,2020-12-06,-0.1147,4.0,0.2295,0.2061,5.0,9.25,3.0,12.0,19.469926853264877,1.6100632744459884,0.08269488049853663,-0.0548486540146637,0.34115920713623626,4.145322453153324
005930,2020-12-07,0.3174,8.0,0.5845,0.1936,15.0,9.25,3.0,12.0,19.85115619025188,1.6415889889106652,0.08269488049853663,-0.0548486540146637,0.34115920713623626,4.200767032350193
005930,2020-12-08,0.3993,7.0,0.4907,0.188,10.0,9.25,3.0,12.0,19.524388187120163,1.6145669479409421,0.08269488049853663,-0.0548486540146637,0.34115920713623626,4.153243107324306
005930,2020-12-09,0.4119,8.0,0.4744,0.203,16.0,9.25,3.0,12.0,20.123462859528313,1.6641073563854343,0.08269488049853663,-0.0548486540146637,0.34115920713623626,4.240370303205099
005930,2020-12-10,0.4263,8.0,0.5787,0.2148,17.0,9.25,3.0,12.0,19.85115619025188,1.6415889889106652,0.08269488049853663,-0.0548486540146637,0.34115920713623626,4.200767032350193
005930,2020-12-11,0.3768,8.0,0.4613,0.1802,13.0,9.25,3.0,12.0,19.987309524890097,1.6528481726480497,0.08269488049853663,-0.0548486540146637,0.34115920713623626,4.220568667777647
005930,2020-12-12,0.1184,5.0,0.3335,0.1649,8.0,9.25,3.0,12.0,19.987309524890097,1.6528481726480497,0.08269488049853663,-0.0548486540146637,0.34115920713623626,4.220568667777647
005930,2020-12-13,0.5993,6.0,0.4893,0.1749,5.0,9.25,3.0,12.0,19.987309524890097,1.6528481726480497,0.08269488049853663,-0.0548486540146637,0.34115920713623626,4.220568667777647
005930,2020-12-14,0.2418,6.0,0.7228,0.2282,7.0,9.25,3.0,12.0,20.09623219260067,1.6618555196379572,0.08269488049853663,-0.0548486540146637,0.34115920713623626,4.236409976119608
005930,2020-12-15,0.1465,6.0,0.4902,0.2212,10.0,9.25,3.0,12.0,20.09623219260067,1.6618555196379572,0.08269488049853663,-0.0548486540146637,0.34115920713623626,4.236409976119608
005930,2020-12-16,0.2547,8.0,0.7536,0.2159,15.0,9.25,3.0,12.0,20.09623219260067,1.6618555196379572,0.08269488049853663,-0.0548486540146637,0.34115920713623626,4.236409976119608
005930,2020-12-17,0.4405,8.0,0.5302,0.1687,14.0,9.25,3.0,12.0,19.960078857962454,1.6505963359005726,0.08269488049853663,-0.0548486540146637,0.34115920713623626,4.216608340692155
005930,2020-12-18,0.4284,7.0,0.6115,0.1986,10.0,9.25,3.0,12.0,19.878386857179525,1.643840825658142,0.08269488049853663,-0.0548486540146637,0.34115920713623626,4.204727359435683
005930,2020-12-19,0.4979,4.0,0.4975,0.1708,2.0,9.25,3.0,12.0,19.878386857179525,1.643840825658142,0.08269488049853663,-0.0548486540146637,0.34115920713623626,4.204727359435683
005930,2020-12-20,0.0097,4.0,0.0137,0.193,3.0,9.25,3.0,12.0,19.878386857179525,1.643840825658142,0.08269488049853663,-0.0548486540146637,0.34115920713623626,4.204727359435683
005930,2020-12-21,0.2097,8.0,0.5518,0.1581,14.0,9.25,3.0,12.0,19.878386857179525,1.643840825658142,0.08269488049853663,-0.0548486540146637,0.34115920713623626,4.204727359435683
005930,2020-12-22,0.162,7.0,0.6061,0.184,24.0,9.25,3.0,12.0,19.687772188686022,1.6280779684258038,0.08269488049853663,-0.0548486540146637,0.34115920713623626,4.177005069837249
005930,2020-12-23,0.3593,8.0,0.5852,0.2343,15.0,9.25,3.0,12.0,20.123462859528313,1.6641073563854343,0.08269488049853663,-0.0548486540146637,0.34115920713623626,4.240370303205099
005930,2020-12-24,0.5114,9.0,0.546,0.192,14.0,9.25,3.0,12.0,21.185458869706398,1.7519289895370336,0.08269488049853663,-0.0548486540146637,0.34115920713623626,4.394823059539233
005930,2020-12-25,0.2,5.0,0.3924,0.1326,5.0,9.25,3.0,12.0,21.185458869706398,1.7519289895370336,0.08269488049853663,-0.0548486540146637,0.34115920713623626,4.394823059539233
005930,2020-12-26,-0.0378,3.0,0.0826,0.1676,2.0,9.25,3.0,12.0,21.185458869706398,1.7519289895370336,0.08269488049853663,-0.0548486540146637,0.34115920713623626,4.394823059539233
005930,2020-12-27,0.9996,7.0,0.0002,0.1902,4.0,9.25,3.0,12.0,21.185458869706398,1.7519289895370336,0.08269488049853663,-0.0548486540146637,0.34115920713623626,4.394823059539233
005930,2020-12-28,0.4602,8.0,0.5485,0.2613,16.0,9.25,3.0,12.0,21.430534872055187,1.7721955202643258,0.08269488049853663,-0.0548486540146637,0.34115920713623626,4.430466003308649
005930,2020-12-29,0.1673,8.0,0.5157,0.176,17.0,9.25,3.0,12.0,21.321612204344614,1.7631881732744181,0.08269488049853663,-0.0548486540146637,0.34115920713623626,4.414624694966687
005930,2020-12-30,-0.1872,8.0,0.7791,0.2485,32.0,9.25,3.0,12.0,22.05684021139098,1.8239877654562946,0.08269488049853663,-0.0548486540146637,0.34115920713623626,4.521553526274934
005930,2020-12-31,-0.0183,5.0,0.4811,0.3884,6.0,9.25,3.0,12.0,22.05684021139098,1.8239877654562946,0.08269488049853663,-0.0548486540146637,0.34115920713623626,4.521553526274934
005930,2021-01-01,0.3752,6.0,0.4836,0.2522,8.0,9.25,3.0,13.0,22.05684021139098,1.8239877654562946,0.08269488049853663,-0.0548486540146637,0.34115920713623626,4.521553526274934
005930,2021-01-02,0.4998,4.0,0.4998,0.2224,2.0,9.25,3.0,13.0,22.05684021139098,1.8239877654562946,0.08269488049853663,-0.0548486540146637,0.34115920713623626,4.521553526274934
005930,2021-01-03,0.3092,8.0,0.7183,0.2401,13.0,9.25,3.0,13.0,22.05684021139098,1.8239877654562946,0.08269488049853663,-0.0548486540146637,0.34115920713623626,4.521553526274934
005930,2021-01-04,0.2756,8.0,0.7316,0.2014,29.0,9.25,3.0,13.0,22.601453549943844,1.8690245004058328,0.08269488049853663,-0.0548486540146637,0.34115920713623626,4.600760067984746
005930,2021-01-05,0.3367,8.0,0.6221,0.1877,26.0,9.25,3.0,13.0,22.846529552292633,1.8892910311331248,0.08269488049853663,-0.0548486540146637,0.34115920713623626,4.636403011754162
005930,2021-01-06,0.2353,8.0,0.5167,0.1979,18.0,9.25,3.0,13.0,22.3836082145227,1.8510098064260174,0.08269488049853663,-0.0548486540146637,0.34115920713623626,4.569077451300821
005930,2021-01-07,0.6018,9.0,0.426,0.2073,19.0,9.25,3.0,13.0,22.5742228830162,1.8667726636583557,0.08269488049853663,-0.0548486540146637,0.34115920713623626,4.596799740899256
005930,2021-01-08,0.5723,9.0,0.6185,0.2328,39.0,9.25,3.0,13.0,24.18083223174715,1.9996310317594932,0.08269488049853663,-0.0548486540146637,0.34115920713623626,4.830459038943203
005930,2021-01-09,0.6602,6.0,0.4665,0.2482,3.0,9.25,3.0,13.0,24.18083223174715,1.9996310317594932,0.08269488049853663,-0.0548486540146637,0.34115920713623626,4.830459038943203
005930,2021-01-10,0.3554,7.0,0.5208,0.1877,9.0,9.25,3.0,13.0,24.18083223174715,1.9996310317594932,0.08269488049853663,-0.0548486540146637,0.34115920713623626,4.830459038943203
005930,2021-01-11,0.4149,8.0,0.6165,0.1911,25.0,9.25,3.0,13.0,24.779906904155297,2.049171440203985,0.08269488049853663,-0.0548486540146637,0.34115920713623626,4.917586234823997
005930,2021-01-12,0.3616,8.0,0.6115,0.1513,24.0,9.25,3.0,13.0,24.670984236444724,2.0401640932140777,0.08269488049853663,-0.0548486540146637,0.34115920713623626,4.901744926482034
005930,2021-01-13,0.6548,8.0,0.4566,0.2083,11.0,9.25,3.0,13.0,24.425908234095935,2.0198975624867854,0.08269488049853663,-0.0548486540146637,0.34115920713623626,4.8661019827126175
005930,2021-01-14,-0.0013,7.0,0.6581,0.184,18.0,9.25,3.0,13.0,24.425908234095935,2.0198975624867854,0.08269488049853663,-0.0548486540146637,0.34115920713623626,4.8661019827126175
005930,2021-01-15,0.4795,8.0,0.5106,0.1743,48.0,9.25,3.0,13.0,23.962986896326004,1.981616337779678,0.08269488049853663,-0.0548486540146637,0.34115920713623626,4.7987764222592775
005930,2021-01-16,0.0036,3.0,0.0,0.2632,1.0,9.25,3.0,13.0,23.962986896326004,1.981616337779678,0.08269488049853663,-0.0548486540146637,0.34115920713623626,4.7987764222592775
005930,2021-01-17,-0.4272,8.0,0.6014,0.2641,14.0,9.25,3.0,13.0,23.962986896326004,1.981616337779678,0.08269488049853663,-0.0548486540146637,0.34115920713623626,4.7987764222592775
005930,2021-01-18,-0.6629,9.0,0.6477,0.2597,88.0,9.25,3.0,13.0,23.14606688849671,1.9140612353553708,0.08269488049853663,-0.0548486540146637,0.34115920713623626,4.679966609694559
005930,2021-01-19,-0.4861,8.0,0.7244,0.2622,41.0,9.25,3.0,13.0,23.690680227049572,1.959097970304909,0.08269488049853663,-0.0548486540146637,0.34115920713623626,4.7591731514043705
005930,2021-01-20,-0.2931,8.0,0.8567,0.2011,18.0,9.25,3.0,13.0,23.74514156090486,1.9636016437998627,0.08269488049853663,-0.0548486540146637,0.34115920713623626,4.767093805575353
005930,2021-01-21,-0.0874,7.0,0.8104,0.1993,26.0,9.25,3.0,13.0,23.990217563253648,1.983868174527155,0.08269488049853663,-0.0548486540146637,0.34115920713623626,4.802736749344768
005930,2021-01-22,0.4725,8.0,0.6339,0.2239,22.0,9.25,3.0,13.0,23.636218893194286,1.9545942968099552,0.08269488049853663,-0.0548486540146637,0.34115920713623626,4.75125249723339
005930,2021-01-23,0.0855,4.0,0.7681,0.2756,3.0,9.25,3.0,13.0,23.636218893194286,1.9545942968099552,0.08269488049853663,-0.0548486540146637,0.34115920713623626,4.75125249723339
005930,2021-01-24,0.2974,8.0,0.4786,0.2068,17.0,9.25,3.0,13.0,23.636218893194286,1.9545942968099552,0.08269488049853663,-0.0548486540146637,0.34115920713623626,4.75125249723339
005930,2021-01-25,-0.3878,8.0,0.6994,0.1904,19.0,9.25,3.0,13.0,24.344216233313006,2.013142052244355,0.08269488049853663,-0.0548486540146637,0.34115920713623626,4.854221001456146
005930,2021-01-26,-0.012,7.0,0.6622,0.2298,34.0,9.25,3.0,13.0,23.608988226266643,1.9523424600624784,0.08269488049853663,-0.0548486540146637,0.34115920713623626,4.747292170147899
005930,2021-01-27,0.2321,7.0,0.6426,0.1789,11.0,9.25,3.0,13.0,23.309450890062568,1.9275722558402322,0.08269488049853663,-0.0548486540146637,0.34115920713623626,4.703728572207503
005930,2021-01-28,0.4211,8.0,0.679,0.2345,54.0,9.25,3.0,13.0,22.792068218437347,1.884787357638171,0.08269488049853663,-0.0548486540146637,0.34115920713623626,4.628482357583181
005930,2021-01-29,0.4834,8.0,0.6415,0.2713,23.0,9.25,3.0,13.0,22.329146880667412,1.8465061329310637,0.08269488049853663,-0.0548486540146637,0.34115920713623626,4.56115679712984
005930,2021-01-30,0.2945,5.0,0.4993,0.1713,3.0,9.25,3.0,13.0,22.329146880667412,1.8465061329310637,0.08269488049853663,-0.0548486540146637,0.34115920713623626,4.56115679712984
005930,2021-01-31,0.1192,4.0,0.6345,0.2842,3.0,9.25,3.0,13.0,22.329146880667412,1.8465061329310637,0.08269488049853663,-0.0548486540146637,0.34115920713623626,4.56115679712984
005930,2021-02-01,0.0325,7.0,0.5574,0.1781,19.0,9.25,3.0,14.0,22.601453549943844,1.8690245004058328,0.08269488049853663,-0.0548486540146637,0.34115920713623626,4.600760067984746
005930,2021-02-02,0.3385,8.0,0.657,0.1567,17.0,9.25,3.0,14.0,22.98268288693085,1.9005502148705093,0.08269488049853663,-0.0548486540146637,0.34115920713623626,4.656204647181615
005930,2021-02-03,0.3416,8.0,0.6439,0.1502,13.0,9.25,3.0,14.0,23.037144220786136,1.9050538883654633,0.08269488049853663,-0.0548486540146637,0.34115920713623626,4.6641253013525965
005930,2021-02-04,-0.4449,7.0,0.6234,0.12,11.0,9.25,3.0,14.0,22.46530021530563,1.8577653166684482,0.08269488049853663,-0.0548486540146637,0.34115920713623626,4.580958432557293
005930,2021-02-05,-0.0782,6.0,0.7583,0.1909,10.0,9.25,3.0,14.0,22.73760688458206,1.8802836841432173,0.08269488049853663,-0.0548486540146637,0.34115920713623626,4.620561703412199
005930,2021-02-06,-0.2992,5.0,0.4277,0.2563,3.0,9.25,3.0,14.0,22.73760688458206,1.8802836841432173,0.08269488049853663,-0.0548486540146637,0.34115920713623626,4.620561703412199
005930,2021-02-07,0.2699,5.0,0.647,0.1685,5.0,9.25,3.0,14.0,22.73760688458206,1.8802836841432173,0.08269488049853663,-0.0548486540146637,0.34115920713623626,4.620561703412199
005930,2021-02-08,0.1814,7.0,0.7193,0.1965,10.0,9.25,3.0,14.0,22.601453549943844,1.8690245004058328,0.08269488049853663,-0.0548486540146637,0.34115920713623626,4.600760067984746
005930,2021-02-09,-0.0636,5.0,0.5952,0.1774,8.0,9.25,3.0,14.0,22.519761549160915,1.862268990163402,0.08269488049853663,-0.0548486540146637,0.34115920713623626,4.588879086728274
005930,2021-02-10,0.2439,7.0,0.6158,0.1781,9.0,9.25,3.0,14.0,22.22022421295684,1.837498785941156,0.08269488049853663,-0.0548486540146637,0.34115920713623626,4.545315488787877
005930,2021-02-11,0.5142,6.0,0.4827,0.2854,4.0,9.25,3.0,14.0,22.22022421295684,1.837498785941156,0.08269488049853663,-0.0548486540146637,0.34115920713623626,4.545315488787877
005930,2021-02-12,-0.1617,4.0,0.1951,0.3613,5.0,9.25,3.0,14.0,22.22022421295684,1.837498785941156,0.08269488049853663,-0.0548486540146637,0.34115920713623626,4.545315488787877
005930,2021-02-13,-0.1111,4.0,0.227,0.4756,3.0,9.25,3.0,14.0,22.22022421295684,1.837498785941156,0.08269488049853663,-0.0548486540146637,0.34115920713623626,4.545315488787877
005930,2021-02-14,0.1211,5.0,0.7762,0.1641,8.0,9.25,3.0,14.0,22.22022421295684,1.837498785941156,0.08269488049853663,-0.0548486540146637,0.34115920713623626,4.545315488787877
005930,2021-02-15,0.359,8.0,0.5364,0.1811,17.0,9.25,3.0,14.0,22.928221553075563,1.8960465413755556,0.08269488049853663,-0.0548486540146637,0.34115920713623626,4.648283993010634
005930,2021-02-16,-0.0995,6.0,0.7025,0.2042,11.0,9.25,3.0,14.0,23.118836221569065,1.911809398607894,0.08269488049853663,-0.0548486540146637,0.34115920713623626,4.676006282609068
005930,2021-02-17,0.15,7.0,0.9092,0.203,20.0,9.25,3.0,14.0,22.65591488379913,1.8735281739007865,0.08269488049853663,-0.0548486540146637,0.34115920713623626,4.608680722155727
005930,2021-02-18,0.0847,7.0,0.7001,0.2275,19.0,9.25,3.0,14.0,22.356377547595056,1.8487579696785406,0.08269488049853663,-0.0548486540146637,0.34115920713623626,4.56511712421533
005930,2021-02-19,0.333,8.0,0.5926,0.2329,13.0,9.25,3.0,14.0,22.49253088223327,1.860017153415925,0.08269488049853663,-0.0548486540146637,0.34115920713623626,4.584918759642784
005930,2021-02-20,-0.5812,6.0,0.5493,0.3089,3.0,9.25,3.0,14.0,22.49253088223327,1.860017153415925,0.08269488049853663,-0.0548486540146637,0.34115920713623626,4.584918759642784
005930,2021-02-21,0.7127,7.0,0.4409,0.1106,7.0,9.25,3.0,14.0,22.49253088223327,1.860017153415925,0.08269488049853663,-0.0548486540146637,0.34115920713623626,4.584918759642784
005930,2021-02-22,0.1152,5.0,0.6483,0.2257,7.0,9.25,3.0,14.0,22.3836082145227,1.8510098064260174,0.08269488049853663,-0.0548486540146637,0.34115920713623626,4.569077451300821
005930,2021-02-23,0.0995,7.0,0.7755,0.1966,23.0,9.25,3.0,14.0,22.329146880667412,1.8465061329310637,0.08269488049853663,-0.0548486540146637,0.34115920713623626,4.56115679712984
005930,2021-02-24,0.608,9.0,0.6763,0.2544,17.0,9.25,3.0,14.0,22.329146880667412,1.8465061329310637,0.08269488049853663,-0.0548486540146637,0.34115920713623626,4.56115679712984
005930,2021-02-25,0.4045,8.0,0.6223,0.2075,19.0,9.25,3.0,14.0,23.227758889279638,1.9208167455978016,0.08269488049853663,-0.0548486540146637,0.34115920713623626,4.691847590951031
005930,2021-02-26,0.1382,7.0,0.663,0.211,19.0,9.25,3.0,14.0,22.46530021530563,1.8577653166684482,0.08269488049853663,-0.0548486540146637,0.34115920713623626,4.580958432557293
005930,2021-02-27,0.0211,4.0,0.7009,0.2195,4.0,9.25,3.0,14.0,22.46530021530563,1.8577653166684482,0.08269488049853663,-0.0548486540146637,0.34115920713623626,4.580958432557293
005930,2021-02-28,-0.2215,5.0,0.375,0.1609,4.0,9.25,3.0,14.0,22.46530021530563,1.8577653166684482,0.08269488049853663,-0.0548486540146637,0.34115920713623626,4.580958432557293
005930,2021-03-01,0.3283,8.0,0.8377,0.1805,12.0,9.25,3.0,15.0,22.46530021530563,1.8577653166684482,0.08269488049853663,-0.0548486540146637,0.34115920713623626,4.580958432557293
005930,2021-03-02,0.3001,8.0,0.6638,0.2482,16.0,9.25,3.0,15.0,22.764837551509704,1.8825355208906942,0.08269488049853663,-0.0548486540146637,0.34115920713623626,4.62452203049769
005930,2021-03-03,0.1063,7.0,0.7597,0.2338,17.0,9.25,3.0,15.0,22.873760219220276,1.8915428678806017,0.08269488049853663,-0.0548486540146637,0.34115920713623626,4.640363338839652
005930,2021-03-04,0.3947,8.0,0.6052,0.2,20.0,9.25,3.0,15.0,22.438069548377985,1.8555134799209712,0.08269488049853663,-0.0548486540146637,0.34115920713623626,4.576998105471802
005930,2021-03-05,0.4436,7.0,0.6175,0.231,11.0,9.25,3.0,15.0,22.356377547595056,1.8487579696785406,0.08269488049853663,-0.0548486540146637,0.34115920713623626,4.56511712421533
005930,2021-03-06,0.3289,5.0,0.473,0.1544,3.0,9.25,3.0,15.0,22.356377547595056,1.8487579696785406,0.08269488049853663,-0.0548486540146637,0.34115920713623626,4.56511712421533
005930,2021-03-07,0.1424,5.0,0.6382,0.155,7.0,9.25,3.0,15.0,22.356377547595056,1.8487579696785406,0.08269488049853663,-0.0548486540146637,0.34115920713623626,4.56511712421533
005930,2021-03-08,0.2293,8.0,0.5716,0.162,19.0,9.25,3.0,15.0,22.329146880667412,1.8465061329310637,0.08269488049853663,-0.0548486540146637,0.34115920713623626,4.56115679712984
005930,2021-03-09,-0.0115,7.0,0.5811,0.1588,22.0,9.25,3.0,15.0,22.165762879101553,1.8329951124462023,0.08269488049853663,-0.0548486540146637,0.34115920713623626,4.5373948346168955
005930,2021-03-10,0.5747,9.0,0.6045,0.2051,15.0,9.25,3.0,15.0,22.029609544463337,1.8217359287088177,0.08269488049853663,-0.0548486540146637,0.34115920713623626,4.517593199189443
005930,2021-03-11,-0.048,7.0,0.8536,0.1731,23.0,9.25,3.0,15.0,22.329146880667412,1.8465061329310637,0.08269488049853663,-0.0548486540146637,0.34115920713623626,4.56115679712984
005930,2021-03-12,-0.0501,6.0,0.7071,0.2619,11.0,9.25,3.0,15.0,22.546992216088558,1.8645208269108788,0.08269488049853663,-0.0548486540146637,0.34115920713623626,4.592839413813765
005930,2021-03-13,-0.0006,6.0,0.6221,0.1647,10.0,9.25,3.0,15.0,22.546992216088558,1.8645208269108788,0.08269488049853663,-0.0548486540146637,0.34115920713623626,4.592839413813765
005930,2021-03-14,-0.1694,6.0,0.3726,0.2332,6.0,9.25,3.0,15.0,22.546992216088558,1.8645208269108788,0.08269488049853663,-0.0548486540146637,0.34115920713623626,4.592839413813765
005930,2021-03-15,-0.0225,7.0,0.4781,0.2454,15.0,9.25,3.0,15.0,22.274685546812126,1.8420024594361097,0.08269488049853663,-0.0548486540146637,0.34115920713623626,4.553236142958859
005930,2021-03-16,0.097,7.0,0.6825,0.2113,14.0,9.25,3.0,15.0,22.546992216088558,1.8645208269108788,0.08269488049853663,-0.0548486540146637,0.34115920713623626,4.592839413813765
005930,2021-03-17,0.1336,7.0,0.6288,0.197,27.0,9.25,3.0,15.0,22.410838881450342,1.8532616431734943,0.08269488049853663,-0.0548486540146637,0.34115920713623626,4.573037778386312
005930,2021-03-18,0.4053,8.0,0.5641,0.1889,21.0,9.25,3.0,15.0,22.5742228830162,1.8667726636583557,0.08269488049853663,-0.0548486540146637,0.34115920713623626,4.596799740899256
005930,2021-03-19,0.1568,7.0,0.789,0.2112,12.0,9.25,3.0,15.0,22.30191621373977,1.8442542961835868,0.08269488049853663,-0.0548486540146637,0.34115920713623626,4.5571964700443495
005930,2021-03-20,-0.6641,7.0,0.4635,0.189,6.0,9.25,3.0,15.0,22.30191621373977,1.8442542961835868,0.08269488049853663,-0.0548486540146637,0.34115920713623626,4.5571964700443495
005930,2021-03-21,0.1686,8.0,0.6384,0.2132,13.0,9.25,3.0,15.0,22.30191621373977,1.8442542961835868,0.08269488049853663,-0.0548486540146637,0.34115920713623626,4.5571964700443495
005930,2021-03-22,-0.0194,7.0,0.7654,0.2203,15.0,9.25,3.0,15.0,22.329146880667412,1.8465061329310637,0.08269488049853663,-0.0548486540146637,0.34115920713623626,4.56115679712984
005930,2021-03-23,0.067,7.0,0.8334,0.1974,18.0,9.25,3.0,15.0,22.274685546812126,1.8420024594361097,0.08269488049853663,-0.0548486540146637,0.34115920713623626,4.553236142958859
005930,2021-03-24,0.388,8.0,0.8127,0.1666,18.0,9.25,3.0,15.0,22.05684021139098,1.8239877654562946,0.08269488049853663,-0.0548486540146637,0.34115920713623626,4.521553526274934
005930,2021-03-25,0.1972,8.0,0.6748,0.2242,16.0,9.25,3.0,15.0,22.111301545246267,1.8284914389512483,0.08269488049853663,-0.0548486540146637,0.34115920713623626,4.529474180445915
005930,2021-03-26,-0.2834,8.0,0.6892,0.1593,22.0,9.25,3.0,15.0,22.192993546029196,1.8352469491936791,0.08269488049853663,-0.0548486540146637,0.34115920713623626,4.541355161702387
005930,2021-03-27,-0.4307,5.0,0.4391,0.4518,5.0,9.25,3.0,15.0,22.192993546029196,1.8352469491936791,0.08269488049853663,-0.0548486540146637,0.34115920713623626,4.541355161702387
005930,2021-03-28,0.1094,6.0,0.6354,0.1755,9.0,9.25,3.0,15.0,22.192993546029196,1.8352469491936791,0.08269488049853663,-0.0548486540146637,0.34115920713623626,4.541355161702387
005930,2021-03-29,0.2687,7.0,0.7498,0.1469,11.0,9.25,3.0,15.0,22.22022421295684,1.837498785941156,0.08269488049853663,-0.0548486540146637,0.34115920713623626,4.545315488787877
005930,2021-03-30,0.1663,7.0,0.5512,0.237,12.0,9.25,3.0,15.0,22.3836082145227,1.8510098064260174,0.08269488049853663,-0.0548486540146637,0.34115920713623626,4.569077451300821
005930,2021-03-31,0.3869,8.0,0.6412,0.1945,18.0,9.25,3.0,15.0,22.165762879101553,1.8329951124462023,0.08269488049853663,-0.0548486540146637,0.34115920713623626,4.5373948346168955
005930,2021-04-01,0.3759,8.0,0.5568,0.2012,25.0,9.25,5.0,4.0,18.58304701930094,1.7783711252839738,0.0956985753432632,0.027804177536977386,0.3706774322305691,4.207693620564502
005930,2021-04-02,0.3176,8.0,0.4452,0.2731,14.0,9.25,5.0,4.0,19.008955213953193,1.8191299327392156,0.0956985753432632,0.027804177536977386,0.3706774322305691,4.27366819130107
005930,2021-04-03,0.0834,4.0,0.1253,0.2077,4.0,9.25,5.0,4.0,19.008955213953193,1.8191299327392156,0.0956985753432632,0.027804177536977386,0.3706774322305691,4.27366819130107
005930,2021-04-04,0.0897,7.0,0.7025,0.161,12.0,9.25,5.0,4.0,19.008955213953193,1.8191299327392156,0.0956985753432632,0.027804177536977386,0.3706774322305691,4.27366819130107
005930,2021-04-05,0.1523,7.0,0.6593,0.1737,28.0,9.25,5.0,4.0,19.14345253858022,1.8320011350935026,0.0956985753432632,0.027804177536977386,0.3706774322305691,4.294502266270512
005930,2021-04-06,-0.076,7.0,0.7327,0.2848,17.0,9.25,5.0,4.0,19.277949863207247,1.8448723374477893,0.0956985753432632,0.027804177536977386,0.3706774322305691,4.315336341239955
005930,2021-04-07,0.6473,9.0,0.5562,0.3182,39.0,9.25,5.0,4.0,19.188284980122564,1.8362915358782648,0.0956985753432632,0.027804177536977386,0.3706774322305691,4.301446957926993
005930,2021-04-08,-0.0185,7.0,0.5941,0.2873,15.0,9.25,5.0,4.0,18.986538993182023,1.8169847323468344,0.0956985753432632,0.027804177536977386,0.3706774322305691,4.27019584547283
005930,2021-04-09,-0.0975,7.0,0.5876,0.1863,15.0,9.25,5.0,4.0,18.73996056469914,1.7933875280306417,0.0956985753432632,0.027804177536977386,0.3706774322305691,4.232000041362185
005930,2021-04-10,-0.3892,5.0,0.4764,0.2518,5.0,9.25,5.0,4.0,18.73996056469914,1.7933875280306417,0.0956985753432632,0.027804177536977386,0.3706774322305691,4.232000041362185
005930,2021-04-11,0.2249,6.0,0.3604,0.2607,8.0,9.25,5.0,4.0,18.73996056469914,1.7933875280306417,0.0956985753432632,0.027804177536977386,0.3706774322305691,4.232000041362185
005930,2021-04-12,0.2026,8.0,0.5883,0.2541,18.0,9.25,5.0,4.0,18.650295681614452,1.7848067264611172,0.0956985753432632,0.027804177536977386,0.3706774322305691,4.218110658049223
005930,2021-04-13,0.2381,8.0,0.5445,0.2356,27.0,9.25,5.0,4.0,18.829625447783823,1.8019683296001665,0.0956985753432632,0.027804177536977386,0.3706774322305691,4.245889424675147
005930,2021-04-14,0.2247,8.0,0.5035,0.2391,18.0,9.25,5.0,4.0,18.829625447783823,1.8019683296001665,0.0956985753432632,0.027804177536977386,0.3706774322305691,4.245889424675147
005930,2021-04-15,0.0283,7.0,0.6995,0.1748,23.0,9.25,5.0,4.0,18.852041668554996,1.8041135299925475,0.0956985753432632,0.027804177536977386,0.3706774322305691,4.249361770503387
005930,2021-04-16,0.2741,8.0,0.6452,0.2071,18.0,9.25,5.0,4.0,18.807209227012653,1.7998231292077853,0.0956985753432632,0.027804177536977386,0.3706774322305691,4.242417078846906
005930,2021-04-17,-0.5144,6.0,0.3702,0.3037,3.0,9.25,5.0,4.0,18.807209227012653,1.7998231292077853,0.0956985753432632,0.027804177536977386,0.3706774322305691,4.242417078846906
005930,2021-04-18,-0.1034,5.0,0.7068,0.1499,8.0,9.25,5.0,4.0,18.807209227012653,1.7998231292077853,0.0956985753432632,0.027804177536977386,0.3706774322305691,4.242417078846906
005930,2021-04-19,0.0676,7.0,0.4967,0.2038,12.0,9.25,5.0,4.0,18.672711902385625,1.7869519268534984,0.0956985753432632,0.027804177536977386,0.3706774322305691,4.2215830038774635
005930,2021-04-20,0.0368,7.0,0.6409,0.2221,16.0,9.25,5.0,4.0,18.807209227012653,1.7998231292077853,0.0956985753432632,0.027804177536977386,0.3706774322305691,4.242417078846906
005930,2021-04-21,-0.0008,7.0,0.6303,0.1732,34.0,9.25,5.0,4.0,18.515798356987425,1.7719355241068304,0.0956985753432632,0.027804177536977386,0.3706774322305691,4.1972765830797805
005930,2021-04-22,0.1714,8.0,0.639,0.2229,26.0,9.25,5.0,4.0,18.470965915445085,1.767645123322068,0.0956985753432632,0.027804177536977386,0.3706774322305691,4.1903318914233
005930,2021-04-23,0.2647,8.0,0.6206,0.2016,22.0,9.25,5.0,4.0,18.56063079852977,1.7762259248915926,0.0956985753432632,0.027804177536977386,0.3706774322305691,4.204221274736262
005930,2021-04-24,0.1278,6.0,0.4962,0.1826,9.0,9.25,5.0,4.0,18.56063079852977,1.7762259248915926,0.0956985753432632,0.027804177536977386,0.3706774322305691,4.204221274736262
005930,2021-04-25,0.8495,9.0,0.2861,0.2089,11.0,9.25,5.0,4.0,18.56063079852977,1.7762259248915926,0.0956985753432632,0.027804177536977386,0.3706774322305691,4.204221274736262
005930,2021-04-26,0.2811,8.0,0.6087,0.2269,27.0,9.25,5.0,4.0,18.717544343927965,1.7912423276382607,0.0956985753432632,0.027804177536977386,0.3706774322305691,4.228527695533945
005930,2021-04-27,0.3151,8.0,0.6788,0.1723,28.0,9.25,5.0,4.0,18.58304701930094,1.7783711252839738,0.0956985753432632,0.027804177536977386,0.3706774322305691,4.207693620564502
005930,2021-04-28,0.1374,7.0,0.4599,0.2342,47.0,9.25,5.0,4.0,18.40371725313157,1.7612095221449247,0.0956985753432632,0.027804177536977386,0.3706774322305691,4.179914853938579
005930,2021-04-29,0.1566,7.0,0.7188,0.2316,55.0,9.25,5.0,4.0,18.314052370046884,1.7526287205753999,0.0956985753432632,0.027804177536977386,0.3706774322305691,4.166025470625616
005930,2021-04-30,0.0056,7.0,0.514,0.2313,31.0,9.25,5.0,4.0,18.269219928504544,1.7483383197906377,0.0956985753432632,0.027804177536977386,0.3706774322305691,4.159080778969136
005930,2021-05-01,0.1097,5.0,0.3785,0.2226,8.0,9.25,5.0,5.0,18.269219928504544,1.7483383197906377,0.0956985753432632,0.027804177536977386,0.3706774322305691,4.159080778969136
005930,2021-05-02,0.4,8.0,0.4987,0.2248,14.0,9.25,5.0,5.0,18.269219928504544,1.7483383197906377,0.0956985753432632,0.027804177536977386,0.3706774322305691,4.159080778969136
005930,2021-05-03,0.1994,8.0,0.5152,0.1951,35.0,9.25,5.0,5.0,18.314052370046884,1.7526287205753999,0.0956985753432632,0.027804177536977386,0.3706774322305691,4.166025470625616
005930,2021-05-04,0.1831,8.0,0.6016,0.2311,24.0,9.25,5.0,5.0,18.515798356987425,1.7719355241068304,0.0956985753432632,0.027804177536977386,0.3706774322305691,4.1972765830797805
005930,2021-05-05,-0.2294,7.0,0.5886,0.2738,9.0,9.25,5.0,5.0,18.515798356987425,1.7719355241068304,0.0956985753432632,0.027804177536977386,0.3706774322305691,4.1972765830797805
005930,2021-05-06,0.343,8.0,0.5005,0.1485,14.0,9.25,5.0,5.0,18.44854969467391,1.7654999229296868,0.0956985753432632,0.027804177536977386,0.3706774322305691,4.186859545595059
005930,2021-05-07,0.2526,6.0,0.4091,0.1388,8.0,9.25,5.0,5.0,18.358884811589228,1.7569191213601623,0.0956985753432632,0.027804177536977386,0.3706774322305691,4.172970162282097
005930,2021-05-08,0.2502,5.0,0.4272,0.4331,4.0,9.25,5.0,5.0,18.358884811589228,1.7569191213601623,0.0956985753432632,0.027804177536977386,0.3706774322305691,4.172970162282097
005930,2021-05-09,0.1231,5.0,0.548,0.2997,8.0,9.25,5.0,5.0,18.358884811589228,1.7569191213601623,0.0956985753432632,0.027804177536977386,0.3706774322305691,4.172970162282097
005930,2021-05-10,0.3925,8.0,0.4604,0.1336,17.0,9.25,5.0,5.0,18.650295681614452,1.7848067264611172,0.0956985753432632,0.027804177536977386,0.3706774322305691,4.218110658049223
005930,2021-05-11,0.1735,8.0,0.6597,0.2451,18.0,9.25,5.0,5.0,18.20197126619103,1.741902718613494,0.0956985753432632,0.027804177536977386,0.3706774322305691,4.148663741484414
005930,2021-05-12,-0.0723,7.0,0.8033,0.2479,32.0,9.25,5.0,5.0,17.932976616936973,1.7161603139049204,0.0956985753432632,0.027804177536977386,0.3706774322305691,4.106995591545529
005930,2021-05-13,0.2863,8.0,0.6618,0.1824,36.0,9.25,5.0,5.0,17.596733305369405,1.6839823080192031,0.0956985753432632,0.027804177536977386,0.3706774322305691,4.054910404121923
005930,2021-05-14,0.2929,8.0,0.6382,0.2463,30.0,9.25,5.0,5.0,17.955392837708146,1.7183055142973016,0.0956985753432632,0.027804177536977386,0.3706774322305691,4.11046793737377
005930,2021-05-15,-0.2782,5.0,0.419,0.3765,4.0,9.25,5.0,5.0,17.955392837708146,1.7183055142973016,0.0956985753432632,0.027804177536977386,0.3706774322305691,4.11046793737377
005930,2021-05-16,0.0267,7.0,0.4494,0.1765,18.0,9.25,5.0,5.0,17.955392837708146,1.7183055142973016,0.0956985753432632,0.027804177536977386,0.3706774322305691,4.11046793737377
005930,2021-05-17,-0.252,8.0,0.6133,0.1552,19.0,9.25,5.0,5.0,17.84331173385229,1.7075795123353958,0.0956985753432632,0.027804177536977386,0.3706774322305691,4.093106208232568
005930,2021-05-18,0.2193,7.0,0.7522,0.1757,9.0,9.25,5.0,5.0,17.84331173385229,1.7075795123353958,0.0956985753432632,0.027804177536977386,0.3706774322305691,4.093106208232568
005930,2021-05-19,0.5023,8.0,0.6339,0.1453,9.0,9.25,5.0,5.0,17.84331173385229,1.7075795123353958,0.0956985753432632,0.027804177536977386,0.3706774322305691,4.093106208232568
005930,2021-05-20,0.146,7.0,0.6949,0.2143,27.0,9.25,5.0,5.0,17.82089551308112,1.7054343119430146,0.0956985753432632,0.027804177536977386,0.3706774322305691,4.089633862404328
005930,2021-05-21,0.2024,8.0,0.709,0.2453,22.0,9.25,5.0,5.0,17.955392837708146,1.7183055142973016,0.0956985753432632,0.027804177536977386,0.3706774322305691,4.11046793737377
005930,2021-05-22,0.1801,7.0,0.4504,0.3678,9.0,9.25,5.0,5.0,17.955392837708146,1.7183055142973016,0.0956985753432632,0.027804177536977386,0.3706774322305691,4.11046793737377
005930,2021-05-23,0.1979,7.0,0.5796,0.3379,10.0,9.25,5.0,5.0,17.955392837708146,1.7183055142973016,0.0956985753432632,0.027804177536977386,0.3706774322305691,4.11046793737377
005930,2021-05-24,0.0432,6.0,0.7399,0.1988,11.0,9.25,5.0,5.0,17.86572795462346,1.709724712727777,0.0956985753432632,0.027804177536977386,0.3706774322305691,4.096578554060808
005930,2021-05-25,0.2383,8.0,0.5722,0.1689,17.0,9.25,5.0,5.0,17.910560396165803,1.7140151135125392,0.0956985753432632,0.027804177536977386,0.3706774322305691,4.103523245717289
005930,2021-05-26,0.2828,8.0,0.6525,0.2418,15.0,9.25,5.0,5.0,17.888144175394633,1.711869913120158,0.0956985753432632,0.027804177536977386,0.3706774322305691,4.100050899889048
005930,2021-05-27,0.2017,8.0,0.7442,0.153,15.0,9.25,5.0,5.0,17.84331173385229,1.7075795123353958,0.0956985753432632,0.027804177536977386,0.3706774322305691,4.093106208232568
005930,2021-05-28,0.1433,7.0,0.653,0.1407,17.0,9.25,5.0,5.0,17.955392837708146,1.7183055142973016,0.0956985753432632,0.027804177536977386,0.3706774322305691,4.11046793737377
005930,2021-05-29,-0.2112,4.0,0.2112,0.1638,2.0,9.25,5.0,5.0,17.955392837708146,1.7183055142973016,0.0956985753432632,0.027804177536977386,0.3706774322305691,4.11046793737377
005930,2021-05-30,0.1662,5.0,0.6871,0.1567,6.0,9.25,5.0,5.0,17.955392837708146,1.7183055142973016,0.0956985753432632,0.027804177536977386,0.3706774322305691,4.11046793737377
005930,2021-05-31,0.0064,5.0,0.8605,0.1323,7.0,9.25,5.0,5.0,18.04505772079283,1.7268863158668262,0.0956985753432632,0.027804177536977386,0.3706774322305691,4.124357320686731
005930,2021-06-01,-0.0619,7.0,0.8816,0.2629,15.0,9.25,5.0,6.0,18.067473941564003,1.7290315162592074,0.0956985753432632,0.027804177536977386,0.3706774322305691,4.127829666514972
005930,2021-06-02,0.1042,7.0,0.405,0.2667,24.0,9.25,5.0,6.0,18.112306383106343,1.7333219170439695,0.0956985753432632,0.027804177536977386,0.3706774322305691,4.134774358171453
005930,2021-06-03,0.2411,8.0,0.623,0.3026,35.0,9.25,5.0,6.0,18.56063079852977,1.7762259248915926,0.0956985753432632,0.027804177536977386,0.3706774322305691,4.204221274736262
005930,2021-06-04,-0.0589,7.0,0.7307,0.2235,19.0,9.25,5.0,6.0,18.42613347390274,1.7633547225373056,0.0956985753432632,0.027804177536977386,0.3706774322305691,4.183387199766819
005930,2021-06-05,-0.2506,5.0,0.6613,0.1152,5.0,9.25,5.0,6.0,18.42613347390274,1.7633547225373056,0.0956985753432632,0.027804177536977386,0.3706774322305691,4.183387199766819
005930,2021-06-06,0.1148,7.0,0.6134,0.2194,12.0,9.25,5.0,6.0,18.42613347390274,1.7633547225373056,0.0956985753432632,0.027804177536977386,0.3706774322305691,4.183387199766819
005930,2021-06-07,0.0159,7.0,0.5167,0.1452,14.0,9.25,5.0,6.0,18.358884811589228,1.7569191213601623,0.0956985753432632,0.027804177536977386,0.3706774322305691,4.172970162282097
005930,2021-06-08,0.4626,8.0,0.6177,0.1334,13.0,9.25,5.0,6.0,18.358884811589228,1.7569191213601623,0.0956985753432632,0.027804177536977386,0.3706774322305691,4.172970162282097
005930,2021-06-09,0.0911,7.0,0.6337,0.2062,12.0,9.25,5.0,6.0,18.179555045419857,1.7397575182211131,0.0956985753432632,0.027804177536977386,0.3706774322305691,4.145191395656174
005930,2021-06-10,0.1144,7.0,0.5915,0.1922,14.0,9.25,5.0,6.0,18.157138824648687,1.737612317828732,0.0956985753432632,0.027804177536977386,0.3706774322305691,4.141719049827934
005930,2021-06-11,-0.9959,6.0,0.0,0.2619,1.0,9.25,5.0,6.0,18.157138824648687,1.737612317828732,0.0956985753432632,0.027804177536977386,0.3706774322305691,4.141719049827934
005930,2021-06-12,-0.5782,6.0,0.4738,0.1274,5.0,9.25,5.0,6.0,18.157138824648687,1.737612317828732,0.0956985753432632,0.027804177536977386,0.3706774322305691,4.141719049827934
005930,2021-06-13,0.0068,4.0,0.0117,0.1361,4.0,9.25,5.0,6.0,18.157138824648687,1.737612317828732,0.0956985753432632,0.027804177536977386,0.3706774322305691,4.141719049827934
005930,2021-06-14,0.2158,8.0,0.7094,0.1457,16.0,9.25,5.0,6.0,18.04505772079283,1.7268863158668262,0.0956985753432632,0.027804177536977386,0.3706774322305691,4.124357320686731
005930,2021-06-15,0.3292,8.0,0.5772,0.2281,15.0,9.25,5.0,6.0,18.134722603877517,1.7354671174363507,0.0956985753432632,0.027804177536977386,0.3706774322305691,4.138246703999693
005930,2021-06-16,0.564,8.0,0.678,0.2278,9.0,9.25,5.0,6.0,18.336468590818058,1.754773920967781,0.0956985753432632,0.027804177536977386,0.3706774322305691,4.169497816453857
005930,2021-06-17,-0.1428,5.0,0.8326,0.2944,7.0,9.25,5.0,6.0,18.134722603877517,1.7354671174363507,0.0956985753432632,0.027804177536977386,0.3706774322305691,4.138246703999693
005930,2021-06-18,-0.1416,5.0,0.573,0.098,8.0,9.25,5.0,6.0,18.04505772079283,1.7268863158668262,0.0956985753432632,0.027804177536977386,0.3706774322305691,4.124357320686731
005930,2021-06-19,-0.3869,5.0,0.7901,0.1569,4.0,9.25,5.0,6.0,18.04505772079283,1.7268863158668262,0.0956985753432632,0.027804177536977386,0.3706774322305691,4.124357320686731
005930,2021-06-20,0.4827,4.0,0.5107,0.1758,2.0,9.25,5.0,6.0,18.04505772079283,1.7268863158668262,0.0956985753432632,0.027804177536977386,0.3706774322305691,4.124357320686731
005930,2021-06-21,0.4097,8.0,0.8095,0.1536,14.0,9.25,5.0,6.0,17.910560396165803,1.7140151135125392,0.0956985753432632,0.027804177536977386,0.3706774322305691,4.103523245717289
005930,2021-06-22,0.3056,8.0,0.6348,0.2039,19.0,9.25,5.0,6.0,17.932976616936973,1.7161603139049204,0.0956985753432632,0.027804177536977386,0.3706774322305691,4.106995591545529
005930,2021-06-23,0.4517,8.0,0.5529,0.218,14.0,9.25,5.0,6.0,17.955392837708146,1.7183055142973016,0.0956985753432632,0.027804177536977386,0.3706774322305691,4.11046793737377
005930,2021-06-24,-0.3023,8.0,0.6867,0.1479,23.0,9.25,5.0,6.0,18.20197126619103,1.741902718613494,0.0956985753432632,0.027804177536977386,0.3706774322305691,4.148663741484414
005930,2021-06-25,-0.1157,7.0,0.5948,0.2253,21.0,9.25,5.0,6.0,18.291636149275714,1.750483520183019,0.0956985753432632,0.027804177536977386,0.3706774322305691,4.162553124797377
005930,2021-06-26,-0.2519,5.0,0.5379,0.2193,3.0,9.25,5.0,6.0,18.291636149275714,1.750483520183019,0.0956985753432632,0.027804177536977386,0.3706774322305691,4.162553124797377
005930,2021-06-27,0.2718,7.0,0.6347,0.2399,9.0,9.25,5.0,6.0,18.291636149275714,1.750483520183019,0.0956985753432632,0.027804177536977386,0.3706774322305691,4.162553124797377
005930,2021-06-28,0.1348,7.0,0.7619,0.2471,20.0,9.25,5.0,6.0,18.358884811589228,1.7569191213601623,0.0956985753432632,0.027804177536977386,0.3706774322305691,4.172970162282097
005930,2021-06-29,0.3023,8.0,0.6918,0.1485,25.0,9.25,5.0,6.0,18.157138824648687,1.737612317828732,0.0956985753432632,0.027804177536977386,0.3706774322305691,4.141719049827934
005930,2021-06-30,0.2909,8.0,0.5405,0.2119,14.0,9.25,5.0,6.0,18.089890162335173,1.7311767166515886,0.0956985753432632,0.027804177536977386,0.3706774322305691,4.1313020123432125
005930,2021-07-01,0.5935,9.0,0.4795,0.2397,17.0,9.25,5.0,7.0,17.955392837708146,1.7183055142973016,0.0956985753432632,0.027804177536977386,0.3706774322305691,4.11046793737377
005930,2021-07-02,-0.1179,7.0,0.7212,0.1793,13.0,9.25,5.0,7.0,17.932976616936973,1.7161603139049204,0.0956985753432632,0.027804177536977386,0.3706774322305691,4.106995591545529
005930,2021-07-03,0.0195,4.0,0.4028,0.379,3.0,9.25,5.0,7.0,17.932976616936973,1.7161603139049204,0.0956985753432632,0.027804177536977386,0.3706774322305691,4.106995591545529
005930,2021-07-04,0.0275,4.0,0.5646,0.1704,5.0,9.25,5.0,7.0,17.932976616936973,1.7161603139049204,0.0956985753432632,0.027804177536977386,0.3706774322305691,4.106995591545529
005930,2021-07-05,0.4281,8.0,0.6374,0.202,13.0,9.25,5.0,7.0,18.02264150002166,1.724741115474445,0.0956985753432632,0.027804177536977386,0.3706774322305691,4.120884974858491
005930,2021-07-06,0.2355,8.0,0.5415,0.1715,17.0,9.25,5.0,7.0,18.20197126619103,1.741902718613494,0.0956985753432632,0.027804177536977386,0.3706774322305691,4.148663741484414
005930,2021-07-07,0.1843,8.0,0.7929,0.1766,36.0,9.25,5.0,7.0,18.112306383106343,1.7333219170439695,0.0956985753432632,0.027804177536977386,0.3706774322305691,4.134774358171453
005930,2021-07-08,0.1068,7.0,0.7425,0.2644,14.0,9.25,5.0,7.0,17.910560396165803,1.7140151135125392,0.0956985753432632,0.027804177536977386,0.3706774322305691,4.103523245717289
005930,2021-07-09,0.1163,7.0,0.6701,0.1621,24.0,9.25,5.0,7.0,17.798479292309946,1.7032891115506335,0.0956985753432632,0.027804177536977386,0.3706774322305691,4.0861615165760865
005930,2021-07-10,-0.5408,6.0,0.512,0.1388,5.0,9.25,5.0,7.0,17.798479292309946,1.7032891115506335,0.0956985753432632,0.027804177536977386,0.3706774322305691,4.0861615165760865
005930,2021-07-11,-0.0362,7.0,0.5749,0.242,16.0,9.25,5.0,7.0,17.798479292309946,1.7032891115506335,0.0956985753432632,0.027804177536977386,0.3706774322305691,4.0861615165760865
005930,2021-07-12,0.224,8.0,0.793,0.2037,13.0,9.25,5.0,7.0,17.86572795462346,1.709724712727777,0.0956985753432632,0.027804177536977386,0.3706774322305691,4.096578554060808
005930,2021-07-13,0.3185,8.0,0.7535,0.2352,17.0,9.25,5.0,7.0,17.888144175394633,1.711869913120158,0.0956985753432632,0.027804177536977386,0.3706774322305691,4.100050899889048
005930,2021-07-14,-0.0222,7.0,0.8745,0.2041,14.0,9.25,5.0,7.0,17.82089551308112,1.7054343119430146,0.0956985753432632,0.027804177536977386,0.3706774322305691,4.089633862404328
005930,2021-07-15,0.2589,8.0,0.5444,0.2476,14.0,9.25,5.0,7.0,18.067473941564003,1.7290315162592074,0.0956985753432632,0.027804177536977386,0.3706774322305691,4.127829666514972
005930,2021-07-16,-0.0103,7.0,0.5876,0.2068,19.0,9.25,5.0,7.0,17.888144175394633,1.711869913120158,0.0956985753432632,0.027804177536977386,0.3706774322305691,4.100050899889048
005930,2021-07-17,-0.4436,6.0,0.395,0.2272,7.0,9.25,5.0,7.0,17.888144175394633,1.711869913120158,0.0956985753432632,0.027804177536977386,0.3706774322305691,4.100050899889048
005930,2021-07-18,0.4727,7.0,0.4779,0.1704,9.0,9.25,5.0,7.0,17.888144175394633,1.711869913120158,0.0956985753432632,0.027804177536977386,0.3706774322305691,4.100050899889048
005930,2021-07-19,-0.0274,7.0,0.748,0.1784,16.0,9.25,5.0,7.0,17.708814409225262,1.6947083099811089,0.0956985753432632,0.027804177536977386,0.3706774322305691,4.072272133263125
005930,2021-07-20,-0.1268,7.0,0.6071,0.1968,29.0,9.25,5.0,7.0,17.708814409225262,1.6947083099811089,0.0956985753432632,0.027804177536977386,0.3706774322305691,4.072272133263125
005930,2021-07-21,0.2969,8.0,0.5564,0.1851,23.0,9.25,5.0,7.0,17.596733305369405,1.6839823080192031,0.0956985753432632,0.027804177536977386,0.3706774322305691,4.054910404121923
005930,2021-07-22,0.1339,7.0,0.5289,0.2525,13.0,9.25,5.0,7.0,17.86572795462346,1.709724712727777,0.0956985753432632,0.027804177536977386,0.3706774322305691,4.096578554060808
005930,2021-07-23,0.3668,8.0,0.5894,0.1945,14.0,9.25,5.0,7.0,17.776063071538776,1.7011439111582523,0.0956985753432632,0.027804177536977386,0.3706774322305691,4.082689170747846
005930,2021-07-24,0.0164,4.0,0.206,0.1829,4.0,9.25,5.0,7.0,17.776063071538776,1.7011439111582523,0.0956985753432632,0.027804177536977386,0.3706774322305691,4.082689170747846
005930,2021-07-25,0.0018,6.0,0.6252,0.1816,10.0,9.25,5.0,7.0,17.776063071538776,1.7011439111582523,0.0956985753432632,0.027804177536977386,0.3706774322305691,4.082689170747846
005930,2021-07-26,0.0995,7.0,0.6713,0.2373,25.0,9.25,5.0,7.0,17.66398196768292,1.6904179091963467,0.0956985753432632,0.027804177536977386,0.3706774322305691,4.0653274416066445
005930,2021-07-27,0.4662,7.0,0.7072,0.1518,11.0,9.25,5.0,7.0,17.596733305369405,1.6839823080192031,0.0956985753432632,0.027804177536977386,0.3706774322305691,4.054910404121923
005930,2021-07-28,-0.0795,7.0,0.6298,0.2033,13.0,9.25,5.0,7.0,17.753646850767606,1.6989987107658713,0.0956985753432632,0.027804177536977386,0.3706774322305691,4.079216824919606
005930,2021-07-29,0.2794,8.0,0.7099,0.2029,43.0,9.25,5.0,7.0,17.708814409225262,1.6947083099811089,0.0956985753432632,0.027804177536977386,0.3706774322305691,4.072272133263125
005930,2021-07-30,0.0634,7.0,0.7572,0.2355,19.0,9.25,5.0,7.0,17.596733305369405,1.6839823080192031,0.0956985753432632,0.027804177536977386,0.3706774322305691,4.054910404121923
005930,2021-07-31,-0.3281,5.0,0.3364,0.2703,5.0,9.25,5.0,7.0,17.596733305369405,1.6839823080192031,0.0956985753432632,0.027804177536977386,0.3706774322305691,4.054910404121923
005930,2021-08-01,-0.2821,8.0,0.6043,0.2225,13.0,9.25,5.0,8.0,17.596733305369405,1.6839823080192031,0.0956985753432632,0.027804177536977386,0.3706774322305691,4.054910404121923
005930,2021-08-02,0.5045,9.0,0.5262,0.2202,18.0,9.25,5.0,8.0,17.776063071538776,1.7011439111582523,0.0956985753432632,0.027804177536977386,0.3706774322305691,4.082689170747846
005930,2021-08-03,0.3197,8.0,0.7291,0.267,23.0,9.25,5.0,8.0,18.24680370773337,1.7461931193982565,0.0956985753432632,0.027804177536977386,0.3706774322305691,4.155608433140896
005930,2021-08-04,0.4514,8.0,0.5716,0.253,18.0,9.25,5.0,8.0,18.58304701930094,1.7783711252839738,0.0956985753432632,0.027804177536977386,0.3706774322305691,4.207693620564502
005930,2021-08-05,0.1735,8.0,0.6471,0.2182,23.0,9.25,5.0,8.0,18.40371725313157,1.7612095221449247,0.0956985753432632,0.027804177536977386,0.3706774322305691,4.179914853938579
005930,2021-08-06,-0.1556,6.0,0.7677,0.229,10.0,9.25,5.0,8.0,18.269219928504544,1.7483383197906377,0.0956985753432632,0.027804177536977386,0.3706774322305691,4.159080778969136
005930,2021-08-07,-0.053,5.0,0.5242,0.3795,7.0,9.25,5.0,8.0,18.269219928504544,1.7483383197906377,0.0956985753432632,0.027804177536977386,0.3706774322305691,4.159080778969136
005930,2021-08-08,0.112,7.0,0.5978,0.2329,16.0,9.25,5.0,8.0,18.269219928504544,1.7483383197906377,0.0956985753432632,0.027804177536977386,0.3706774322305691,4.159080778969136
005930,2021-08-09,-0.2216,8.0,0.5008,0.2907,43.0,9.25,5.0,8.0,18.269219928504544,1.7483383197906377,0.0956985753432632,0.027804177536977386,0.3706774322305691,4.159080778969136
005930,2021-08-10,-0.236,8.0,0.6329,0.2982,53.0,9.25,5.0,8.0,17.977809058479316,1.7204507146896828,0.0956985753432632,0.027804177536977386,0.3706774322305691,4.113940283202011
005930,2021-08-11,0.0147,7.0,0.7386,0.2433,39.0,9.25,5.0,8.0,17.596733305369405,1.6839823080192031,0.0956985753432632,0.027804177536977386,0.3706774322305691,4.054910404121923
005930,2021-08-12,0.1512,7.0,0.7281,0.3287,56.0,9.25,5.0,8.0,17.260489993801837,1.6518043021334858,0.0956985753432632,0.027804177536977386,0.3706774322305691,4.002825216698317
005930,2021-08-13,-0.3951,8.0,0.6442,0.2497,62.0,9.25,5.0,8.0,16.677668253751385,1.596029091931576,0.0956985753432632,0.027804177536977386,0.3706774322305691,3.9125442251640656
005930,2021-08-14,-0.5159,6.0,0.3882,0.4024,5.0,9.25,5.0,8.0,16.677668253751385,1.596029091931576,0.0956985753432632,0.027804177536977386,0.3706774322305691,3.9125442251640656
005930,2021-08-15,0.1334,7.0,0.5184,0.2196,15.0,9.25,5.0,8.0,16.677668253751385,1.596029091931576,0.0956985753432632,0.027804177536977386,0.3706774322305691,3.9125442251640656
005930,2021-08-16,0.1449,7.0,0.4823,0.2789,22.0,9.25,5.0,8.0,16.677668253751385,1.596029091931576,0.0956985753432632,0.027804177536977386,0.3706774322305691,3.9125442251640656
005930,2021-08-17,0.0617,7.0,0.6919,0.2757,36.0,9.25,5.0,8.0,16.632835812209045,1.5917386911468137,0.0956985753432632,0.027804177536977386,0.3706774322305691,3.9055995335075853
005930,2021-08-18,0.066,7.0,0.676,0.2462,27.0,9.25,5.0,8.0,16.56558714989553,1.5853030899696703,0.0956985753432632,0.027804177536977386,0.3706774322305691,3.8951824960228634
005930,2021-08-19,-0.4699,8.0,0.6207,0.2701,31.0,9.25,5.0,8.0,16.38625738372616,1.568141486830621,0.0956985753432632,0.027804177536977386,0.3706774322305691,3.86740372939694
005930,2021-08-20,-0.1199,6.0,0.6168,0.3015,11.0,9.25,5.0,8.0,16.296592500641477,1.5595606852610964,0.0956985753432632,0.027804177536977386,0.3706774322305691,3.8535143460839785
005930,2021-08-21,-0.1788,6.0,0.672,0.2424,6.0,9.25,5.0,8.0,16.296592500641477,1.5595606852610964,0.0956985753432632,0.027804177536977386,0.3706774322305691,3.8535143460839785
005930,2021-08-22,-0.2271,7.0,0.626,0.1855,10.0,9.25,5.0,8.0,16.296592500641477,1.5595606852610964,0.0956985753432632,0.027804177536977386,0.3706774322305691,3.8535143460839785
005930,2021-08-23,0.3303,8.0,0.5486,0.2247,23.0,9.25,5.0,8.0,16.431089825268504,1.5724318876153833,0.0956985753432632,0.027804177536977386,0.3706774322305691,3.874348421053421
005930,2021-08-24,0.303,8.0,0.6204,0.2051,39.0,9.25,5.0,8.0,16.94666290300544,1.6217714966401497,0.0956985753432632,0.027804177536977386,0.3706774322305691,3.954212375102951
005930,2021-08-25,0.1668,8.0,0.6501,0.2676,38.0,9.25,5.0,8.0,16.969079123776613,1.623916697032531,0.0956985753432632,0.027804177536977386,0.3706774322305691,3.957684720931191
005930,2021-08-26,0.1012,7.0,0.5433,0.209,20.0,9.25,5.0,8.0,16.72250069529373,1.6003194927163382,0.0956985753432632,0.027804177536977386,0.3706774322305691,3.919488916820547
005930,2021-08-27,0.3137,7.0,0.7525,0.1954,10.0,9.25,5.0,8.0,16.655252032980215,1.5938838915391949,0.0956985753432632,0.027804177536977386,0.3706774322305691,3.909071879335825
005930,2021-08-28,-0.4693,5.0,0.4691,0.1555,4.0,9.25,5.0,8.0,16.655252032980215,1.5938838915391949,0.0956985753432632,0.027804177536977386,0.3706774322305691,3.909071879335825
005930,2021-08-29,0.128,6.0,0.4848,0.1897,10.0,9.25,5.0,8.0,16.655252032980215,1.5938838915391949,0.0956985753432632,0.027804177536977386,0.3706774322305691,3.909071879335825
005930,2021-08-30,0.3716,8.0,0.6055,0.1838,12.0,9.25,5.0,8.0,16.72250069529373,1.6003194927163382,0.0956985753432632,0.027804177536977386,0.3706774322305691,3.919488916820547
005930,2021-08-31,0.542,9.0,0.5666,0.2203,21.0,9.25,5.0,8.0,17.193241331488323,1.6453687009563425,0.0956985753432632,0.027804177536977386,0.3706774322305691,3.9924081792135953
005930,2021-09-01,0.4135,8.0,0.7664,0.2629,17.0,9.25,5.0,9.0,17.215657552259497,1.6475139013487237,0.0956985753432632,0.027804177536977386,0.3706774322305691,3.995880525041836
005930,2021-09-02,0.4841,8.0,0.6491,0.2566,19.0,9.25,5.0,9.0,17.036327786090126,1.6303522982096743,0.0956985753432632,0.027804177536977386,0.3706774322305691,3.9681017584159126
005930,2021-09-03,0.6118,6.0,0.419,0.1677,4.0,9.25,5.0,9.0,17.170825110717153,1.6432235005639613,0.0956985753432632,0.027804177536977386,0.3706774322305691,3.988935833385355
005930,2021-09-04,-0.9886,6.0,0.0,0.0851,1.0,9.25,5.0,9.0,17.170825110717153,1.6432235005639613,0.0956985753432632,0.027804177536977386,0.3706774322305691,3.988935833385355
005930,2021-09-05,0.2522,5.0,0.4315,0.1947,4.0,9.25,5.0,9.0,17.170825110717153,1.6432235005639613,0.0956985753432632,0.027804177536977386,0.3706774322305691,3.988935833385355
005930,2021-09-06,0.264,7.0,0.4282,0.1968,11.0,9.25,5.0,9.0,17.32773865611535,1.6582399033106294,0.0956985753432632,0.027804177536977386,0.3706774322305691,4.013242254183038
005930,2021-09-07,0.0353,7.0,0.6464,0.1943,14.0,9.25,5.0,9.0,17.058744006861296,1.6324974986020555,0.0956985753432632,0.027804177536977386,0.3706774322305691,3.971574104244153
005930,2021-09-08,0.4441,8.0,0.5672,0.1553,23.0,9.25,5.0,9.0,17.10357644840364,1.636787899386818,0.0956985753432632,0.027804177536977386,0.3706774322305691,3.9785187959006336
005930,2021-09-09,0.2064,8.0,0.6069,0.2,19.0,9.25,5.0,9.0,16.879414240691926,1.6153358954630064,0.0956985753432632,0.027804177536977386,0.3706774322305691,3.9437953376182295
005930,2021-09-10,0.2627,7.0,0.4613,0.2303,11.0,9.25,5.0,9.0,16.879414240691926,1.6153358954630064,0.0956985753432632,0.027804177536977386,0.3706774322305691,3.9437953376182295
005930,2021-09-11,-0.0017,4.0,0.6095,0.1319,5.0,9.25,5.0,9.0,16.879414240691926,1.6153358954630064,0.0956985753432632,0.027804177536977386,0.3706774322305691,3.9437953376182295
005930,2021-09-12,0.1244,6.0,0.5216,0.1586,10.0,9.25,5.0,9.0,16.879414240691926,1.6153358954630064,0.0956985753432632,0.027804177536977386,0.3706774322305691,3.9437953376182295
005930,2021-09-13,0.0263,7.0,0.7905,0.1546,15.0,9.25,5.0,9.0,17.10357644840364,1.636787899386818,0.0956985753432632,0.027804177536977386,0.3706774322305691,3.9785187959006336
005930,2021-09-14,0.1267,7.0,0.5876,0.3347,32.0,9.25,5.0,9.0,17.170825110717153,1.6432235005639613,0.0956985753432632,0.027804177536977386,0.3706774322305691,3.988935833385355
005930,2021-09-15,-0.0086,7.0,0.7714,0.205,19.0,9.25,5.0,9.0,17.260489993801837,1.6518043021334858,0.0956985753432632,0.027804177536977386,0.3706774322305691,4.002825216698317
005930,2021-09-16,-0.0767,7.0,0.7176,0.2108,17.0,9.25,5.0,9.0,17.058744006861296,1.6324974986020555,0.0956985753432632,0.027804177536977386,0.3706774322305691,3.971574104244153
005930,2021-09-17,0.4403,8.0,0.609,0.1824,12.0,9.25,5.0,9.0,17.30532243534418,1.6560947029182482,0.0956985753432632,0.027804177536977386,0.3706774322305691,4.009769908354797
005930,2021-09-18,-0.1432,5.0,0.6352,0.1849,6.0,9.25,5.0,9.0,17.30532243534418,1.6560947029182482,0.0956985753432632,0.027804177536977386,0.3706774322305691,4.009769908354797
005930,2021-09-19,-0.4906,4.0,0.5081,0.2414,2.0,9.25,5.0,9.0,17.30532243534418,1.6560947029182482,0.0956985753432632,0.027804177536977386,0.3706774322305691,4.009769908354797
005930,2021-09-20,0.0023,3.0,0.0,0.1875,1.0,9.25,5.0,9.0,17.30532243534418,1.6560947029182482,0.0956985753432632,0.027804177536977386,0.3706774322305691,4.009769908354797
005930,2021-09-21,0.0731,4.0,0.636,0.16,5.0,9.25,5.0,9.0,17.30532243534418,1.6560947029182482,0.0956985753432632,0.027804177536977386,0.3706774322305691,4.009769908354797
005930,2021-09-22,0.366,6.0,0.888,0.2284,6.0,9.25,5.0,9.0,17.30532243534418,1.6560947029182482,0.0956985753432632,0.027804177536977386,0.3706774322305691,4.009769908354797
005930,2021-09-23,0.0162,6.0,0.6039,0.1453,11.0,9.25,5.0,9.0,17.350154876886524,1.6603851037030104,0.0956985753432632,0.027804177536977386,0.3706774322305691,4.016714600011278
005930,2021-09-24,0.3055,8.0,0.5292,0.1942,14.0,9.25,5.0,9.0,17.32773865611535,1.6582399033106294,0.0956985753432632,0.027804177536977386,0.3706774322305691,4.013242254183038
005930,2021-09-25,-0.0227,4.0,0.6335,0.3421,5.0,9.25,5.0,9.0,17.32773865611535,1.6582399033106294,0.0956985753432632,0.027804177536977386,0.3706774322305691,4.013242254183038
005930,2021-09-26,-0.1375,5.0,0.3066,0.2733,8.0,9.25,5.0,9.0,17.32773865611535,1.6582399033106294,0.0956985753432632,0.027804177536977386,0.3706774322305691,4.013242254183038
005930,2021-09-27,-0.0081,7.0,0.6901,0.2093,24.0,9.25,5.0,9.0,17.417403539200038,1.666820704880154,0.0956985753432632,0.027804177536977386,0.3706774322305691,4.027131637496
005930,2021-09-28,0.2987,8.0,0.664,0.2247,20.0,9.25,5.0,9.0,17.10357644840364,1.636787899386818,0.0956985753432632,0.027804177536977386,0.3706774322305691,3.9785187959006336
005930,2021-09-29,0.0774,7.0,0.7046,0.209,23.0,9.25,5.0,9.0,16.61041959143787,1.5895934907544325,0.0956985753432632,0.027804177536977386,0.3706774322305691,3.9021271876793446
005930,2021-09-30,0.5923,9.0,0.5036,0.1968,15.0,9.25,5.0,9.0,16.61041959143787,1.5895934907544325,0.0956985753432632,0.027804177536977386,0.3706774322305691,3.9021271876793446
005930,2021-10-01,-0.5672,7.0,0.4432,0.1812,6.0,9.25,5.0,10.0,16.40867360449733,1.5702866872230021,0.0956985753432632,0.027804177536977386,0.3706774322305691,3.8708760752251807
005930,2021-10-02,-0.9988,6.0,0.0,0.1765,1.0,9.25,5.0,10.0,16.40867360449733,1.5702866872230021,0.0956985753432632,0.027804177536977386,0.3706774322305691,3.8708760752251807
005930,2021-10-03,-0.328,4.0,0.6071,0.1624,2.0,9.25,5.0,10.0,16.40867360449733,1.5702866872230021,0.0956985753432632,0.027804177536977386,0.3706774322305691,3.8708760752251807
005930,2021-10-04,0.9583,6.0,0.0,0.1176,1.0,9.25,5.0,10.0,16.40867360449733,1.5702866872230021,0.0956985753432632,0.027804177536977386,0.3706774322305691,3.8708760752251807
005930,2021-10-05,-0.1445,7.0,0.8157,0.22,25.0,9.25,5.0,10.0,16.18451139678562,1.5488346832991906,0.0956985753432632,0.027804177536977386,0.3706774322305691,3.836152616942776
005930,2021-10-06,-0.3096,8.0,0.6458,0.2359,17.0,9.25,5.0,10.0,15.98276540984508,1.5295278797677603,0.0956985753432632,0.027804177536977386,0.3706774322305691,3.8049015044886128
005930,2021-10-07,0.2895,8.0,0.733,0.2347,25.0,9.25,5.0,10.0,16.050014072158593,1.5359634809449039,0.0956985753432632,0.027804177536977386,0.3706774322305691,3.8153185419733338
005930,2021-10-08,0.4652,8.0,0.6654,0.2184,41.0,9.25,5.0,10.0,16.02759785138742,1.5338182805525227,0.0956985753432632,0.027804177536977386,0.3706774322305691,3.811846196145093
005930,2021-10-09,-0.2578,5.0,0.4266,0.1622,4.0,9.25,5.0,10.0,16.02759785138742,1.5338182805525227,0.0956985753432632,0.027804177536977386,0.3706774322305691,3.811846196145093
005930,2021-10-10,0.2184,7.0,0.588,0.3048,9.0,9.25,5.0,10.0,16.02759785138742,1.5338182805525227,0.0956985753432632,0.027804177536977386,0.3706774322305691,3.811846196145093
005930,2021-10-11,-0.1503,7.0,0.3309,0.1683,15.0,9.25,5.0,10.0,16.02759785138742,1.5338182805525227,0.0956985753432632,0.027804177536977386,0.3706774322305691,3.811846196145093
005930,2021-10-12,-0.2236,8.0,0.75,0.2405,39.0,9.25,6.0,10.0,15.46719233210814,1.4801882707429939,0.0956985753432632,0.027804177536977386,0.3706774322305691,3.7250375504390827
005930,2021-10-13,0.0558,7.0,0.6699,0.2212,33.0,9.25,6.0,10.0,15.422359890565797,1.4758978699582315,0.0956985753432632,0.027804177536977386,0.3706774322305691,3.718092858782602
005930,2021-10-14,0.0184,7.0,0.6449,0.1969,23.0,9.25,6.0,10.0,15.556857215192826,1.4887690723125184,0.0956985753432632,0.027804177536977386,0.3706774322305691,3.7389269337520443
005930,2021-10-15,0.2426,8.0,0.6348,0.2434,16.0,9.25,5.0,10.0,15.713770760591023,1.5037854750591866,0.0956985753432632,0.027804177536977386,0.3706774322305691,3.763233354549727
005930,2021-10-16,-0.2446,5.0,0.3789,0.1824,5.0,9.25,5.0,10.0,15.713770760591023,1.5037854750591866,0.0956985753432632,0.027804177536977386,0.3706774322305691,3.763233354549727
005930,2021-10-17,0.2951,7.0,0.4964,0.1194,9.0,9.25,5.0,10.0,15.713770760591023,1.5037854750591866,0.0956985753432632,0.027804177536977386,0.3706774322305691,3.763233354549727
005930,2021-10-18,0.2872,8.0,0.7051,0.2156,18.0,9.25,5.0,10.0,15.736186981362195,1.5059306754515676,0.0956985753432632,0.027804177536977386,0.3706774322305691,3.7667057003779676
005930,2021-10-19,0.0302,7.0,0.5401,0.13,13.0,9.25,5.0,10.0,15.82585186444688,1.5145114770210923,0.0956985753432632,0.027804177536977386,0.3706774322305691,3.7805950836909292
005930,2021-10-20,0.041,7.0,0.6702,0.2325,24.0,9.25,5.0,10.0,15.758603202133367,1.5080758758439488,0.0956985753432632,0.027804177536977386,0.3706774322305691,3.7701780462062082
005930,2021-10-21,0.3561,7.0,0.6273,0.1879,10.0,9.25,5.0,10.0,15.736186981362195,1.5059306754515676,0.0956985753432632,0.027804177536977386,0.3706774322305691,3.7667057003779676
005930,2021-10-22,0.195,8.0,0.7099,0.1823,21.0,9.25,5.0,10.0,15.781019422904537,1.51022107623633,0.0956985753432632,0.027804177536977386,0.3706774322305691,3.773650392034449
005930,2021-10-23,0.0044,3.0,0.0046,0.5475,2.0,9.25,5.0,10.0,15.781019422904537,1.51022107623633,0.0956985753432632,0.027804177536977386,0.3706774322305691,3.773650392034449
005930,2021-10-24,-0.0274,4.0,0.0393,0.511,3.0,9.25,5.0,10.0,15.781019422904537,1.51022107623633,0.0956985753432632,0.027804177536977386,0.3706774322305691,3.773650392034449
005930,2021-10-25,-0.1795,8.0,0.4618,0.2744,20.0,9.25,5.0,10.0,15.736186981362195,1.5059306754515676,0.0956985753432632,0.027804177536977386,0.3706774322305691,3.7667057003779676
005930,2021-10-26,-0.5464,9.0,0.6837,0.2493,28.0,9.25,5.0,10.0,15.937932968302736,1.525237478982998,0.0956985753432632,0.027804177536977386,0.3706774322305691,3.7979568128321315
005930,2021-10-27,0.1032,7.0,0.5486,0.2052,26.0,9.25,5.0,10.0,15.713770760591023,1.5037854750591866,0.0956985753432632,0.027804177536977386,0.3706774322305691,3.763233354549727
005930,2021-10-28,0.4123,8.0,0.7309,0.2227,37.0,9.25,5.0,10.0,15.84826808521805,1.5166566774134733,0.0956985753432632,0.027804177536977386,0.3706774322305691,3.78406742951917
005930,2021-10-29,0.1199,7.0,0.7283,0.2456,15.0,9.25,6.0,10.0,15.64652209827751,1.497349873882043,0.0956985753432632,0.027804177536977386,0.3706774322305691,3.752816317065006
005930,2021-10-30,-0.6501,6.0,0.4087,0.2969,4.0,9.25,6.0,10.0,15.64652209827751,1.497349873882043,0.0956985753432632,0.027804177536977386,0.3706774322305691,3.752816317065006
005930,2021-10-31,0.0257,4.0,0.0751,0.1465,5.0,9.25,6.0,10.0,15.64652209827751,1.497349873882043,0.0956985753432632,0.027804177536977386,0.3706774322305691,3.752816317065006
005930,2021-11-01,-0.0406,7.0,0.4663,0.2467,15.0,9.25,6.0,11.0,15.668938319048682,1.4994950742744242,0.0956985753432632,0.027804177536977386,0.3706774322305691,3.7562886628932466
005930,2021-11-02,0.1676,8.0,0.5488,0.1694,21.0,9.25,5.0,11.0,16.02759785138742,1.5338182805525227,0.0956985753432632,0.027804177536977386,0.3706774322305691,3.811846196145093
005930,2021-11-03,0.2377,8.0,0.5401,0.2011,15.0,9.25,5.0,11.0,15.781019422904537,1.51022107623633,0.0956985753432632,0.027804177536977386,0.3706774322305691,3.773650392034449
005930,2021-11-04,0.3317,7.0,0.7466,0.2368,11.0,9.25,5.0,11.0,15.82585186444688,1.5145114770210923,0.0956985753432632,0.027804177536977386,0.3706774322305691,3.7805950836909292
005930,2021-11-05,-0.2101,7.0,0.4623,0.2284,9.0,9.25,5.0,11.0,15.736186981362195,1.5059306754515676,0.0956985753432632,0.027804177536977386,0.3706774322305691,3.7667057003779676
005930,2021-11-06,-0.2502,5.0,0.4325,0.1258,4.0,9.25,5.0,11.0,15.736186981362195,1.5059306754515676,0.0956985753432632,0.027804177536977386,0.3706774322305691,3.7667057003779676
005930,2021-11-07,0.036,5.0,0.5112,0.3062,8.0,9.25,5.0,11.0,15.736186981362195,1.5059306754515676,0.0956985753432632,0.027804177536977386,0.3706774322305691,3.7667057003779676
005930,2021-11-08,0.3423,7.0,0.6334,0.1993,9.0,9.25,5.0,11.0,15.82585186444688,1.5145114770210923,0.0956985753432632,0.027804177536977386,0.3706774322305691,3.7805950836909292
005930,2021-11-09,0.1423,7.0,0.7,0.2126,18.0,9.25,5.0,11.0,15.803435643675709,1.5123662766287111,0.0956985753432632,0.027804177536977386,0.3706774322305691,3.7771227378626886
005930,2021-11-10,0.351,7.0,0.4107,0.2105,10.0,9.25,5.0,11.0,15.736186981362195,1.5059306754515676,0.0956985753432632,0.027804177536977386,0.3706774322305691,3.7667057003779676
005930,2021-11-11,0.1792,8.0,0.7326,0.2395,22.0,9.25,6.0,11.0,15.668938319048682,1.4994950742744242,0.0956985753432632,0.027804177536977386,0.3706774322305691,3.7562886628932466
005930,2021-11-12,0.1469,5.0,0.6311,0.1581,7.0,9.25,5.0,11.0,15.82585186444688,1.5145114770210923,0.0956985753432632,0.027804177536977386,0.3706774322305691,3.7805950836909292
005930,2021-11-13,-0.2513,5.0,0.4321,0.2065,4.0,9.25,5.0,11.0,15.82585186444688,1.5145114770210923,0.0956985753432632,0.027804177536977386,0.3706774322305691,3.7805950836909292
005930,2021-11-14,-0.0046,6.0,0.445,0.2841,10.0,9.25,5.0,11.0,15.82585186444688,1.5145114770210923,0.0956985753432632,0.027804177536977386,0.3706774322305691,3.7805950836909292
005930,2021-11-15,0.535,9.0,0.7199,0.2283,13.0,9.25,5.0,11.0,16.00518163061625,1.5316730801601415,0.0956985753432632,0.027804177536977386,0.3706774322305691,3.808373850316853
005930,2021-11-16,0.2747,8.0,0.5569,0.3135,12.0,9.25,5.0,11.0,15.98276540984508,1.5295278797677603,0.0956985753432632,0.027804177536977386,0.3706774322305691,3.8049015044886128
005930,2021-11-17,0.3961,8.0,0.6384,0.1676,24.0,9.25,5.0,11.0,15.84826808521805,1.5166566774134733,0.0956985753432632,0.027804177536977386,0.3706774322305691,3.78406742951917
005930,2021-11-18,0.1464,7.0,0.7033,0.2203,15.0,9.25,5.0,11.0,15.736186981362195,1.5059306754515676,0.0956985753432632,0.027804177536977386,0.3706774322305691,3.7667057003779676
005930,2021-11-19,0.3088,8.0,0.5844,0.2662,13.0,9.25,5.0,11.0,15.960349189073908,1.527382679375379,0.0956985753432632,0.027804177536977386,0.3706774322305691,3.801429158660372
005930,2021-11-20,0.3958,4.0,0.0,0.3404,1.0,9.25,5.0,11.0,15.960349189073908,1.527382679375379,0.0956985753432632,0.027804177536977386,0.3706774322305691,3.801429158660372
005930,2021-11-21,0.016,7.0,0.4869,0.1925,15.0,9.25,5.0,11.0,15.960349189073908,1.527382679375379,0.0956985753432632,0.027804177536977386,0.3706774322305691,3.801429158660372
005930,2021-11-22,0.4502,8.0,0.5319,0.1941,28.0,9.25,5.0,11.0,16.789749357607242,1.6067550938934818,0.0956985753432632,0.027804177536977386,0.3706774322305691,3.929905954305268
005930,2021-11-23,0.2493,8.0,0.5975,0.1995,27.0,9.25,5.0,11.0,16.879414240691926,1.6153358954630064,0.0956985753432632,0.027804177536977386,0.3706774322305691,3.9437953376182295
005930,2021-11-24,0.3539,8.0,0.5848,0.1599,35.0,9.25,5.0,11.0,16.767333136836072,1.6046098935011006,0.0956985753432632,0.027804177536977386,0.3706774322305691,3.9264336084770273
005930,2021-11-25,0.0654,7.0,0.6455,0.1876,20.0,9.25,5.0,11.0,16.520754708353188,1.581012689184908,0.0956985753432632,0.027804177536977386,0.3706774322305691,3.888237804366383
005930,2021-11-26,0.1597,7.0,0.744,0.1834,14.0,9.25,5.0,11.0,16.20692761755679,1.5509798836915718,0.0956985753432632,0.027804177536977386,0.3706774322305691,3.839624962771017
005930,2021-11-27,-0.0006,3.0,0.0,0.2642,1.0,9.25,5.0,11.0,16.20692761755679,1.5509798836915718,0.0956985753432632,0.027804177536977386,0.3706774322305691,3.839624962771017
005930,2021-11-28,0.2692,6.0,0.5707,0.1867,6.0,9.25,5.0,11.0,16.20692761755679,1.5509798836915718,0.0956985753432632,0.027804177536977386,0.3706774322305691,3.839624962771017
005930,2021-11-29,0.0368,7.0,0.4372,0.2075,18.0,9.25,5.0,11.0,16.20692761755679,1.5509798836915718,0.0956985753432632,0.027804177536977386,0.3706774322305691,3.839624962771017
005930,2021-11-30,0.3659,8.0,0.4603,0.1655,12.0,9.25,5.0,11.0,15.98276540984508,1.5295278797677603,0.0956985753432632,0.027804177536977386,0.3706774322305691,3.8049015044886128
005930,2021-12-01,0.2251,8.0,0.497,0.1721,24.0,9.25,5.0,12.0,16.677668253751385,1.596029091931576,0.0956985753432632,0.027804177536977386,0.3706774322305691,3.9125442251640656
005930,2021-12-02,0.3131,8.0,0.575,0.215,14.0,9.25,5.0,12.0,16.991495344547783,1.6260618974249121,0.0956985753432632,0.027804177536977386,0.3706774322305691,3.961157066759432
005930,2021-12-03,0.2489,8.0,0.6049,0.1202,14.0,9.25,5.0,12.0,16.94666290300544,1.6217714966401497,0.0956985753432632,0.027804177536977386,0.3706774322305691,3.954212375102951
005930,2021-12-04,0.1518,3.0,0.0,0.2653,1.0,9.25,5.0,12.0,16.94666290300544,1.6217714966401497,0.0956985753432632,0.027804177536977386,0.3706774322305691,3.954212375102951
005930,2021-12-05,0.3181,6.0,0.4382,0.1916,8.0,9.25,5.0,12.0,16.94666290300544,1.6217714966401497,0.0956985753432632,0.027804177536977386,0.3706774322305691,3.954212375102951
005930,2021-12-06,0.4968,8.0,0.6624,0.2095,19.0,9.25,5.0,12.0,17.10357644840364,1.636787899386818,0.0956985753432632,0.027804177536977386,0.3706774322305691,3.9785187959006336
005930,2021-12-07,0.1256,7.0,0.3288,0.1831,47.0,9.25,5.0,12.0,17.350154876886524,1.6603851037030104,0.0956985753432632,0.027804177536977386,0.3706774322305691,4.016714600011278
005930,2021-12-08,0.1503,7.0,0.4653,0.2323,21.0,9.25,5.0,12.0,17.350154876886524,1.6603851037030104,0.0956985753432632,0.027804177536977386,0.3706774322305691,4.016714600011278
005930,2021-12-09,0.0418,7.0,0.4262,0.1542,29.0,9.25,5.0,12.0,17.52948464305589,1.6775467068420598,0.0956985753432632,0.027804177536977386,0.3706774322305691,4.044493366637202
005930,2021-12-10,0.1648,7.0,0.3726,0.2151,18.0,9.25,5.0,12.0,17.238073773030667,1.6496591017411046,0.0956985753432632,0.027804177536977386,0.3706774322305691,3.9993528708700765
005930,2021-12-11,-0.0675,4.0,0.6418,0.213,5.0,9.25,5.0,12.0,17.238073773030667,1.6496591017411046,0.0956985753432632,0.027804177536977386,0.3706774322305691,3.9993528708700765
005930,2021-12-12,0.5439,8.0,0.4855,0.2356,9.0,9.25,5.0,12.0,17.238073773030667,1.6496591017411046,0.0956985753432632,0.027804177536977386,0.3706774322305691,3.9993528708700765
005930,2021-12-13,0.3631,8.0,0.6685,0.1986,22.0,9.25,5.0,12.0,17.215657552259497,1.6475139013487237,0.0956985753432632,0.027804177536977386,0.3706774322305691,3.995880525041836
005930,2021-12-14,0.4403,8.0,0.5691,0.1638,14.0,9.25,5.0,12.0,17.260489993801837,1.6518043021334858,0.0956985753432632,0.027804177536977386,0.3706774322305691,4.002825216698317
005930,2021-12-15,0.4659,8.0,0.5207,0.192,17.0,9.25,5.0,12.0,17.394987318428864,1.6646755044877728,0.0956985753432632,0.027804177536977386,0.3706774322305691,4.023659291667759
005930,2021-12-16,0.647,9.0,0.5369,0.1786,22.0,9.25,5.0,12.0,17.439819759971208,1.6689659052725352,0.0956985753432632,0.027804177536977386,0.3706774322305691,4.03060398332424
005930,2021-12-17,0.6135,9.0,0.5654,0.1898,18.0,9.25,5.0,12.0,17.48465220151355,1.6732563060572974,0.0956985753432632,0.027804177536977386,0.3706774322305691,4.03754867498072
005930,2021-12-18,-0.4011,5.0,0.4186,0.1793,4.0,9.25,5.0,12.0,17.48465220151355,1.6732563060572974,0.0956985753432632,0.027804177536977386,0.3706774322305691,4.03754867498072
005930,2021-12-19,0.1847,7.0,0.5617,0.1953,10.0,9.25,5.0,12.0,17.48465220151355,1.6732563060572974,0.0956985753432632,0.027804177536977386,0.3706774322305691,4.03754867498072
005930,2021-12-20,0.4379,7.0,0.5029,0.1866,9.0,9.25,5.0,12.0,17.28290621457301,1.653949502525867,0.0956985753432632,0.027804177536977386,0.3706774322305691,4.006297562526557
005930,2021-12-21,0.492,8.0,0.6091,0.2441,26.0,9.25,5.0,12.0,17.50706842228472,1.6754015064496786,0.0956985753432632,0.027804177536977386,0.3706774322305691,4.041021020808961
005930,2021-12-22,0.515,9.0,0.472,0.2453,27.0,9.25,5.0,12.0,17.798479292309946,1.7032891115506335,0.0956985753432632,0.027804177536977386,0.3706774322305691,4.0861615165760865
005930,2021-12-23,0.4603,8.0,0.5765,0.1817,26.0,9.25,5.0,12.0,17.910560396165803,1.7140151135125392,0.0956985753432632,0.027804177536977386,0.3706774322305691,4.103523245717289
005930,2021-12-24,0.0811,7.0,0.4348,0.1937,16.0,9.25,5.0,12.0,18.04505772079283,1.7268863158668262,0.0956985753432632,0.027804177536977386,0.3706774322305691,4.124357320686731
005930,2021-12-25,-0.317,5.0,0.4808,0.1632,3.0,9.25,5.0,12.0,18.04505772079283,1.7268863158668262,0.0956985753432632,0.027804177536977386,0.3706774322305691,4.124357320686731
005930,2021-12-26,0.2192,7.0,0.6245,0.1738,9.0,9.25,5.0,12.0,18.04505772079283,1.7268863158668262,0.0956985753432632,0.027804177536977386,0.3706774322305691,4.124357320686731
005930,2021-12-27,0.2783,8.0,0.4358,0.3017,25.0,9.25,5.0,12.0,17.977809058479316,1.7204507146896828,0.0956985753432632,0.027804177536977386,0.3706774322305691,4.113940283202011
005930,2021-12-28,0.2368,8.0,0.6519,0.1898,21.0,9.25,5.0,12.0,18.00022527925049,1.7225959150820638,0.0956985753432632,0.027804177536977386,0.3706774322305691,4.117412629030251
005930,2021-12-29,-0.1246,7.0,0.6826,0.1755,21.0,9.25,5.0,12.0,17.66398196768292,1.6904179091963467,0.0956985753432632,0.027804177536977386,0.3706774322305691,4.0653274416066445
005930,2021-12-30,0.0612,7.0,0.612,0.3005,15.0,9.25,5.0,12.0,17.551900863827065,1.679691907234441,0.0956985753432632,0.027804177536977386,0.3706774322305691,4.047965712465443
005930,2021-12-31,0.3973,7.0,0.4817,0.1896,10.0,9.25,5.0,12.0,17.551900863827065,1.679691907234441,0.0956985753432632,0.027804177536977386,0.3706774322305691,4.047965712465443
005930,2022-01-01,-0.9866,6.0,0.0,0.1875,1.0,9.25,5.0,13.0,17.551900863827065,1.679691907234441,0.0956985753432632,0.027804177536977386,0.3706774322305691,4.047965712465443
005930,2022-01-02,0.492,6.0,0.4988,0.1992,8.0,9.25,5.0,13.0,17.551900863827065,1.679691907234441,0.0956985753432632,0.027804177536977386,0.3706774322305691,4.047965712465443
005930,2022-01-03,0.0126,7.0,0.4468,0.2252,20.0,9.25,5.0,13.0,17.61914952614058,1.6861275084115843,0.0956985753432632,0.027804177536977386,0.3706774322305691,4.058382749950163
005930,2022-01-04,0.455,8.0,0.457,0.1941,20.0,9.25,5.0,13.0,17.64156574691175,1.6882727088039655,0.0956985753432632,0.027804177536977386,0.3706774322305691,4.061855095778404
005930,2022-01-05,0.227,8.0,0.4901,0.2303,24.0,9.25,5.0,13.0,17.350154876886524,1.6603851037030104,0.0956985753432632,0.027804177536977386,0.3706774322305691,4.016714600011278
005930,2022-01-06,0.0641,7.0,0.2586,0.2791,13.0,9.25,5.0,13.0,17.238073773030667,1.6496591017411046,0.0956985753432632,0.027804177536977386,0.3706774322305691,3.9993528708700765
005930,2022-01-07,0.5657,9.0,0.5557,0.2466,41.0,9.25,5.0,13.0,17.551900863827065,1.679691907234441,0.0956985753432632,0.027804177536977386,0.3706774322305691,4.047965712465443
005930,2022-01-08,0.3963,5.0,0.4858,0.217,5.0,9.25,5.0,13.0,17.551900863827065,1.679691907234441,0.0956985753432632,0.027804177536977386,0.3706774322305691,4.047965712465443
005930,2022-01-09,-0.4997,4.0,0.4998,0.1498,2.0,9.25,5.0,13.0,17.551900863827065,1.679691907234441,0.0956985753432632,0.027804177536977386,0.3706774322305691,4.047965712465443
005930,2022-01-10,-0.0901,7.0,0.7475,0.1623,19.0,9.25,5.0,13.0,17.48465220151355,1.6732563060572974,0.0956985753432632,0.027804177536977386,0.3706774322305691,4.03754867498072
005930,2022-01-11,0.4354,8.0,0.5697,0.1773,16.0,9.25,5.0,13.0,17.686398188454092,1.6925631095887277,0.0956985753432632,0.027804177536977386,0.3706774322305691,4.068799787434885
005930,2022-01-12,0.1761,8.0,0.4864,0.196,22.0,9.25,5.0,13.0,17.686398188454092,1.6925631095887277,0.0956985753432632,0.027804177536977386,0.3706774322305691,4.068799787434885
005930,2022-01-13,0.4697,7.0,0.4899,0.1545,10.0,9.25,5.0,13.0,17.462235980742378,1.6711111056649162,0.0956985753432632,0.027804177536977386,0.3706774322305691,4.034076329152481
005930,2022-01-14,0.4261,8.0,0.4892,0.1929,13.0,9.25,5.0,13.0,17.32773865611535,1.6582399033106294,0.0956985753432632,0.027804177536977386,0.3706774322305691,4.013242254183038
005930,2022-01-15,-0.5928,5.0,0.3726,0.1541,2.0,9.25,5.0,13.0,17.32773865611535,1.6582399033106294,0.0956985753432632,0.027804177536977386,0.3706774322305691,4.013242254183038
005930,2022-01-16,-0.3387,6.0,0.4085,0.1663,6.0,9.25,5.0,13.0,17.32773865611535,1.6582399033106294,0.0956985753432632,0.027804177536977386,0.3706774322305691,4.013242254183038
005930,2022-01-17,0.194,7.0,0.5483,0.1704,11.0,9.25,5.0,13.0,17.372571097657694,1.6625303040953916,0.0956985753432632,0.027804177536977386,0.3706774322305691,4.0201869458395185
005930,2022-01-18,0.5017,8.0,0.4976,0.1486,10.0,9.25,5.0,13.0,17.260489993801837,1.6518043021334858,0.0956985753432632,0.027804177536977386,0.3706774322305691,4.002825216698317
005930,2022-01-19,0.5032,8.0,0.5413,0.1995,11.0,9.25,5.0,13.0,17.10357644840364,1.636787899386818,0.0956985753432632,0.027804177536977386,0.3706774322305691,3.9785187959006336
005930,2022-01-20,0.3137,7.0,0.644,0.3151,9.0,9.25,5.0,13.0,17.148408889945983,1.64107830017158,0.0956985753432632,0.027804177536977386,0.3706774322305691,3.985463487557115
005930,2022-01-21,-0.0417,6.0,0.7176,0.2043,10.0,9.25,5.0,13.0,16.94666290300544,1.6217714966401497,0.0956985753432632,0.027804177536977386,0.3706774322305691,3.954212375102951
005930,2022-01-22,0.4144,4.0,0.4144,0.1907,2.0,9.25,5.0,13.0,16.94666290300544,1.6217714966401497,0.0956985753432632,0.027804177536977386,0.3706774322305691,3.954212375102951
005930,2022-01-23,0.0003,4.0,0.8146,0.1936,3.0,9.25,5.0,13.0,16.94666290300544,1.6217714966401497,0.0956985753432632,0.027804177536977386,0.3706774322305691,3.954212375102951
005930,2022-01-24,-0.1283,7.0,0.6837,0.1596,16.0,9.25,5.0,13.0,16.834581799149586,1.611045494678244,0.0956985753432632,0.027804177536977386,0.3706774322305691,3.9368506459617487
005930,2022-01-25,0.1489,7.0,0.8092,0.1899,19.0,9.25,5.0,13.0,16.5880033706667,1.5874482903620515,0.0956985753432632,0.027804177536977386,0.3706774322305691,3.898654841851104
005930,2022-01-26,0.0861,7.0,0.7521,0.1797,19.0,9.25,5.0,13.0,16.431089825268504,1.5724318876153833,0.0956985753432632,0.027804177536977386,0.3706774322305691,3.874348421053421
005930,2022-01-27,0.457,8.0,0.7461,0.2344,35.0,9.25,5.0,13.0,15.98276540984508,1.5295278797677603,0.0956985753432632,0.027804177536977386,0.3706774322305691,3.8049015044886128
005930,2022-01-28,0.6327,7.0,0.4386,0.2283,7.0,9.25,5.0,13.0,16.431089825268504,1.5724318876153833,0.0956985753432632,0.027804177536977386,0.3706774322305691,3.874348421053421
005930,2022-01-29,0.2328,5.0,0.7366,0.2266,5.0,9.25,5.0,13.0,16.431089825268504,1.5724318876153833,0.0956985753432632,0.027804177536977386,0.3706774322305691,3.874348421053421
005930,2022-01-30,0.124,3.0,0.8005,0.2786,2.0,9.25,5.0,13.0,16.431089825268504,1.5724318876153833,0.0956985753432632,0.027804177536977386,0.3706774322305691,3.874348421053421
005930,2022-01-31,0.2669,6.0,0.4364,0.1802,6.0,9.25,5.0,13.0,16.431089825268504,1.5724318876153833,0.0956985753432632,0.027804177536977386,0.3706774322305691,3.874348421053421
005930,2022-02-01,-0.5747,5.0,0.3159,0.1788,2.0,9.25,5.0,14.0,16.431089825268504,1.5724318876153833,0.0956985753432632,0.027804177536977386,0.3706774322305691,3.874348421053421
005930,2022-02-02,0.0006,6.0,0.5103,0.167,9.0,9.25,5.0,14.0,16.431089825268504,1.5724318876153833,0.0956985753432632,0.027804177536977386,0.3706774322305691,3.874348421053421
005930,2022-02-03,0.1886,7.0,0.8245,0.1868,11.0,9.25,5.0,14.0,16.431089825268504,1.5724318876153833,0.0956985753432632,0.027804177536977386,0.3706774322305691,3.874348421053421
005930,2022-02-04,-0.132,6.0,0.5192,0.1988,11.0,9.25,5.0,14.0,16.5880033706667,1.5874482903620515,0.0956985753432632,0.027804177536977386,0.3706774322305691,3.898654841851104
005930,2022-02-05,-0.9985,6.0,0.0,0.093,1.0,9.25,5.0,14.0,16.5880033706667,1.5874482903620515,0.0956985753432632,0.027804177536977386,0.3706774322305691,3.898654841851104
005930,2022-02-06,0.1388,6.0,0.6919,0.1659,9.0,9.25,5.0,14.0,16.5880033706667,1.5874482903620515,0.0956985753432632,0.027804177536977386,0.3706774322305691,3.898654841851104
005930,2022-02-07,-0.1457,7.0,0.6423,0.187,15.0,9.25,5.0,14.0,16.36384116295499,1.56599628643824,0.0956985753432632,0.027804177536977386,0.3706774322305691,3.8639313835686995
005930,2022-02-08,0.1489,7.0,0.7173,0.1827,17.0,9.25,5.0,14.0,16.475922266810844,1.5767222884001457,0.0956985753432632,0.027804177536977386,0.3706774322305691,3.8812931127099017
005930,2022-02-09,0.2465,8.0,0.5774,0.1735,18.0,9.25,5.0,14.0,16.7449169160649,1.6024646931087194,0.0956985753432632,0.027804177536977386,0.3706774322305691,3.9229612626487866
005930,2022-02-10,0.3962,8.0,0.4544,0.2059,35.0,9.25,5.0,14.0,16.9018304614631,1.6174810958553876,0.0956985753432632,0.027804177536977386,0.3706774322305691,3.94726768344647
005930,2022-02-11,0.2021,8.0,0.6068,0.2385,13.0,9.25,5.0,14.0,16.789749357607242,1.6067550938934818,0.0956985753432632,0.027804177536977386,0.3706774322305691,3.929905954305268
005930,2022-02-12,-0.273,5.0,0.359,0.132,3.0,9.25,5.0,14.0,16.789749357607242,1.6067550938934818,0.0956985753432632,0.027804177536977386,0.3706774322305691,3.929905954305268
005930,2022-02-13,0.0458,6.0,0.4134,0.2078,10.0,9.25,5.0,14.0,16.789749357607242,1.6067550938934818,0.0956985753432632,0.027804177536977386,0.3706774322305691,3.929905954305268
005930,2022-02-14,0.1984,8.0,0.6489,0.2619,31.0,9.25,5.0,14.0,16.520754708353188,1.581012689184908,0.0956985753432632,0.027804177536977386,0.3706774322305691,3.888237804366383
005930,2022-02-15,-0.0031,7.0,0.5721,0.1727,17.0,9.25,5.0,14.0,16.520754708353188,1.581012689184908,0.0956985753432632,0.027804177536977386,0.3706774322305691,3.888237804366383
005930,2022-02-16,-0.32,8.0,0.4631,0.197,13.0,9.25,5.0,14.0,16.767333136836072,1.6046098935011006,0.0956985753432632,0.027804177536977386,0.3706774322305691,3.9264336084770273
005930,2022-02-17,0.3322,8.0,0.5682,0.1643,12.0,9.25,5.0,14.0,16.812165578378412,1.6089002942858628,0.0956985753432632,0.027804177536977386,0.3706774322305691,3.9333783001335085
005930,2022-02-18,0.6168,8.0,0.6307,0.1843,11.0,9.25,5.0,14.0,16.655252032980215,1.5938838915391949,0.0956985753432632,0.027804177536977386,0.3706774322305691,3.909071879335825
005930,2022-02-19,-0.0887,3.0,0.0887,0.1507,2.0,9.25,5.0,14.0,16.655252032980215,1.5938838915391949,0.0956985753432632,0.027804177536977386,0.3706774322305691,3.909071879335825
005930,2022-02-20,0.6849,7.0,0.4358,0.1634,7.0,9.25,5.0,14.0,16.655252032980215,1.5938838915391949,0.0956985753432632,0.027804177536977386,0.3706774322305691,3.909071879335825
005930,2022-02-21,0.1128,5.0,0.7663,0.2311,8.0,9.25,5.0,14.0,16.632835812209045,1.5917386911468137,0.0956985753432632,0.027804177536977386,0.3706774322305691,3.9055995335075853
005930,2022-02-22,0.392,8.0,0.4612,0.1893,12.0,9.25,5.0,14.0,16.453506046039674,1.5745770880077645,0.0956985753432632,0.027804177536977386,0.3706774322305691,3.877820766881661
005930,2022-02-23,0.1109,6.0,0.5653,0.2313,9.0,9.25,5.0,14.0,16.36384116295499,1.56599628643824,0.0956985753432632,0.027804177536977386,0.3706774322305691,3.8639313835686995
005930,2022-02-24,0.5135,9.0,0.7157,0.2686,14.0,9.25,5.0,14.0,16.02759785138742,1.5338182805525227,0.0956985753432632,0.027804177536977386,0.3706774322305691,3.811846196145093
005930,2022-02-25,0.052,7.0,0.63,0.2362,26.0,9.25,5.0,14.0,16.117262734472106,1.5423990821220472,0.0956985753432632,0.027804177536977386,0.3706774322305691,3.8257355794580548
005930,2022-02-26,-0.2309,4.0,0.2619,0.1938,2.0,9.25,5.0,14.0,16.117262734472106,1.5423990821220472,0.0956985753432632,0.027804177536977386,0.3706774322305691,3.8257355794580548
005930,2022-02-27,0.1452,6.0,0.3412,0.1479,11.0,9.25,5.0,14.0,16.117262734472106,1.5423990821220472,0.0956985753432632,0.027804177536977386,0.3706774322305691,3.8257355794580548
005930,2022-02-28,0.2423,8.0,0.655,0.1953,19.0,9.25,5.0,14.0,16.162095176014446,1.5466894829068094,0.0956985753432632,0.027804177536977386,0.3706774322305691,3.832680271114536
005930,2022-03-01,0.1067,6.0,0.4669,0.1955,9.0,9.25,5.0,15.0,16.162095176014446,1.5466894829068094,0.0956985753432632,0.027804177536977386,0.3706774322305691,3.832680271114536
005930,2022-03-02,0.5724,7.0,0.4826,0.1634,7.0,9.25,5.0,15.0,16.072430292929763,1.5381086813372848,0.0956985753432632,0.027804177536977386,0.3706774322305691,3.8187908878015744
005930,2022-03-03,0.1317,7.0,0.6756,0.1702,23.0,9.25,5.0,15.0,16.341424942183817,1.5638510860458588,0.0956985753432632,0.027804177536977386,0.3706774322305691,3.8604590377404593
005930,2022-03-04,-0.2876,8.0,0.7162,0.1829,12.0,9.25,5.0,15.0,16.02759785138742,1.5338182805525227,0.0956985753432632,0.027804177536977386,0.3706774322305691,3.811846196145093
005930,2022-03-05,0.0841,6.0,0.8288,0.2156,9.0,9.25,5.0,15.0,16.02759785138742,1.5338182805525227,0.0956985753432632,0.027804177536977386,0.3706774322305691,3.811846196145093
005930,2022-03-06,0.1647,7.0,0.7853,0.278,18.0,9.25,5.0,15.0,16.02759785138742,1.5338182805525227,0.0956985753432632,0.027804177536977386,0.3706774322305691,3.811846196145093
005930,2022-03-07,-0.3626,8.0,0.6658,0.1778,21.0,9.25,5.0,15.0,15.713770760591023,1.5037854750591866,0.0956985753432632,0.027804177536977386,0.3706774322305691,3.763233354549727
005930,2022-03-08,0.0012,7.0,0.7888,0.24,21.0,9.25,6.0,15.0,15.579273435963996,1.4909142727048996,0.0956985753432632,0.027804177536977386,0.3706774322305691,3.742399279580285
005930,2022-03-09,0.0043,5.0,0.8183,0.2302,8.0,9.25,6.0,15.0,15.579273435963996,1.4909142727048996,0.0956985753432632,0.027804177536977386,0.3706774322305691,3.742399279580285
005930,2022-03-10,-0.047,7.0,0.4276,0.2272,12.0,9.25,5.0,15.0,15.960349189073908,1.527382679375379,0.0956985753432632,0.027804177536977386,0.3706774322305691,3.801429158660372
005930,2022-03-11,-0.3254,8.0,0.6551,0.2892,18.0,9.25,5.0,15.0,15.691354539819853,1.5016402746668054,0.0956985753432632,0.027804177536977386,0.3706774322305691,3.759761008721487
005930,2022-03-12,-0.5959,6.0,0.4259,0.1397,4.0,9.25,5.0,15.0,15.691354539819853,1.5016402746668054,0.0956985753432632,0.027804177536977386,0.3706774322305691,3.759761008721487
005930,2022-03-13,-0.1144,7.0,0.5339,0.2478,12.0,9.25,5.0,15.0,15.691354539819853,1.5016402746668054,0.0956985753432632,0.027804177536977386,0.3706774322305691,3.759761008721487
005930,2022-03-14,0.1066,7.0,0.6283,0.1902,22.0,9.25,5.0,15.0,15.736186981362195,1.5059306754515676,0.0956985753432632,0.027804177536977386,0.3706774322305691,3.7667057003779676
005930,2022-03-15,-0.4353,8.0,0.6023,0.2401,16.0,9.25,6.0,15.0,15.579273435963996,1.4909142727048996,0.0956985753432632,0.027804177536977386,0.3706774322305691,3.742399279580285
005930,2022-03-16,-0.1263,7.0,0.6695,0.2486,29.0,9.25,5.0,15.0,15.781019422904537,1.51022107623633,0.0956985753432632,0.027804177536977386,0.3706774322305691,3.773650392034449
005930,2022-03-17,0.2192,8.0,0.6672,0.192,20.0,9.25,5.0,15.0,15.960349189073908,1.527382679375379,0.0956985753432632,0.027804177536977386,0.3706774322305691,3.801429158660372
005930,2022-03-18,0.3083,8.0,0.545,0.2584,17.0,9.25,5.0,15.0,15.84826808521805,1.5166566774134733,0.0956985753432632,0.027804177536977386,0.3706774322305691,3.78406742951917
005930,2022-03-19,-0.3938,4.0,0.5752,0.1231,2.0,9.25,5.0,15.0,15.84826808521805,1.5166566774134733,0.0956985753432632,0.027804177536977386,0.3706774322305691,3.78406742951917
005930,2022-03-20,-0.0467,6.0,0.6872,0.1599,11.0,9.25,5.0,15.0,15.84826808521805,1.5166566774134733,0.0956985753432632,0.027804177536977386,0.3706774322305691,3.78406742951917
005930,2022-03-21,0.0445,7.0,0.5898,0.2026,15.0,9.25,6.0,15.0,15.668938319048682,1.4994950742744242,0.0956985753432632,0.027804177536977386,0.3706774322305691,3.7562886628932466
005930,2022-03-22,0.2181,8.0,0.6698,0.1402,14.0,9.25,5.0,15.0,15.758603202133367,1.5080758758439488,0.0956985753432632,0.027804177536977386,0.3706774322305691,3.7701780462062082
005930,2022-03-23,-0.0714,7.0,0.5793,0.2069,14.0,9.25,5.0,15.0,15.803435643675709,1.5123662766287111,0.0956985753432632,0.027804177536977386,0.3706774322305691,3.7771227378626886
005930,2022-03-24,-0.0808,7.0,0.742,0.1987,26.0,9.25,6.0,15.0,15.64652209827751,1.497349873882043,0.0956985753432632,0.027804177536977386,0.3706774322305691,3.752816317065006
005930,2022-03-25,0.0108,7.0,0.7434,0.2167,20.0,9.25,6.0,15.0,15.64652209827751,1.497349873882043,0.0956985753432632,0.027804177536977386,0.3706774322305691,3.752816317065006
005930,2022-03-26,-0.0661,5.0,0.1415,0.1789,6.0,9.25,6.0,15.0,15.64652209827751,1.497349873882043,0.0956985753432632,0.027804177536977386,0.3706774322305691,3.752816317065006
005930,2022-03-27,-0.2642,6.0,0.6473,0.2218,8.0,9.25,6.0,15.0,15.64652209827751,1.497349873882043,0.0956985753432632,0.027804177536977386,0.3706774322305691,3.752816317065006
005930,2022-03-28,0.0963,7.0,0.7832,0.1706,22.0,9.25,6.0,15.0,15.62410587750634,1.4952046734896618,0.0956985753432632,0.027804177536977386,0.3706774322305691,3.7493439712367653
005930,2022-03-29,-0.0535,7.0,0.6944,0.1897,14.0,9.25,5.0,15.0,15.736186981362195,1.5059306754515676,0.0956985753432632,0.027804177536977386,0.3706774322305691,3.7667057003779676
005930,2022-03-30,0.4566,8.0,0.5963,0.1819,14.0,9.25,6.0,15.0,15.668938319048682,1.4994950742744242,0.0956985753432632,0.027804177536977386,0.3706774322305691,3.7562886628932466
005930,2022-03-31,0.083,7.0,0.6134,0.1381,20.0,9.25,6.0,15.0,15.601689656735168,1.4930594730972808,0.0956985753432632,0.027804177536977386,0.3706774322305691,3.745871625408525
005930,2022-04-01,-0.058,7.0,0.5982,0.1493,12.0,9.25,7.0,4.0,10.249890193690652,1.3415778057693297,0.1308870417553489,0.18072866582805402,0.39921697128885214,3.4368991824962345
005930,2022-04-02,-0.0815,3.0,0.0816,0.2219,2.0,9.25,7.0,4.0,10.249890193690652,1.3415778057693297,0.1308870417553489,0.18072866582805402,0.39921697128885214,3.4368991824962345
005930,2022-04-03,0.4992,6.0,0.4687,0.249,8.0,9.25,7.0,4.0,10.249890193690652,1.3415778057693297,0.1308870417553489,0.18072866582805402,0.39921697128885214,3.4368991824962345
005930,2022-04-04,-0.0146,7.0,0.7442,0.2094,21.0,9.25,7.0,4.0,10.279557024931435,1.3454608095486909,0.1308870417553489,0.18072866582805402,0.39921697128885214,3.4427351124169867
005930,2022-04-05,0.3115,7.0,0.6325,0.1355,10.0,9.25,7.0,4.0,10.264723609311044,1.3435193076590104,0.1308870417553489,0.18072866582805402,0.39921697128885214,3.439817147456611
005930,2022-04-06,0.0366,7.0,0.6917,0.2011,17.0,9.25,7.0,4.0,10.160889699968303,1.3299287944312457,0.1308870417553489,0.18072866582805402,0.39921697128885214,3.419391392733977
005930,2022-04-07,0.2164,8.0,0.7444,0.2301,31.0,9.25,7.0,4.0,10.086722621866343,1.3202212849828425,0.1308870417553489,0.18072866582805402,0.39921697128885214,3.404801567932096
005930,2022-04-08,0.0484,7.0,0.7818,0.261,19.0,9.25,7.0,4.0,10.05705579062556,1.3163382812034812,0.1308870417553489,0.18072866582805402,0.39921697128885214,3.3989656380113438
005930,2022-04-09,-0.2597,5.0,0.4239,0.2159,4.0,9.25,7.0,4.0,10.05705579062556,1.3163382812034812,0.1308870417553489,0.18072866582805402,0.39921697128885214,3.3989656380113438
005930,2022-04-10,0.3432,8.0,0.5205,0.2045,12.0,9.25,7.0,4.0,10.05705579062556,1.3163382812034812,0.1308870417553489,0.18072866582805402,0.39921697128885214,3.3989656380113438
005930,2022-04-11,-0.067,7.0,0.6522,0.2143,20.0,9.25,7.0,4.0,10.071889206245952,1.3182797830931618,0.1308870417553489,0.18072866582805402,0.39921697128885214,3.4018836029717203
005930,2022-04-12,-0.038,7.0,0.6287,0.223,27.0,9.25,7.0,4.0,9.938388465662428,1.300806266086036,0.1308870417553489,0.18072866582805402,0.39921697128885214,3.375621918328334
005930,2022-04-13,-0.2344,8.0,0.653,0.1795,14.0,9.25,7.0,4.0,10.190556531209086,1.333811798210607,0.1308870417553489,0.18072866582805402,0.39921697128885214,3.42522732265473
005930,2022-04-14,0.0891,7.0,0.4887,0.2001,17.0,9.25,7.0,4.0,10.012555543764385,1.3105137755344392,0.1308870417553489,0.18072866582805402,0.39921697128885214,3.390211743130215
005930,2022-04-15,-0.2244,8.0,0.7863,0.2029,16.0,9.25,7.0,4.0,9.87905480318086,1.2930402585273133,0.1308870417553489,0.18072866582805402,0.39921697128885214,3.3639500584868296
005930,2022-04-16,0.2824,6.0,0.771,0.2052,6.0,9.25,7.0,4.0,9.87905480318086,1.2930402585273133,0.1308870417553489,0.18072866582805402,0.39921697128885214,3.3639500584868296
005930,2022-04-17,0.3491,6.0,0.6577,0.1553,7.0,9.25,7.0,4.0,9.87905480318086,1.2930402585273133,0.1308870417553489,0.18072866582805402,0.39921697128885214,3.3639500584868296
005930,2022-04-18,-0.09,7.0,0.625,0.1826,18.0,9.25,7.0,4.0,9.893888218801251,1.294981760416994,0.1308870417553489,0.18072866582805402,0.39921697128885214,3.3668680234472053
005930,2022-04-19,0.5135,9.0,0.4703,0.2271,24.0,9.25,7.0,4.0,9.982888712523602,1.306630771755078,0.1308870417553489,0.18072866582805402,0.39921697128885214,3.384375813209463
005930,2022-04-20,0.2877,8.0,0.6759,0.2034,24.0,9.25,7.0,4.0,9.997722128143995,1.3085722736447587,0.1308870417553489,0.18072866582805402,0.39921697128885214,3.3872937781698393
005930,2022-04-21,0.0205,7.0,0.6086,0.1368,19.0,9.25,7.0,4.0,10.042222375005169,1.3143967793138005,0.1308870417553489,0.18072866582805402,0.39921697128885214,3.396047673050968
005930,2022-04-22,0.2822,7.0,0.6977,0.2245,9.0,9.25,7.0,4.0,9.938388465662428,1.300806266086036,0.1308870417553489,0.18072866582805402,0.39921697128885214,3.375621918328334
005930,2022-04-23,-0.5089,6.0,0.6018,0.1365,5.0,9.25,7.0,4.0,9.938388465662428,1.300806266086036,0.1308870417553489,0.18072866582805402,0.39921697128885214,3.375621918328334
005930,2022-04-24,0.3591,6.0,0.6824,0.1632,8.0,9.25,7.0,4.0,9.938388465662428,1.300806266086036,0.1308870417553489,0.18072866582805402,0.39921697128885214,3.375621918328334
005930,2022-04-25,0.161,7.0,0.6144,0.1705,16.0,9.25,7.0,4.0,9.834554556319686,1.2872157528582715,0.1308870417553489,0.18072866582805402,0.39921697128885214,3.355196163605701
005930,2022-04-26,0.2985,8.0,0.7683,0.1613,14.0,9.25,7.0,4.0,9.804887725078903,1.2833327490789102,0.1308870417553489,0.18072866582805402,0.39921697128885214,3.3493602336849477
005930,2022-04-27,-0.1456,7.0,0.6271,0.1516,21.0,9.25,7.0,4.0,9.641720153254594,1.261976228292423,0.1308870417553489,0.18072866582805402,0.39921697128885214,3.31726261912081
005930,2022-04-28,0.2566,8.0,0.7619,0.2314,44.0,9.25,7.0,4.0,9.61205332201381,1.2580932245130616,0.1308870417553489,0.18072866582805402,0.39921697128885214,3.311426689200057
005930,2022-04-29,0.0201,7.0,0.6667,0.2304,24.0,9.25,7.0,4.0,9.997722128143995,1.3085722736447587,0.1308870417553489,0.18072866582805402,0.39921697128885214,3.3872937781698393
005930,2022-04-30,0.2896,5.0,0.5075,0.189,5.0,9.25,7.0,4.0,9.997722128143995,1.3085722736447587,0.1308870417553489,0.18072866582805402,0.39921697128885214,3.3872937781698393
005930,2022-05-01,0.111,6.0,0.3141,0.1597,9.0,9.25,7.0,5.0,9.997722128143995,1.3085722736447587,0.1308870417553489,0.18072866582805402,0.39921697128885214,3.3872937781698393
005930,2022-05-02,0.0799,7.0,0.7039,0.2002,22.0,9.25,7.0,5.0,9.982888712523602,1.306630771755078,0.1308870417553489,0.18072866582805402,0.39921697128885214,3.384375813209463
005930,2022-05-03,0.3262,8.0,0.6787,0.2755,16.0,9.25,7.0,5.0,10.012555543764385,1.3105137755344392,0.1308870417553489,0.18072866582805402,0.39921697128885214,3.390211743130215
005930,2022-05-04,0.4391,8.0,0.5516,0.2352,25.0,9.25,7.0,5.0,10.071889206245952,1.3182797830931618,0.1308870417553489,0.18072866582805402,0.39921697128885214,3.4018836029717203
005930,2022-05-05,-0.0891,6.0,0.6671,0.1682,9.0,9.25,7.0,5.0,10.071889206245952,1.3182797830931618,0.1308870417553489,0.18072866582805402,0.39921697128885214,3.4018836029717203
005930,2022-05-06,0.3593,8.0,0.5771,0.1836,19.0,9.25,7.0,5.0,9.864221387560468,1.2910987566376328,0.1308870417553489,0.18072866582805402,0.39921697128885214,3.361032093526453
005930,2022-05-07,0.321,5.0,0.4024,0.1246,5.0,9.25,7.0,5.0,9.864221387560468,1.2910987566376328,0.1308870417553489,0.18072866582805402,0.39921697128885214,3.361032093526453
005930,2022-05-08,0.7071,7.0,0.4477,0.1948,7.0,9.25,7.0,5.0,9.864221387560468,1.2910987566376328,0.1308870417553489,0.18072866582805402,0.39921697128885214,3.361032093526453
005930,2022-05-09,0.2627,7.0,0.7107,0.2126,9.0,9.25,7.0,5.0,9.804887725078903,1.2833327490789102,0.1308870417553489,0.18072866582805402,0.39921697128885214,3.3493602336849477
005930,2022-05-10,0.0561,7.0,0.6038,0.1985,15.0,9.25,7.0,5.0,9.745554062597336,1.2755667415201875,0.1308870417553489,0.18072866582805402,0.39921697128885214,3.3376883738434433
005930,2022-05-11,0.3088,7.0,0.6987,0.1718,11.0,9.25,7.0,5.0,9.745554062597336,1.2755667415201875,0.1308870417553489,0.18072866582805402,0.39921697128885214,3.3376883738434433
005930,2022-05-12,0.1812,8.0,0.6643,0.1765,18.0,9.25,7.0,5.0,9.626886737634202,1.2600347264027423,0.1308870417553489,0.18072866582805402,0.39921697128885214,3.3143446541604336
005930,2022-05-13,-0.1025,6.0,0.8462,0.2035,9.0,9.25,7.0,5.0,9.864221387560468,1.2910987566376328,0.1308870417553489,0.18072866582805402,0.39921697128885214,3.361032093526453
005930,2022-05-14,-0.1075,4.0,0.3824,0.1615,5.0,9.25,7.0,5.0,9.864221387560468,1.2910987566376328,0.1308870417553489,0.18072866582805402,0.39921697128885214,3.361032093526453
005930,2022-05-15,0.3404,6.0,0.4143,0.2124,8.0,9.25,7.0,5.0,9.864221387560468,1.2910987566376328,0.1308870417553489,0.18072866582805402,0.39921697128885214,3.361032093526453
005930,2022-05-16,0.2047,8.0,0.6012,0.2115,12.0,9.25,7.0,5.0,9.834554556319686,1.2872157528582715,0.1308870417553489,0.18072866582805402,0.39921697128885214,3.355196163605701
005930,2022-05-17,0.3444,8.0,0.544,0.2409,20.0,9.25,7.0,5.0,10.027388959384778,1.3124552774241198,0.1308870417553489,0.18072866582805402,0.39921697128885214,3.3931297080905916
005930,2022-05-18,0.1541,7.0,0.3908,0.1881,20.0,9.25,7.0,5.0,10.101556037486736,1.3221627868725232,0.1308870417553489,0.18072866582805402,0.39921697128885214,3.4077195328924725
005930,2022-05-19,0.3326,8.0,0.443,0.1611,13.0,9.25,7.0,5.0,10.012555543764385,1.3105137755344392,0.1308870417553489,0.18072866582805402,0.39921697128885214,3.390211743130215
005930,2022-05-20,0.1831,8.0,0.3821,0.2945,38.0,9.25,7.0,5.0,10.086722621866343,1.3202212849828425,0.1308870417553489,0.18072866582805402,0.39921697128885214,3.404801567932096
005930,2022-05-21,0.0166,5.0,0.0405,0.3231,7.0,9.25,7.0,5.0,10.086722621866343,1.3202212849828425,0.1308870417553489,0.18072866582805402,0.39921697128885214,3.404801567932096
005930,2022-05-22,0.2006,7.0,0.3996,0.2718,10.0,9.25,7.0,5.0,10.086722621866343,1.3202212849828425,0.1308870417553489,0.18072866582805402,0.39921697128885214,3.404801567932096
005930,2022-05-23,0.1423,7.0,0.6006,0.2563,15.0,9.25,7.0,5.0,10.071889206245952,1.3182797830931618,0.1308870417553489,0.18072866582805402,0.39921697128885214,3.4018836029717203
005930,2022-05-24,0.1295,7.0,0.6676,0.1633,22.0,9.25,7.0,5.0,9.864221387560468,1.2910987566376328,0.1308870417553489,0.18072866582805402,0.39921697128885214,3.361032093526453
005930,2022-05-25,0.2755,8.0,0.683,0.2104,14.0,9.25,7.0,5.0,9.849387971940077,1.2891572547479522,0.1308870417553489,0.18072866582805402,0.39921697128885214,3.3581141285660774
005930,2022-05-26,-0.0895,7.0,0.6669,0.1789,14.0,9.25,7.0,5.0,9.775220893838119,1.2794497452995488,0.1308870417553489,0.18072866582805402,0.39921697128885214,3.3435243037641955
005930,2022-05-27,0.2324,6.0,0.4382,0.175,8.0,9.25,7.0,5.0,9.864221387560468,1.2910987566376328,0.1308870417553489,0.18072866582805402,0.39921697128885214,3.361032093526453
005930,2022-05-28,-0.6658,6.0,0.4658,0.0964,3.0,9.25,7.0,5.0,9.864221387560468,1.2910987566376328,0.1308870417553489,0.18072866582805402,0.39921697128885214,3.361032093526453
005930,2022-05-29,0.4964,7.0,0.4656,0.2253,10.0,9.25,7.0,5.0,9.864221387560468,1.2910987566376328,0.1308870417553489,0.18072866582805402,0.39921697128885214,3.361032093526453
005930,2022-05-30,0.0644,7.0,0.452,0.2648,21.0,9.25,7.0,5.0,10.042222375005169,1.3143967793138005,0.1308870417553489,0.18072866582805402,0.39921697128885214,3.396047673050968
005930,2022-05-31,-0.036,7.0,0.5662,0.1762,23.0,9.25,7.0,5.0,9.997722128143995,1.3085722736447587,0.1308870417553489,0.18072866582805402,0.39921697128885214,3.3872937781698393
005930,2022-06-01,-0.1535,5.0,0.3323,0.1471,8.0,9.25,7.0,6.0,9.997722128143995,1.3085722736447587,0.1308870417553489,0.18072866582805402,0.39921697128885214,3.3872937781698393
005930,2022-06-02,0.1781,8.0,0.6437,0.1838,23.0,9.25,7.0,6.0,9.893888218801251,1.294981760416994,0.1308870417553489,0.18072866582805402,0.39921697128885214,3.3668680234472053
005930,2022-06-03,0.1112,7.0,0.6761,0.2385,16.0,9.25,7.0,6.0,9.908721634421644,1.2969232623066747,0.1308870417553489,0.18072866582805402,0.39921697128885214,3.369785988407582
005930,2022-06-04,-0.0867,4.0,0.1522,0.1281,3.0,9.25,7.0,6.0,9.908721634421644,1.2969232623066747,0.1308870417553489,0.18072866582805402,0.39921697128885214,3.369785988407582
005930,2022-06-05,0.4942,4.0,0.4942,0.1169,2.0,9.25,7.0,6.0,9.908721634421644,1.2969232623066747,0.1308870417553489,0.18072866582805402,0.39921697128885214,3.369785988407582
005930,2022-06-06,-0.1151,6.0,0.5618,0.1934,9.0,9.25,7.0,6.0,9.908721634421644,1.2969232623066747,0.1308870417553489,0.18072866582805402,0.39921697128885214,3.369785988407582
005930,2022-06-07,0.2471,8.0,0.3837,0.1916,13.0,9.25,7.0,6.0,9.715887231356552,1.2716837377408263,0.1308870417553489,0.18072866582805402,0.39921697128885214,3.331852443922691
005930,2022-06-08,0.0856,7.0,0.7403,0.1622,15.0,9.25,7.0,6.0,9.686220400115769,1.267800733961465,0.1308870417553489,0.18072866582805402,0.39921697128885214,3.326016514001938
005930,2022-06-09,-0.0561,7.0,0.5749,0.2013,15.0,9.25,7.0,6.0,9.671386984495376,1.2658592320717843,0.1308870417553489,0.18072866582805402,0.39921697128885214,3.3230985490415623
005930,2022-06-10,-0.4111,8.0,0.655,0.1799,18.0,9.25,7.0,6.0,9.463719165809893,1.238678205616255,0.1308870417553489,0.18072866582805402,0.39921697128885214,3.282247039596295
005930,2022-06-11,-0.3533,5.0,0.4577,0.1264,3.0,9.25,7.0,6.0,9.463719165809893,1.238678205616255,0.1308870417553489,0.18072866582805402,0.39921697128885214,3.282247039596295
005930,2022-06-12,0.3194,5.0,0.7305,0.1655,5.0,9.25,7.0,6.0,9.463719165809893,1.238678205616255,0.1308870417553489,0.18072866582805402,0.39921697128885214,3.282247039596295
005930,2022-06-13,-0.2066,8.0,0.5074,0.149,18.0,9.25,7.0,6.0,9.211551100263234,1.205672673491684,0.1308870417553489,0.18072866582805402,0.39921697128885214,3.232641635269899
005930,2022-06-14,-0.5259,9.0,0.4486,0.2217,12.0,9.25,7.0,6.0,9.18188426902245,1.2017896697123227,0.1308870417553489,0.18072866582805402,0.39921697128885214,3.226805705349147
005930,2022-06-15,0.0168,7.0,0.6385,0.2017,20.0,9.25,7.0,6.0,9.003883281577751,1.178491647036155,0.1308870417553489,0.18072866582805402,0.39921697128885214,3.1917901258246326
005930,2022-06-16,0.1982,8.0,0.5345,0.248,13.0,9.25,7.0,6.0,9.033550112818535,1.1823746508155164,0.1308870417553489,0.18072866582805402,0.39921697128885214,3.197626055745385
005930,2022-06-17,-0.4469,8.0,0.6293,0.243,23.0,9.25,7.0,6.0,8.870382540994227,1.1610181300290292,0.1308870417553489,0.18072866582805402,0.39921697128885214,3.1655284411812463
005930,2022-06-18,-0.143,4.0,0.1541,0.2141,4.0,9.25,7.0,6.0,8.870382540994227,1.1610181300290292,0.1308870417553489,0.18072866582805402,0.39921697128885214,3.1655284411812463
005930,2022-06-19,-0.0738,6.0,0.4113,0.1733,10.0,9.25,7.0,6.0,8.870382540994227,1.1610181300290292,0.1308870417553489,0.18072866582805402,0.39921697128885214,3.1655284411812463
005930,2022-06-20,-0.0461,7.0,0.7198,0.1543,28.0,9.25,7.0,6.0,8.707214969169918,1.139661609242542,0.1308870417553489,0.18072866582805402,0.39921697128885214,3.133430826617108
005930,2022-06-21,0.0272,7.0,0.5978,0.1863,24.0,9.25,7.0,6.0,8.677548137929135,1.1357786054631807,0.1308870417553489,0.18072866582805402,0.39921697128885214,3.1275948966963556
005930,2022-06-22,-0.0443,7.0,0.6785,0.187,13.0,9.25,7.0,6.0,8.54404739734561,1.1183050884560548,0.1308870417553489,0.18072866582805402,0.39921697128885214,3.1013332120529693
005930,2022-06-23,-0.08,7.0,0.7515,0.2577,23.0,9.25,7.0,6.0,8.514380566104826,1.1144220846766935,0.1308870417553489,0.18072866582805402,0.39921697128885214,3.095497282132217
005930,2022-06-24,0.1971,8.0,0.7417,0.2118,17.0,9.25,7.0,6.0,8.662714722308742,1.1338371035735,0.1308870417553489,0.18072866582805402,0.39921697128885214,3.124676931735979
005930,2022-06-25,0.4714,4.0,0.4717,0.1259,2.0,9.25,7.0,6.0,8.662714722308742,1.1338371035735,0.1308870417553489,0.18072866582805402,0.39921697128885214,3.124676931735979
005930,2022-06-26,0.2545,5.0,0.4302,0.1731,4.0,9.25,7.0,6.0,8.662714722308742,1.1338371035735,0.1308870417553489,0.18072866582805402,0.39921697128885214,3.124676931735979
005930,2022-06-27,0.216,8.0,0.5837,0.1801,25.0,9.25,7.0,6.0,8.722048384790309,1.1416031111322227,0.1308870417553489,0.18072866582805402,0.39921697128885214,3.1363487915774844
005930,2022-06-28,0.4748,7.0,0.6453,0.1758,11.0,9.25,7.0,6.0,8.81104887851266,1.1532521224703065,0.1308870417553489,0.18072866582805402,0.39921697128885214,3.153856581339742
005930,2022-06-29,0.3845,8.0,0.5391,0.165,14.0,9.25,7.0,6.0,8.603381059827175,1.1260710960147775,0.1308870417553489,0.18072866582805402,0.39921697128885214,3.1130050718944746
005930,2022-06-30,0.3909,8.0,0.7486,0.2618,22.0,9.25,7.0,6.0,8.45504690362326,1.106656077117971,0.1308870417553489,0.18072866582805402,0.39921697128885214,3.0838254222907127
005930,2022-07-01,0.1875,8.0,0.719,0.2585,16.0,9.25,7.0,7.0,8.336379578660125,1.0911240620005258,0.1308870417553489,0.18072866582805402,0.39921697128885214,3.060481702607702
005930,2022-07-02,0.654,6.0,0.4624,0.1005,3.0,9.25,7.0,7.0,8.336379578660125,1.0911240620005258,0.1308870417553489,0.18072866582805402,0.39921697128885214,3.060481702607702
005930,2022-07-03,0.3918,6.0,0.4543,0.1691,7.0,9.25,7.0,7.0,8.336379578660125,1.0911240620005258,0.1308870417553489,0.18072866582805402,0.39921697128885214,3.060481702607702
005930,2022-07-04,0.1872,8.0,0.7478,0.1958,14.0,9.25,7.0,7.0,8.46988031924365,1.1085975790076517,0.1308870417553489,0.18072866582805402,0.39921697128885214,3.0867433872510883
005930,2022-07-05,0.1177,7.0,0.4771,0.2043,14.0,9.25,7.0,7.0,8.484713734864043,1.1105390808973323,0.1308870417553489,0.18072866582805402,0.39921697128885214,3.089661352211465
005930,2022-07-06,-0.1007,7.0,0.4796,0.266,14.0,9.25,7.0,7.0,8.366046409900909,1.095007065779887,0.1308870417553489,0.18072866582805402,0.39921697128885214,3.066317632528455
005930,2022-07-07,0.4352,8.0,0.7023,0.2564,42.0,9.25,7.0,7.0,8.633047891067958,1.1299540997941386,0.1308870417553489,0.18072866582805402,0.39921697128885214,3.118841001815227
005930,2022-07-08,-0.3026,7.0,0.7303,0.2358,11.0,9.25,7.0,7.0,8.707214969169918,1.139661609242542,0.1308870417553489,0.18072866582805402,0.39921697128885214,3.133430826617108
005930,2022-07-09,-0.5845,5.0,0.3788,0.1194,2.0,9.25,7.0,7.0,8.707214969169918,1.139661609242542,0.1308870417553489,0.18072866582805402,0.39921697128885214,3.133430826617108
005930,2022-07-10,-0.1925,5.0,0.4844,0.2298,4.0,9.25,7.0,7.0,8.707214969169918,1.139661609242542,0.1308870417553489,0.18072866582805402,0.39921697128885214,3.133430826617108
005930,2022-07-11,0.3932,8.0,0.405,0.1478,18.0,9.25,7.0,7.0,8.722048384790309,1.1416031111322227,0.1308870417553489,0.18072866582805402,0.39921697128885214,3.1363487915774844
005930,2022-07-12,0.0309,7.0,0.5759,0.2008,17.0,9.25,7.0,7.0,8.618214475447568,1.1280125979044582,0.1308870417553489,0.18072866582805402,0.39921697128885214,3.1159230368548503
005930,2022-07-13,-0.2267,8.0,0.6486,0.2536,16.0,9.25,7.0,7.0,8.603381059827175,1.1260710960147775,0.1308870417553489,0.18072866582805402,0.39921697128885214,3.1130050718944746
005930,2022-07-14,0.4999,6.0,0.7069,0.1939,8.0,9.25,7.0,7.0,8.529213981725217,1.1163635865663741,0.1308870417553489,0.18072866582805402,0.39921697128885214,3.0984152470925936
005930,2022-07-15,0.0467,6.0,0.7472,0.2107,9.0,9.25,7.0,7.0,8.90004937223501,1.1649011338083903,0.1308870417553489,0.18072866582805402,0.39921697128885214,3.1713643711019985
005930,2022-07-16,-0.26,5.0,0.5091,0.2338,3.0,9.25,7.0,7.0,8.90004937223501,1.1649011338083903,0.1308870417553489,0.18072866582805402,0.39921697128885214,3.1713643711019985
005930,2022-07-17,0.3337,6.0,0.46,0.2064,6.0,9.25,7.0,7.0,8.90004937223501,1.1649011338083903,0.1308870417553489,0.18072866582805402,0.39921697128885214,3.1713643711019985
005930,2022-07-18,0.3011,8.0,0.6532,0.1768,14.0,9.25,7.0,7.0,9.18188426902245,1.2017896697123227,0.1308870417553489,0.18072866582805402,0.39921697128885214,3.226805705349147
005930,2022-07-19,0.3052,8.0,0.6995,0.2047,19.0,9.25,7.0,7.0,9.033550112818535,1.1823746508155164,0.1308870417553489,0.18072866582805402,0.39921697128885214,3.197626055745385
005930,2022-07-20,0.0587,7.0,0.6523,0.2126,19.0,9.25,7.0,7.0,8.974216450336968,1.1746086432567937,0.1308870417553489,0.18072866582805402,0.39921697128885214,3.1859541959038795
005930,2022-07-21,0.6684,9.0,0.5617,0.2194,15.0,9.25,7.0,7.0,9.16705085340206,1.1998481678226423,0.1308870417553489,0.18072866582805402,0.39921697128885214,3.2238877403887702
005930,2022-07-22,0.3407,8.0,0.6972,0.1968,20.0,9.25,7.0,7.0,9.092883775300102,1.1901406583742389,0.1308870417553489,0.18072866582805402,0.39921697128885214,3.20929791558689
005930,2022-07-23,0.0069,3.0,0.0,0.42,1.0,9.25,7.0,7.0,9.092883775300102,1.1901406583742389,0.1308870417553489,0.18072866582805402,0.39921697128885214,3.20929791558689
005930,2022-07-24,0.4277,6.0,0.4938,0.1718,7.0,9.25,7.0,7.0,9.092883775300102,1.1901406583742389,0.1308870417553489,0.18072866582805402,0.39921697128885214,3.20929791558689
005930,2022-07-25,0.4216,8.0,0.4941,0.2241,19.0,9.25,7.0,7.0,9.063216944059318,1.1862576545948775,0.1308870417553489,0.18072866582805402,0.39921697128885214,3.203461985666137
005930,2022-07-26,-0.1489,6.0,0.5445,0.1544,10.0,9.25,7.0,7.0,9.152217437781667,1.1979066659329616,0.1308870417553489,0.18072866582805402,0.39921697128885214,3.2209697754283946
005930,2022-07-27,0.0873,7.0,0.407,0.208,16.0,9.25,7.0,7.0,9.16705085340206,1.1998481678226423,0.1308870417553489,0.18072866582805402,0.39921697128885214,3.2238877403887702
005930,2022-07-28,0.4336,8.0,0.6931,0.228,33.0,9.25,7.0,7.0,9.18188426902245,1.2017896697123227,0.1308870417553489,0.18072866582805402,0.39921697128885214,3.226805705349147
005930,2022-07-29,0.3057,8.0,0.811,0.2414,14.0,9.25,7.0,7.0,9.107717190920493,1.1920821602639196,0.1308870417553489,0.18072866582805402,0.39921697128885214,3.212215880547266
005930,2022-07-30,-0.0007,3.0,0.0,0.1591,1.0,9.25,7.0,7.0,9.107717190920493,1.1920821602639196,0.1308870417553489,0.18072866582805402,0.39921697128885214,3.212215880547266
005930,2022-07-31,-0.0311,6.0,0.4215,0.205,10.0,9.25,7.0,7.0,9.107717190920493,1.1920821602639196,0.1308870417553489,0.18072866582805402,0.39921697128885214,3.212215880547266
005930,2022-08-01,-0.1402,7.0,0.5833,0.1661,15.0,9.25,7.0,8.0,9.092883775300102,1.1901406583742389,0.1308870417553489,0.18072866582805402,0.39921697128885214,3.20929791558689
005930,2022-08-02,0.5107,9.0,0.6372,0.1765,20.0,9.25,7.0,8.0,9.152217437781667,1.1979066659329616,0.1308870417553489,0.18072866582805402,0.39921697128885214,3.2209697754283946
005930,2022-08-03,0.3759,8.0,0.4679,0.2367,16.0,9.25,7.0,8.0,9.092883775300102,1.1901406583742389,0.1308870417553489,0.18072866582805402,0.39921697128885214,3.20929791558689
005930,2022-08-04,0.5,7.0,0.4998,0.2018,8.0,9.25,7.0,8.0,9.122550606540884,1.1940236621536002,0.1308870417553489,0.18072866582805402,0.39921697128885214,3.2151338455076424
005930,2022-08-05,-0.2544,7.0,0.4494,0.287,11.0,9.25,7.0,8.0,9.122550606540884,1.1940236621536002,0.1308870417553489,0.18072866582805402,0.39921697128885214,3.2151338455076424
005930,2022-08-06,-0.9995,6.0,0.0,0.1915,1.0,9.25,7.0,8.0,9.122550606540884,1.1940236621536002,0.1308870417553489,0.18072866582805402,0.39921697128885214,3.2151338455076424
005930,2022-08-07,0.0045,5.0,0.0139,0.136,6.0,9.25,7.0,8.0,9.122550606540884,1.1940236621536002,0.1308870417553489,0.18072866582805402,0.39921697128885214,3.2151338455076424
005930,2022-08-08,0.1712,7.0,0.5478,0.1594,11.0,9.25,7.0,8.0,9.018716697198142,1.1804331489258357,0.1308870417553489,0.18072866582805402,0.39921697128885214,3.1947080907850083
005930,2022-08-09,-0.3147,8.0,0.5181,0.2365,18.0,9.25,7.0,8.0,8.90004937223501,1.1649011338083903,0.1308870417553489,0.18072866582805402,0.39921697128885214,3.1713643711019985
005930,2022-08-10,0.0006,7.0,0.8541,0.2149,24.0,9.25,7.0,8.0,8.766548631651483,1.1474276168012645,0.1308870417553489,0.18072866582805402,0.39921697128885214,3.145102686458613
005930,2022-08-11,0.2179,8.0,0.7214,0.3247,48.0,9.25,7.0,8.0,8.885215956614617,1.1629596319187099,0.1308870417553489,0.18072866582805402,0.39921697128885214,3.168446406141623
005930,2022-08-12,-0.0015,7.0,0.4202,0.2892,33.0,9.25,7.0,8.0,8.929716203475794,1.1687841375877517,0.1308870417553489,0.18072866582805402,0.39921697128885214,3.1772003010227516
005930,2022-08-13,0.0022,5.0,0.0101,0.2018,6.0,9.25,7.0,8.0,8.929716203475794,1.1687841375877517,0.1308870417553489,0.18072866582805402,0.39921697128885214,3.1772003010227516
005930,2022-08-14,-0.1288,5.0,0.5932,0.199,8.0,9.25,7.0,8.0,8.929716203475794,1.1687841375877517,0.1308870417553489,0.18072866582805402,0.39921697128885214,3.1772003010227516
005930,2022-08-15,-0.0079,6.0,0.3946,0.2643,11.0,9.25,7.0,8.0,8.929716203475794,1.1687841375877517,0.1308870417553489,0.18072866582805402,0.39921697128885214,3.1772003010227516
005930,2022-08-16,0.2485,8.0,0.6006,0.2232,19.0,9.25,7.0,8.0,9.048383528438926,1.1843161527051969,0.1308870417553489,0.18072866582805402,0.39921697128885214,3.2005440207057605
005930,2022-08-17,0.2193,8.0,0.4866,0.2303,15.0,9.25,7.0,8.0,8.959383034716575,1.172667141367113,0.1308870417553489,0.18072866582805402,0.39921697128885214,3.183036230943504
005930,2022-08-18,-0.29,8.0,0.5394,0.1786,15.0,9.25,7.0,8.0,9.122550606540884,1.1940236621536002,0.1308870417553489,0.18072866582805402,0.39921697128885214,3.2151338455076424
005930,2022-08-19,-0.0725,7.0,0.5795,0.2583,14.0,9.25,7.0,8.0,9.033550112818535,1.1823746508155164,0.1308870417553489,0.18072866582805402,0.39921697128885214,3.197626055745385
005930,2022-08-20,-0.1903,5.0,0.281,0.1889,4.0,9.25,7.0,8.0,9.033550112818535,1.1823746508155164,0.1308870417553489,0.18072866582805402,0.39921697128885214,3.197626055745385
005930,2022-08-21,0.1841,7.0,0.7359,0.1299,9.0,9.25,7.0,8.0,9.033550112818535,1.1823746508155164,0.1308870417553489,0.18072866582805402,0.39921697128885214,3.197626055745385
005930,2022-08-22,0.0421,6.0,0.8545,0.195,11.0,9.25,7.0,8.0,8.90004937223501,1.1649011338083903,0.1308870417553489,0.18072866582805402,0.39921697128885214,3.1713643711019985
005930,2022-08-23,0.4039,8.0,0.7305,0.2692,12.0,9.25,7.0,8.0,8.766548631651483,1.1474276168012645,0.1308870417553489,0.18072866582805402,0.39921697128885214,3.145102686458613
005930,2022-08-24,0.1157,7.0,0.5918,0.1852,21.0,9.25,7.0,8.0,8.751715216031092,1.145486114911584,0.1308870417553489,0.18072866582805402,0.39921697128885214,3.1421847214982366
005930,2022-08-25,0.3073,8.0,0.4533,0.1784,16.0,9.25,7.0,8.0,8.855549125373834,1.1590766281393485,0.1308870417553489,0.18072866582805402,0.39921697128885214,3.1626104762208698
005930,2022-08-26,0.5138,9.0,0.491,0.1603,21.0,9.25,7.0,8.0,8.90004937223501,1.1649011338083903,0.1308870417553489,0.18072866582805402,0.39921697128885214,3.1713643711019985
005930,2022-08-27,-0.0984,4.0,0.1393,0.1149,3.0,9.25,7.0,8.0,8.90004937223501,1.1649011338083903,0.1308870417553489,0.18072866582805402,0.39921697128885214,3.1713643711019985
005930,2022-08-28,0.3659,6.0,0.6879,0.2178,8.0,9.25,7.0,8.0,8.90004937223501,1.1649011338083903,0.1308870417553489,0.18072866582805402,0.39921697128885214,3.1713643711019985
005930,2022-08-29,0.0806,7.0,0.7084,0.2347,22.0,9.25,7.0,8.0,8.692381553549525,1.1377201073528613,0.1308870417553489,0.18072866582805402,0.39921697128885214,3.1305128616567313
005930,2022-08-30,0.076,7.0,0.3853,0.1431,20.0,9.25,7.0,8.0,8.722048384790309,1.1416031111322227,0.1308870417553489,0.18072866582805402,0.39921697128885214,3.1363487915774844
005930,2022-08-31,0.085,7.0,0.4986,0.1719,19.0,9.25,7.0,8.0,8.855549125373834,1.1590766281393485,0.1308870417553489,0.18072866582805402,0.39921697128885214,3.1626104762208698
005930,2022-09-01,-0.0504,7.0,0.3608,0.2206,19.0,9.25,7.0,9.0,8.662714722308742,1.1338371035735,0.1308870417553489,0.18072866582805402,0.39921697128885214,3.124676931735979
005930,2022-09-02,0.0765,7.0,0.5221,0.1853,18.0,9.25,7.0,9.0,8.529213981725217,1.1163635865663741,0.1308870417553489,0.18072866582805402,0.39921697128885214,3.0984152470925936
005930,2022-09-03,-0.1222,3.0,0.8727,0.352,2.0,9.25,7.0,9.0,8.529213981725217,1.1163635865663741,0.1308870417553489,0.18072866582805402,0.39921697128885214,3.0984152470925936
005930,2022-09-04,0.3924,8.0,0.4819,0.2536,13.0,9.25,7.0,9.0,8.529213981725217,1.1163635865663741,0.1308870417553489,0.18072866582805402,0.39921697128885214,3.0984152470925936
005930,2022-09-05,-0.0509,6.0,0.5263,0.2432,11.0,9.25,7.0,9.0,8.46988031924365,1.1085975790076517,0.1308870417553489,0.18072866582805402,0.39921697128885214,3.0867433872510883
005930,2022-09-06,0.1312,7.0,0.2872,0.1644,13.0,9.25,7.0,9.0,8.46988031924365,1.1085975790076517,0.1308870417553489,0.18072866582805402,0.39921697128885214,3.0867433872510883
005930,2022-09-07,0.037,7.0,0.624,0.2355,18.0,9.25,7.0,9.0,8.306712747419342,1.0872410582211645,0.1308870417553489,0.18072866582805402,0.39921697128885214,3.05464577268695
005930,2022-09-08,-0.0496,7.0,0.4842,0.2515,13.0,9.25,7.0,9.0,8.247379084937775,1.0794750506624418,0.1308870417553489,0.18072866582805402,0.39921697128885214,3.0429739128454454
005930,2022-09-09,0.049,4.0,0.0811,0.1796,5.0,9.25,7.0,9.0,8.247379084937775,1.0794750506624418,0.1308870417553489,0.18072866582805402,0.39921697128885214,3.0429739128454454
005930,2022-09-10,0.1688,6.0,0.2455,0.1892,6.0,9.25,7.0,9.0,8.247379084937775,1.0794750506624418,0.1308870417553489,0.18072866582805402,0.39921697128885214,3.0429739128454454
005930,2022-09-11,0.0428,4.0,0.0674,0.1772,3.0,9.25,7.0,9.0,8.247379084937775,1.0794750506624418,0.1308870417553489,0.18072866582805402,0.39921697128885214,3.0429739128454454
005930,2022-09-12,0.162,5.0,0.5437,0.1464,8.0,9.25,7.0,9.0,8.247379084937775,1.0794750506624418,0.1308870417553489,0.18072866582805402,0.39921697128885214,3.0429739128454454
005930,2022-09-13,0.2214,8.0,0.5209,0.2157,17.0,9.25,7.0,9.0,8.618214475447568,1.1280125979044582,0.1308870417553489,0.18072866582805402,0.39921697128885214,3.1159230368548503
005930,2022-09-14,-0.0103,7.0,0.6676,0.2081,17.0,9.25,7.0,9.0,8.425380072382476,1.1027730733386096,0.1308870417553489,0.18072866582805402,0.39921697128885214,3.0779894923699596
005930,2022-09-15,0.2077,8.0,0.5477,0.1447,21.0,9.25,7.0,9.0,8.306712747419342,1.0872410582211645,0.1308870417553489,0.18072866582805402,0.39921697128885214,3.05464577268695
005930,2022-09-16,-0.5709,7.0,0.495,0.2387,7.0,9.25,7.0,9.0,8.336379578660125,1.0911240620005258,0.1308870417553489,0.18072866582805402,0.39921697128885214,3.060481702607702
005930,2022-09-17,-0.9217,6.0,0.0,0.3111,1.0,9.25,7.0,9.0,8.336379578660125,1.0911240620005258,0.1308870417553489,0.18072866582805402,0.39921697128885214,3.060481702607702
005930,2022-09-18,0.001,4.0,0.0016,0.1539,5.0,9.25,7.0,9.0,8.336379578660125,1.0911240620005258,0.1308870417553489,0.18072866582805402,0.39921697128885214,3.060481702607702
005930,2022-09-19,-0.1643,7.0,0.7954,0.2336,12.0,9.25,7.0,9.0,8.366046409900909,1.095007065779887,0.1308870417553489,0.18072866582805402,0.39921697128885214,3.066317632528455
005930,2022-09-20,0.0832,7.0,0.7004,0.2084,14.0,9.25,7.0,9.0,8.277045916178558,1.083358054441803,0.1308870417553489,0.18072866582805402,0.39921697128885214,3.0488098427661976
005930,2022-09-21,0.1582,7.0,0.7563,0.1771,21.0,9.25,7.0,9.0,8.2028788380766,1.0736505449934,0.1308870417553489,0.18072866582805402,0.39921697128885214,3.0342200179643166
005930,2022-09-22,0.0873,7.0,0.7645,0.2591,26.0,9.25,7.0,9.0,8.069378097493075,1.056177027986274,0.1308870417553489,0.18072866582805402,0.39921697128885214,3.0079583333209303
005930,2022-09-23,-0.0081,7.0,0.6754,0.2191,13.0,9.25,7.0,9.0,8.084211513113466,1.0581185298759546,0.1308870417553489,0.18072866582805402,0.39921697128885214,3.010876298281307
005930,2022-09-24,-0.0462,3.0,0.0227,0.1696,2.0,9.25,7.0,9.0,8.084211513113466,1.0581185298759546,0.1308870417553489,0.18072866582805402,0.39921697128885214,3.010876298281307
005930,2022-09-25,-0.0628,4.0,0.9347,0.1957,4.0,9.25,7.0,9.0,8.084211513113466,1.0581185298759546,0.1308870417553489,0.18072866582805402,0.39921697128885214,3.010876298281307
005930,2022-09-26,-0.0359,7.0,0.5754,0.1921,21.0,9.25,8.33,9.0,7.995211019391117,1.0464695185378707,0.1308870417553489,0.18072866582805402,0.39921697128885214,2.9933685085190493
005930,2022-09-27,-0.5031,9.0,0.4888,0.1835,12.0,9.25,7.0,9.0,8.039711266252292,1.0522940242069128,0.1308870417553489,0.18072866582805402,0.39921697128885214,3.002122403400178
005930,2022-09-28,0.1196,7.0,0.7931,0.1855,25.0,8.25,8.33,9.0,7.8468768631872,1.0270544996410642,0.1308870417553489,0.18072866582805402,0.39921697128885214,2.9641888589152874
005930,2022-09-29,0.2018,6.0,0.6072,0.2763,8.0,8.25,8.33,9.0,7.802376616326025,1.0212299939720222,0.1308870417553489,0.18072866582805402,0.39921697128885214,2.9554349640341586
005930,2022-09-30,-0.4034,7.0,0.7935,0.1917,10.0,8.25,8.33,9.0,7.876543694427983,1.0309375034204256,0.1308870417553489,0.18072866582805402,0.39921697128885214,2.9700247888360396
005930,2022-10-01,-0.2697,5.0,0.3832,0.2187,5.0,8.25,8.33,10.0,7.876543694427983,1.0309375034204256,0.1308870417553489,0.18072866582805402,0.39921697128885214,2.9700247888360396
005930,2022-10-02,0.3414,5.0,0.4656,0.3044,3.0,8.25,8.33,10.0,7.876543694427983,1.0309375034204256,0.1308870417553489,0.18072866582805402,0.39921697128885214,2.9700247888360396
005930,2022-10-03,0.1946,6.0,0.6098,0.3022,8.0,8.25,8.33,10.0,7.876543694427983,1.0309375034204256,0.1308870417553489,0.18072866582805402,0.39921697128885214,2.9700247888360396
005930,2022-10-04,0.3932,8.0,0.7372,0.2101,25.0,9.25,7.0,10.0,8.18804542245621,1.0717090431037193,0.1308870417553489,0.18072866582805402,0.39921697128885214,3.03130205300394
005930,2022-10-05,0.0385,7.0,0.5582,0.2104,18.0,9.25,7.0,10.0,8.306712747419342,1.0872410582211645,0.1308870417553489,0.18072866582805402,0.39921697128885214,3.05464577268695
005930,2022-10-06,0.223,8.0,0.7075,0.2174,14.0,9.25,7.0,10.0,8.351212994280518,1.0930655638902063,0.1308870417553489,0.18072866582805402,0.39921697128885214,3.0633996675680786
005930,2022-10-07,-0.5455,9.0,0.6033,0.2608,22.0,9.25,7.0,10.0,8.336379578660125,1.0911240620005258,0.1308870417553489,0.18072866582805402,0.39921697128885214,3.060481702607702
005930,2022-10-08,-0.2051,5.0,0.4655,0.2617,4.0,9.25,7.0,10.0,8.336379578660125,1.0911240620005258,0.1308870417553489,0.18072866582805402,0.39921697128885214,3.060481702607702
005930,2022-10-09,0.0004,4.0,0.7064,0.1568,4.0,9.25,7.0,10.0,8.336379578660125,1.0911240620005258,0.1308870417553489,0.18072866582805402,0.39921697128885214,3.060481702607702
005930,2022-10-10,-0.0569,6.0,0.8683,0.2255,11.0,9.25,7.0,10.0,8.336379578660125,1.0911240620005258,0.1308870417553489,0.18072866582805402,0.39921697128885214,3.060481702607702
005930,2022-10-11,0.1883,8.0,0.7309,0.22,26.0,9.25,7.0,10.0,8.217712253696991,1.0755920468830804,0.1308870417553489,0.18072866582805402,0.39921697128885214,3.0371379829246923
005930,2022-10-12,0.1964,8.0,0.7603,0.2446,24.0,9.25,7.0,10.0,8.277045916178558,1.083358054441803,0.1308870417553489,0.18072866582805402,0.39921697128885214,3.0488098427661976
005930,2022-10-13,-0.1324,7.0,0.35,0.2236,13.0,9.25,7.0,10.0,8.18804542245621,1.0717090431037193,0.1308870417553489,0.18072866582805402,0.39921697128885214,3.03130205300394
005930,2022-10-14,0.2547,8.0,0.575,0.1436,22.0,9.25,7.0,10.0,8.351212994280518,1.0930655638902063,0.1308870417553489,0.18072866582805402,0.39921697128885214,3.0633996675680786
005930,2022-10-15,0.0152,3.0,0.9534,0.2756,2.0,9.25,7.0,10.0,8.351212994280518,1.0930655638902063,0.1308870417553489,0.18072866582805402,0.39921697128885214,3.0633996675680786
005930,2022-10-16,-0.2791,7.0,0.4164,0.2284,11.0,9.25,7.0,10.0,8.351212994280518,1.0930655638902063,0.1308870417553489,0.18072866582805402,0.39921697128885214,3.0633996675680786
005930,2022-10-17,0.0427,7.0,0.3502,0.4062,24.0,9.25,7.0,10.0,8.395713241141692,1.0988900695592483,0.1308870417553489,0.18072866582805402,0.39921697128885214,3.0721535624492073
005930,2022-10-18,-0.0158,7.0,0.6385,0.1179,14.0,9.25,7.0,10.0,8.380879825521301,1.0969485676695676,0.1308870417553489,0.18072866582805402,0.39921697128885214,3.069235597488831
005930,2022-10-19,0.1257,6.0,0.5961,0.2585,11.0,9.25,7.0,10.0,8.277045916178558,1.083358054441803,0.1308870417553489,0.18072866582805402,0.39921697128885214,3.0488098427661976
005930,2022-10-20,-0.0958,6.0,0.6592,0.152,11.0,9.25,7.0,10.0,8.232545669317384,1.077533548772761,0.1308870417553489,0.18072866582805402,0.39921697128885214,3.040055947885069
005930,2022-10-21,0.2575,8.0,0.6036,0.1919,21.0,9.25,7.0,10.0,8.29187933179895,1.0852995563314838,0.1308870417553489,0.18072866582805402,0.39921697128885214,3.051727807726574
005930,2022-10-22,0.9966,6.0,0.0,0.2708,1.0,9.25,7.0,10.0,8.29187933179895,1.0852995563314838,0.1308870417553489,0.18072866582805402,0.39921697128885214,3.051727807726574
005930,2022-10-23,-0.0337,5.0,0.1153,0.1396,7.0,9.25,7.0,10.0,8.29187933179895,1.0852995563314838,0.1308870417553489,0.18072866582805402,0.39921697128885214,3.051727807726574
005930,2022-10-24,-0.193,7.0,0.4023,0.2902,10.0,9.25,7.0,10.0,8.529213981725217,1.1163635865663741,0.1308870417553489,0.18072866582805402,0.39921697128885214,3.0984152470925936
005930,2022-10-25,0.0099,7.0,0.288,0.2885,24.0,9.25,7.0,10.0,8.558880812966,1.1202465903457355,0.1308870417553489,0.18072866582805402,0.39921697128885214,3.104251177013346
005930,2022-10-26,0.3142,8.0,0.4127,0.1827,13.0,9.25,7.0,10.0,8.81104887851266,1.1532521224703065,0.1308870417553489,0.18072866582805402,0.39921697128885214,3.153856581339742
005930,2022-10-27,-0.0847,7.0,0.4888,0.1948,69.0,9.25,7.0,10.0,8.82588229413305,1.1551936243599872,0.1308870417553489,0.18072866582805402,0.39921697128885214,3.1567745463001176
005930,2022-10-28,-0.0318,7.0,0.5869,0.1819,23.0,9.25,7.0,10.0,8.499547150484434,1.1124805827870128,0.1308870417553489,0.18072866582805402,0.39921697128885214,3.0925793171718405
005930,2022-10-29,-0.4038,5.0,0.4857,0.251,5.0,9.25,7.0,10.0,8.499547150484434,1.1124805827870128,0.1308870417553489,0.18072866582805402,0.39921697128885214,3.0925793171718405
005930,2022-10-30,0.165,5.0,0.3733,0.1686,6.0,9.25,7.0,10.0,8.499547150484434,1.1124805827870128,0.1308870417553489,0.18072866582805402,0.39921697128885214,3.0925793171718405
005930,2022-10-31,0.1397,7.0,0.6645,0.2022,16.0,9.25,7.0,10.0,8.81104887851266,1.1532521224703065,0.1308870417553489,0.18072866582805402,0.39921697128885214,3.153856581339742
005930,2022-11-01,0.0701,6.0,0.4899,0.2661,10.0,9.25,7.0,11.0,8.90004937223501,1.1649011338083903,0.1308870417553489,0.18072866582805402,0.39921697128885214,3.1713643711019985
005930,2022-11-02,-0.0897,7.0,0.5926,0.1619,12.0,9.25,7.0,11.0,8.840715709753443,1.1571351262496679,0.1308870417553489,0.18072866582805402,0.39921697128885214,3.159692511260494
005930,2022-11-03,0.4758,8.0,0.4812,0.1665,22.0,9.25,7.0,11.0,8.781382047271876,1.1493691186909452,0.1308870417553489,0.18072866582805402,0.39921697128885214,3.148020651418989
005930,2022-11-04,-0.237,8.0,0.7084,0.3247,12.0,9.25,7.0,11.0,8.81104887851266,1.1532521224703065,0.1308870417553489,0.18072866582805402,0.39921697128885214,3.153856581339742
005930,2022-11-05,-0.0507,4.0,0.0717,0.1437,3.0,9.25,7.0,11.0,8.81104887851266,1.1532521224703065,0.1308870417553489,0.18072866582805402,0.39921697128885214,3.153856581339742
005930,2022-11-06,0.1082,6.0,0.5613,0.2753,9.0,9.25,7.0,11.0,8.81104887851266,1.1532521224703065,0.1308870417553489,0.18072866582805402,0.39921697128885214,3.153856581339742
005930,2022-11-07,0.5897,9.0,0.4841,0.1708,17.0,9.25,7.0,11.0,8.929716203475794,1.1687841375877517,0.1308870417553489,0.18072866582805402,0.39921697128885214,3.1772003010227516
005930,2022-11-08,0.251,8.0,0.5239,0.2147,17.0,9.25,7.0,11.0,9.16705085340206,1.1998481678226423,0.1308870417553489,0.18072866582805402,0.39921697128885214,3.2238877403887702
005930,2022-11-09,0.322,8.0,0.5384,0.177,17.0,9.25,7.0,11.0,9.196717684642843,1.2037311716020034,0.1308870417553489,0.18072866582805402,0.39921697128885214,3.2297236703095233
005930,2022-11-10,0.2743,7.0,0.4791,0.1473,10.0,9.25,7.0,11.0,8.959383034716575,1.172667141367113,0.1308870417553489,0.18072866582805402,0.39921697128885214,3.183036230943504
005930,2022-11-11,0.3259,8.0,0.5127,0.2095,24.0,9.25,7.0,11.0,9.330218425226368,1.2212046886091292,0.1308870417553489,0.18072866582805402,0.39921697128885214,3.2559853549529088
005930,2022-11-12,0.2944,5.0,0.4175,0.1181,3.0,9.25,7.0,11.0,9.330218425226368,1.2212046886091292,0.1308870417553489,0.18072866582805402,0.39921697128885214,3.2559853549529088
005930,2022-11-13,-0.3471,6.0,0.3966,0.1488,6.0,9.25,7.0,11.0,9.330218425226368,1.2212046886091292,0.1308870417553489,0.18072866582805402,0.39921697128885214,3.2559853549529088
005930,2022-11-14,0.0782,7.0,0.6912,0.1542,13.0,9.25,7.0,11.0,9.18188426902245,1.2017896697123227,0.1308870417553489,0.18072866582805402,0.39921697128885214,3.226805705349147
005930,2022-11-15,0.0789,7.0,0.5718,0.213,26.0,9.25,7.0,11.0,9.25605134712441,1.211497179160726,0.1308870417553489,0.18072866582805402,0.39921697128885214,3.2413955301510278
005930,2022-11-16,-0.0645,7.0,0.747,0.1976,16.0,9.25,7.0,11.0,9.300551593985585,1.217321684829768,0.1308870417553489,0.18072866582805402,0.39921697128885214,3.2501494250321565
005930,2022-11-17,-0.0635,7.0,0.6813,0.202,22.0,9.25,7.0,11.0,9.107717190920493,1.1920821602639196,0.1308870417553489,0.18072866582805402,0.39921697128885214,3.212215880547266
005930,2022-11-18,0.0724,7.0,0.2089,0.1849,17.0,9.25,7.0,11.0,9.16705085340206,1.1998481678226423,0.1308870417553489,0.18072866582805402,0.39921697128885214,3.2238877403887702
005930,2022-11-19,0.1367,4.0,0.2463,0.1651,4.0,9.25,7.0,11.0,9.16705085340206,1.1998481678226423,0.1308870417553489,0.18072866582805402,0.39921697128885214,3.2238877403887702
005930,2022-11-20,0.2374,7.0,0.6238,0.1691,11.0,9.25,7.0,11.0,9.16705085340206,1.1998481678226423,0.1308870417553489,0.18072866582805402,0.39921697128885214,3.2238877403887702
005930,2022-11-21,0.1251,6.0,0.666,0.1933,10.0,9.25,7.0,11.0,9.107717190920493,1.1920821602639196,0.1308870417553489,0.18072866582805402,0.39921697128885214,3.212215880547266
005930,2022-11-22,-0.0696,6.0,0.5469,0.2064,9.0,9.25,7.0,11.0,8.989049865957359,1.1765501451464744,0.1308870417553489,0.18072866582805402,0.39921697128885214,3.188872160864256
005930,2022-11-23,0.1092,7.0,0.6443,0.1766,13.0,9.25,7.0,11.0,9.048383528438926,1.1843161527051969,0.1308870417553489,0.18072866582805402,0.39921697128885214,3.2005440207057605
005930,2022-11-24,0.0581,7.0,0.418,0.1598,14.0,9.25,7.0,11.0,9.107717190920493,1.1920821602639196,0.1308870417553489,0.18072866582805402,0.39921697128885214,3.212215880547266
005930,2022-11-25,-0.3528,7.0,0.4495,0.1802,10.0,9.25,7.0,11.0,9.048383528438926,1.1843161527051969,0.1308870417553489,0.18072866582805402,0.39921697128885214,3.2005440207057605
005930,2022-11-26,0.7542,5.0,0.2288,0.1595,2.0,9.25,7.0,11.0,9.048383528438926,1.1843161527051969,0.1308870417553489,0.18072866582805402,0.39921697128885214,3.2005440207057605
005930,2022-11-27,0.1886,6.0,0.4832,0.1468,8.0,9.25,7.0,11.0,9.048383528438926,1.1843161527051969,0.1308870417553489,0.18072866582805402,0.39921697128885214,3.2005440207057605
005930,2022-11-28,-0.0463,7.0,0.7374,0.2474,20.0,9.25,7.0,11.0,8.914882787855401,1.166842635698071,0.1308870417553489,0.18072866582805402,0.39921697128885214,3.174282336062375
005930,2022-11-29,0.1983,8.0,0.769,0.2182,17.0,9.25,7.0,11.0,8.989049865957359,1.1765501451464744,0.1308870417553489,0.18072866582805402,0.39921697128885214,3.188872160864256
005930,2022-11-30,0.4938,7.0,0.4735,0.2111,10.0,9.25,7.0,11.0,9.226384515883627,1.2076141753813647,0.1308870417553489,0.18072866582805402,0.39921697128885214,3.2355596002302756
005930,2022-12-01,0.1673,8.0,0.8245,0.1467,13.0,9.25,7.0,12.0,9.285718178365194,1.2153801829400874,0.1308870417553489,0.18072866582805402,0.39921697128885214,3.247231460071781
005930,2022-12-02,0.0663,5.0,0.4719,0.191,6.0,9.25,7.0,12.0,8.959383034716575,1.172667141367113,0.1308870417553489,0.18072866582805402,0.39921697128885214,3.183036230943504
005930,2022-12-03,0.9967,6.0,0.0,0.1905,1.0,9.25,7.0,12.0,8.959383034716575,1.172667141367113,0.1308870417553489,0.18072866582805402,0.39921697128885214,3.183036230943504
005930,2022-12-04,0.0995,7.0,0.5446,0.1705,16.0,9.25,7.0,12.0,8.959383034716575,1.172667141367113,0.1308870417553489,0.18072866582805402,0.39921697128885214,3.183036230943504
005930,2022-12-05,0.1136,7.0,0.3953,0.2358,28.0,9.25,7.0,12.0,8.944549619096184,1.1707256394774324,0.1308870417553489,0.18072866582805402,0.39921697128885214,3.1801182659831273
005930,2022-12-06,0.1195,7.0,0.5664,0.2136,26.0,9.25,7.0,12.0,8.781382047271876,1.1493691186909452,0.1308870417553489,0.18072866582805402,0.39921697128885214,3.148020651418989
005930,2022-12-07,0.2539,8.0,0.6304,0.1744,16.0,9.25,7.0,12.0,8.736881800410702,1.1435446130219034,0.1308870417553489,0.18072866582805402,0.39921697128885214,3.13926675653786
005930,2022-12-08,0.1517,7.0,0.6719,0.1631,12.0,9.25,7.0,12.0,8.781382047271876,1.1493691186909452,0.1308870417553489,0.18072866582805402,0.39921697128885214,3.148020651418989
005930,2022-12-09,-0.1223,7.0,0.6493,0.1975,18.0,9.25,7.0,12.0,8.959383034716575,1.172667141367113,0.1308870417553489,0.18072866582805402,0.39921697128885214,3.183036230943504
005930,2022-12-10,-0.2145,5.0,0.8571,0.1711,3.0,9.25,7.0,12.0,8.959383034716575,1.172667141367113,0.1308870417553489,0.18072866582805402,0.39921697128885214,3.183036230943504
005930,2022-12-11,-0.1296,4.0,0.5391,0.2181,4.0,9.25,7.0,12.0,8.959383034716575,1.172667141367113,0.1308870417553489,0.18072866582805402,0.39921697128885214,3.183036230943504
005930,2022-12-12,-0.2199,7.0,0.914,0.1855,9.0,9.25,7.0,12.0,8.82588229413305,1.1551936243599872,0.1308870417553489,0.18072866582805402,0.39921697128885214,3.1567745463001176
005930,2022-12-13,-0.06,6.0,0.6318,0.1471,11.0,9.25,7.0,12.0,8.855549125373834,1.1590766281393485,0.1308870417553489,0.18072866582805402,0.39921697128885214,3.1626104762208698
005930,2022-12-14,-0.1116,6.0,0.7285,0.2012,9.0,9.25,7.0,12.0,8.974216450336968,1.1746086432567937,0.1308870417553489,0.18072866582805402,0.39921697128885214,3.1859541959038795
005930,2022-12-15,-0.0464,7.0,0.6932,0.1909,22.0,9.25,7.0,12.0,8.796215462892267,1.1513106205806258,0.1308870417553489,0.18072866582805402,0.39921697128885214,3.1509386163793653
005930,2022-12-16,0.0966,7.0,0.5723,0.1932,15.0,9.25,7.0,12.0,8.82588229413305,1.1551936243599872,0.1308870417553489,0.18072866582805402,0.39921697128885214,3.1567745463001176
005930,2022-12-17,-0.4499,4.0,0.3997,0.1627,2.0,9.25,7.0,12.0,8.82588229413305,1.1551936243599872,0.1308870417553489,0.18072866582805402,0.39921697128885214,3.1567745463001176
005930,2022-12-18,0.1731,8.0,0.6015,0.1773,12.0,9.25,7.0,12.0,8.82588229413305,1.1551936243599872,0.1308870417553489,0.18072866582805402,0.39921697128885214,3.1567745463001176
005930,2022-12-19,0.0563,7.0,0.6796,0.1838,15.0,9.25,7.0,12.0,8.82588229413305,1.1551936243599872,0.1308870417553489,0.18072866582805402,0.39921697128885214,3.1567745463001176
005930,2022-12-20,0.0065,7.0,0.5904,0.1768,14.0,9.25,7.0,12.0,8.692381553549525,1.1377201073528613,0.1308870417553489,0.18072866582805402,0.39921697128885214,3.1305128616567313
005930,2022-12-21,-0.069,7.0,0.7392,0.1979,22.0,9.25,7.0,12.0,8.603381059827175,1.1260710960147775,0.1308870417553489,0.18072866582805402,0.39921697128885214,3.1130050718944746
005930,2022-12-22,-0.2276,8.0,0.5948,0.2249,15.0,9.25,7.0,12.0,8.766548631651483,1.1474276168012645,0.1308870417553489,0.18072866582805402,0.39921697128885214,3.145102686458613
005930,2022-12-23,-0.069,7.0,0.7762,0.2421,13.0,9.25,7.0,12.0,8.618214475447568,1.1280125979044582,0.1308870417553489,0.18072866582805402,0.39921697128885214,3.1159230368548503
005930,2022-12-24,-0.9883,6.0,0.0096,0.1433,2.0,9.25,7.0,12.0,8.618214475447568,1.1280125979044582,0.1308870417553489,0.18072866582805402,0.39921697128885214,3.1159230368548503
005930,2022-12-25,0.3103,7.0,0.6232,0.1554,9.0,9.25,7.0,12.0,8.618214475447568,1.1280125979044582,0.1308870417553489,0.18072866582805402,0.39921697128885214,3.1159230368548503
005930,2022-12-26,0.13,7.0,0.589,0.2017,16.0,9.25,7.0,12.0,8.588547644206784,1.1241295941250968,0.1308870417553489,0.18072866582805402,0.39921697128885214,3.110087106934098
005930,2022-12-27,0.2053,8.0,0.7276,0.2096,21.0,9.25,7.0,12.0,8.618214475447568,1.1280125979044582,0.1308870417553489,0.18072866582805402,0.39921697128885214,3.1159230368548503
005930,2022-12-28,0.1551,7.0,0.5698,0.2137,14.0,9.25,7.0,12.0,8.395713241141692,1.0988900695592483,0.1308870417553489,0.18072866582805402,0.39921697128885214,3.0721535624492073
005930,2022-12-29,-0.0753,7.0,0.6384,0.1866,16.0,9.25,7.0,12.0,8.2028788380766,1.0736505449934,0.1308870417553489,0.18072866582805402,0.39921697128885214,3.0342200179643166
005930,2022-12-30,-0.0916,7.0,0.5133,0.1508,19.0,9.25,7.0,12.0,8.2028788380766,1.0736505449934,0.1308870417553489,0.18072866582805402,0.39921697128885214,3.0342200179643166
005930,2022-12-31,-0.9972,6.0,0.0025,0.0799,2.0,9.25,7.0,12.0,8.2028788380766,1.0736505449934,0.1308870417553489,0.18072866582805402,0.39921697128885214,3.0342200179643166
005930,2023-01-01,0.5185,7.0,0.4541,0.1436,7.0,9.25,7.0,13.0,8.2028788380766,1.0736505449934,0.1308870417553489,0.18072866582805402,0.39921697128885214,3.0342200179643166
005930,2023-01-02,0.1044,7.0,0.469,0.1636,22.0,9.25,7.0,13.0,8.232545669317384,1.077533548772761,0.1308870417553489,0.18072866582805402,0.39921697128885214,3.040055947885069
005930,2023-01-03,0.4407,8.0,0.5788,0.1831,16.0,9.25,7.0,13.0,8.217712253696991,1.0755920468830804,0.1308870417553489,0.18072866582805402,0.39921697128885214,3.0371379829246923
005930,2023-01-04,0.5009,9.0,0.6762,0.2179,16.0,9.25,7.0,13.0,8.573714228586393,1.1221880922354162,0.1308870417553489,0.18072866582805402,0.39921697128885214,3.1071691419737215
005930,2023-01-05,0.3268,8.0,0.5518,0.237,21.0,9.25,7.0,13.0,8.633047891067958,1.1299540997941386,0.1308870417553489,0.18072866582805402,0.39921697128885214,3.118841001815227
005930,2023-01-06,-0.4216,8.0,0.6623,0.2271,34.0,9.25,7.0,13.0,8.751715216031092,1.145486114911584,0.1308870417553489,0.18072866582805402,0.39921697128885214,3.1421847214982366
005930,2023-01-07,-0.3161,6.0,0.3982,0.1994,7.0,9.25,7.0,13.0,8.751715216031092,1.145486114911584,0.1308870417553489,0.18072866582805402,0.39921697128885214,3.1421847214982366
005930,2023-01-08,0.4933,6.0,0.6896,0.2436,8.0,9.25,7.0,13.0,8.751715216031092,1.145486114911584,0.1308870417553489,0.18072866582805402,0.39921697128885214,3.1421847214982366
005930,2023-01-09,0.2283,8.0,0.8851,0.2043,18.0,9.25,7.0,13.0,9.003883281577751,1.178491647036155,0.1308870417553489,0.18072866582805402,0.39921697128885214,3.1917901258246326
005930,2023-01-10,-0.106,7.0,0.8009,0.1878,14.0,9.25,7.0,13.0,8.959383034716575,1.172667141367113,0.1308870417553489,0.18072866582805402,0.39921697128885214,3.183036230943504
005930,2023-01-11,0.248,8.0,0.6559,0.2272,21.0,9.25,7.0,13.0,8.974216450336968,1.1746086432567937,0.1308870417553489,0.18072866582805402,0.39921697128885214,3.1859541959038795
005930,2023-01-12,0.512,9.0,0.6532,0.2171,15.0,9.25,7.0,13.0,8.974216450336968,1.1746086432567937,0.1308870417553489,0.18072866582805402,0.39921697128885214,3.1859541959038795
005930,2023-01-13,0.0313,7.0,0.3866,0.1205,19.0,9.25,7.0,13.0,9.018716697198142,1.1804331489258357,0.1308870417553489,0.18072866582805402,0.39921697128885214,3.1947080907850083
005930,2023-01-14,0.0414,3.0,0.0,0.0625,1.0,9.25,7.0,13.0,9.018716697198142,1.1804331489258357,0.1308870417553489,0.18072866582805402,0.39921697128885214,3.1947080907850083
005930,2023-01-15,0.092,6.0,0.4125,0.1729,10.0,9.25,7.0,13.0,9.018716697198142,1.1804331489258357,0.1308870417553489,0.18072866582805402,0.39921697128885214,3.1947080907850083
005930,2023-01-16,0.113,7.0,0.5834,0.1893,16.0,9.25,7.0,13.0,9.063216944059318,1.1862576545948775,0.1308870417553489,0.18072866582805402,0.39921697128885214,3.203461985666137
005930,2023-01-17,0.4532,8.0,0.5693,0.1697,17.0,9.25,7.0,13.0,9.048383528438926,1.1843161527051969,0.1308870417553489,0.18072866582805402,0.39921697128885214,3.2005440207057605
005930,2023-01-18,0.2067,8.0,0.643,0.2667,15.0,9.25,7.0,13.0,8.959383034716575,1.172667141367113,0.1308870417553489,0.18072866582805402,0.39921697128885214,3.183036230943504
005930,2023-01-19,0.0308,7.0,0.5763,0.1839,19.0,9.25,7.0,13.0,9.122550606540884,1.1940236621536002,0.1308870417553489,0.18072866582805402,0.39921697128885214,3.2151338455076424
005930,2023-01-20,0.2813,7.0,0.4425,0.1882,11.0,9.25,7.0,13.0,9.16705085340206,1.1998481678226423,0.1308870417553489,0.18072866582805402,0.39921697128885214,3.2238877403887702
005930,2023-01-21,-0.9881,6.0,0.0,0.0926,1.0,9.25,7.0,13.0,9.16705085340206,1.1998481678226423,0.1308870417553489,0.18072866582805402,0.39921697128885214,3.2238877403887702
005930,2023-01-22,-0.3315,5.0,0.4659,0.2073,3.0,9.25,7.0,13.0,9.16705085340206,1.1998481678226423,0.1308870417553489,0.18072866582805402,0.39921697128885214,3.2238877403887702
005930,2023-01-23,0.0196,3.0,0.0,0.2041,1.0,9.25,7.0,13.0,9.16705085340206,1.1998481678226423,0.1308870417553489,0.18072866582805402,0.39921697128885214,3.2238877403887702
005930,2023-01-24,0.2729,8.0,0.5545,0.1877,13.0,9.25,7.0,13.0,9.16705085340206,1.1998481678226423,0.1308870417553489,0.18072866582805402,0.39921697128885214,3.2238877403887702
005930,2023-01-25,0.3314,8.0,0.7438,0.2113,12.0,9.25,7.0,13.0,9.404385503328326,1.2309121980575326,0.1308870417553489,0.18072866582805402,0.39921697128885214,3.2705751797547906
005930,2023-01-26,0.319,8.0,0.707,0.1846,18.0,9.25,7.0,13.0,9.478552581430286,1.2406197075059358,0.1308870417553489,0.18072866582805402,0.39921697128885214,3.2851650045566716
005930,2023-01-27,-0.0948,7.0,0.5617,0.1786,15.0,9.25,7.0,13.0,9.582386490773027,1.2542102207337005,0.1308870417553489,0.18072866582805402,0.39921697128885214,3.305590759279305
005930,2023-01-28,-0.1571,4.0,0.5647,0.1354,5.0,9.25,7.0,13.0,9.582386490773027,1.2542102207337005,0.1308870417553489,0.18072866582805402,0.39921697128885214,3.305590759279305
005930,2023-01-29,0.1687,8.0,0.5485,0.1734,12.0,9.25,7.0,13.0,9.582386490773027,1.2542102207337005,0.1308870417553489,0.18072866582805402,0.39921697128885214,3.305590759279305
005930,2023-01-30,0.1786,8.0,0.7136,0.1957,13.0,9.25,7.0,13.0,9.389552087707935,1.228970696167852,0.1308870417553489,0.18072866582805402,0.39921697128885214,3.267657214794414
005930,2023-01-31,-0.0534,7.0,0.8433,0.2692,37.0,9.25,7.0,13.0,9.048383528438926,1.1843161527051969,0.1308870417553489,0.18072866582805402,0.39921697128885214,3.2005440207057605
005930,2023-02-01,-0.1015,7.0,0.6954,0.1931,22.0,9.25,7.0,14.0,9.16705085340206,1.1998481678226423,0.1308870417553489,0.18072866582805402,0.39921697128885214,3.2238877403887702
005930,2023-02-02,0.3052,8.0,0.5539,0.1984,30.0,9.25,7.0,14.0,9.419218918948719,1.2328536999472133,0.1308870417553489,0.18072866582805402,0.39921697128885214,3.2734931447151663
005930,2023-02-03,0.615,7.0,0.4604,0.244,8.0,9.25,7.0,14.0,9.463719165809893,1.238678205616255,0.1308870417553489,0.18072866582805402,0.39921697128885214,3.282247039596295
005930,2023-02-04,-0.4865,4.0,0.4865,0.081,2.0,9.25,7.0,14.0,9.463719165809893,1.238678205616255,0.1308870417553489,0.18072866582805402,0.39921697128885214,3.282247039596295
005930,2023-02-05,0.2682,7.0,0.4195,0.164,11.0,9.25,7.0,14.0,9.463719165809893,1.238678205616255,0.1308870417553489,0.18072866582805402,0.39921697128885214,3.282247039596295
005930,2023-02-06,0.131,7.0,0.7388,0.1708,17.0,9.25,7.0,14.0,9.137384022161276,1.195965164043281,0.1308870417553489,0.18072866582805402,0.39921697128885214,3.218051810468018
005930,2023-02-07,0.026,7.0,0.5439,0.1914,26.0,9.25,7.0,14.0,9.18188426902245,1.2017896697123227,0.1308870417553489,0.18072866582805402,0.39921697128885214,3.226805705349147
005930,2023-02-08,-0.0274,6.0,0.4376,0.2315,9.0,9.25,7.0,14.0,9.359885256467152,1.2250876923884906,0.1308870417553489,0.18072866582805402,0.39921697128885214,3.261821284873662
005930,2023-02-09,0.3071,7.0,0.6343,0.2195,9.0,9.25,7.0,14.0,9.345051840846759,1.22314619049881,0.1308870417553489,0.18072866582805402,0.39921697128885214,3.2589033199132853
005930,2023-02-10,-0.0209,6.0,0.1633,0.1662,10.0,9.25,7.0,14.0,9.315385009605976,1.2192631867194486,0.1308870417553489,0.18072866582805402,0.39921697128885214,3.253067389992533
005930,2023-02-11,-0.0441,3.0,0.0,0.098,1.0,9.25,7.0,14.0,9.315385009605976,1.2192631867194486,0.1308870417553489,0.18072866582805402,0.39921697128885214,3.253067389992533
005930,2023-02-12,0.1306,5.0,0.3619,0.2092,8.0,9.25,7.0,14.0,9.315385009605976,1.2192631867194486,0.1308870417553489,0.18072866582805402,0.39921697128885214,3.253067389992533
005930,2023-02-13,0.2471,8.0,0.4141,0.2051,12.0,9.25,7.0,14.0,9.330218425226368,1.2212046886091292,0.1308870417553489,0.18072866582805402,0.39921697128885214,3.2559853549529088
005930,2023-02-14,0.1282,7.0,0.6821,0.1923,18.0,9.25,7.0,14.0,9.374718672087543,1.2270291942781713,0.1308870417553489,0.18072866582805402,0.39921697128885214,3.2647392498340375
005930,2023-02-15,0.245,7.0,0.407,0.1694,9.0,9.25,7.0,14.0,9.226384515883627,1.2076141753813647,0.1308870417553489,0.18072866582805402,0.39921697128885214,3.2355596002302756
005930,2023-02-16,0.3805,7.0,0.6334,0.1868,11.0,9.25,7.0,14.0,9.448885750189502,1.2367367037265746,0.1308870417553489,0.18072866582805402,0.39921697128885214,3.2793290746359185
005930,2023-02-17,0.3224,6.0,0.5774,0.1566,7.0,9.25,7.0,14.0,9.285718178365194,1.2153801829400874,0.1308870417553489,0.18072866582805402,0.39921697128885214,3.247231460071781
005930,2023-02-18,-0.0853,4.0,0.377,0.1619,5.0,9.25,7.0,14.0,9.285718178365194,1.2153801829400874,0.1308870417553489,0.18072866582805402,0.39921697128885214,3.247231460071781
005930,2023-02-19,0.1379,5.0,0.6907,0.2812,6.0,9.25,7.0,14.0,9.285718178365194,1.2153801829400874,0.1308870417553489,0.18072866582805402,0.39921697128885214,3.247231460071781
005930,2023-02-20,0.4082,6.0,0.5108,0.2057,7.0,9.25,7.0,14.0,9.300551593985585,1.217321684829768,0.1308870417553489,0.18072866582805402,0.39921697128885214,3.2501494250321565
005930,2023-02-21,0.6278,9.0,0.5939,0.2447,18.0,9.25,7.0,14.0,9.211551100263234,1.205672673491684,0.1308870417553489,0.18072866582805402,0.39921697128885214,3.232641635269899
005930,2023-02-22,0.2906,8.0,0.5886,0.2086,13.0,9.25,7.0,14.0,9.063216944059318,1.1862576545948775,0.1308870417553489,0.18072866582805402,0.39921697128885214,3.203461985666137
005930,2023-02-23,0.5283,8.0,0.4741,0.1448,9.0,9.25,7.0,14.0,9.196717684642843,1.2037311716020034,0.1308870417553489,0.18072866582805402,0.39921697128885214,3.2297236703095233
005930,2023-02-24,0.1344,6.0,0.6231,0.2515,11.0,9.25,7.0,14.0,9.092883775300102,1.1901406583742389,0.1308870417553489,0.18072866582805402,0.39921697128885214,3.20929791558689
005930,2023-02-25,-0.1179,4.0,0.1471,0.213,5.0,9.25,7.0,14.0,9.092883775300102,1.1901406583742389,0.1308870417553489,0.18072866582805402,0.39921697128885214,3.20929791558689
005930,2023-02-26,0.2424,7.0,0.6037,0.1698,9.0,9.25,7.0,14.0,9.092883775300102,1.1901406583742389,0.1308870417553489,0.18072866582805402,0.39921697128885214,3.20929791558689
005930,2023-02-27,0.0268,7.0,0.4955,0.2066,15.0,9.25,7.0,14.0,8.974216450336968,1.1746086432567937,0.1308870417553489,0.18072866582805402,0.39921697128885214,3.1859541959038795
005930,2023-02-28,0.4206,8.0,0.525,0.3462,19.0,9.25,7.0,14.0,8.989049865957359,1.1765501451464744,0.1308870417553489,0.18072866582805402,0.39921697128885214,3.188872160864256
005930,2023-03-01,0.0,5.0,0.5301,0.2602,7.0,9.25,7.0,15.0,8.989049865957359,1.1765501451464744,0.1308870417553489,0.18072866582805402,0.39921697128885214,3.188872160864256
005930,2023-03-02,0.2364,8.0,0.6,0.1796,17.0,9.25,7.0,15.0,9.018716697198142,1.1804331489258357,0.1308870417553489,0.18072866582805402,0.39921697128885214,3.1947080907850083
005930,2023-03-03,-0.0971,6.0,0.9797,0.197,9.0,9.25,7.0,15.0,8.974216450336968,1.1746086432567937,0.1308870417553489,0.18072866582805402,0.39921697128885214,3.1859541959038795
005930,2023-03-04,-0.3479,5.0,0.4213,0.4083,3.0,9.25,7.0,15.0,8.974216450336968,1.1746086432567937,0.1308870417553489,0.18072866582805402,0.39921697128885214,3.1859541959038795
005930,2023-03-05,0.2252,7.0,0.4144,0.1788,9.0,9.25,7.0,15.0,8.974216450336968,1.1746086432567937,0.1308870417553489,0.18072866582805402,0.39921697128885214,3.1859541959038795
005930,2023-03-06,0.3028,8.0,0.7392,0.1924,15.0,9.25,7.0,15.0,9.122550606540884,1.1940236621536002,0.1308870417553489,0.18072866582805402,0.39921697128885214,3.2151338455076424
005930,2023-03-07,0.0257,7.0,0.4209,0.156,19.0,9.25,7.0,15.0,9.003883281577751,1.178491647036155,0.1308870417553489,0.18072866582805402,0.39921697128885214,3.1917901258246326
005930,2023-03-08,-0.0321,7.0,0.3726,0.1806,21.0,9.25,7.0,15.0,8.944549619096184,1.1707256394774324,0.1308870417553489,0.18072866582805402,0.39921697128885214,3.1801182659831273
005930,2023-03-09,0.1916,8.0,0.5528,0.2195,19.0,9.25,7.0,15.0,8.914882787855401,1.166842635698071,0.1308870417553489,0.18072866582805402,0.39921697128885214,3.174282336062375
005930,2023-03-10,0.0192,4.0,0.6393,0.2304,5.0,9.25,7.0,15.0,8.82588229413305,1.1551936243599872,0.1308870417553489,0.18072866582805402,0.39921697128885214,3.1567745463001176
005930,2023-03-11,,,,,0.0,9.25,7.0,15.0,8.82588229413305,1.1551936243599872,0.1308870417553489,0.18072866582805402,0.39921697128885214,3.1567745463001176
005930,2023-03-12,0.3593,6.0,0.4423,0.2096,7.0,9.25,7.0,15.0,8.82588229413305,1.1551936243599872,0.1308870417553489,0.18072866582805402,0.39921697128885214,3.1567745463001176
005930,2023-03-13,0.0983,7.0,0.601,0.2267,20.0,9.25,7.0,15.0,8.90004937223501,1.1649011338083903,0.1308870417553489,0.18072866582805402,0.39921697128885214,3.1713643711019985
005930,2023-03-14,-0.0274,7.0,0.7532,0.1991,15.0,9.25,7.0,15.0,8.751715216031092,1.145486114911584,0.1308870417553489,0.18072866582805402,0.39921697128885214,3.1421847214982366
005930,2023-03-15,0.1882,8.0,0.3931,0.1721,30.0,9.25,7.0,15.0,8.870382540994227,1.1610181300290292,0.1308870417553489,0.18072866582805402,0.39921697128885214,3.1655284411812463
005930,2023-03-16,0.3401,8.0,0.5925,0.2159,37.0,9.25,7.0,15.0,8.885215956614617,1.1629596319187099,0.1308870417553489,0.18072866582805402,0.39921697128885214,3.168446406141623
005930,2023-03-17,0.2446,8.0,0.5952,0.1926,12.0,9.25,7.0,15.0,9.092883775300102,1.1901406583742389,0.1308870417553489,0.18072866582805402,0.39921697128885214,3.20929791558689
005930,2023-03-18,-0.0,3.0,0.0,0.0816,1.0,9.25,7.0,15.0,9.092883775300102,1.1901406583742389,0.1308870417553489,0.18072866582805402,0.39921697128885214,3.20929791558689
005930,2023-03-19,-0.0118,7.0,0.5825,0.1702,12.0,9.25,7.0,15.0,9.092883775300102,1.1901406583742389,0.1308870417553489,0.18072866582805402,0.39921697128885214,3.20929791558689
005930,2023-03-20,-0.1254,7.0,0.6575,0.2398,14.0,9.25,7.0,15.0,8.929716203475794,1.1687841375877517,0.1308870417553489,0.18072866582805402,0.39921697128885214,3.1772003010227516
005930,2023-03-21,0.2448,8.0,0.7165,0.195,23.0,9.25,7.0,15.0,8.944549619096184,1.1707256394774324,0.1308870417553489,0.18072866582805402,0.39921697128885214,3.1801182659831273
005930,2023-03-22,0.191,8.0,0.59,0.183,30.0,9.25,7.0,15.0,9.063216944059318,1.1862576545948775,0.1308870417553489,0.18072866582805402,0.39921697128885214,3.203461985666137
005930,2023-03-23,0.4997,8.0,0.6102,0.2015,29.0,9.25,7.0,15.0,9.241217931504018,1.2095556772710454,0.1308870417553489,0.18072866582805402,0.39921697128885214,3.238477565190652
005930,2023-03-24,0.0023,7.0,0.3822,0.1714,12.0,9.25,7.0,15.0,9.345051840846759,1.22314619049881,0.1308870417553489,0.18072866582805402,0.39921697128885214,3.2589033199132853
005930,2023-03-25,0.164,5.0,0.6852,0.2163,6.0,9.25,7.0,15.0,9.345051840846759,1.22314619049881,0.1308870417553489,0.18072866582805402,0.39921697128885214,3.2589033199132853
005930,2023-03-26,-0.196,7.0,0.3771,0.2563,10.0,9.25,7.0,15.0,9.345051840846759,1.22314619049881,0.1308870417553489,0.18072866582805402,0.39921697128885214,3.2589033199132853
005930,2023-03-27,-0.0367,7.0,0.5104,0.1972,15.0,9.25,7.0,15.0,9.211551100263234,1.205672673491684,0.1308870417553489,0.18072866582805402,0.39921697128885214,3.232641635269899
005930,2023-03-28,0.4369,8.0,0.4823,0.1516,14.0,9.25,7.0,15.0,9.330218425226368,1.2212046886091292,0.1308870417553489,0.18072866582805402,0.39921697128885214,3.2559853549529088
005930,2023-03-29,0.5473,9.0,0.7023,0.2122,20.0,9.25,7.0,15.0,9.300551593985585,1.217321684829768,0.1308870417553489,0.18072866582805402,0.39921697128885214,3.2501494250321565
005930,2023-03-30,0.5726,9.0,0.5241,0.1651,27.0,9.25,7.0,15.0,9.374718672087543,1.2270291942781713,0.1308870417553489,0.18072866582805402,0.39921697128885214,3.2647392498340375
005930,2023-03-31,0.0693,6.0,0.6466,0.1778,11.0,9.25,7.0,15.0,9.493385997050677,1.2425612093956164,0.1308870417553489,0.18072866582805402,0.39921697128885214,3.2880829695170473
005930,2023-04-01,0.3419,5.0,0.4858,0.1421,5.0,10.0,8.33,4.0,6.807350825492983,1.067955602307029,0.15688270366610474,0.0809233642660046,0.26405921794911996,3.7948067737389173
005930,2023-04-02,-0.1278,7.0,0.2679,0.1571,13.0,10.0,8.33,4.0,6.807350825492983,1.067955602307029,0.15688270366610474,0.0809233642660046,0.26405921794911996,3.7948067737389173
005930,2023-04-03,0.0377,6.0,0.5234,0.2,11.0,10.0,8.33,4.0,6.711622454509488,1.0529374766495863,0.15688270366610474,0.0809233642660046,0.26405921794911996,3.7606823244413294
005930,2023-04-04,0.2082,8.0,0.5173,0.1883,15.0,10.0,8.33,4.0,6.764804882833651,1.06128087979261,0.15688270366610474,0.0809233642660046,0.26405921794911996,3.779640351828878
005930,2023-04-05,0.0565,6.0,0.6218,0.1635,11.0,10.0,8.33,4.0,6.79671433982815,1.0662869216784243,0.15688270366610474,0.0809233642660046,0.26405921794911996,3.7910151682614077
005930,2023-04-06,0.2533,8.0,0.7359,0.2636,18.0,10.0,8.33,4.0,6.626530569190825,1.0395880316207484,0.15688270366610474,0.0809233642660046,0.26405921794911996,3.7303494806212507
005930,2023-04-07,-0.2681,8.0,0.7117,0.2459,47.0,10.0,8.33,4.0,6.91371568214131,1.0846424085930764,0.15688270366610474,0.0809233642660046,0.26405921794911996,3.8327228285140156
005930,2023-04-08,-0.7812,6.0,0.305,0.2546,3.0,10.0,8.33,4.0,6.91371568214131,1.0846424085930764,0.15688270366610474,0.0809233642660046,0.26405921794911996,3.8327228285140156
005930,2023-04-09,0.0429,5.0,0.6832,0.2626,8.0,10.0,8.33,4.0,6.91371568214131,1.0846424085930764,0.15688270366610474,0.0809233642660046,0.26405921794911996,3.8327228285140156
005930,2023-04-10,0.3727,8.0,0.5241,0.2512,20.0,10.0,8.33,4.0,6.98817108179514,1.0963231729933094,0.15688270366610474,0.0809233642660046,0.26405921794911996,3.8592640668565843
005930,2023-04-11,0.3151,8.0,0.6579,0.1803,18.0,10.0,8.33,4.0,7.009444053124805,1.0996605342505188,0.15688270366610474,0.0809233642660046,0.26405921794911996,3.866847277811604
005930,2023-04-12,-0.1361,7.0,0.6325,0.2098,14.0,10.0,8.33,4.0,7.020080538789639,1.1013292148791236,0.15688270366610474,0.0809233642660046,0.26405921794911996,3.870638883289114
005930,2023-04-13,0.1768,8.0,0.581,0.183,25.0,10.0,8.33,4.0,7.030717024454471,1.1029978955077284,0.15688270366610474,0.0809233642660046,0.26405921794911996,3.8744304887666234
005930,2023-04-14,0.2023,8.0,0.4164,0.2818,19.0,10.0,8.33,4.0,6.924352167806143,1.086311089221681,0.15688270366610474,0.0809233642660046,0.26405921794911996,3.8365144339915256
005930,2023-04-15,0.9997,6.0,0.0,0.1522,1.0,10.0,8.33,4.0,6.924352167806143,1.086311089221681,0.15688270366610474,0.0809233642660046,0.26405921794911996,3.8365144339915256
005930,2023-04-16,0.4671,7.0,0.6452,0.1679,11.0,10.0,8.33,4.0,6.924352167806143,1.086311089221681,0.15688270366610474,0.0809233642660046,0.26405921794911996,3.8365144339915256
005930,2023-04-17,-0.0891,7.0,0.4368,0.1598,14.0,10.0,8.33,4.0,6.945625139135809,1.0896484504788904,0.15688270366610474,0.0809233642660046,0.26405921794911996,3.8440976449465447
005930,2023-04-18,0.1087,7.0,0.6771,0.2355,12.0,10.0,8.33,4.0,6.977534596130307,1.0946544923647046,0.15688270366610474,0.0809233642660046,0.26405921794911996,3.8554724613790747
005930,2023-04-19,0.2699,8.0,0.6163,0.166,28.0,10.0,8.33,4.0,6.966898110465475,1.0929858117361,0.15688270366610474,0.0809233642660046,0.26405921794911996,3.8516808559015647
005930,2023-04-20,0.3212,8.0,0.6764,0.1876,15.0,10.0,8.33,4.0,6.945625139135809,1.0896484504788904,0.15688270366610474,0.0809233642660046,0.26405921794911996,3.8440976449465447
005930,2023-04-21,-0.2989,8.0,0.5495,0.1753,14.0,10.0,8.33,4.0,6.98817108179514,1.0963231729933094,0.15688270366610474,0.0809233642660046,0.26405921794911996,3.8592640668565843
005930,2023-04-22,-0.9997,6.0,0.0001,0.1709,2.0,10.0,8.33,4.0,6.98817108179514,1.0963231729933094,0.15688270366610474,0.0809233642660046,0.26405921794911996,3.8592640668565843
005930,2023-04-23,0.0332,7.0,0.5662,0.1933,13.0,10.0,8.33,4.0,6.98817108179514,1.0963231729933094,0.15688270366610474,0.0809233642660046,0.26405921794911996,3.8592640668565843
005930,2023-04-24,-0.1862,8.0,0.6638,0.2025,18.0,10.0,8.33,4.0,6.934988653470976,1.0879797698502858,0.15688270366610474,0.0809233642660046,0.26405921794911996,3.8403060394690356
005930,2023-04-25,0.636,9.0,0.4507,0.1939,17.0,10.0,8.33,4.0,6.764804882833651,1.06128087979261,0.15688270366610474,0.0809233642660046,0.26405921794911996,3.779640351828878
005930,2023-04-26,0.1606,7.0,0.5987,0.2244,14.0,10.0,8.33,4.0,6.8179873111578155,1.0696242829356337,0.15688270366610474,0.0809233642660046,0.26405921794911996,3.7985983792164273
005930,2023-04-27,-0.0795,7.0,0.8852,0.2875,29.0,10.0,8.33,4.0,6.87116973948198,1.0779676860786573,0.15688270366610474,0.0809233642660046,0.26405921794911996,3.8175564066039764
005930,2023-04-28,0.2659,8.0,0.7837,0.2651,12.0,10.0,8.33,4.0,6.966898110465475,1.0929858117361,0.15688270366610474,0.0809233642660046,0.26405921794911996,3.8516808559015647
005930,2023-04-29,0.1453,3.0,0.0,0.1333,1.0,10.0,8.33,4.0,6.966898110465475,1.0929858117361,0.15688270366610474,0.0809233642660046,0.26405921794911996,3.8516808559015647
005930,2023-04-30,-0.2898,5.0,0.5031,0.1514,3.0,10.0,8.33,4.0,6.966898110465475,1.0929858117361,0.15688270366610474,0.0809233642660046,0.26405921794911996,3.8516808559015647
005930,2023-05-01,-0.0061,6.0,0.6637,0.2277,9.0,10.0,8.33,5.0,6.966898110465475,1.0929858117361,0.15688270366610474,0.0809233642660046,0.26405921794911996,3.8516808559015647
005930,2023-05-02,-0.1049,7.0,0.6713,0.1096,21.0,10.0,8.33,5.0,6.98817108179514,1.0963231729933094,0.15688270366610474,0.0809233642660046,0.26405921794911996,3.8592640668565843
005930,2023-05-03,-0.068,4.0,0.1363,0.1217,5.0,10.0,8.33,5.0,6.956261624800642,1.0913171311074952,0.15688270366610474,0.0809233642660046,0.26405921794911996,3.8478892504240547
005930,2023-05-04,0.3262,8.0,0.6934,0.1607,14.0,10.0,8.33,5.0,6.924352167806143,1.086311089221681,0.15688270366610474,0.0809233642660046,0.26405921794911996,3.8365144339915256
005930,2023-05-05,0.1072,5.0,0.5951,0.3109,7.0,10.0,8.33,5.0,6.924352167806143,1.086311089221681,0.15688270366610474,0.0809233642660046,0.26405921794911996,3.8365144339915256
005930,2023-05-06,0.1937,4.0,0.2863,0.2014,2.0,10.0,8.33,5.0,6.924352167806143,1.086311089221681,0.15688270366610474,0.0809233642660046,0.26405921794911996,3.8365144339915256
005930,2023-05-07,0.5044,8.0,0.4556,0.1943,10.0,10.0,8.33,5.0,6.924352167806143,1.086311089221681,0.15688270366610474,0.0809233642660046,0.26405921794911996,3.8365144339915256
005930,2023-05-08,0.4281,6.0,0.7276,0.2218,7.0,10.0,8.33,5.0,7.009444053124805,1.0996605342505188,0.15688270366610474,0.0809233642660046,0.26405921794911996,3.866847277811604
005930,2023-05-09,0.1476,7.0,0.5146,0.1565,14.0,10.0,8.33,5.0,6.945625139135809,1.0896484504788904,0.15688270366610474,0.0809233642660046,0.26405921794911996,3.8440976449465447
005930,2023-05-10,0.0535,6.0,0.5906,0.2426,10.0,10.0,8.33,5.0,6.87116973948198,1.0779676860786573,0.15688270366610474,0.0809233642660046,0.26405921794911996,3.8175564066039764
005930,2023-05-11,0.4567,7.0,0.4353,0.1654,10.0,10.0,8.33,5.0,6.828623796822648,1.0712929635642383,0.15688270366610474,0.0809233642660046,0.26405921794911996,3.8023899846939373
005930,2023-05-12,0.0593,7.0,0.5018,0.1739,13.0,10.0,8.33,5.0,6.8179873111578155,1.0696242829356337,0.15688270366610474,0.0809233642660046,0.26405921794911996,3.7985983792164273
005930,2023-05-13,-0.978,6.0,0.0,0.3171,1.0,10.0,8.33,5.0,6.8179873111578155,1.0696242829356337,0.15688270366610474,0.0809233642660046,0.26405921794911996,3.7985983792164273
005930,2023-05-14,0.52,9.0,0.587,0.2483,13.0,10.0,8.33,5.0,6.8179873111578155,1.0696242829356337,0.15688270366610474,0.0809233642660046,0.26405921794911996,3.7985983792164273
005930,2023-05-15,0.0339,7.0,0.6611,0.2602,14.0,10.0,8.33,5.0,6.860533253817146,1.0762990054500525,0.15688270366610474,0.0809233642660046,0.26405921794911996,3.8137648011264664
005930,2023-05-16,0.4742,8.0,0.6125,0.1844,15.0,10.0,8.33,5.0,6.956261624800642,1.0913171311074952,0.15688270366610474,0.0809233642660046,0.26405921794911996,3.8478892504240547
005930,2023-05-17,0.2895,8.0,0.8079,0.3169,13.0,10.0,8.33,5.0,6.91371568214131,1.0846424085930764,0.15688270366610474,0.0809233642660046,0.26405921794911996,3.8327228285140156
005930,2023-05-18,0.581,9.0,0.5895,0.2295,31.0,10.0,8.33,5.0,7.041353510119304,1.104666576136333,0.15688270366610474,0.0809233642660046,0.26405921794911996,3.8782220942441334
005930,2023-05-19,0.4541,8.0,0.5124,0.2187,23.0,10.0,8.33,5.0,7.275356194745625,1.1413775499656371,0.15688270366610474,0.0809233642660046,0.26405921794911996,3.961637414749349
005930,2023-05-20,-0.0262,3.0,0.0,0.12,1.0,10.0,8.33,5.0,7.275356194745625,1.1413775499656371,0.15688270366610474,0.0809233642660046,0.26405921794911996,3.961637414749349
005930,2023-05-21,0.3011,5.0,0.5402,0.1376,5.0,10.0,8.33,5.0,7.275356194745625,1.1413775499656371,0.15688270366610474,0.0809233642660046,0.26405921794911996,3.961637414749349
005930,2023-05-22,0.1107,7.0,0.519,0.2094,12.0,10.0,8.33,5.0,7.285992680410458,1.143046230594242,0.15688270366610474,0.0809233642660046,0.26405921794911996,3.965429020226859
005930,2023-05-23,0.3413,8.0,0.5488,0.2081,19.0,10.0,8.33,5.0,7.275356194745625,1.1413775499656371,0.15688270366610474,0.0809233642660046,0.26405921794911996,3.961637414749349
005930,2023-05-24,0.2345,8.0,0.5151,0.1628,19.0,10.0,8.33,5.0,7.285992680410458,1.143046230594242,0.15688270366610474,0.0809233642660046,0.26405921794911996,3.965429020226859
005930,2023-05-25,0.3641,8.0,0.5723,0.1949,16.0,10.0,8.33,5.0,7.317902137404956,1.1480522724800561,0.15688270366610474,0.0809233642660046,0.26405921794911996,3.9768038366593883
005930,2023-05-26,0.3063,8.0,0.6864,0.1945,21.0,10.0,8.33,5.0,7.477449422377449,1.173082481909127,0.15688270366610474,0.0809233642660046,0.26405921794911996,4.033677918822035
005930,2023-05-27,-0.8621,6.0,0.0,0.0612,1.0,10.0,8.33,5.0,7.477449422377449,1.173082481909127,0.15688270366610474,0.0809233642660046,0.26405921794911996,4.033677918822035
005930,2023-05-28,0.3956,6.0,0.4188,0.1759,6.0,10.0,8.33,5.0,7.477449422377449,1.173082481909127,0.15688270366610474,0.0809233642660046,0.26405921794911996,4.033677918822035
005930,2023-05-29,0.091,7.0,0.5866,0.1392,13.0,10.0,8.33,5.0,7.477449422377449,1.173082481909127,0.15688270366610474,0.0809233642660046,0.26405921794911996,4.033677918822035
005930,2023-05-30,0.5676,9.0,0.576,0.1719,24.0,10.0,8.33,5.0,7.690179135674104,1.2064560944812217,0.15688270366610474,0.0809233642660046,0.26405921794911996,4.109510028372231
005930,2023-05-31,0.4654,8.0,0.5844,0.2341,26.0,10.0,8.33,5.0,7.594450764690609,1.191437968823779,0.15688270366610474,0.0809233642660046,0.26405921794911996,4.075385579074643
005930,2023-06-01,0.1667,8.0,0.5978,0.2243,24.0,10.0,8.33,6.0,7.541268336366445,1.1830945656807554,0.15688270366610474,0.0809233642660046,0.26405921794911996,4.0564275516870945
005930,2023-06-02,0.3209,8.0,0.5987,0.2171,13.0,10.0,8.33,6.0,7.679542650009271,1.2047874138526171,0.15688270366610474,0.0809233642660046,0.26405921794911996,4.105718422894721
005930,2023-06-03,0.0158,3.0,0.9718,0.228,2.0,10.0,8.33,6.0,7.679542650009271,1.2047874138526171,0.15688270366610474,0.0809233642660046,0.26405921794911996,4.105718422894721
005930,2023-06-04,0.26,6.0,0.4643,0.17,7.0,10.0,8.33,6.0,7.679542650009271,1.2047874138526171,0.15688270366610474,0.0809233642660046,0.26405921794911996,4.105718422894721
005930,2023-06-05,0.2433,8.0,0.3649,0.1671,17.0,10.0,8.33,6.0,7.626360221685107,1.1964440107095933,0.15688270366610474,0.0809233642660046,0.26405921794911996,4.086760395507173
005930,2023-06-06,0.1376,6.0,0.5317,0.2102,9.0,10.0,8.33,6.0,7.626360221685107,1.1964440107095933,0.15688270366610474,0.0809233642660046,0.26405921794911996,4.086760395507173
005930,2023-06-07,0.4209,8.0,0.4809,0.2197,16.0,10.0,8.33,6.0,7.551904822031278,1.1847632463093603,0.15688270366610474,0.0809233642660046,0.26405921794911996,4.060219157164605
005930,2023-06-08,0.3077,6.0,0.4158,0.2434,8.0,10.0,8.33,6.0,7.541268336366445,1.1830945656807554,0.15688270366610474,0.0809233642660046,0.26405921794911996,4.0564275516870945
005930,2023-06-09,0.2787,8.0,0.5503,0.1858,15.0,10.0,8.33,6.0,7.658269678679606,1.2014500525954075,0.15688270366610474,0.0809233642660046,0.26405921794911996,4.098135211939702
005930,2023-06-10,0.1583,4.0,0.278,0.1714,4.0,10.0,8.33,6.0,7.658269678679606,1.2014500525954075,0.15688270366610474,0.0809233642660046,0.26405921794911996,4.098135211939702
005930,2023-06-11,0.4076,6.0,0.468,0.2154,7.0,10.0,8.33,6.0,7.658269678679606,1.2014500525954075,0.15688270366610474,0.0809233642660046,0.26405921794911996,4.098135211939702
005930,2023-06-12,0.0699,7.0,0.7754,0.2011,18.0,10.0,8.33,6.0,7.551904822031278,1.1847632463093603,0.15688270366610474,0.0809233642660046,0.26405921794911996,4.060219157164605
005930,2023-06-13,-0.1331,7.0,0.7233,0.1798,23.0,10.0,8.33,6.0,7.658269678679606,1.2014500525954075,0.15688270366610474,0.0809233642660046,0.26405921794911996,4.098135211939702
005930,2023-06-14,0.4064,8.0,0.744,0.1688,18.0,10.0,8.33,6.0,7.647633193014773,1.199781371966803,0.15688270366610474,0.0809233642660046,0.26405921794911996,4.094343606462193
005930,2023-06-15,0.4878,8.0,0.531,0.1935,21.0,10.0,8.33,6.0,7.605087250355441,1.1931066494523839,0.15688270366610474,0.0809233642660046,0.26405921794911996,4.079177184552153
005930,2023-06-16,0.186,6.0,0.4755,0.1375,6.0,10.0,8.33,6.0,7.63699670734994,1.198112691338198,0.15688270366610474,0.0809233642660046,0.26405921794911996,4.090552000984683
005930,2023-06-17,0.5001,5.0,0.4997,0.2799,2.0,10.0,8.33,6.0,7.63699670734994,1.198112691338198,0.15688270366610474,0.0809233642660046,0.26405921794911996,4.090552000984683
005930,2023-06-18,0.9991,6.0,0.0,0.1739,1.0,10.0,8.33,6.0,7.63699670734994,1.198112691338198,0.15688270366610474,0.0809233642660046,0.26405921794911996,4.090552000984683
005930,2023-06-19,0.3967,8.0,0.4456,0.1814,16.0,10.0,8.33,6.0,7.573177793360943,1.1881006075665697,0.15688270366610474,0.0809233642660046,0.26405921794911996,4.067802368119624
005930,2023-06-20,-0.0159,7.0,0.3438,0.1718,15.0,10.0,8.33,6.0,7.594450764690609,1.191437968823779,0.15688270366610474,0.0809233642660046,0.26405921794911996,4.075385579074643
005930,2023-06-21,0.0927,7.0,0.464,0.1288,13.0,10.0,8.33,6.0,7.498722393707114,1.1764198431663366,0.15688270366610474,0.0809233642660046,0.26405921794911996,4.041261129777055
005930,2023-06-22,0.1072,7.0,0.5365,0.2295,16.0,10.0,8.33,6.0,7.583814279025776,1.1897692881951745,0.15688270366610474,0.0809233642660046,0.26405921794911996,4.071593973597134
005930,2023-06-23,-0.0807,6.0,0.7073,0.156,9.0,10.0,8.33,6.0,7.615723736020274,1.1947753300809887,0.15688270366610474,0.0809233642660046,0.26405921794911996,4.082968790029662
005930,2023-06-24,0.0002,6.0,0.0004,0.3063,10.0,10.0,8.33,6.0,7.615723736020274,1.1947753300809887,0.15688270366610474,0.0809233642660046,0.26405921794911996,4.082968790029662
005930,2023-06-25,0.0182,5.0,0.7075,0.1759,8.0,10.0,8.33,6.0,7.615723736020274,1.1947753300809887,0.15688270366610474,0.0809233642660046,0.26405921794911996,4.082968790029662
005930,2023-06-26,0.1615,7.0,0.6708,0.2131,19.0,10.0,8.33,6.0,7.700815621338936,1.2081247751098265,0.15688270366610474,0.0809233642660046,0.26405921794911996,4.1133016338497415
005930,2023-06-27,0.0822,7.0,0.4995,0.2032,23.0,10.0,8.33,6.0,7.7220885926686025,1.211462136367036,0.15688270366610474,0.0809233642660046,0.26405921794911996,4.1208848448047615
005930,2023-06-28,-0.0288,7.0,0.6865,0.1486,19.0,10.0,8.33,6.0,7.732725078333435,1.2131308169956407,0.15688270366610474,0.0809233642660046,0.26405921794911996,4.124676450282271
005930,2023-06-29,0.5025,9.0,0.5535,0.2325,22.0,10.0,8.33,6.0,7.700815621338936,1.2081247751098265,0.15688270366610474,0.0809233642660046,0.26405921794911996,4.1133016338497415
005930,2023-06-30,-0.1099,5.0,0.6032,0.1983,8.0,10.0,8.33,6.0,7.679542650009271,1.2047874138526171,0.15688270366610474,0.0809233642660046,0.26405921794911996,4.105718422894721
005930,2023-07-01,,,,,0.0,10.0,8.33,7.0,7.679542650009271,1.2047874138526171,0.15688270366610474,0.0809233642660046,0.26405921794911996,4.105718422894721
005930,2023-07-02,-0.2708,5.0,0.383,0.139,3.0,10.0,8.33,7.0,7.679542650009271,1.2047874138526171,0.15688270366610474,0.0809233642660046,0.26405921794911996,4.105718422894721
005930,2023-07-03,0.2264,8.0,0.5424,0.1723,20.0,10.0,8.33,7.0,7.764634535327933,1.218136858881455,0.15688270366610474,0.0809233642660046,0.26405921794911996,4.136051266714801
005930,2023-07-04,0.2598,8.0,0.5456,0.2523,15.0,10.0,8.33,7.0,7.764634535327933,1.218136858881455,0.15688270366610474,0.0809233642660046,0.26405921794911996,4.136051266714801
005930,2023-07-05,0.002,7.0,0.7336,0.2136,25.0,10.0,8.33,7.0,7.658269678679606,1.2014500525954075,0.15688270366610474,0.0809233642660046,0.26405921794911996,4.098135211939702
005930,2023-07-06,-0.1595,7.0,0.6808,0.2156,18.0,10.0,8.33,7.0,7.615723736020274,1.1947753300809887,0.15688270366610474,0.0809233642660046,0.26405921794911996,4.082968790029662
005930,2023-07-07,-0.2839,8.0,0.7496,0.3072,32.0,10.0,8.33,7.0,7.434903479718117,1.1664077593947082,0.15688270366610474,0.0809233642660046,0.26405921794911996,4.018511496911996
005930,2023-07-08,0.4997,4.0,0.4999,0.1325,2.0,10.0,8.33,7.0,7.434903479718117,1.1664077593947082,0.15688270366610474,0.0809233642660046,0.26405921794911996,4.018511496911996
005930,2023-07-09,0.1119,6.0,0.7573,0.1561,9.0,10.0,8.33,7.0,7.434903479718117,1.1664077593947082,0.15688270366610474,0.0809233642660046,0.26405921794911996,4.018511496911996
005930,2023-07-10,0.3922,8.0,0.5081,0.2175,20.0,10.0,8.33,7.0,7.3923575370587855,1.1597330368802892,0.15688270366610474,0.0809233642660046,0.26405921794911996,4.003345075001957
005930,2023-07-11,0.357,8.0,0.602,0.2424,18.0,10.0,8.33,7.0,7.605087250355441,1.1931066494523839,0.15688270366610474,0.0809233642660046,0.26405921794911996,4.079177184552153
005930,2023-07-12,0.0412,7.0,0.6814,0.1657,15.0,10.0,8.33,7.0,7.647633193014773,1.199781371966803,0.15688270366610474,0.0809233642660046,0.26405921794911996,4.094343606462193
005930,2023-07-13,0.2925,8.0,0.6032,0.173,24.0,10.0,8.33,7.0,7.647633193014773,1.199781371966803,0.15688270366610474,0.0809233642660046,0.26405921794911996,4.094343606462193
005930,2023-07-14,0.2901,7.0,0.428,0.177,11.0,10.0,8.33,7.0,7.807180477987265,1.2248115813958738,0.15688270366610474,0.0809233642660046,0.26405921794911996,4.15121768862484
005930,2023-07-15,0.3337,5.0,0.471,0.2432,3.0,10.0,8.33,7.0,7.807180477987265,1.2248115813958738,0.15688270366610474,0.0809233642660046,0.26405921794911996,4.15121768862484
005930,2023-07-16,0.1653,6.0,0.5352,0.1167,9.0,10.0,8.33,7.0,7.807180477987265,1.2248115813958738,0.15688270366610474,0.0809233642660046,0.26405921794911996,4.15121768862484
005930,2023-07-17,0.1184,7.0,0.5875,0.1829,16.0,10.0,8.33,7.0,7.796543992322432,1.2231429007672692,0.15688270366610474,0.0809233642660046,0.26405921794911996,4.14742608314733
005930,2023-07-18,-0.0124,6.0,0.2875,0.1641,10.0,10.0,8.33,7.0,7.658269678679606,1.2014500525954075,0.15688270366610474,0.0809233642660046,0.26405921794911996,4.098135211939702
005930,2023-07-19,0.3043,8.0,0.5541,0.1924,14.0,10.0,8.33,7.0,7.626360221685107,1.1964440107095933,0.15688270366610474,0.0809233642660046,0.26405921794911996,4.086760395507173
005930,2023-07-20,0.3147,8.0,0.5206,0.1863,20.0,10.0,8.33,7.0,7.551904822031278,1.1847632463093603,0.15688270366610474,0.0809233642660046,0.26405921794911996,4.060219157164605
005930,2023-07-21,0.2808,8.0,0.6667,0.1569,17.0,10.0,8.33,7.0,7.477449422377449,1.173082481909127,0.15688270366610474,0.0809233642660046,0.26405921794911996,4.033677918822035
005930,2023-07-22,-0.4956,4.0,0.4957,0.1251,2.0,10.0,8.33,7.0,7.477449422377449,1.173082481909127,0.15688270366610474,0.0809233642660046,0.26405921794911996,4.033677918822035
005930,2023-07-23,0.4999,5.0,0.4999,0.1719,4.0,10.0,8.33,7.0,7.477449422377449,1.173082481909127,0.15688270366610474,0.0809233642660046,0.26405921794911996,4.033677918822035
005930,2023-07-24,0.0259,5.0,0.6451,0.1611,8.0,10.0,8.33,7.0,7.488085908042281,1.1747511625377318,0.15688270366610474,0.0809233642660046,0.26405921794911996,4.037469524299546
005930,2023-07-25,0.228,8.0,0.5818,0.1791,20.0,10.0,8.33,7.0,7.44553996538295,1.168076440023313,0.15688270366610474,0.0809233642660046,0.26405921794911996,4.022303102389506
005930,2023-07-26,0.3831,8.0,0.52,0.2235,29.0,10.0,8.33,7.0,7.424266994053284,1.1647390787661034,0.15688270366610474,0.0809233642660046,0.26405921794911996,4.014719891434487
005930,2023-07-27,0.0989,7.0,0.8333,0.1628,45.0,10.0,8.33,7.0,7.626360221685107,1.1964440107095933,0.15688270366610474,0.0809233642660046,0.26405921794911996,4.086760395507173
005930,2023-07-28,0.2675,8.0,0.736,0.2241,24.0,10.0,8.33,7.0,7.509358879371947,1.1780885237949412,0.15688270366610474,0.0809233642660046,0.26405921794911996,4.045052735254565
005930,2023-07-29,0.0785,4.0,0.6019,0.3674,3.0,10.0,8.33,7.0,7.509358879371947,1.1780885237949412,0.15688270366610474,0.0809233642660046,0.26405921794911996,4.045052735254565
005930,2023-07-30,-0.0572,4.0,0.5402,0.1842,5.0,10.0,8.33,7.0,7.509358879371947,1.1780885237949412,0.15688270366610474,0.0809233642660046,0.26405921794911996,4.045052735254565
005930,2023-07-31,0.3049,7.0,0.5819,0.2671,11.0,10.0,8.33,7.0,7.424266994053284,1.1647390787661034,0.15688270366610474,0.0809233642660046,0.26405921794911996,4.014719891434487
005930,2023-08-01,0.246,8.0,0.4817,0.2395,19.0,10.0,8.33,8.0,7.562541307696111,1.186431926937965,0.15688270366610474,0.0809233642660046,0.26405921794911996,4.064010762642114
005930,2023-08-02,0.3721,8.0,0.5357,0.2528,20.0,10.0,8.33,8.0,7.434903479718117,1.1664077593947082,0.15688270366610474,0.0809233642660046,0.26405921794911996,4.018511496911996
005930,2023-08-03,0.0085,6.0,0.5963,0.2669,10.0,10.0,8.33,8.0,7.317902137404956,1.1480522724800561,0.15688270366610474,0.0809233642660046,0.26405921794911996,3.9768038366593883
005930,2023-08-04,-0.1705,8.0,0.3746,0.1879,15.0,10.0,8.33,8.0,7.264719709080793,1.1397088693370325,0.15688270366610474,0.0809233642660046,0.26405921794911996,3.957845809271839
005930,2023-08-05,-0.3269,4.0,0.6725,0.2386,2.0,10.0,8.33,8.0,7.264719709080793,1.1397088693370325,0.15688270366610474,0.0809233642660046,0.26405921794911996,3.957845809271839
005930,2023-08-06,0.0046,5.0,0.5772,0.3416,6.0,10.0,8.33,8.0,7.264719709080793,1.1397088693370325,0.15688270366610474,0.0809233642660046,0.26405921794911996,3.957845809271839
005930,2023-08-07,0.0055,6.0,0.4259,0.1622,11.0,10.0,8.33,8.0,7.285992680410458,1.143046230594242,0.15688270366610474,0.0809233642660046,0.26405921794911996,3.965429020226859
005930,2023-08-08,0.3199,8.0,0.5273,0.1654,19.0,10.0,8.33,8.0,7.190264309426963,1.1280281049367993,0.15688270366610474,0.0809233642660046,0.26405921794911996,3.931304570929271
005930,2023-08-09,0.0464,7.0,0.5921,0.1703,16.0,10.0,8.33,8.0,7.3285386230697895,1.1497209531086607,0.15688270366610474,0.0809233642660046,0.26405921794911996,3.9805954421368983
005930,2023-08-10,-0.3912,6.0,0.4578,0.131,7.0,10.0,8.33,8.0,7.232810252086294,1.1347028274512183,0.15688270366610474,0.0809233642660046,0.26405921794911996,3.94647099283931
005930,2023-08-11,0.1461,7.0,0.75,0.2024,13.0,10.0,8.33,8.0,7.1796278237621305,1.1263594243081947,0.15688270366610474,0.0809233642660046,0.26405921794911996,3.927512965451761
005930,2023-08-12,0.0001,4.0,0.0002,0.1049,3.0,10.0,8.33,8.0,7.1796278237621305,1.1263594243081947,0.15688270366610474,0.0809233642660046,0.26405921794911996,3.927512965451761
005930,2023-08-13,0.6757,6.0,0.3891,0.2166,4.0,10.0,8.33,8.0,7.1796278237621305,1.1263594243081947,0.15688270366610474,0.0809233642660046,0.26405921794911996,3.927512965451761
005930,2023-08-14,0.441,7.0,0.4706,0.305,10.0,10.0,8.33,8.0,7.158354852432464,1.123022063050985,0.15688270366610474,0.0809233642660046,0.26405921794911996,3.919929754496741
005930,2023-08-15,0.1997,5.0,0.3913,0.1456,5.0,10.0,8.33,8.0,7.158354852432464,1.123022063050985,0.15688270366610474,0.0809233642660046,0.26405921794911996,3.919929754496741
005930,2023-08-16,0.3999,7.0,0.6621,0.2017,10.0,10.0,8.33,8.0,7.126445395437966,1.1180160211651708,0.15688270366610474,0.0809233642660046,0.26405921794911996,3.9085549380642117
005930,2023-08-17,0.025,7.0,0.594,0.1281,12.0,10.0,8.33,8.0,7.094535938443468,1.1130099792793566,0.15688270366610474,0.0809233642660046,0.26405921794911996,3.8971801216316826
005930,2023-08-18,-0.3126,8.0,0.6936,0.164,13.0,10.0,8.33,8.0,7.051989995784137,1.1063352567649378,0.15688270366610474,0.0809233642660046,0.26405921794911996,3.882013699721643
005930,2023-08-19,0.0004,3.0,0.0004,0.1112,2.0,10.0,8.33,8.0,7.051989995784137,1.1063352567649378,0.15688270366610474,0.0809233642660046,0.26405921794911996,3.882013699721643
005930,2023-08-20,-0.2104,5.0,0.7967,0.1414,4.0,10.0,8.33,8.0,7.051989995784137,1.1063352567649378,0.15688270366610474,0.0809233642660046,0.26405921794911996,3.882013699721643
005930,2023-08-21,0.2694,8.0,0.6481,0.1774,19.0,10.0,8.33,8.0,7.083899452778635,1.111341298650752,0.15688270366610474,0.0809233642660046,0.26405921794911996,3.8933885161541726
005930,2023-08-22,0.2718,8.0,0.6369,0.1773,32.0,10.0,8.33,8.0,7.083899452778635,1.111341298650752,0.15688270366610474,0.0809233642660046,0.26405921794911996,3.8933885161541726
005930,2023-08-23,0.1143,7.0,0.7469,0.1598,17.0,10.0,8.33,8.0,7.137081881102799,1.1196847017937757,0.15688270366610474,0.0809233642660046,0.26405921794911996,3.9123465435417217
005930,2023-08-24,0.5679,9.0,0.467,0.1762,21.0,10.0,8.33,8.0,7.25408322341596,1.1380401887084277,0.15688270366610474,0.0809233642660046,0.26405921794911996,3.954054203794329
005930,2023-08-25,-0.0006,6.0,0.47,0.23,9.0,10.0,8.33,8.0,7.137081881102799,1.1196847017937757,0.15688270366610474,0.0809233642660046,0.26405921794911996,3.9123465435417217
005930,2023-08-26,,,,,0.0,10.0,8.33,8.0,7.137081881102799,1.1196847017937757,0.15688270366610474,0.0809233642660046,0.26405921794911996,3.9123465435417217
005930,2023-08-27,0.0002,5.0,0.5342,0.1788,7.0,10.0,8.33,8.0,7.137081881102799,1.1196847017937757,0.15688270366610474,0.0809233642660046,0.26405921794911996,3.9123465435417217
005930,2023-08-28,0.0802,7.0,0.6272,0.2128,17.0,10.0,8.33,8.0,7.105172424108301,1.1146786599079614,0.15688270366610474,0.0809233642660046,0.26405921794911996,3.900971727109192
005930,2023-08-29,0.2476,8.0,0.5667,0.1751,28.0,10.0,8.33,8.0,7.105172424108301,1.1146786599079614,0.15688270366610474,0.0809233642660046,0.26405921794911996,3.900971727109192
005930,2023-08-30,0.118,7.0,0.4535,0.2448,18.0,10.0,8.33,8.0,7.137081881102799,1.1196847017937757,0.15688270366610474,0.0809233642660046,0.26405921794911996,3.9123465435417217
005930,2023-08-31,0.3781,8.0,0.4473,0.2881,14.0,10.0,8.33,8.0,7.115808909773134,1.1163473405365663,0.15688270366610474,0.0809233642660046,0.26405921794911996,3.9047633325867017
005930,2023-09-01,0.3877,8.0,0.4746,0.2975,29.0,10.0,8.33,9.0,7.551904822031278,1.1847632463093603,0.15688270366610474,0.0809233642660046,0.26405921794911996,4.060219157164605
005930,2023-09-02,0.1994,5.0,0.3988,0.3848,5.0,10.0,8.33,9.0,7.551904822031278,1.1847632463093603,0.15688270366610474,0.0809233642660046,0.26405921794911996,4.060219157164605
005930,2023-09-03,0.3433,7.0,0.6957,0.2446,11.0,10.0,8.33,9.0,7.551904822031278,1.1847632463093603,0.15688270366610474,0.0809233642660046,0.26405921794911996,4.060219157164605
005930,2023-09-04,0.4251,8.0,0.5208,0.2044,30.0,10.0,8.33,9.0,7.573177793360943,1.1881006075665697,0.15688270366610474,0.0809233642660046,0.26405921794911996,4.067802368119624
005930,2023-09-05,0.285,8.0,0.6199,0.2149,23.0,10.0,8.33,9.0,7.519995365036779,1.179757204423546,0.15688270366610474,0.0809233642660046,0.26405921794911996,4.048844340732074
005930,2023-09-06,0.142,7.0,0.7134,0.2379,15.0,10.0,8.33,9.0,7.44553996538295,1.168076440023313,0.15688270366610474,0.0809233642660046,0.26405921794911996,4.022303102389506
005930,2023-09-07,0.2956,8.0,0.5296,0.135,22.0,10.0,8.33,9.0,7.488085908042281,1.1747511625377318,0.15688270366610474,0.0809233642660046,0.26405921794911996,4.037469524299546
005930,2023-09-08,0.6246,8.0,0.4972,0.2086,11.0,10.0,8.33,9.0,7.477449422377449,1.173082481909127,0.15688270366610474,0.0809233642660046,0.26405921794911996,4.033677918822035
005930,2023-09-09,-0.1402,3.0,0.0,0.1333,1.0,10.0,8.33,9.0,7.477449422377449,1.173082481909127,0.15688270366610474,0.0809233642660046,0.26405921794911996,4.033677918822035
005930,2023-09-10,0.0421,6.0,0.3626,0.1485,10.0,10.0,8.33,9.0,7.477449422377449,1.173082481909127,0.15688270366610474,0.0809233642660046,0.26405921794911996,4.033677918822035
005930,2023-09-11,-0.1425,5.0,0.35,0.1652,7.0,10.0,8.33,9.0,7.530631850701612,1.1814258850521508,0.15688270366610474,0.0809233642660046,0.26405921794911996,4.052635946209584
005930,2023-09-12,0.2109,6.0,0.5272,0.1603,7.0,10.0,8.33,9.0,7.498722393707114,1.1764198431663366,0.15688270366610474,0.0809233642660046,0.26405921794911996,4.041261129777055
005930,2023-09-13,0.0751,7.0,0.4935,0.1177,18.0,10.0,8.33,9.0,7.541268336366445,1.1830945656807554,0.15688270366610474,0.0809233642660046,0.26405921794911996,4.0564275516870945
005930,2023-09-14,0.0789,7.0,0.3654,0.2188,17.0,10.0,8.33,9.0,7.626360221685107,1.1964440107095933,0.15688270366610474,0.0809233642660046,0.26405921794911996,4.086760395507173
005930,2023-09-15,0.1866,8.0,0.5916,0.1591,13.0,10.0,8.33,9.0,7.658269678679606,1.2014500525954075,0.15688270366610474,0.0809233642660046,0.26405921794911996,4.098135211939702
005930,2023-09-16,,,,,0.0,10.0,8.33,9.0,7.658269678679606,1.2014500525954075,0.15688270366610474,0.0809233642660046,0.26405921794911996,4.098135211939702
005930,2023-09-17,0.0405,4.0,0.2935,0.1583,5.0,10.0,8.33,9.0,7.658269678679606,1.2014500525954075,0.15688270366610474,0.0809233642660046,0.26405921794911996,4.098135211939702
005930,2023-09-18,0.2278,8.0,0.8097,0.1738,16.0,10.0,8.33,9.0,7.466812936712615,1.1714138012805224,0.15688270366610474,0.0809233642660046,0.26405921794911996,4.029886313344525
005930,2023-09-19,0.1587,7.0,0.3958,0.1777,14.0,10.0,8.33,9.0,7.424266994053284,1.1647390787661034,0.15688270366610474,0.0809233642660046,0.26405921794911996,4.014719891434487
005930,2023-09-20,0.4536,8.0,0.4938,0.1239,20.0,10.0,8.33,9.0,7.402994022723619,1.161401717508894,0.15688270366610474,0.0809233642660046,0.26405921794911996,4.0071366804794675
005930,2023-09-21,0.1514,7.0,0.8303,0.1826,14.0,10.0,8.33,9.0,7.3285386230697895,1.1497209531086607,0.15688270366610474,0.0809233642660046,0.26405921794911996,3.9805954421368983
005930,2023-09-22,0.0996,6.0,0.6696,0.2027,10.0,10.0,8.33,9.0,7.317902137404956,1.1480522724800561,0.15688270366610474,0.0809233642660046,0.26405921794911996,3.9768038366593883
005930,2023-09-23,-0.6483,5.0,0.2441,0.1741,2.0,10.0,8.33,9.0,7.317902137404956,1.1480522724800561,0.15688270366610474,0.0809233642660046,0.26405921794911996,3.9768038366593883
005930,2023-09-24,-0.0987,6.0,0.5554,0.1597,9.0,10.0,8.33,9.0,7.317902137404956,1.1480522724800561,0.15688270366610474,0.0809233642660046,0.26405921794911996,3.9768038366593883
005930,2023-09-25,-0.0446,7.0,0.6357,0.2188,13.0,10.0,8.33,9.0,7.381721051393953,1.1580643562516846,0.15688270366610474,0.0809233642660046,0.26405921794911996,3.999553469524447
005930,2023-09-26,0.1789,7.0,0.6648,0.1635,11.0,10.0,8.33,9.0,7.296629166075291,1.1447149112228467,0.15688270366610474,0.0809233642660046,0.26405921794911996,3.9692206257043687
005930,2023-09-27,0.0617,5.0,0.678,0.1717,7.0,10.0,8.33,9.0,7.275356194745625,1.1413775499656371,0.15688270366610474,0.0809233642660046,0.26405921794911996,3.961637414749349
005930,2023-09-28,-0.0002,3.0,0.0002,0.2255,2.0,10.0,8.33,9.0,7.275356194745625,1.1413775499656371,0.15688270366610474,0.0809233642660046,0.26405921794911996,3.961637414749349
005930,2023-09-29,-0.104,4.0,0.147,0.1387,3.0,10.0,8.33,9.0,7.275356194745625,1.1413775499656371,0.15688270366610474,0.0809233642660046,0.26405921794911996,3.961637414749349
005930,2023-09-30,-0.9861,6.0,0.0,0.2549,1.0,10.0,8.33,9.0,7.275356194745625,1.1413775499656371,0.15688270366610474,0.0809233642660046,0.26405921794911996,3.961637414749349
005930,2023-10-01,0.1517,4.0,0.2628,0.1832,4.0,10.0,8.33,10.0,7.275356194745625,1.1413775499656371,0.15688270366610474,0.0809233642660046,0.26405921794911996,3.961637414749349
005930,2023-10-02,0.3998,5.0,0.4895,0.1512,5.0,10.0,8.33,10.0,7.275356194745625,1.1413775499656371,0.15688270366610474,0.0809233642660046,0.26405921794911996,3.961637414749349
005930,2023-10-03,0.3442,7.0,0.4327,0.2336,11.0,10.0,8.33,10.0,7.275356194745625,1.1413775499656371,0.15688270366610474,0.0809233642660046,0.26405921794911996,3.961637414749349
005930,2023-10-04,0.2573,8.0,0.763,0.1976,14.0,10.0,8.33,10.0,7.1796278237621305,1.1263594243081947,0.15688270366610474,0.0809233642660046,0.26405921794911996,3.927512965451761
005930,2023-10-05,0.2961,8.0,0.6348,0.2167,19.0,10.0,8.33,10.0,7.094535938443468,1.1130099792793566,0.15688270366610474,0.0809233642660046,0.26405921794911996,3.8971801216316826
005930,2023-10-06,0.3546,7.0,0.4576,0.2102,9.0,10.0,8.33,10.0,7.020080538789639,1.1013292148791236,0.15688270366610474,0.0809233642660046,0.26405921794911996,3.870638883289114
005930,2023-10-07,0.9408,6.0,0.038,0.2358,2.0,10.0,8.33,10.0,7.020080538789639,1.1013292148791236,0.15688270366610474,0.0809233642660046,0.26405921794911996,3.870638883289114
005930,2023-10-08,-0.1183,5.0,0.5926,0.1426,8.0,10.0,8.33,10.0,7.020080538789639,1.1013292148791236,0.15688270366610474,0.0809233642660046,0.26405921794911996,3.870638883289114
005930,2023-10-09,0.2091,8.0,0.6256,0.1604,17.0,10.0,8.33,10.0,7.020080538789639,1.1013292148791236,0.15688270366610474,0.0809233642660046,0.26405921794911996,3.870638883289114
005930,2023-10-10,0.5397,9.0,0.6677,0.2191,18.0,10.0,8.33,10.0,7.062626481448969,1.1080039373935424,0.15688270366610474,0.0809233642660046,0.26405921794911996,3.885805305199153
005930,2023-10-11,0.5371,9.0,0.6549,0.2862,40.0,10.0,8.33,10.0,7.25408322341596,1.1380401887084277,0.15688270366610474,0.0809233642660046,0.26405921794911996,3.954054203794329
005930,2023-10-12,0.5346,9.0,0.5319,0.2577,23.0,10.0,8.33,10.0,7.3285386230697895,1.1497209531086607,0.15688270366610474,0.0809233642660046,0.26405921794911996,3.9805954421368983
005930,2023-10-13,-0.2956,7.0,0.7219,0.2033,9.0,10.0,8.33,10.0,7.232810252086294,1.1347028274512183,0.15688270366610474,0.0809233642660046,0.26405921794911996,3.94647099283931
005930,2023-10-14,0.2507,5.0,0.8262,0.2021,4.0,10.0,8.33,10.0,7.232810252086294,1.1347028274512183,0.15688270366610474,0.0809233642660046,0.26405921794911996,3.94647099283931
005930,2023-10-15,0.3949,6.0,0.7013,0.2798,7.0,10.0,8.33,10.0,7.232810252086294,1.1347028274512183,0.15688270366610474,0.0809233642660046,0.26405921794911996,3.94647099283931
005930,2023-10-16,-0.017,6.0,0.4255,0.1896,10.0,10.0,8.33,10.0,7.158354852432464,1.123022063050985,0.15688270366610474,0.0809233642660046,0.26405921794911996,3.919929754496741
005930,2023-10-17,0.5012,8.0,0.6457,0.2056,9.0,10.0,8.33,10.0,7.381721051393953,1.1580643562516846,0.15688270366610474,0.0809233642660046,0.26405921794911996,3.999553469524447
005930,2023-10-18,0.4482,8.0,0.6022,0.1859,15.0,10.0,8.33,10.0,7.498722393707114,1.1764198431663366,0.15688270366610474,0.0809233642660046,0.26405921794911996,4.041261129777055
005930,2023-10-19,0.2806,8.0,0.5567,0.2232,18.0,10.0,8.33,10.0,7.3923575370587855,1.1597330368802892,0.15688270366610474,0.0809233642660046,0.26405921794911996,4.003345075001957
005930,2023-10-20,0.005,6.0,0.3488,0.2561,11.0,10.0,8.33,10.0,7.317902137404956,1.1480522724800561,0.15688270366610474,0.0809233642660046,0.26405921794911996,3.9768038366593883
005930,2023-10-21,0.3313,6.0,0.4686,0.1978,6.0,10.0,8.33,10.0,7.317902137404956,1.1480522724800561,0.15688270366610474,0.0809233642660046,0.26405921794911996,3.9768038366593883
005930,2023-10-22,0.0,3.0,0.0,0.1421,2.0,10.0,8.33,10.0,7.317902137404956,1.1480522724800561,0.15688270366610474,0.0809233642660046,0.26405921794911996,3.9768038366593883
005930,2023-10-23,0.1636,7.0,0.3656,0.1455,12.0,10.0,8.33,10.0,7.275356194745625,1.1413775499656371,0.15688270366610474,0.0809233642660046,0.26405921794911996,3.961637414749349
005930,2023-10-24,0.0077,5.0,0.4982,0.2544,8.0,10.0,8.33,10.0,7.285992680410458,1.143046230594242,0.15688270366610474,0.0809233642660046,0.26405921794911996,3.965429020226859
005930,2023-10-25,-0.0531,7.0,0.5603,0.1655,17.0,10.0,8.33,10.0,7.232810252086294,1.1347028274512183,0.15688270366610474,0.0809233642660046,0.26405921794911996,3.94647099283931
005930,2023-10-26,0.0866,7.0,0.491,0.1546,12.0,10.0,8.33,10.0,7.094535938443468,1.1130099792793566,0.15688270366610474,0.0809233642660046,0.26405921794911996,3.8971801216316826
005930,2023-10-27,-0.025,5.0,0.6724,0.1691,8.0,10.0,8.33,10.0,7.158354852432464,1.123022063050985,0.15688270366610474,0.0809233642660046,0.26405921794911996,3.919929754496741
005930,2023-10-28,-0.0,3.0,0.0,0.0638,1.0,10.0,8.33,10.0,7.158354852432464,1.123022063050985,0.15688270366610474,0.0809233642660046,0.26405921794911996,3.919929754496741
005930,2023-10-29,0.1003,4.0,0.6389,0.2411,5.0,10.0,8.33,10.0,7.158354852432464,1.123022063050985,0.15688270366610474,0.0809233642660046,0.26405921794911996,3.919929754496741
005930,2023-10-30,0.0828,6.0,0.5265,0.2038,9.0,10.0,8.33,10.0,7.158354852432464,1.123022063050985,0.15688270366610474,0.0809233642660046,0.26405921794911996,3.919929754496741
005930,2023-10-31,0.3131,8.0,0.8085,0.2781,26.0,10.0,8.33,10.0,7.115808909773134,1.1163473405365663,0.15688270366610474,0.0809233642660046,0.26405921794911996,3.9047633325867017
005930,2023-11-01,0.2588,8.0,0.7022,0.2281,14.0,10.0,8.33,11.0,7.296629166075291,1.1447149112228467,0.15688270366610474,0.0809233642660046,0.26405921794911996,3.9692206257043687
005930,2023-11-02,0.2931,7.0,0.5586,0.2222,10.0,10.0,8.33,11.0,7.413630508388452,1.1630703981374988,0.15688270366610474,0.0809233642660046,0.26405921794911996,4.010928285956977
005930,2023-11-03,0.0002,3.0,0.0002,0.2107,2.0,10.0,8.33,11.0,7.402994022723619,1.161401717508894,0.15688270366610474,0.0809233642660046,0.26405921794911996,4.0071366804794675
005930,2023-11-04,0.0,3.0,0.0,0.2154,2.0,10.0,8.33,11.0,7.402994022723619,1.161401717508894,0.15688270366610474,0.0809233642660046,0.26405921794911996,4.0071366804794675
005930,2023-11-05,-0.0006,3.0,0.0006,0.1721,2.0,10.0,8.33,11.0,7.402994022723619,1.161401717508894,0.15688270366610474,0.0809233642660046,0.26405921794911996,4.0071366804794675
005930,2023-11-06,0.2158,6.0,0.3623,0.2172,6.0,10.0,8.33,11.0,7.541268336366445,1.1830945656807554,0.15688270366610474,0.0809233642660046,0.26405921794911996,4.0564275516870945
005930,2023-11-07,0.1678,8.0,0.495,0.1664,13.0,10.0,8.33,11.0,7.541268336366445,1.1830945656807554,0.15688270366610474,0.0809233642660046,0.26405921794911996,4.0564275516870945
005930,2023-11-08,0.2757,7.0,0.4403,0.1639,11.0,10.0,8.33,11.0,7.434903479718117,1.1664077593947082,0.15688270366610474,0.0809233642660046,0.26405921794911996,4.018511496911996
005930,2023-11-09,0.1341,6.0,0.2488,0.1,10.0,10.0,8.33,11.0,7.477449422377449,1.173082481909127,0.15688270366610474,0.0809233642660046,0.26405921794911996,4.033677918822035
005930,2023-11-10,0.0877,6.0,0.6333,0.177,11.0,10.0,8.33,11.0,7.498722393707114,1.1764198431663366,0.15688270366610474,0.0809233642660046,0.26405921794911996,4.041261129777055
005930,2023-11-11,-0.0043,3.0,0.0053,0.1365,2.0,10.0,8.33,11.0,7.498722393707114,1.1764198431663366,0.15688270366610474,0.0809233642660046,0.26405921794911996,4.041261129777055
005930,2023-11-12,0.0,3.0,0.0,0.2449,1.0,10.0,8.33,11.0,7.498722393707114,1.1764198431663366,0.15688270366610474,0.0809233642660046,0.26405921794911996,4.041261129777055
005930,2023-11-13,0.3179,8.0,0.44,0.1398,13.0,10.0,8.33,11.0,7.488085908042281,1.1747511625377318,0.15688270366610474,0.0809233642660046,0.26405921794911996,4.037469524299546
005930,2023-11-14,0.1712,8.0,0.6253,0.1668,17.0,10.0,8.33,11.0,7.530631850701612,1.1814258850521508,0.15688270366610474,0.0809233642660046,0.26405921794911996,4.052635946209584
005930,2023-11-15,0.4347,8.0,0.6067,0.1824,13.0,10.0,8.33,11.0,7.679542650009271,1.2047874138526171,0.15688270366610474,0.0809233642660046,0.26405921794911996,4.105718422894721
005930,2023-11-16,0.3944,8.0,0.5688,0.1879,20.0,10.0,8.33,11.0,7.743361563998268,1.2147994976242453,0.15688270366610474,0.0809233642660046,0.26405921794911996,4.128468055759781
005930,2023-11-17,-0.407,8.0,0.668,0.1737,19.0,10.0,8.33,11.0,7.71145210700377,1.2097934557384311,0.15688270366610474,0.0809233642660046,0.26405921794911996,4.117093239327252
005930,2023-11-18,,,,,0.0,10.0,8.33,11.0,7.71145210700377,1.2097934557384311,0.15688270366610474,0.0809233642660046,0.26405921794911996,4.117093239327252
005930,2023-11-19,0.1567,5.0,0.6387,0.1225,6.0,10.0,8.33,11.0,7.71145210700377,1.2097934557384311,0.15688270366610474,0.0809233642660046,0.26405921794911996,4.117093239327252
005930,2023-11-20,0.2681,6.0,0.6827,0.2125,7.0,10.0,8.33,11.0,7.732725078333435,1.2131308169956407,0.15688270366610474,0.0809233642660046,0.26405921794911996,4.124676450282271
005930,2023-11-21,0.1926,8.0,0.6885,0.2041,24.0,10.0,8.33,11.0,7.743361563998268,1.2147994976242453,0.15688270366610474,0.0809233642660046,0.26405921794911996,4.128468055759781
005930,2023-11-22,0.2941,8.0,0.4037,0.1757,13.0,10.0,8.33,11.0,7.743361563998268,1.2147994976242453,0.15688270366610474,0.0809233642660046,0.26405921794911996,4.128468055759781
005930,2023-11-23,0.3497,8.0,0.4505,0.2118,17.0,10.0,8.33,11.0,7.700815621338936,1.2081247751098265,0.15688270366610474,0.0809233642660046,0.26405921794911996,4.1133016338497415
005930,2023-11-24,0.1829,7.0,0.5709,0.1555,11.0,10.0,8.33,11.0,7.626360221685107,1.1964440107095933,0.15688270366610474,0.0809233642660046,0.26405921794911996,4.086760395507173
005930,2023-11-25,-0.3308,5.0,0.4678,0.097,3.0,10.0,8.33,11.0,7.626360221685107,1.1964440107095933,0.15688270366610474,0.0809233642660046,0.26405921794911996,4.086760395507173
005930,2023-11-26,0.145,7.0,0.4781,0.1821,15.0,10.0,8.33,11.0,7.626360221685107,1.1964440107095933,0.15688270366610474,0.0809233642660046,0.26405921794911996,4.086760395507173
005930,2023-11-27,0.1538,7.0,0.4017,0.2629,21.0,10.0,8.33,11.0,7.583814279025776,1.1897692881951745,0.15688270366610474,0.0809233642660046,0.26405921794911996,4.071593973597134
005930,2023-11-28,0.0558,7.0,0.3525,0.1327,16.0,10.0,8.33,11.0,7.732725078333435,1.2131308169956407,0.15688270366610474,0.0809233642660046,0.26405921794911996,4.124676450282271
005930,2023-11-29,0.2362,8.0,0.4177,0.1424,18.0,10.0,8.33,11.0,7.732725078333435,1.2131308169956407,0.15688270366610474,0.0809233642660046,0.26405921794911996,4.124676450282271
005930,2023-11-30,0.2919,8.0,0.4138,0.1325,14.0,10.0,8.33,11.0,7.743361563998268,1.2147994976242453,0.15688270366610474,0.0809233642660046,0.26405921794911996,4.128468055759781
005930,2023-12-01,0.3534,7.0,0.5427,0.1619,11.0,10.0,8.33,12.0,7.658269678679606,1.2014500525954075,0.15688270366610474,0.0809233642660046,0.26405921794911996,4.098135211939702
005930,2023-12-02,0.4931,5.0,0.4932,0.1323,4.0,10.0,8.33,12.0,7.658269678679606,1.2014500525954075,0.15688270366610474,0.0809233642660046,0.26405921794911996,4.098135211939702
005930,2023-12-03,0.0708,5.0,0.8404,0.1715,7.0,10.0,8.33,12.0,7.658269678679606,1.2014500525954075,0.15688270366610474,0.0809233642660046,0.26405921794911996,4.098135211939702
005930,2023-12-04,0.2095,7.0,0.5645,0.1971,9.0,10.0,8.33,12.0,7.7220885926686025,1.211462136367036,0.15688270366610474,0.0809233642660046,0.26405921794911996,4.1208848448047615
005930,2023-12-05,0.3326,8.0,0.4513,0.1858,16.0,10.0,8.33,12.0,7.573177793360943,1.1881006075665697,0.15688270366610474,0.0809233642660046,0.26405921794911996,4.067802368119624
005930,2023-12-06,0.3245,7.0,0.4484,0.1232,10.0,10.0,8.33,12.0,7.626360221685107,1.1964440107095933,0.15688270366610474,0.0809233642660046,0.26405921794911996,4.086760395507173
005930,2023-12-07,0.2163,8.0,0.4871,0.2051,15.0,10.0,8.33,12.0,7.605087250355441,1.1931066494523839,0.15688270366610474,0.0809233642660046,0.26405921794911996,4.079177184552153
005930,2023-12-08,0.1678,6.0,0.3721,0.2411,6.0,10.0,8.33,12.0,7.7220885926686025,1.211462136367036,0.15688270366610474,0.0809233642660046,0.26405921794911996,4.1208848448047615
005930,2023-12-09,,,,,0.0,10.0,8.33,12.0,7.7220885926686025,1.211462136367036,0.15688270366610474,0.0809233642660046,0.26405921794911996,4.1208848448047615
005930,2023-12-10,-0.0051,5.0,0.5341,0.1824,7.0,10.0,8.33,12.0,7.7220885926686025,1.211462136367036,0.15688270366610474,0.0809233642660046,0.26405921794911996,4.1208848448047615
005930,2023-12-11,0.1275,6.0,0.3098,0.3093,9.0,10.0,8.33,12.0,7.764634535327933,1.218136858881455,0.15688270366610474,0.0809233642660046,0.26405921794911996,4.136051266714801
005930,2023-12-12,0.2056,8.0,0.5733,0.2311,21.0,10.0,8.33,12.0,7.817816963652097,1.2264802620244786,0.15688270366610474,0.0809233642660046,0.26405921794911996,4.155009294102349
005930,2023-12-13,0.2439,8.0,0.4693,0.1853,21.0,10.0,8.33,12.0,7.743361563998268,1.2147994976242453,0.15688270366610474,0.0809233642660046,0.26405921794911996,4.128468055759781
005930,2023-12-14,0.4157,8.0,0.5811,0.1703,15.0,10.0,8.33,12.0,7.775271020992766,1.2198055395100595,0.15688270366610474,0.0809233642660046,0.26405921794911996,4.139842872192309
005930,2023-12-15,0.2459,8.0,0.5366,0.2302,20.0,10.0,8.33,12.0,7.796543992322432,1.2231429007672692,0.15688270366610474,0.0809233642660046,0.26405921794911996,4.14742608314733
005930,2023-12-16,-0.0016,3.0,0.0,0.2174,1.0,10.0,8.33,12.0,7.796543992322432,1.2231429007672692,0.15688270366610474,0.0809233642660046,0.26405921794911996,4.14742608314733
005930,2023-12-17,-0.0234,5.0,0.5632,0.2266,7.0,10.0,8.33,12.0,7.796543992322432,1.2231429007672692,0.15688270366610474,0.0809233642660046,0.26405921794911996,4.14742608314733
005930,2023-12-18,0.3387,6.0,0.6833,0.2474,7.0,10.0,8.33,12.0,7.7539980496631005,1.2164681782528501,0.15688270366610474,0.0809233642660046,0.26405921794911996,4.13225966123729
005930,2023-12-19,0.3834,7.0,0.4681,0.1403,11.0,10.0,8.33,12.0,7.807180477987265,1.2248115813958738,0.15688270366610474,0.0809233642660046,0.26405921794911996,4.15121768862484
005930,2023-12-20,-0.1178,7.0,0.6819,0.2258,15.0,10.0,8.33,12.0,7.956091277294924,1.24817311019634,0.15688270366610474,0.0809233642660046,0.26405921794911996,4.204300165309977
005930,2023-12-21,-0.0001,5.0,0.5331,0.28,7.0,10.0,8.33,12.0,7.977364248624589,1.2515104714535494,0.15688270366610474,0.0809233642660046,0.26405921794911996,4.211883376264996
005930,2023-12-22,0.2415,8.0,0.5382,0.1752,15.0,10.0,7.0,12.0,8.073092619608085,1.266528597110992,0.15688270366610474,0.0809233642660046,0.26405921794911996,4.246007825562585
005930,2023-12-23,,,,,0.0,10.0,7.0,12.0,8.073092619608085,1.266528597110992,0.15688270366610474,0.0809233642660046,0.26405921794911996,4.246007825562585
005930,2023-12-24,-0.3321,5.0,0.4719,0.1328,3.0,10.0,7.0,12.0,8.073092619608085,1.266528597110992,0.15688270366610474,0.0809233642660046,0.26405921794911996,4.246007825562585
005930,2023-12-25,0.5732,8.0,0.6505,0.2111,10.0,10.0,7.0,12.0,8.073092619608085,1.266528597110992,0.15688270366610474,0.0809233642660046,0.26405921794911996,4.246007825562585
005930,2023-12-26,0.0811,7.0,0.4547,0.2832,14.0,10.0,7.0,12.0,8.147548019261913,1.2782093615112253,0.15688270366610474,0.0809233642660046,0.26405921794911996,4.272549063905153
005930,2023-12-27,0.5655,9.0,0.4934,0.2143,14.0,10.0,7.0,12.0,8.296458818569572,1.3015708903116916,0.15688270366610474,0.0809233642660046,0.26405921794911996,4.32563154059029
005930,2023-12-28,-0.0003,7.0,0.6871,0.2758,18.0,10.0,7.0,12.0,8.349641246893736,1.3099142934547152,0.15688270366610474,0.0809233642660046,0.26405921794911996,4.34458956797784
005930,2023-12-29,0.3638,5.0,0.4113,0.1543,4.0,10.0,7.0,12.0,8.349641246893736,1.3099142934547152,0.15688270366610474,0.0809233642660046,0.26405921794911996,4.34458956797784
005930,2023-12-30,0.001,4.0,0.001,0.1544,3.0,10.0,7.0,12.0,8.349641246893736,1.3099142934547152,0.15688270366610474,0.0809233642660046,0.26405921794911996,4.34458956797784
005930,2023-12-31,-0.0214,4.0,0.0488,0.2829,5.0,10.0,7.0,12.0,8.349641246893736,1.3099142934547152,0.15688270366610474,0.0809233642660046,0.26405921794911996,4.34458956797784
005930,2024-01-01,0.2458,6.0,0.664,0.264,8.0,10.0,7.0,13.0,8.349641246893736,1.3099142934547152,0.15688270366610474,0.0809233642660046,0.26405921794911996,4.34458956797784
005930,2024-01-02,0.258,8.0,0.6219,0.2068,29.0,10.0,7.0,13.0,8.466642589206897,1.3282697803693673,0.15688270366610474,0.0809233642660046,0.26405921794911996,4.386297228230448
005930,2024-01-03,0.0495,7.0,0.6532,0.2024,16.0,10.0,7.0,13.0,8.190093961921244,1.2848840840256441,0.15688270366610474,0.0809233642660046,0.26405921794911996,4.287715485815193
005930,2024-01-04,0.3331,8.0,0.4534,0.2167,23.0,10.0,7.0,13.0,8.147548019261913,1.2782093615112253,0.15688270366610474,0.0809233642660046,0.26405921794911996,4.272549063905153
005930,2024-01-05,0.3924,8.0,0.5368,0.2782,17.0,10.0,7.0,13.0,8.147548019261913,1.2782093615112253,0.15688270366610474,0.0809233642660046,0.26405921794911996,4.272549063905153
005930,2024-01-06,,,,,0.0,10.0,7.0,13.0,8.147548019261913,1.2782093615112253,0.15688270366610474,0.0809233642660046,0.26405921794911996,4.272549063905153
005930,2024-01-07,0.2844,8.0,0.4484,0.2823,14.0,10.0,7.0,13.0,8.147548019261913,1.2782093615112253,0.15688270366610474,0.0809233642660046,0.26405921794911996,4.272549063905153
005930,2024-01-08,0.3543,8.0,0.6065,0.2544,24.0,10.0,7.0,13.0,8.13691153359708,1.2765406808826205,0.15688270366610474,0.0809233642660046,0.26405921794911996,4.268757458427643
005930,2024-01-09,0.1238,7.0,0.7629,0.2393,35.0,10.0,8.33,13.0,7.945454791630091,1.2465044295677354,0.15688270366610474,0.0809233642660046,0.26405921794911996,4.200508559832468
005930,2024-01-10,0.0468,7.0,0.4943,0.2552,40.0,10.0,8.33,13.0,7.82845344931693,1.2281489426530834,0.15688270366610474,0.0809233642660046,0.26405921794911996,4.158800899579859
005930,2024-01-11,0.0488,7.0,0.5982,0.2662,43.0,10.0,8.33,13.0,7.785907506657599,1.2214742201386644,0.15688270366610474,0.0809233642660046,0.26405921794911996,4.14363447766982
005930,2024-01-12,0.2219,8.0,0.5293,0.2015,18.0,10.0,8.33,13.0,7.775271020992766,1.2198055395100595,0.15688270366610474,0.0809233642660046,0.26405921794911996,4.139842872192309
005930,2024-01-13,0.0212,4.0,0.0414,0.2272,5.0,10.0,8.33,13.0,7.775271020992766,1.2198055395100595,0.15688270366610474,0.0809233642660046,0.26405921794911996,4.139842872192309
005930,2024-01-14,0.0932,5.0,0.5431,0.4363,8.0,10.0,8.33,13.0,7.775271020992766,1.2198055395100595,0.15688270366610474,0.0809233642660046,0.26405921794911996,4.139842872192309
005930,2024-01-15,0.0891,7.0,0.4785,0.1929,28.0,10.0,8.33,13.0,7.860362906311429,1.2331549845388974,0.15688270366610474,0.0809233642660046,0.26405921794911996,4.170175716012389
005930,2024-01-16,-0.0299,7.0,0.7346,0.2206,27.0,10.0,8.33,13.0,7.7220885926686025,1.211462136367036,0.15688270366610474,0.0809233642660046,0.26405921794911996,4.1208848448047615
005930,2024-01-17,0.1567,7.0,0.6686,0.1698,28.0,10.0,8.33,13.0,7.551904822031278,1.1847632463093603,0.15688270366610474,0.0809233642660046,0.26405921794911996,4.060219157164605
005930,2024-01-18,0.3077,8.0,0.5528,0.2472,39.0,10.0,8.33,13.0,7.626360221685107,1.1964440107095933,0.15688270366610474,0.0809233642660046,0.26405921794911996,4.086760395507173
005930,2024-01-19,0.3134,8.0,0.581,0.2551,19.0,10.0,8.33,13.0,7.945454791630091,1.2465044295677354,0.15688270366610474,0.0809233642660046,0.26405921794911996,4.200508559832468
005930,2024-01-20,0.3261,5.0,0.2496,0.1564,4.0,10.0,8.33,13.0,7.945454791630091,1.2465044295677354,0.15688270366610474,0.0809233642660046,0.26405921794911996,4.200508559832468
005930,2024-01-21,0.2015,8.0,0.4094,0.2344,14.0,10.0,8.33,13.0,7.945454791630091,1.2465044295677354,0.15688270366610474,0.0809233642660046,0.26405921794911996,4.200508559832468
005930,2024-01-22,0.088,7.0,0.6148,0.2497,20.0,10.0,8.33,13.0,7.988000734289422,1.2531791520821542,0.15688270366610474,0.0809233642660046,0.26405921794911996,4.215674981742506
005930,2024-01-23,0.3571,8.0,0.599,0.1585,13.0,10.0,8.33,13.0,7.998637219954254,1.254847832710759,0.15688270366610474,0.0809233642660046,0.26405921794911996,4.219466587220015
005930,2024-01-24,0.3039,8.0,0.6565,0.1812,22.0,10.0,8.33,13.0,7.8709993919762615,1.2348236651675022,0.15688270366610474,0.0809233642660046,0.26405921794911996,4.173967321489899
005930,2024-01-25,0.3366,8.0,0.7769,0.2551,19.0,10.0,8.33,13.0,7.881635877641094,1.236492345796107,0.15688270366610474,0.0809233642660046,0.26405921794911996,4.1777589269674085
005930,2024-01-26,0.376,8.0,0.4649,0.2056,23.0,10.0,8.33,13.0,7.807180477987265,1.2248115813958738,0.15688270366610474,0.0809233642660046,0.26405921794911996,4.15121768862484
005930,2024-01-27,-0.0232,5.0,0.4784,0.2382,7.0,10.0,8.33,13.0,7.807180477987265,1.2248115813958738,0.15688270366610474,0.0809233642660046,0.26405921794911996,4.15121768862484
005930,2024-01-28,0.3513,8.0,0.6091,0.2614,16.0,10.0,8.33,13.0,7.807180477987265,1.2248115813958738,0.15688270366610474,0.0809233642660046,0.26405921794911996,4.15121768862484
005930,2024-01-29,0.0973,7.0,0.6324,0.1799,12.0,10.0,8.33,13.0,7.913545334635592,1.2414983876819212,0.15688270366610474,0.0809233642660046,0.26405921794911996,4.189133743399937
005930,2024-01-30,0.0887,7.0,0.6266,0.176,18.0,10.0,8.33,13.0,7.9029088489707595,1.2398297070533164,0.15688270366610474,0.0809233642660046,0.26405921794911996,4.185342137922428
005930,2024-01-31,0.2155,8.0,0.7554,0.209,37.0,10.0,8.33,13.0,7.732725078333435,1.2131308169956407,0.15688270366610474,0.0809233642660046,0.26405921794911996,4.124676450282271
005930,2024-02-01,0.3642,8.0,0.7042,0.2012,21.0,10.0,8.33,14.0,7.82845344931693,1.2281489426530834,0.15688270366610474,0.0809233642660046,0.26405921794911996,4.158800899579859
005930,2024-02-02,0.1987,8.0,0.5504,0.2041,18.0,10.0,8.33,14.0,7.998637219954254,1.254847832710759,0.15688270366610474,0.0809233642660046,0.26405921794911996,4.219466587220015
005930,2024-02-03,,,,,0.0,10.0,8.33,14.0,7.998637219954254,1.254847832710759,0.15688270366610474,0.0809233642660046,0.26405921794911996,4.219466587220015
005930,2024-02-04,-0.1388,6.0,0.5222,0.128,11.0,10.0,8.33,14.0,7.998637219954254,1.254847832710759,0.15688270366610474,0.0809233642660046,0.26405921794911996,4.219466587220015
005930,2024-02-05,-0.5772,9.0,0.6756,0.1642,33.0,10.0,8.33,14.0,7.9029088489707595,1.2398297070533164,0.15688270366610474,0.0809233642660046,0.26405921794911996,4.185342137922428
005930,2024-02-06,-0.2171,8.0,0.6478,0.2537,22.0,10.0,8.33,14.0,7.913545334635592,1.2414983876819212,0.15688270366610474,0.0809233642660046,0.26405921794911996,4.189133743399937
005930,2024-02-07,-0.0552,7.0,0.546,0.2368,29.0,10.0,8.33,14.0,7.977364248624589,1.2515104714535494,0.15688270366610474,0.0809233642660046,0.26405921794911996,4.211883376264996
005930,2024-02-08,0.288,8.0,0.7447,0.1658,22.0,10.0,8.33,14.0,7.881635877641094,1.236492345796107,0.15688270366610474,0.0809233642660046,0.26405921794911996,4.1777589269674085
005930,2024-02-09,-0.0005,4.0,0.0007,0.12,3.0,10.0,8.33,14.0,7.881635877641094,1.236492345796107,0.15688270366610474,0.0809233642660046,0.26405921794911996,4.1777589269674085
005930,2024-02-10,0.1009,5.0,0.6001,0.1313,8.0,10.0,8.33,14.0,7.881635877641094,1.236492345796107,0.15688270366610474,0.0809233642660046,0.26405921794911996,4.1777589269674085
005930,2024-02-11,0.1992,5.0,0.4003,0.3284,5.0,10.0,8.33,14.0,7.881635877641094,1.236492345796107,0.15688270366610474,0.0809233642660046,0.26405921794911996,4.1777589269674085
005930,2024-02-12,-0.0149,7.0,0.765,0.1673,15.0,10.0,8.33,14.0,7.881635877641094,1.236492345796107,0.15688270366610474,0.0809233642660046,0.26405921794911996,4.1777589269674085
005930,2024-02-13,0.2147,8.0,0.6378,0.1353,18.0,10.0,8.33,14.0,7.998637219954254,1.254847832710759,0.15688270366610474,0.0809233642660046,0.26405921794911996,4.219466587220015
005930,2024-02-14,-0.0001,7.0,0.5406,0.1797,26.0,10.0,8.33,14.0,7.8709993919762615,1.2348236651675022,0.15688270366610474,0.0809233642660046,0.26405921794911996,4.173967321489899
005930,2024-02-15,0.0068,7.0,0.6918,0.174,19.0,10.0,8.33,14.0,7.764634535327933,1.218136858881455,0.15688270366610474,0.0809233642660046,0.26405921794911996,4.136051266714801
005930,2024-02-16,-0.1323,7.0,0.6239,0.1991,20.0,10.0,8.33,14.0,7.743361563998268,1.2147994976242453,0.15688270366610474,0.0809233642660046,0.26405921794911996,4.128468055759781
005930,2024-02-17,-0.6661,6.0,0.471,0.2132,3.0,10.0,8.33,14.0,7.743361563998268,1.2147994976242453,0.15688270366610474,0.0809233642660046,0.26405921794911996,4.128468055759781
005930,2024-02-18,0.5979,7.0,0.4542,0.1722,8.0,10.0,8.33,14.0,7.743361563998268,1.2147994976242453,0.15688270366610474,0.0809233642660046,0.26405921794911996,4.128468055759781
005930,2024-02-19,0.3273,8.0,0.6497,0.2614,17.0,10.0,8.33,14.0,7.849726420646595,1.2314863039102928,0.15688270366610474,0.0809233642660046,0.26405921794911996,4.166384110534879
005930,2024-02-20,0.2861,8.0,0.613,0.2087,40.0,10.0,8.33,14.0,7.796543992322432,1.2231429007672692,0.15688270366610474,0.0809233642660046,0.26405921794911996,4.14742608314733
005930,2024-02-21,0.3023,8.0,0.4282,0.2532,35.0,10.0,8.33,14.0,7.764634535327933,1.218136858881455,0.15688270366610474,0.0809233642660046,0.26405921794911996,4.136051266714801
005930,2024-02-22,0.3955,8.0,0.5528,0.2104,25.0,10.0,8.33,14.0,7.775271020992766,1.2198055395100595,0.15688270366610474,0.0809233642660046,0.26405921794911996,4.139842872192309
005930,2024-02-23,0.362,8.0,0.4329,0.1769,19.0,10.0,8.33,14.0,7.7539980496631005,1.2164681782528501,0.15688270366610474,0.0809233642660046,0.26405921794911996,4.13225966123729
005930,2024-02-24,0.0214,4.0,0.0372,0.2789,4.0,10.0,8.33,14.0,7.7539980496631005,1.2164681782528501,0.15688270366610474,0.0809233642660046,0.26405921794911996,4.13225966123729
005930,2024-02-25,0.3437,6.0,0.4635,0.3165,6.0,10.0,8.33,14.0,7.7539980496631005,1.2164681782528501,0.15688270366610474,0.0809233642660046,0.26405921794911996,4.13225966123729
005930,2024-02-26,0.2126,8.0,0.629,0.2707,29.0,10.0,8.33,14.0,7.743361563998268,1.2147994976242453,0.15688270366610474,0.0809233642660046,0.26405921794911996,4.128468055759781
005930,2024-02-27,0.2221,8.0,0.5624,0.2611,34.0,10.0,8.33,14.0,7.7539980496631005,1.2164681782528501,0.15688270366610474,0.0809233642660046,0.26405921794911996,4.13225966123729
005930,2024-02-28,0.4992,8.0,0.4641,0.2078,25.0,10.0,8.33,14.0,7.785907506657599,1.2214742201386644,0.15688270366610474,0.0809233642660046,0.26405921794911996,4.14363447766982
005930,2024-02-29,0.3742,8.0,0.4437,0.2598,18.0,10.0,8.33,14.0,7.807180477987265,1.2248115813958738,0.15688270366610474,0.0809233642660046,0.26405921794911996,4.15121768862484
005930,2024-03-01,-0.0293,4.0,0.0587,0.1824,5.0,10.0,8.33,15.0,7.807180477987265,1.2248115813958738,0.15688270366610474,0.0809233642660046,0.26405921794911996,4.15121768862484
005930,2024-03-02,0.0,3.0,0.0,0.1724,1.0,10.0,8.33,15.0,7.807180477987265,1.2248115813958738,0.15688270366610474,0.0809233642660046,0.26405921794911996,4.15121768862484
005930,2024-03-03,0.0074,6.0,0.7907,0.1745,9.0,10.0,8.33,15.0,7.807180477987265,1.2248115813958738,0.15688270366610474,0.0809233642660046,0.26405921794911996,4.15121768862484
005930,2024-03-04,0.1889,8.0,0.7106,0.2135,23.0,10.0,8.33,15.0,7.966727762959756,1.2498417908249448,0.15688270366610474,0.0809233642660046,0.26405921794911996,4.208091770787487
005930,2024-03-05,0.3062,8.0,0.7067,0.2089,20.0,10.0,8.33,15.0,7.839089934981763,1.229817623281688,0.15688270366610474,0.0809233642660046,0.26405921794911996,4.162592505057368
005930,2024-03-06,0.4338,8.0,0.5055,0.1834,25.0,10.0,8.33,15.0,7.7539980496631005,1.2164681782528501,0.15688270366610474,0.0809233642660046,0.26405921794911996,4.13225966123729
005930,2024-03-07,0.1902,8.0,0.6892,0.2289,21.0,10.0,8.33,15.0,7.679542650009271,1.2047874138526171,0.15688270366610474,0.0809233642660046,0.26405921794911996,4.105718422894721
005930,2024-03-08,0.4245,7.0,0.4828,0.1911,11.0,10.0,8.33,15.0,7.796543992322432,1.2231429007672692,0.15688270366610474,0.0809233642660046,0.26405921794911996,4.14742608314733
005930,2024-03-09,0.017,5.0,0.0529,0.2046,6.0,10.0,8.33,15.0,7.796543992322432,1.2231429007672692,0.15688270366610474,0.0809233642660046,0.26405921794911996,4.14742608314733
005930,2024-03-10,0.1005,6.0,0.5367,0.2168,10.0,10.0,8.33,15.0,7.796543992322432,1.2231429007672692,0.15688270366610474,0.0809233642660046,0.26405921794911996,4.14742608314733
005930,2024-03-11,0.3338,8.0,0.6137,0.26,22.0,10.0,8.33,15.0,7.700815621338936,1.2081247751098265,0.15688270366610474,0.0809233642660046,0.26405921794911996,4.1133016338497415
005930,2024-03-12,-0.1621,7.0,0.7718,0.1945,17.0,10.0,8.33,15.0,7.796543992322432,1.2231429007672692,0.15688270366610474,0.0809233642660046,0.26405921794911996,4.14742608314733
005930,2024-03-13,0.2055,8.0,0.4522,0.1919,24.0,10.0,8.33,15.0,7.881635877641094,1.236492345796107,0.15688270366610474,0.0809233642660046,0.26405921794911996,4.1777589269674085
005930,2024-03-14,0.3461,8.0,0.6943,0.2186,24.0,10.0,8.33,15.0,7.9029088489707595,1.2398297070533164,0.15688270366610474,0.0809233642660046,0.26405921794911996,4.185342137922428
005930,2024-03-15,0.3901,8.0,0.4617,0.1874,21.0,10.0,8.33,15.0,7.690179135674104,1.2064560944812217,0.15688270366610474,0.0809233642660046,0.26405921794911996,4.109510028372231
005930,2024-03-16,0.0,3.0,0.0,0.0823,2.0,10.0,8.33,15.0,7.690179135674104,1.2064560944812217,0.15688270366610474,0.0809233642660046,0.26405921794911996,4.109510028372231
005930,2024-03-17,0.4347,8.0,0.4549,0.1651,14.0,10.0,8.33,15.0,7.690179135674104,1.2064560944812217,0.15688270366610474,0.0809233642660046,0.26405921794911996,4.109510028372231
005930,2024-03-18,0.2676,8.0,0.5725,0.2599,23.0,10.0,8.33,15.0,7.743361563998268,1.2147994976242453,0.15688270366610474,0.0809233642660046,0.26405921794911996,4.128468055759781
005930,2024-03-19,0.4406,8.0,0.6118,0.183,25.0,10.0,8.33,15.0,7.743361563998268,1.2147994976242453,0.15688270366610474,0.0809233642660046,0.26405921794911996,4.128468055759781
005930,2024-03-20,0.3267,8.0,0.5068,0.1964,43.0,10.0,7.0,15.0,8.179457476256411,1.2832154033970395,0.15688270366610474,0.0809233642660046,0.26405921794911996,4.283923880337683
005930,2024-03-21,0.2449,8.0,0.6115,0.2562,34.0,10.0,7.0,15.0,8.434733132212399,1.323263738483553,0.15688270366610474,0.0809233642660046,0.26405921794911996,4.374922411797918
005930,2024-03-22,0.2997,8.0,0.6977,0.1947,20.0,10.0,7.0,15.0,8.392187189553068,1.316589015969134,0.15688270366610474,0.0809233642660046,0.26405921794911996,4.359755989887878
005930,2024-03-23,0.3428,5.0,0.4553,0.2616,3.0,10.0,7.0,15.0,8.392187189553068,1.316589015969134,0.15688270366610474,0.0809233642660046,0.26405921794911996,4.359755989887878
005930,2024-03-24,0.0007,4.0,0.0015,0.1453,5.0,10.0,7.0,15.0,8.392187189553068,1.316589015969134,0.15688270366610474,0.0809233642660046,0.26405921794911996,4.359755989887878
005930,2024-03-25,0.187,8.0,0.5459,0.1645,15.0,10.0,7.0,15.0,8.317731789899238,1.304908251568901,0.15688270366610474,0.0809233642660046,0.26405921794911996,4.33321475154531
005930,2024-03-26,0.4082,8.0,0.5797,0.1596,19.0,10.0,7.0,15.0,8.498552046201395,1.3332758222551815,0.15688270366610474,0.0809233642660046,0.26405921794911996,4.397672044662977
005930,2024-03-27,0.2273,8.0,0.4807,0.2165,15.0,10.0,7.0,15.0,8.487915560536562,1.3316071416265767,0.15688270366610474,0.0809233642660046,0.26405921794911996,4.393880439185468
005930,2024-03-28,0.461,8.0,0.5036,0.1738,26.0,10.0,7.0,15.0,8.59428041718489,1.3482939479126241,0.15688270366610474,0.0809233642660046,0.26405921794911996,4.431796493960565
005930,2024-03-29,0.1399,7.0,0.408,0.2108,30.0,10.0,7.0,15.0,8.764464187822215,1.3749928379702998,0.15688270366610474,0.0809233642660046,0.26405921794911996,4.492462181600722
005930,2024-03-30,-0.0,6.0,0.3979,0.2099,9.0,10.0,7.0,15.0,8.764464187822215,1.3749928379702998,0.15688270366610474,0.0809233642660046,0.26405921794911996,4.492462181600722
005930,2024-03-31,0.4157,8.0,0.4912,0.1906,13.0,10.0,7.0,15.0,8.764464187822215,1.3749928379702998,0.15688270366610474,0.0809233642660046,0.26405921794911996,4.492462181600722
005930,2024-04-01,0.5484,9.0,0.4828,0.1809,16.0,8.5,4.5,4.0,31.34287953225588,1.3347260207986538,0.04258466486542974,-0.14325404881875925,0.2535983733846436,5.154310173346969
005930,2024-04-02,0.3997,8.0,0.6129,0.2539,25.0,8.5,4.5,4.0,32.489570246850604,1.3835574605839704,0.04258466486542974,-0.14325404881875925,0.2535983733846436,5.269842711983371
005930,2024-04-03,0.3026,8.0,0.647,0.2137,18.0,8.5,4.5,4.0,32.14556303247219,1.3689080286483755,0.04258466486542974,-0.14325404881875925,0.2535983733846436,5.235182950392451
005930,2024-04-04,0.3293,8.0,0.5886,0.2227,26.0,8.5,4.5,4.0,32.60423931831008,1.3884406045625022,0.04258466486542974,-0.14325404881875925,0.2535983733846436,5.281395965847011
005930,2024-04-05,0.4919,8.0,0.6515,0.2508,37.0,8.5,4.5,4.0,32.29845512775148,1.3754188872864177,0.04258466486542974,-0.14325404881875925,0.2535983733846436,5.250587288877305
005930,2024-04-06,-0.0243,5.0,0.7901,0.1894,6.0,8.5,4.5,4.0,32.29845512775148,1.3754188872864177,0.04258466486542974,-0.14325404881875925,0.2535983733846436,5.250587288877305
005930,2024-04-07,0.4832,8.0,0.633,0.2859,12.0,8.5,4.5,4.0,32.29845512775148,1.3754188872864177,0.04258466486542974,-0.14325404881875925,0.2535983733846436,5.250587288877305
005930,2024-04-08,0.3766,8.0,0.68,0.2157,25.0,8.5,4.5,4.0,32.29845512775148,1.3754188872864177,0.04258466486542974,-0.14325404881875925,0.2535983733846436,5.250587288877305
005930,2024-04-09,0.1732,8.0,0.5888,0.2242,28.0,8.5,4.5,4.0,31.954447913373066,1.3607694553508227,0.04258466486542974,-0.14325404881875925,0.2535983733846436,5.215927527286384
005930,2024-04-10,0.5257,8.0,0.6388,0.2524,11.0,8.5,4.5,4.0,31.954447913373066,1.3607694553508227,0.04258466486542974,-0.14325404881875925,0.2535983733846436,5.215927527286384
005930,2024-04-11,0.4546,8.0,0.4655,0.2472,19.0,8.5,4.5,4.0,32.14556303247219,1.3689080286483755,0.04258466486542974,-0.14325404881875925,0.2535983733846436,5.235182950392451
005930,2024-04-12,0.0726,6.0,0.3142,0.2971,10.0,8.5,4.5,4.0,31.99267093719289,1.3623971700103332,0.04258466486542974,-0.14325404881875925,0.2535983733846436,5.219778611907597
005930,2024-04-13,0.0001,3.0,0.0,0.2571,1.0,8.5,4.5,4.0,31.99267093719289,1.3623971700103332,0.04258466486542974,-0.14325404881875925,0.2535983733846436,5.219778611907597
005930,2024-04-14,0.2871,8.0,0.4143,0.1529,13.0,8.5,4.5,4.0,31.99267093719289,1.3623971700103332,0.04258466486542974,-0.14325404881875925,0.2535983733846436,5.219778611907597
005930,2024-04-15,0.312,8.0,0.6875,0.225,24.0,8.5,4.5,4.0,31.419325579895524,1.337981450117675,0.04258466486542974,-0.14325404881875925,0.2535983733846436,5.162012342589397
005930,2024-04-16,0.1787,8.0,0.549,0.2796,30.0,8.5,4.5,4.0,30.578419055859392,1.3021717276084428,0.04258466486542974,-0.14325404881875925,0.2535983733846436,5.077288480922702
005930,2024-04-17,0.0685,7.0,0.554,0.1854,42.0,8.5,4.5,4.0,30.157965793841324,1.2842668663538266,0.04258466486542974,-0.14325404881875925,0.2535983733846436,5.034926550089354
005930,2024-04-18,0.4343,8.0,0.5114,0.1988,30.0,8.5,4.5,4.0,30.425526960580097,1.2956608689704006,0.04258466486542974,-0.14325404881875925,0.2535983733846436,5.061884142437848
005930,2024-04-19,0.2083,8.0,0.5372,0.1912,21.0,8.5,4.5,4.0,29.66106648418361,1.2631065757801896,0.04258466486542974,-0.14325404881875925,0.2535983733846436,4.984862450013581
005930,2024-04-20,0.1999,5.0,0.3397,0.1855,4.0,8.5,4.5,4.0,29.66106648418361,1.2631065757801896,0.04258466486542974,-0.14325404881875925,0.2535983733846436,4.984862450013581
005930,2024-04-21,0.0179,5.0,0.5351,0.2034,7.0,8.5,4.5,4.0,29.66106648418361,1.2631065757801896,0.04258466486542974,-0.14325404881875925,0.2535983733846436,4.984862450013581
005930,2024-04-22,-0.0083,7.0,0.7302,0.2286,21.0,8.5,4.5,4.0,29.087721126886247,1.2386908558875311,0.04258466486542974,-0.14325404881875925,0.2535983733846436,4.927096180695379
005930,2024-04-23,0.4484,8.0,0.6337,0.1686,15.0,8.5,4.5,4.0,28.858382983967303,1.228924567930468,0.04258466486542974,-0.14325404881875925,0.2535983733846436,4.903989672968099
005930,2024-04-24,0.5789,9.0,0.4632,0.1701,24.0,8.5,4.5,4.0,30.043296722381854,1.279383722375295,0.04258466486542974,-0.14325404881875925,0.2535983733846436,5.0233732962257145
005930,2024-04-25,0.1725,8.0,0.7025,0.2025,26.0,8.5,4.5,4.0,29.164167174525897,1.2419462852065524,0.04258466486542974,-0.14325404881875925,0.2535983733846436,4.9347983499378065
005930,2024-04-26,-0.0035,7.0,0.5286,0.1302,14.0,8.5,4.5,4.0,29.317059269805192,1.2484571438445946,0.04258466486542974,-0.14325404881875925,0.2535983733846436,4.95020268842266
005930,2024-04-27,0.321,5.0,0.4513,0.3861,3.0,8.5,4.5,4.0,29.317059269805192,1.2484571438445946,0.04258466486542974,-0.14325404881875925,0.2535983733846436,4.95020268842266
005930,2024-04-28,0.3195,8.0,0.453,0.2111,12.0,8.5,4.5,4.0,29.317059269805192,1.2484571438445946,0.04258466486542974,-0.14325404881875925,0.2535983733846436,4.95020268842266
005930,2024-04-29,0.257,8.0,0.4143,0.2376,12.0,8.5,4.5,4.0,29.317059269805192,1.2484571438445946,0.04258466486542974,-0.14325404881875925,0.2535983733846436,4.95020268842266
005930,2024-04-30,0.6213,9.0,0.6335,0.2522,29.0,8.5,4.5,4.0,29.622843460363786,1.2614788611206789,0.04258466486542974,-0.14325404881875925,0.2535983733846436,4.9810113653923676
005930,2024-05-01,0.0837,6.0,0.548,0.2767,10.0,8.5,4.5,5.0,29.622843460363786,1.2614788611206789,0.04258466486542974,-0.14325404881875925,0.2535983733846436,4.9810113653923676
005930,2024-05-02,0.3644,8.0,0.674,0.2025,28.0,8.5,4.5,5.0,29.813958579462906,1.2696174344182316,0.04258466486542974,-0.14325404881875925,0.2535983733846436,5.0002667884984335
005930,2024-05-03,0.4253,7.0,0.5133,0.3226,9.0,8.5,4.5,5.0,29.66106648418361,1.2631065757801896,0.04258466486542974,-0.14325404881875925,0.2535983733846436,4.984862450013581
005930,2024-05-04,0.0388,3.0,0.0,0.2449,1.0,8.5,4.5,5.0,29.66106648418361,1.2631065757801896,0.04258466486542974,-0.14325404881875925,0.2535983733846436,4.984862450013581
005930,2024-05-05,0.3299,6.0,0.742,0.1715,6.0,8.5,4.5,5.0,29.66106648418361,1.2631065757801896,0.04258466486542974,-0.14325404881875925,0.2535983733846436,4.984862450013581
005930,2024-05-06,0.1079,6.0,0.4806,0.1887,9.0,8.5,4.5,5.0,29.66106648418361,1.2631065757801896,0.04258466486542974,-0.14325404881875925,0.2535983733846436,4.984862450013581
005930,2024-05-07,0.3746,8.0,0.5634,0.1668,14.0,8.5,4.5,5.0,31.075318365517106,1.32333201818208,0.04258466486542974,-0.14325404881875925,0.2535983733846436,5.127352580998476
005930,2024-05-08,0.3919,8.0,0.7239,0.1944,13.0,8.5,4.5,5.0,31.075318365517106,1.32333201818208,0.04258466486542974,-0.14325404881875925,0.2535983733846436,5.127352580998476
005930,2024-05-09,0.3259,8.0,0.3801,0.1738,12.0,8.5,4.5,5.0,30.463749984399918,1.297288583629911,0.04258466486542974,-0.14325404881875925,0.2535983733846436,5.065735227059061
005930,2024-05-10,0.0777,7.0,0.6803,0.2178,15.0,8.5,4.5,5.0,30.272634865300798,1.2891500103323583,0.04258466486542974,-0.14325404881875925,0.2535983733846436,5.046479803952995
005930,2024-05-11,0.0016,3.0,0.0024,0.2269,2.0,8.5,4.5,5.0,30.272634865300798,1.2891500103323583,0.04258466486542974,-0.14325404881875925,0.2535983733846436,5.046479803952995
005930,2024-05-12,0.6665,6.0,0.4713,0.2843,3.0,8.5,4.5,5.0,30.272634865300798,1.2891500103323583,0.04258466486542974,-0.14325404881875925,0.2535983733846436,5.046479803952995
005930,2024-05-13,0.3767,6.0,0.4307,0.1475,6.0,8.5,4.5,5.0,29.966850674742204,1.2761282930562738,0.04258466486542974,-0.14325404881875925,0.2535983733846436,5.015671126983287
005930,2024-05-14,0.3398,7.0,0.749,0.152,10.0,8.5,4.5,5.0,29.92862765092238,1.2745005783967633,0.04258466486542974,-0.14325404881875925,0.2535983733846436,5.011820042362075
005930,2024-05-15,0.2808,6.0,0.4442,0.1571,7.0,8.5,4.5,5.0,29.92862765092238,1.2745005783967633,0.04258466486542974,-0.14325404881875925,0.2535983733846436,5.011820042362075
005930,2024-05-16,0.3507,8.0,0.5317,0.2271,19.0,8.5,4.5,5.0,29.890404627102555,1.2728728637372528,0.04258466486542974,-0.14325404881875925,0.2535983733846436,5.007968957740861
005930,2024-05-17,0.4596,8.0,0.5674,0.202,17.0,8.5,4.5,5.0,29.58462043654396,1.2598511464611684,0.04258466486542974,-0.14325404881875925,0.2535983733846436,4.9771602807711535
005930,2024-05-18,0.6177,7.0,0.4185,0.2878,6.0,8.5,4.5,5.0,29.58462043654396,1.2598511464611684,0.04258466486542974,-0.14325404881875925,0.2535983733846436,4.9771602807711535
005930,2024-05-19,0.666,6.0,0.4705,0.1604,3.0,8.5,4.5,5.0,29.58462043654396,1.2598511464611684,0.04258466486542974,-0.14325404881875925,0.2535983733846436,4.9771602807711535
005930,2024-05-20,0.0374,5.0,0.5618,0.2159,6.0,8.5,4.5,5.0,30.157965793841324,1.2842668663538266,0.04258466486542974,-0.14325404881875925,0.2535983733846436,5.034926550089354
005930,2024-05-21,0.3583,8.0,0.5297,0.2149,26.0,8.5,4.5,5.0,29.966850674742204,1.2761282930562738,0.04258466486542974,-0.14325404881875925,0.2535983733846436,5.015671126983287
005930,2024-05-22,-0.111,7.0,0.5994,0.359,16.0,8.5,4.5,5.0,29.699289508003435,1.2647342904397,0.04258466486542974,-0.14325404881875925,0.2535983733846436,4.988713534634794
005930,2024-05-23,0.1094,7.0,0.6221,0.2121,26.0,8.5,4.5,5.0,29.92862765092238,1.2745005783967633,0.04258466486542974,-0.14325404881875925,0.2535983733846436,5.011820042362075
005930,2024-05-24,-0.4056,8.0,0.7053,0.1844,35.0,8.5,4.5,5.0,29.011275079246598,1.2354354265685101,0.04258466486542974,-0.14325404881875925,0.2535983733846436,4.919394011452953
005930,2024-05-25,-0.0001,3.0,0.0,0.1429,1.0,8.5,4.5,5.0,29.011275079246598,1.2354354265685101,0.04258466486542974,-0.14325404881875925,0.2535983733846436,4.919394011452953
005930,2024-05-26,-0.3523,7.0,0.4663,0.1749,11.0,8.5,4.5,5.0,29.011275079246598,1.2354354265685101,0.04258466486542974,-0.14325404881875925,0.2535983733846436,4.919394011452953
005930,2024-05-27,-0.331,8.0,0.5879,0.1659,25.0,8.5,4.5,5.0,29.50817438890431,1.2565957171421474,0.04258466486542974,-0.14325404881875925,0.2535983733846436,4.969458111528727
005930,2024-05-28,0.2679,8.0,0.6305,0.2037,18.0,8.5,4.5,5.0,29.66106648418361,1.2631065757801896,0.04258466486542974,-0.14325404881875925,0.2535983733846436,4.984862450013581
005930,2024-05-29,-0.2332,8.0,0.746,0.1817,27.0,8.5,4.5,5.0,28.74371391250783,1.2240414239519362,0.04258466486542974,-0.14325404881875925,0.2535983733846436,4.89243641910446
005930,2024-05-30,0.095,7.0,0.7078,0.2103,23.0,8.5,4.5,5.0,28.093922507570817,1.1963702747402567,0.04258466486542974,-0.14325404881875925,0.2535983733846436,4.826967980543831
005930,2024-05-31,0.3371,8.0,0.6186,0.1892,22.0,8.5,4.5,5.0,28.093922507570817,1.1963702747402567,0.04258466486542974,-0.14325404881875925,0.2535983733846436,4.826967980543831
005930,2024-06-01,0.0,4.0,0.0,0.3167,3.0,8.5,4.5,6.0,28.093922507570817,1.1963702747402567,0.04258466486542974,-0.14325404881875925,0.2535983733846436,4.826967980543831
005930,2024-06-02,0.6428,7.0,0.4299,0.1749,6.0,8.5,4.5,6.0,28.093922507570817,1.1963702747402567,0.04258466486542974,-0.14325404881875925,0.2535983733846436,4.826967980543831
005930,2024-06-03,0.1686,8.0,0.7792,0.1611,27.0,8.5,4.5,6.0,28.93482903160695,1.232179997249489,0.04258466486542974,-0.14325404881875925,0.2535983733846436,4.911691842210526
005930,2024-06-04,0.0526,7.0,0.7417,0.1525,23.0,8.5,4.5,6.0,28.781936936327654,1.2256691386114467,0.04258466486542974,-0.14325404881875925,0.2535983733846436,4.896287503725673
005930,2024-06-05,0.1409,7.0,0.6869,0.274,23.0,8.5,4.5,6.0,29.58462043654396,1.2598511464611684,0.04258466486542974,-0.14325404881875925,0.2535983733846436,4.9771602807711535
005930,2024-06-06,0.1916,7.0,0.5418,0.237,11.0,8.5,4.5,6.0,29.58462043654396,1.2598511464611684,0.04258466486542974,-0.14325404881875925,0.2535983733846436,4.9771602807711535
005930,2024-06-07,-0.164,7.0,0.6886,0.2391,22.0,8.5,4.5,6.0,29.546397412724136,1.2582234318016579,0.04258466486542974,-0.14325404881875925,0.2535983733846436,4.97330919614994
005930,2024-06-08,0.1999,5.0,0.3463,0.3,4.0,8.5,4.5,6.0,29.546397412724136,1.2582234318016579,0.04258466486542974,-0.14325404881875925,0.2535983733846436,4.97330919614994
005930,2024-06-09,0.0198,5.0,0.7223,0.1556,7.0,8.5,4.5,6.0,29.546397412724136,1.2582234318016579,0.04258466486542974,-0.14325404881875925,0.2535983733846436,4.97330919614994
005930,2024-06-10,0.5649,9.0,0.6669,0.1717,13.0,8.5,4.5,6.0,28.93482903160695,1.232179997249489,0.04258466486542974,-0.14325404881875925,0.2535983733846436,4.911691842210526
005930,2024-06-11,0.077,7.0,0.5803,0.1709,14.0,8.5,4.5,6.0,28.74371391250783,1.2240414239519362,0.04258466486542974,-0.14325404881875925,0.2535983733846436,4.89243641910446
005930,2024-06-12,0.0821,7.0,0.4564,0.1815,14.0,8.5,4.5,6.0,29.240613222165543,1.2452017145255734,0.04258466486542974,-0.14325404881875925,0.2535983733846436,4.942500519180233
005930,2024-06-13,0.2737,8.0,0.4102,0.1673,23.0,8.5,4.5,6.0,30.043296722381854,1.279383722375295,0.04258466486542974,-0.14325404881875925,0.2535983733846436,5.0233732962257145
005930,2024-06-14,0.2754,8.0,0.6444,0.2298,18.0,8.5,4.5,6.0,30.425526960580097,1.2956608689704006,0.04258466486542974,-0.14325404881875925,0.2535983733846436,5.061884142437848
005930,2024-06-15,0.0738,3.0,0.048,0.18,2.0,8.5,4.5,6.0,30.425526960580097,1.2956608689704006,0.04258466486542974,-0.14325404881875925,0.2535983733846436,5.061884142437848
005930,2024-06-16,0.0151,5.0,0.1086,0.2483,6.0,8.5,4.5,6.0,30.425526960580097,1.2956608689704006,0.04258466486542974,-0.14325404881875925,0.2535983733846436,5.061884142437848
005930,2024-06-17,-0.1239,7.0,0.6643,0.225,13.0,8.5,4.5,6.0,29.85218160328273,1.2712451490777423,0.04258466486542974,-0.14325404881875925,0.2535983733846436,5.004117873119647
005930,2024-06-18,0.3551,8.0,0.6461,0.1935,24.0,8.5,4.5,6.0,30.501973008219743,1.2989162982894216,0.04258466486542974,-0.14325404881875925,0.2535983733846436,5.0695863116802755
005930,2024-06-19,0.1879,8.0,0.6944,0.2496,17.0,8.5,4.5,6.0,31.037095341697285,1.3217043035225695,0.04258466486542974,-0.14325404881875925,0.2535983733846436,5.123501496377262
005930,2024-06-20,0.4008,8.0,0.6055,0.1884,15.0,8.5,4.5,6.0,31.18998743697658,1.3282151621606115,0.04258466486542974,-0.14325404881875925,0.2535983733846436,5.138905834862117
005930,2024-06-21,0.4654,8.0,0.8297,0.1858,13.0,8.5,4.5,6.0,30.578419055859392,1.3021717276084428,0.04258466486542974,-0.14325404881875925,0.2535983733846436,5.077288480922702
005930,2024-06-22,0.2047,5.0,0.2893,0.3086,3.0,8.5,4.5,6.0,30.578419055859392,1.3021717276084428,0.04258466486542974,-0.14325404881875925,0.2535983733846436,5.077288480922702
005930,2024-06-23,0.0602,7.0,0.6464,0.179,16.0,8.5,4.5,6.0,30.578419055859392,1.3021717276084428,0.04258466486542974,-0.14325404881875925,0.2535983733846436,5.077288480922702
005930,2024-06-24,0.4444,8.0,0.6068,0.1523,26.0,8.5,4.5,6.0,30.807757198778337,1.311938015565506,0.04258466486542974,-0.14325404881875925,0.2535983733846436,5.100394988649983
005930,2024-06-25,0.2444,8.0,0.7639,0.1929,24.0,8.5,4.5,6.0,30.884203246417986,1.3151934448845273,0.04258466486542974,-0.14325404881875925,0.2535983733846436,5.108097157892409
005930,2024-06-26,0.3127,8.0,0.6885,0.1814,21.0,8.5,4.5,6.0,31.075318365517106,1.32333201818208,0.04258466486542974,-0.14325404881875925,0.2535983733846436,5.127352580998476
005930,2024-06-27,0.3117,8.0,0.6129,0.1882,26.0,8.5,4.5,6.0,31.18998743697658,1.3282151621606115,0.04258466486542974,-0.14325404881875925,0.2535983733846436,5.138905834862117
005930,2024-06-28,0.0222,7.0,0.5632,0.2173,12.0,8.5,4.5,6.0,31.151764413156755,1.326587447501101,0.04258466486542974,-0.14325404881875925,0.2535983733846436,5.1350547502409025
005930,2024-06-29,0.25,5.0,0.8156,0.1909,4.0,8.5,4.5,6.0,31.151764413156755,1.326587447501101,0.04258466486542974,-0.14325404881875925,0.2535983733846436,5.1350547502409025
005930,2024-06-30,-0.2103,8.0,0.3974,0.1986,15.0,8.5,4.5,6.0,31.151764413156755,1.326587447501101,0.04258466486542974,-0.14325404881875925,0.2535983733846436,5.1350547502409025
005930,2024-07-01,0.1516,7.0,0.7481,0.2003,21.0,8.5,4.5,7.0,31.26643348461623,1.3314705914796328,0.04258466486542974,-0.14325404881875925,0.2535983733846436,5.146608004104543
005930,2024-07-02,0.1632,7.0,0.5988,0.242,16.0,8.5,4.5,7.0,31.26643348461623,1.3314705914796328,0.04258466486542974,-0.14325404881875925,0.2535983733846436,5.146608004104543
005930,2024-07-03,0.1311,7.0,0.5309,0.1882,12.0,8.5,4.5,7.0,31.26643348461623,1.3314705914796328,0.04258466486542974,-0.14325404881875925,0.2535983733846436,5.146608004104543
005930,2024-07-04,0.4176,8.0,0.545,0.1627,41.0,8.5,4.5,7.0,32.336678151571306,1.3770466019459282,0.04258466486542974,-0.14325404881875925,0.2535983733846436,5.254438373498518
005930,2024-07-05,0.8407,10.0,0.3725,0.2862,27.0,8.5,4.5,7.0,33.292253747066916,1.4177394684336921,0.04258466486542974,-0.14325404881875925,0.2535983733846436,5.350715489028852
005930,2024-07-06,0.3282,6.0,0.4472,0.2206,8.0,8.5,4.5,7.0,33.292253747066916,1.4177394684336921,0.04258466486542974,-0.14325404881875925,0.2535983733846436,5.350715489028852
005930,2024-07-07,0.2388,8.0,0.6171,0.2881,14.0,8.5,4.5,7.0,33.292253747066916,1.4177394684336921,0.04258466486542974,-0.14325404881875925,0.2535983733846436,5.350715489028852
005930,2024-07-08,0.2733,8.0,0.7985,0.3209,30.0,8.5,4.5,7.0,33.40692281852638,1.4226226124122237,0.04258466486542974,-0.14325404881875925,0.2535983733846436,5.362268742892493
005930,2024-07-09,0.3364,8.0,0.5773,0.2401,26.0,8.5,4.5,7.0,33.55981491380568,1.429133471050266,0.04258466486542974,-0.14325404881875925,0.2535983733846436,5.377673081377346
005930,2024-07-10,-0.0069,7.0,0.7041,0.2273,30.0,8.5,4.5,7.0,33.55981491380568,1.429133471050266,0.04258466486542974,-0.14325404881875925,0.2535983733846436,5.377673081377346
005930,2024-07-11,0.3709,8.0,0.6172,0.2193,22.0,8.5,4.5,7.0,33.48336886616603,1.4258780417312449,0.04258466486542974,-0.14325404881875925,0.2535983733846436,5.369970912134919
005930,2024-07-12,-0.0266,7.0,0.7045,0.2069,20.0,8.5,4.5,7.0,32.260232103931656,1.3737911726269072,0.04258466486542974,-0.14325404881875925,0.2535983733846436,5.246736204256091
005930,2024-07-13,0.0,3.0,0.0,0.1,1.0,8.5,4.5,7.0,32.260232103931656,1.3737911726269072,0.04258466486542974,-0.14325404881875925,0.2535983733846436,5.246736204256091
005930,2024-07-14,-0.2311,5.0,0.4443,0.2121,4.0,8.5,4.5,7.0,32.260232103931656,1.3737911726269072,0.04258466486542974,-0.14325404881875925,0.2535983733846436,5.246736204256091
005930,2024-07-15,0.3207,7.0,0.6649,0.2043,11.0,8.5,4.5,7.0,33.13936165178762,1.41122860979565,0.04258466486542974,-0.14325404881875925,0.2535983733846436,5.335311150543999
005930,2024-07-16,0.4961,7.0,0.551,0.1876,11.0,8.5,4.5,7.0,33.52159188998586,1.4275057563907554,0.04258466486542974,-0.14325404881875925,0.2535983733846436,5.373821996756133
005930,2024-07-17,0.343,8.0,0.5412,0.1617,22.0,8.5,4.5,7.0,33.13936165178762,1.41122860979565,0.04258466486542974,-0.14325404881875925,0.2535983733846436,5.335311150543999
005930,2024-07-18,0.2128,8.0,0.5926,0.1407,19.0,8.5,4.5,7.0,33.215807699427266,1.414484039114671,0.04258466486542974,-0.14325404881875925,0.2535983733846436,5.343013319786426
005930,2024-07-19,-0.0713,7.0,0.6736,0.1666,16.0,8.5,4.5,7.0,32.260232103931656,1.3737911726269072,0.04258466486542974,-0.14325404881875925,0.2535983733846436,5.246736204256091
005930,2024-07-20,0.0994,4.0,0.6968,0.2039,3.0,8.5,4.5,7.0,32.260232103931656,1.3737911726269072,0.04258466486542974,-0.14325404881875925,0.2535983733846436,5.246736204256091
005930,2024-07-21,-0.0258,5.0,0.4702,0.1787,7.0,8.5,4.5,7.0,32.260232103931656,1.3737911726269072,0.04258466486542974,-0.14325404881875925,0.2535983733846436,5.246736204256091
005930,2024-07-22,0.1946,8.0,0.7318,0.2213,17.0,8.5,4.5,7.0,31.725109770454118,1.3510031673937595,0.04258466486542974,-0.14325404881875925,0.2535983733846436,5.192821019559103
005930,2024-07-23,0.0736,7.0,0.6874,0.2055,21.0,8.5,4.5,7.0,32.06911698483254,1.3656525993293545,0.04258466486542974,-0.14325404881875925,0.2535983733846436,5.227480781150025
005930,2024-07-24,-0.2364,8.0,0.8353,0.1718,16.0,8.5,4.5,7.0,31.34287953225588,1.3347260207986538,0.04258466486542974,-0.14325404881875925,0.2535983733846436,5.154310173346969
005930,2024-07-25,0.2381,7.0,0.7086,0.2005,11.0,8.5,4.5,7.0,30.73131115113869,1.308682586246485,0.04258466486542974,-0.14325404881875925,0.2535983733846436,5.092692819407555
005930,2024-07-26,0.2218,7.0,0.415,0.2278,9.0,8.5,4.5,7.0,30.92242627023781,1.3168211595440378,0.04258466486542974,-0.14325404881875925,0.2535983733846436,5.1119482425136225
005930,2024-07-27,0.2152,5.0,0.4566,0.228,4.0,8.5,4.5,7.0,30.92242627023781,1.3168211595440378,0.04258466486542974,-0.14325404881875925,0.2535983733846436,5.1119482425136225
005930,2024-07-28,0.0234,6.0,0.4229,0.2272,9.0,8.5,4.5,7.0,30.92242627023781,1.3168211595440378,0.04258466486542974,-0.14325404881875925,0.2535983733846436,5.1119482425136225
005930,2024-07-29,0.3923,8.0,0.5318,0.1915,19.0,8.5,4.5,7.0,31.037095341697285,1.3217043035225695,0.04258466486542974,-0.14325404881875925,0.2535983733846436,5.123501496377262
005930,2024-07-30,0.2842,8.0,0.4955,0.1488,19.0,8.5,4.5,7.0,30.960649294057635,1.3184488742035483,0.04258466486542974,-0.14325404881875925,0.2535983733846436,5.115799327134836
005930,2024-07-31,0.5042,9.0,0.7094,0.2286,27.0,8.5,4.5,7.0,32.06911698483254,1.3656525993293545,0.04258466486542974,-0.14325404881875925,0.2535983733846436,5.227480781150025
005930,2024-08-01,-0.1137,7.0,0.7207,0.2104,28.0,8.5,4.5,8.0,31.763332794273943,1.35263088205327,0.04258466486542974,-0.14325404881875925,0.2535983733846436,5.196672104180317
005930,2024-08-02,-0.328,8.0,0.7827,0.2052,19.0,8.5,4.5,8.0,30.425526960580097,1.2956608689704006,0.04258466486542974,-0.14325404881875925,0.2535983733846436,5.061884142437848
005930,2024-08-03,0.5384,7.0,0.4671,0.2611,6.0,8.5,4.5,8.0,30.425526960580097,1.2956608689704006,0.04258466486542974,-0.14325404881875925,0.2535983733846436,5.061884142437848
005930,2024-08-04,0.117,4.0,0.2529,0.2177,3.0,8.5,4.5,8.0,30.425526960580097,1.2956608689704006,0.04258466486542974,-0.14325404881875925,0.2535983733846436,5.061884142437848
005930,2024-08-05,-0.5348,9.0,0.5652,0.197,18.0,8.5,4.5,8.0,27.29123900735451,1.1621882668905352,0.04258466486542974,-0.14325404881875925,0.2535983733846436,4.746095203498351
005930,2024-08-06,0.1295,7.0,0.7213,0.2297,24.0,8.5,4.5,8.0,27.711692269372573,1.1800931281451512,0.04258466486542974,-0.14325404881875925,0.2535983733846436,4.788457134331697
005930,2024-08-07,0.1019,7.0,0.4958,0.2184,37.0,8.5,4.5,8.0,28.55259879340871,1.2159028506543834,0.04258466486542974,-0.14325404881875925,0.2535983733846436,4.873180995998392
005930,2024-08-08,-0.0557,7.0,0.8106,0.2148,27.0,8.5,4.5,8.0,28.055699483750992,1.1947425600807462,0.04258466486542974,-0.14325404881875925,0.2535983733846436,4.823116895922618
005930,2024-08-09,-0.1224,6.0,0.6572,0.2198,9.0,8.5,4.5,8.0,28.55259879340871,1.2159028506543834,0.04258466486542974,-0.14325404881875925,0.2535983733846436,4.873180995998392
005930,2024-08-10,0.2677,5.0,0.4167,0.2099,4.0,8.5,4.5,8.0,28.55259879340871,1.2159028506543834,0.04258466486542974,-0.14325404881875925,0.2535983733846436,4.873180995998392
005930,2024-08-11,0.2586,6.0,0.4719,0.172,7.0,8.5,4.5,8.0,28.55259879340871,1.2159028506543834,0.04258466486542974,-0.14325404881875925,0.2535983733846436,4.873180995998392
005930,2024-08-12,0.1213,5.0,0.5893,0.278,8.0,8.5,4.5,8.0,28.858382983967303,1.228924567930468,0.04258466486542974,-0.14325404881875925,0.2535983733846436,4.903989672968099
005930,2024-08-13,0.0108,6.0,0.8373,0.1229,9.0,8.5,4.5,8.0,29.087721126886247,1.2386908558875311,0.04258466486542974,-0.14325404881875925,0.2535983733846436,4.927096180695379
005930,2024-08-14,-0.0871,7.0,0.7705,0.1734,19.0,8.5,4.5,8.0,29.50817438890431,1.2565957171421474,0.04258466486542974,-0.14325404881875925,0.2535983733846436,4.969458111528727
005930,2024-08-15,0.0276,6.0,0.7977,0.214,9.0,8.5,4.5,8.0,29.50817438890431,1.2565957171421474,0.04258466486542974,-0.14325404881875925,0.2535983733846436,4.969458111528727
005930,2024-08-16,-0.0632,7.0,0.6885,0.2294,13.0,8.5,4.5,8.0,30.65486510349904,1.3054271569274638,0.04258466486542974,-0.14325404881875925,0.2535983733846436,5.084990650165128
005930,2024-08-17,-0.4438,4.0,0.4439,0.1866,2.0,8.5,4.5,8.0,30.65486510349904,1.3054271569274638,0.04258466486542974,-0.14325404881875925,0.2535983733846436,5.084990650165128
005930,2024-08-18,-0.1633,5.0,0.5132,0.1679,7.0,8.5,4.5,8.0,30.65486510349904,1.3054271569274638,0.04258466486542974,-0.14325404881875925,0.2535983733846436,5.084990650165128
005930,2024-08-19,-0.0467,7.0,0.7539,0.2297,23.0,8.5,4.5,8.0,29.92862765092238,1.2745005783967633,0.04258466486542974,-0.14325404881875925,0.2535983733846436,5.011820042362075
005930,2024-08-20,0.4901,8.0,0.4534,0.1831,13.0,8.5,4.5,8.0,30.157965793841324,1.2842668663538266,0.04258466486542974,-0.14325404881875925,0.2535983733846436,5.034926550089354
005930,2024-08-21,0.3798,8.0,0.4194,0.2444,13.0,8.5,4.5,8.0,29.92862765092238,1.2745005783967633,0.04258466486542974,-0.14325404881875925,0.2535983733846436,5.011820042362075
005930,2024-08-22,0.3946,8.0,0.5615,0.2077,22.0,8.5,4.5,8.0,29.92862765092238,1.2745005783967633,0.04258466486542974,-0.14325404881875925,0.2535983733846436,5.011820042362075
005930,2024-08-23,-0.0905,6.0,0.4825,0.1662,9.0,8.5,4.5,8.0,29.699289508003435,1.2647342904397,0.04258466486542974,-0.14325404881875925,0.2535983733846436,4.988713534634794
005930,2024-08-24,0.4606,4.0,0.4606,0.1786,2.0,8.5,4.5,8.0,29.699289508003435,1.2647342904397,0.04258466486542974,-0.14325404881875925,0.2535983733846436,4.988713534634794
005930,2024-08-25,0.0006,3.0,0.9992,0.1792,2.0,8.5,4.5,8.0,29.699289508003435,1.2647342904397,0.04258466486542974,-0.14325404881875925,0.2535983733846436,4.988713534634794
005930,2024-08-26,-0.0623,7.0,0.4189,0.1353,14.0,8.5,4.5,8.0,29.087721126886247,1.2386908558875311,0.04258466486542974,-0.14325404881875925,0.2535983733846436,4.927096180695379
005930,2024-08-27,0.3618,8.0,0.5935,0.2029,21.0,8.5,4.5,8.0,28.973052055426773,1.2338077119089996,0.04258466486542974,-0.14325404881875925,0.2535983733846436,4.915542926831739
005930,2024-08-28,0.2937,7.0,0.4555,0.1447,10.0,8.5,4.5,8.0,29.202390198345718,1.2435739998660629,0.04258466486542974,-0.14325404881875925,0.2535983733846436,4.93864943455902
005930,2024-08-29,-0.1773,8.0,0.6586,0.3091,24.0,8.5,4.5,8.0,28.285037626669936,1.2045088480378097,0.04258466486542974,-0.14325404881875925,0.2535983733846436,4.846223403649899
005930,2024-08-30,-0.0072,7.0,0.5073,0.1798,15.0,8.5,4.5,8.0,28.39970669812941,1.2093919920163412,0.04258466486542974,-0.14325404881875925,0.2535983733846436,4.857776657513538
005930,2024-08-31,-0.3332,5.0,0.4712,0.2255,3.0,8.5,4.5,8.0,28.39970669812941,1.2093919920163412,0.04258466486542974,-0.14325404881875925,0.2535983733846436,4.857776657513538
005930,2024-09-01,0.2691,7.0,0.755,0.1888,10.0,8.5,4.5,9.0,28.39970669812941,1.2093919920163412,0.04258466486542974,-0.14325404881875925,0.2535983733846436,4.857776657513538
005930,2024-09-02,0.0665,7.0,0.5684,0.138,21.0,8.5,4.5,9.0,28.437929721949235,1.2110197066758517,0.04258466486542974,-0.14325404881875925,0.2535983733846436,4.861627742134752
005930,2024-09-03,0.2943,8.0,0.5238,0.1937,25.0,8.5,4.5,9.0,27.711692269372573,1.1800931281451512,0.04258466486542974,-0.14325404881875925,0.2535983733846436,4.788457134331697
005930,2024-09-04,0.0308,7.0,0.6381,0.2452,19.0,8.5,4.5,9.0,26.756116673876967,1.1394002616573875,0.04258466486542974,-0.14325404881875925,0.2535983733846436,4.692180018801363
005930,2024-09-05,0.0868,7.0,0.493,0.2055,17.0,8.5,4.5,9.0,26.373886435678727,1.1231231150622818,0.04258466486542974,-0.14325404881875925,0.2535983733846436,4.653669172589229
005930,2024-09-06,-0.0015,7.0,0.5336,0.2653,20.0,8.5,4.5,9.0,26.335663411858903,1.1214954004027713,0.04258466486542974,-0.14325404881875925,0.2535983733846436,4.649818087968015
005930,2024-09-07,-0.1146,4.0,0.4722,0.3047,5.0,8.5,4.5,9.0,26.335663411858903,1.1214954004027713,0.04258466486542974,-0.14325404881875925,0.2535983733846436,4.649818087968015
005930,2024-09-08,0.2442,7.0,0.377,0.2887,11.0,8.5,4.5,9.0,26.335663411858903,1.1214954004027713,0.04258466486542974,-0.14325404881875925,0.2535983733846436,4.649818087968015
005930,2024-09-09,-0.0625,7.0,0.6686,0.2044,25.0,8.5,4.5,9.0,25.80054107838136,1.0987073951696236,0.04258466486542974,-0.14325404881875925,0.2535983733846436,4.595902903271028
005930,2024-09-10,-0.0447,7.0,0.7936,0.2038,17.0,8.5,4.5,9.0,25.303641768723647,1.0775471045959863,0.04258466486542974,-0.14325404881875925,0.2535983733846436,4.545838803195253
005930,2024-09-11,-0.5296,9.0,0.6518,0.1955,20.0,8.5,4.5,9.0,24.806742459065934,1.0563868140223491,0.04258466486542974,-0.14325404881875925,0.2535983733846436,4.49577470311948
005930,2024-09-12,0.0806,7.0,0.6956,0.2297,27.0,8.5,4.5,9.0,25.341864792543472,1.0791748192554969,0.04258466486542974,-0.14325404881875925,0.2535983733846436,4.549689887816467
005930,2024-09-13,-0.1221,7.0,0.7139,0.3057,17.0,8.5,4.5,9.0,24.61562733996681,1.0482482407247964,0.04258466486542974,-0.14325404881875925,0.2535983733846436,4.476519280013413
005930,2024-09-14,-0.0253,3.0,0.0,0.1837,1.0,8.5,4.5,9.0,24.61562733996681,1.0482482407247964,0.04258466486542974,-0.14325404881875925,0.2535983733846436,4.476519280013413
005930,2024-09-15,-0.5205,6.0,0.4041,0.2837,3.0,8.5,4.5,9.0,24.61562733996681,1.0482482407247964,0.04258466486542974,-0.14325404881875925,0.2535983733846436,4.476519280013413
005930,2024-09-16,-0.9922,7.0,0.0087,0.1103,3.0,8.5,4.5,9.0,24.61562733996681,1.0482482407247964,0.04258466486542974,-0.14325404881875925,0.2535983733846436,4.476519280013413
005930,2024-09-17,,,,,0.0,8.5,4.5,9.0,24.61562733996681,1.0482482407247964,0.04258466486542974,-0.14325404881875925,0.2535983733846436,4.476519280013413
005930,2024-09-18,-0.0041,7.0,0.5772,0.1526,12.0,8.5,4.5,9.0,24.61562733996681,1.0482482407247964,0.04258466486542974,-0.14325404881875925,0.2535983733846436,4.476519280013413
005930,2024-09-19,-0.1869,8.0,0.7091,0.2238,16.0,8.5,4.5,9.0,24.118728030309097,1.0270879501511592,0.04258466486542974,-0.14325404881875925,0.2535983733846436,4.426455179937639
005930,2024-09-20,-0.2242,7.0,0.4528,0.2324,9.0,8.5,4.5,9.0,24.080505006489272,1.0254602354916487,0.04258466486542974,-0.14325404881875925,0.2535983733846436,4.422604095316426
005930,2024-09-21,-0.0255,3.0,0.9742,0.1181,2.0,8.5,4.5,9.0,24.080505006489272,1.0254602354916487,0.04258466486542974,-0.14325404881875925,0.2535983733846436,4.422604095316426
005930,2024-09-22,0.1273,5.0,0.882,0.1065,8.0,8.5,4.5,9.0,24.080505006489272,1.0254602354916487,0.04258466486542974,-0.14325404881875925,0.2535983733846436,4.422604095316426
005930,2024-09-23,0.1112,7.0,0.7266,0.1521,24.0,8.5,4.5,9.0,23.927612911209973,1.0189493768536064,0.04258466486542974,-0.14325404881875925,0.2535983733846436,4.407199756831572
005930,2024-09-24,0.0701,7.0,0.7085,0.1841,30.0,8.5,4.5,9.0,24.15695105412892,1.02871566481067,0.04258466486542974,-0.14325404881875925,0.2535983733846436,4.430306264558852
005930,2024-09-25,0.375,8.0,0.6407,0.1649,29.0,8.5,4.5,9.0,23.774720815930678,1.0124385182155642,0.04258466486542974,-0.14325404881875925,0.2535983733846436,4.391795418346718
005930,2024-09-26,0.2932,8.0,0.7039,0.1809,27.0,8.5,4.5,9.0,24.730296411426284,1.0531313847033281,0.04258466486542974,-0.14325404881875925,0.2535983733846436,4.488072533877053
005930,2024-09-27,0.2402,8.0,0.648,0.2199,24.0,8.5,4.5,9.0,24.53918129232716,1.0449928114057754,0.04258466486542974,-0.14325404881875925,0.2535983733846436,4.468817110770986
005930,2024-09-28,0.0022,4.0,0.0031,0.2029,3.0,8.5,4.5,9.0,24.53918129232716,1.0449928114057754,0.04258466486542974,-0.14325404881875925,0.2535983733846436,4.468817110770986
005930,2024-09-29,0.514,9.0,0.585,0.1777,12.0,8.5,4.5,9.0,24.53918129232716,1.0449928114057754,0.04258466486542974,-0.14325404881875925,0.2535983733846436,4.468817110770986
005930,2024-09-30,-0.2304,8.0,0.6289,0.2263,16.0,8.5,4.5,9.0,23.50715964919191,1.0010445155989904,0.04258466486542974,-0.14325404881875925,0.2535983733846436,4.364837825998224
005930,2024-10-01,-0.1362,5.0,0.5952,0.2661,8.0,8.5,4.5,10.0,23.50715964919191,1.0010445155989904,0.04258466486542974,-0.14325404881875925,0.2535983733846436,4.364837825998224
005930,2024-10-02,-0.3581,8.0,0.532,0.1767,23.0,8.5,6.5,10.0,23.43071360155226,0.9977890862799693,0.04258466486542974,-0.14325404881875925,0.2535983733846436,4.357135656755798
005930,2024-10-03,0.1096,6.0,0.6864,0.1585,9.0,8.5,6.5,10.0,23.43071360155226,0.9977890862799693,0.04258466486542974,-0.14325404881875925,0.2535983733846436,4.357135656755798
005930,2024-10-04,0.0555,7.0,0.8556,0.2405,21.0,8.5,6.5,10.0,23.16315243481349,0.9863950836633953,0.04258466486542974,-0.14325404881875925,0.2535983733846436,4.330178064407304
005930,2024-10-05,0.1008,4.0,0.6532,0.377,5.0,8.5,6.5,10.0,23.16315243481349,0.9863950836633953,0.04258466486542974,-0.14325404881875925,0.2535983733846436,4.330178064407304
005930,2024-10-06,-0.0921,6.0,0.7585,0.2101,11.0,8.5,6.5,10.0,23.16315243481349,0.9863950836633953,0.04258466486542974,-0.14325404881875925,0.2535983733846436,4.330178064407304
005930,2024-10-07,0.0047,7.0,0.768,0.2095,17.0,8.5,6.5,10.0,23.316044530092785,0.9929059423014376,0.04258466486542974,-0.14325404881875925,0.2535983733846436,4.345582402892157
005930,2024-10-08,-0.2909,8.0,0.8069,0.1872,43.0,8.5,6.5,10.0,23.048483363354016,0.9815119396848637,0.04258466486542974,-0.14325404881875925,0.2535983733846436,4.318624810543664
005930,2024-10-09,0.2467,8.0,0.4064,0.1997,13.0,8.5,6.5,10.0,23.048483363354016,0.9815119396848637,0.04258466486542974,-0.14325404881875925,0.2535983733846436,4.318624810543664
005930,2024-10-10,0.042,7.0,0.8498,0.1819,33.0,8.5,6.5,10.0,22.513361029876478,0.958723934451716,0.04258466486542974,-0.14325404881875925,0.2535983733846436,4.264709625846677
005930,2024-10-11,-0.0623,7.0,0.8274,0.1755,18.0,8.5,6.5,10.0,22.666253125155773,0.9652347930897582,0.04258466486542974,-0.14325404881875925,0.2535983733846436,4.280113964331529
005930,2024-10-12,0.0267,5.0,0.2181,0.2009,7.0,8.5,6.5,10.0,22.666253125155773,0.9652347930897582,0.04258466486542974,-0.14325404881875925,0.2535983733846436,4.280113964331529
005930,2024-10-13,0.1827,8.0,0.6168,0.2655,14.0,8.5,6.5,10.0,22.666253125155773,0.9652347930897582,0.04258466486542974,-0.14325404881875925,0.2535983733846436,4.280113964331529
005930,2024-10-14,-0.0092,7.0,0.7588,0.2102,24.0,8.5,6.5,10.0,23.23959848245314,0.9896505129824165,0.04258466486542974,-0.14325404881875925,0.2535983733846436,4.337880233649731
005930,2024-10-15,0.1542,7.0,0.678,0.1412,24.0,8.5,6.5,10.0,23.316044530092785,0.9929059423014376,0.04258466486542974,-0.14325404881875925,0.2535983733846436,4.345582402892157
005930,2024-10-16,-0.2687,8.0,0.6539,0.1907,20.0,8.5,6.5,10.0,22.742699172795422,0.9684902224087794,0.04258466486542974,-0.14325404881875925,0.2535983733846436,4.287816133573957
005930,2024-10-17,0.2557,8.0,0.6157,0.2039,25.0,8.5,6.5,10.0,22.81914522043507,0.9717456517278004,0.04258466486542974,-0.14325404881875925,0.2535983733846436,4.295518302816383
005930,2024-10-18,0.057,7.0,0.7608,0.2478,28.0,8.5,6.5,10.0,22.628030101335952,0.9636070784302476,0.04258466486542974,-0.14325404881875925,0.2535983733846436,4.276262879710316
005930,2024-10-19,-0.7675,6.0,0.3839,0.1884,5.0,8.5,6.5,10.0,22.628030101335952,0.9636070784302476,0.04258466486542974,-0.14325404881875925,0.2535983733846436,4.276262879710316
005930,2024-10-20,0.0061,5.0,0.568,0.1465,6.0,8.5,6.5,10.0,22.628030101335952,0.9636070784302476,0.04258466486542974,-0.14325404881875925,0.2535983733846436,4.276262879710316
005930,2024-10-21,0.1298,7.0,0.8061,0.2179,23.0,8.5,6.5,10.0,22.551584053696303,0.9603516491112265,0.04258466486542974,-0.14325404881875925,0.2535983733846436,4.26856071046789
005930,2024-10-22,-0.0978,7.0,0.5959,0.1913,39.0,8.5,6.5,10.0,22.054684744038585,0.9391913585375894,0.04258466486542974,-0.14325404881875925,0.2535983733846436,4.2184966103921155
005930,2024-10-23,0.0961,7.0,0.6294,0.2205,21.0,8.5,6.5,10.0,22.589807077516127,0.9619793637707371,0.04258466486542974,-0.14325404881875925,0.2535983733846436,4.272411795089103
005930,2024-10-24,-0.0606,7.0,0.5842,0.1773,20.0,8.5,6.5,10.0,21.63423148202052,0.9212864972829733,0.04258466486542974,-0.14325404881875925,0.2535983733846436,4.176134679558769
005930,2024-10-25,0.1081,7.0,0.6061,0.2349,15.0,8.5,6.5,10.0,21.366670315281752,0.9098924946663994,0.04258466486542974,-0.14325404881875925,0.2535983733846436,4.1491770872102745
005930,2024-10-26,-0.0035,4.0,0.0049,0.3232,3.0,8.5,6.5,10.0,21.366670315281752,0.9098924946663994,0.04258466486542974,-0.14325404881875925,0.2535983733846436,4.1491770872102745
005930,2024-10-27,0.3752,8.0,0.462,0.1904,12.0,8.5,6.5,10.0,21.366670315281752,0.9098924946663994,0.04258466486542974,-0.14325404881875925,0.2535983733846436,4.1491770872102745
005930,2024-10-28,0.3307,8.0,0.5827,0.1299,19.0,8.5,6.5,10.0,22.207576839317884,0.9457022171756315,0.04258466486542974,-0.14325404881875925,0.2535983733846436,4.233900948876969
005930,2024-10-29,-0.0917,7.0,0.6139,0.2138,22.0,8.5,6.5,10.0,22.780922196615247,0.9701179370682899,0.04258466486542974,-0.14325404881875925,0.2535983733846436,4.29166721819517
005930,2024-10-30,0.0052,7.0,0.6013,0.1939,21.0,8.5,6.5,10.0,22.589807077516127,0.9619793637707371,0.04258466486542974,-0.14325404881875925,0.2535983733846436,4.272411795089103
005930,2024-10-31,0.0323,7.0,0.8459,0.2395,37.0,8.5,6.5,10.0,22.628030101335952,0.9636070784302476,0.04258466486542974,-0.14325404881875925,0.2535983733846436,4.276262879710316
005930,2024-11-01,0.2468,8.0,0.6306,0.2523,27.0,8.5,6.5,11.0,22.284022886957533,0.9489576464946526,0.04258466486542974,-0.14325404881875925,0.2535983733846436,4.241603118119396
005930,2024-11-02,-0.2527,4.0,0.7437,0.104,2.0,8.5,6.5,11.0,22.284022886957533,0.9489576464946526,0.04258466486542974,-0.14325404881875925,0.2535983733846436,4.241603118119396
005930,2024-11-03,0.3228,7.0,0.6427,0.192,10.0,8.5,6.5,11.0,22.284022886957533,0.9489576464946526,0.04258466486542974,-0.14325404881875925,0.2535983733846436,4.241603118119396
005930,2024-11-04,0.2395,8.0,0.6496,0.2232,20.0,8.5,6.5,11.0,22.43691498223683,0.9554685051326949,0.04258466486542974,-0.14325404881875925,0.2535983733846436,4.257007456604249
005930,2024-11-05,0.3063,8.0,0.566,0.1355,16.0,8.5,6.5,11.0,22.01646172021876,0.9375636438780788,0.04258466486542974,-0.14325404881875925,0.2535983733846436,4.214645525770902
005930,2024-11-06,0.5729,9.0,0.5511,0.183,23.0,8.5,6.5,11.0,21.90179264875929,0.9326804998995472,0.04258466486542974,-0.14325404881875925,0.2535983733846436,4.203092271907262
005930,2024-11-07,0.2811,8.0,0.4853,0.2395,13.0,8.5,6.5,11.0,21.97823869639894,0.9359359292185683,0.04258466486542974,-0.14325404881875925,0.2535983733846436,4.210794441149688
005930,2024-11-08,0.0,3.0,0.0,0.3556,1.0,8.5,6.5,11.0,21.787123577299816,0.9277973559210154,0.04258466486542974,-0.14325404881875925,0.2535983733846436,4.191539018043621
005930,2024-11-09,-0.48,4.0,0.4854,0.202,2.0,8.5,6.5,11.0,21.787123577299816,0.9277973559210154,0.04258466486542974,-0.14325404881875925,0.2535983733846436,4.191539018043621
005930,2024-11-10,0.2259,7.0,0.4138,0.1358,9.0,8.5,6.5,11.0,21.787123577299816,0.9277973559210154,0.04258466486542974,-0.14325404881875925,0.2535983733846436,4.191539018043621
005930,2024-11-11,-0.1269,7.0,0.7531,0.1822,16.0,8.5,6.5,11.0,21.022663100903333,0.8952430627308045,0.04258466486542974,-0.14325404881875925,0.2535983733846436,4.114517325619354
005930,2024-11-12,0.079,7.0,0.7541,0.2697,22.0,8.5,6.5,11.0,20.258202624506847,0.8626887695405934,0.04258466486542974,-0.14325404881875925,0.2535983733846436,4.037495633195086
005930,2024-11-13,-0.3406,8.0,0.5924,0.2117,27.0,8.5,6.5,11.0,19.340850052831065,0.82362361771234,0.04258466486542974,-0.14325404881875925,0.2535983733846436,3.9450696022859653
005930,2024-11-14,-0.22,8.0,0.7529,0.1886,34.0,8.5,6.5,11.0,19.073288886092296,0.8122296150957662,0.04258466486542974,-0.14325404881875925,0.2535983733846436,3.918112009937471
005930,2024-11-15,0.3593,8.0,0.674,0.2509,32.0,8.5,6.5,11.0,20.449317743605967,0.8708273428381461,0.04258466486542974,-0.14325404881875925,0.2535983733846436,4.056751056301153
005930,2024-11-16,0.658,6.0,0.4654,0.3451,3.0,8.5,6.5,11.0,20.449317743605967,0.8708273428381461,0.04258466486542974,-0.14325404881875925,0.2535983733846436,4.056751056301153
005930,2024-11-17,0.3411,6.0,0.7326,0.3041,6.0,8.5,6.5,11.0,20.449317743605967,0.8708273428381461,0.04258466486542974,-0.14325404881875925,0.2535983733846436,4.056751056301153
005930,2024-11-18,0.3914,8.0,0.6411,0.2509,30.0,8.5,6.5,11.0,21.672454505840346,0.9229142119424838,0.04258466486542974,-0.14325404881875925,0.2535983733846436,4.179985764179982
005930,2024-11-19,0.2328,8.0,0.6146,0.2102,28.0,8.5,6.5,11.0,21.519562410561047,0.9164033533044416,0.04258466486542974,-0.14325404881875925,0.2535983733846436,4.164581425695128
005930,2024-11-20,0.2009,8.0,0.7297,0.2344,25.0,8.5,6.5,11.0,21.137332172362804,0.9001262067093361,0.04258466486542974,-0.14325404881875925,0.2535983733846436,4.126070579482994
005930,2024-11-21,0.2173,8.0,0.7017,0.1564,23.0,8.5,6.5,11.0,21.55778543438087,0.9180310679639522,0.04258466486542974,-0.14325404881875925,0.2535983733846436,4.168432510316341
005930,2024-11-22,0.0572,7.0,0.5308,0.1641,18.0,8.5,6.5,11.0,21.404893339101573,0.9115202093259099,0.04258466486542974,-0.14325404881875925,0.2535983733846436,4.153028171831488
005930,2024-11-23,0.0002,3.0,0.0,0.1224,1.0,8.5,6.5,11.0,21.404893339101573,0.9115202093259099,0.04258466486542974,-0.14325404881875925,0.2535983733846436,4.153028171831488
005930,2024-11-24,-0.0949,7.0,0.6909,0.1739,17.0,8.5,6.5,11.0,21.404893339101573,0.9115202093259099,0.04258466486542974,-0.14325404881875925,0.2535983733846436,4.153028171831488
005930,2024-11-25,-0.0245,7.0,0.7464,0.217,28.0,8.5,6.5,11.0,22.131130791678235,0.9424467878566104,0.04258466486542974,-0.14325404881875925,0.2535983733846436,4.226198779634542
005930,2024-11-26,-0.0345,7.0,0.6759,0.158,17.0,8.5,6.5,11.0,22.284022886957533,0.9489576464946526,0.04258466486542974,-0.14325404881875925,0.2535983733846436,4.241603118119396
005930,2024-11-27,-0.1829,8.0,0.5144,0.2251,38.0,8.5,6.5,11.0,21.519562410561047,0.9164033533044416,0.04258466486542974,-0.14325404881875925,0.2535983733846436,4.164581425695128
005930,2024-11-28,-0.081,7.0,0.5009,0.236,31.0,8.5,6.5,11.0,21.213778220002453,0.9033816360283572,0.04258466486542974,-0.14325404881875925,0.2535983733846436,4.133772748725421
005930,2024-11-29,0.0249,7.0,0.3739,0.1345,23.0,8.5,6.5,11.0,20.71687891034474,0.88222134545472,0.04258466486542974,-0.14325404881875925,0.2535983733846436,4.0837086486496466
005930,2024-11-30,-0.4886,4.0,0.4892,0.1176,2.0,8.5,6.5,11.0,20.71687891034474,0.88222134545472,0.04258466486542974,-0.14325404881875925,0.2535983733846436,4.0837086486496466
005930,2024-12-01,0.327,6.0,0.4881,0.1581,8.0,8.5,6.5,12.0,20.71687891034474,0.88222134545472,0.04258466486542974,-0.14325404881875925,0.2535983733846436,4.0837086486496466
005930,2024-12-02,0.2534,8.0,0.663,0.2258,20.0,8.5,6.5,12.0,20.48754076742579,0.8724550574976566,0.04258466486542974,-0.14325404881875925,0.2535983733846436,4.0606021409223665
005930,2024-12-03,-0.3021,8.0,0.6167,0.2652,20.0,8.5,6.5,12.0,20.48754076742579,0.8724550574976566,0.04258466486542974,-0.14325404881875925,0.2535983733846436,4.0606021409223665
005930,2024-12-04,-0.3503,8.0,0.4489,0.1765,13.0,8.5,6.5,12.0,20.29642564832667,0.8643164842001039,0.04258466486542974,-0.14325404881875925,0.2535983733846436,4.0413467178163
005930,2024-12-05,0.2051,8.0,0.661,0.2353,13.0,8.5,6.5,12.0,20.525763791245616,0.8740827721571672,0.04258466486542974,-0.14325404881875925,0.2535983733846436,4.06445322554358
005930,2024-12-06,-0.076,6.0,0.6531,0.2892,11.0,8.5,6.5,12.0,20.678655886524915,0.8805936307952095,0.04258466486542974,-0.14325404881875925,0.2535983733846436,4.079857564028433
005930,2024-12-07,0.2463,5.0,0.3832,0.2036,5.0,8.5,6.5,12.0,20.678655886524915,0.8805936307952095,0.04258466486542974,-0.14325404881875925,0.2535983733846436,4.079857564028433
005930,2024-12-08,0.3374,5.0,0.4684,0.1848,3.0,8.5,6.5,12.0,20.678655886524915,0.8805936307952095,0.04258466486542974,-0.14325404881875925,0.2535983733846436,4.079857564028433
005930,2024-12-09,-0.1872,8.0,0.7258,0.2287,12.0,8.5,6.5,12.0,20.411094719786146,0.8691996281786355,0.04258466486542974,-0.14325404881875925,0.2535983733846436,4.05289997167994
005930,2024-12-10,-0.3057,8.0,0.7364,0.239,13.0,8.5,6.5,12.0,20.64043286270509,0.8789659161356989,0.04258466486542974,-0.14325404881875925,0.2535983733846436,4.07600647940722
005930,2024-12-11,0.0685,7.0,0.6754,0.1867,14.0,8.5,6.5,12.0,20.64043286270509,0.8789659161356989,0.04258466486542974,-0.14325404881875925,0.2535983733846436,4.07600647940722
005930,2024-12-12,-0.0371,7.0,0.7487,0.2137,20.0,8.5,6.5,12.0,21.366670315281752,0.9098924946663994,0.04258466486542974,-0.14325404881875925,0.2535983733846436,4.1491770872102745
005930,2024-12-13,0.5432,9.0,0.6588,0.2131,19.0,8.5,6.5,12.0,21.443116362921398,0.9131479239854204,0.04258466486542974,-0.14325404881875925,0.2535983733846436,4.156879256452702
005930,2024-12-14,,,,,0.0,8.5,6.5,12.0,21.443116362921398,0.9131479239854204,0.04258466486542974,-0.14325404881875925,0.2535983733846436,4.156879256452702
005930,2024-12-15,0.488,5.0,0.4883,0.1826,4.0,8.5,6.5,12.0,21.443116362921398,0.9131479239854204,0.04258466486542974,-0.14325404881875925,0.2535983733846436,4.156879256452702
005930,2024-12-16,0.116,4.0,0.8323,0.1301,5.0,8.5,6.5,12.0,21.252001243822278,0.9050093506878677,0.04258466486542974,-0.14325404881875925,0.2535983733846436,4.137623833346634
005930,2024-12-17,-0.036,7.0,0.6941,0.1764,21.0,8.5,6.5,12.0,20.71687891034474,0.88222134545472,0.04258466486542974,-0.14325404881875925,0.2535983733846436,4.0837086486496466
005930,2024-12-18,0.0957,7.0,0.6995,0.2161,17.0,8.5,6.5,12.0,20.98444007708351,0.8936153480712938,0.04258466486542974,-0.14325404881875925,0.2535983733846436,4.110666240998141
005930,2024-12-19,-0.0884,7.0,0.7585,0.2292,17.0,8.5,6.5,12.0,20.29642564832667,0.8643164842001039,0.04258466486542974,-0.14325404881875925,0.2535983733846436,4.0413467178163
005930,2024-12-20,-0.1084,7.0,0.6877,0.1541,17.0,8.5,6.5,12.0,20.258202624506847,0.8626887695405934,0.04258466486542974,-0.14325404881875925,0.2535983733846436,4.037495633195086
005930,2024-12-21,-0.6907,7.0,0.3979,0.2498,6.0,8.5,6.5,12.0,20.258202624506847,0.8626887695405934,0.04258466486542974,-0.14325404881875925,0.2535983733846436,4.037495633195086
005930,2024-12-22,-0.184,6.0,0.7683,0.3357,8.0,8.5,6.5,12.0,20.258202624506847,0.8626887695405934,0.04258466486542974,-0.14325404881875925,0.2535983733846436,4.037495633195086
005930,2024-12-23,0.4018,5.0,0.489,0.2226,5.0,8.5,6.5,12.0,20.449317743605967,0.8708273428381461,0.04258466486542974,-0.14325404881875925,0.2535983733846436,4.056751056301153
005930,2024-12-24,-0.0794,7.0,0.688,0.1556,21.0,8.5,6.5,12.0,20.793324957984385,0.8854767747737411,0.04258466486542974,-0.14325404881875925,0.2535983733846436,4.091410817892074
005930,2024-12-25,0.6662,6.0,0.4711,0.2412,3.0,8.5,6.5,12.0,20.793324957984385,0.8854767747737411,0.04258466486542974,-0.14325404881875925,0.2535983733846436,4.091410817892074
005930,2024-12-26,-0.169,8.0,0.6601,0.2257,18.0,8.5,6.5,12.0,20.48754076742579,0.8724550574976566,0.04258466486542974,-0.14325404881875925,0.2535983733846436,4.0606021409223665
005930,2024-12-27,0.2531,8.0,0.5797,0.1787,12.0,8.5,6.5,12.0,20.525763791245616,0.8740827721571672,0.04258466486542974,-0.14325404881875925,0.2535983733846436,4.06445322554358
005930,2024-12-28,0.1454,3.0,0.1448,0.2024,2.0,8.5,6.5,12.0,20.525763791245616,0.8740827721571672,0.04258466486542974,-0.14325404881875925,0.2535983733846436,4.06445322554358
005930,2024-12-29,0.7488,6.0,0.4303,0.1948,4.0,8.5,6.5,12.0,20.525763791245616,0.8740827721571672,0.04258466486542974,-0.14325404881875925,0.2535983733846436,4.06445322554358
005930,2024-12-30,0.1922,5.0,0.7452,0.2889,5.0,8.5,6.5,12.0,20.334648672146496,0.8659441988596145,0.04258466486542974,-0.14325404881875925,0.2535983733846436,4.045197802437513
005930,2024-12-31,0.3998,8.0,0.6307,0.1607,16.0,8.5,6.5,12.0,20.334648672146496,0.8659441988596145,0.04258466486542974,-0.14325404881875925,0.2535983733846436,4.045197802437513
005930,2025-01-01,0.4296,6.0,0.4937,0.231,7.0,8.5,6.5,13.0,20.334648672146496,0.8659441988596145,0.04258466486542974,-0.14325404881875925,0.2535983733846436,4.045197802437513
005930,2025-01-02,0.1285,7.0,0.786,0.253,25.0,8.5,6.5,13.0,20.411094719786146,0.8691996281786355,0.04258466486542974,-0.14325404881875925,0.2535983733846436,4.05289997167994
005930,2025-01-03,0.1804,8.0,0.5598,0.3102,16.0,8.5,6.5,13.0,20.793324957984385,0.8854767747737411,0.04258466486542974,-0.14325404881875925,0.2535983733846436,4.091410817892074
005930,2025-01-04,-0.14,4.0,0.5651,0.2709,5.0,8.5,6.5,13.0,20.793324957984385,0.8854767747737411,0.04258466486542974,-0.14325404881875925,0.2535983733846436,4.091410817892074
005930,2025-01-05,0.0762,5.0,0.457,0.2247,8.0,8.5,6.5,13.0,20.793324957984385,0.8854767747737411,0.04258466486542974,-0.14325404881875925,0.2535983733846436,4.091410817892074
005930,2025-01-06,-0.0453,7.0,0.7458,0.2316,28.0,8.5,6.5,13.0,21.366670315281752,0.9098924946663994,0.04258466486542974,-0.14325404881875925,0.2535983733846436,4.1491770872102745
005930,2025-01-07,0.1133,7.0,0.5437,0.3054,19.0,8.5,6.5,13.0,21.17555519618263,0.9017539213688466,0.04258466486542974,-0.14325404881875925,0.2535983733846436,4.129921664104208
005930,2025-01-08,-0.0907,7.0,0.6747,0.2592,36.0,8.5,6.5,13.0,21.90179264875929,0.9326804998995472,0.04258466486542974,-0.14325404881875925,0.2535983733846436,4.203092271907262
005930,2025-01-09,0.2396,8.0,0.5991,0.2099,30.0,8.5,6.5,13.0,21.443116362921398,0.9131479239854204,0.04258466486542974,-0.14325404881875925,0.2535983733846436,4.156879256452702
005930,2025-01-10,0.3319,5.0,0.4097,0.166,4.0,8.5,6.5,13.0,21.137332172362804,0.9001262067093361,0.04258466486542974,-0.14325404881875925,0.2535983733846436,4.126070579482994
005930,2025-01-11,-0.0083,3.0,0.0,0.1915,1.0,8.5,6.5,13.0,21.137332172362804,0.9001262067093361,0.04258466486542974,-0.14325404881875925,0.2535983733846436,4.126070579482994
005930,2025-01-12,0.1331,5.0,0.4968,0.1808,6.0,8.5,6.5,13.0,21.137332172362804,0.9001262067093361,0.04258466486542974,-0.14325404881875925,0.2535983733846436,4.126070579482994
005930,2025-01-13,0.14,6.0,0.5218,0.1117,9.0,8.5,6.5,13.0,20.678655886524915,0.8805936307952095,0.04258466486542974,-0.14325404881875925,0.2535983733846436,4.079857564028433
005930,2025-01-14,0.2456,8.0,0.7125,0.2049,12.0,8.5,6.5,13.0,20.602209838885265,0.8773382014761884,0.04258466486542974,-0.14325404881875925,0.2535983733846436,4.072155394786007
005930,2025-01-15,0.053,7.0,0.5714,0.245,20.0,8.5,6.5,13.0,20.525763791245616,0.8740827721571672,0.04258466486542974,-0.14325404881875925,0.2535983733846436,4.06445322554358
005930,2025-01-16,0.4402,6.0,0.5545,0.2103,8.0,8.5,6.5,13.0,20.755101934164564,0.8838490601142305,0.04258466486542974,-0.14325404881875925,0.2535983733846436,4.087559733270861
005930,2025-01-17,0.0109,7.0,0.6493,0.1631,13.0,8.5,6.5,13.0,20.525763791245616,0.8740827721571672,0.04258466486542974,-0.14325404881875925,0.2535983733846436,4.06445322554358
005930,2025-01-18,-0.0,3.0,0.0,0.1822,2.0,8.5,6.5,13.0,20.525763791245616,0.8740827721571672,0.04258466486542974,-0.14325404881875925,0.2535983733846436,4.06445322554358
005930,2025-01-19,-0.088,7.0,0.6095,0.1796,16.0,8.5,6.5,13.0,20.525763791245616,0.8740827721571672,0.04258466486542974,-0.14325404881875925,0.2535983733846436,4.06445322554358
005930,2025-01-20,0.2164,6.0,0.7996,0.2055,8.0,8.5,6.5,13.0,20.411094719786146,0.8691996281786355,0.04258466486542974,-0.14325404881875925,0.2535983733846436,4.05289997167994
005930,2025-01-21,0.2356,6.0,0.8127,0.2579,8.0,8.5,6.5,13.0,20.449317743605967,0.8708273428381461,0.04258466486542974,-0.14325404881875925,0.2535983733846436,4.056751056301153
005930,2025-01-22,0.0254,7.0,0.4919,0.2609,13.0,8.5,6.5,13.0,20.755101934164564,0.8838490601142305,0.04258466486542974,-0.14325404881875925,0.2535983733846436,4.087559733270861
005930,2025-01-23,0.2061,8.0,0.6497,0.1967,32.0,8.5,6.5,13.0,20.525763791245616,0.8740827721571672,0.04258466486542974,-0.14325404881875925,0.2535983733846436,4.06445322554358
005930,2025-01-24,-0.1445,7.0,0.576,0.2261,18.0,8.5,6.5,13.0,20.525763791245616,0.8740827721571672,0.04258466486542974,-0.14325404881875925,0.2535983733846436,4.06445322554358
005930,2025-01-25,-0.4477,4.0,0.4468,0.4026,2.0,8.5,6.5,13.0,20.525763791245616,0.8740827721571672,0.04258466486542974,-0.14325404881875925,0.2535983733846436,4.06445322554358
005930,2025-01-26,0.3981,7.0,0.4898,0.1931,10.0,8.5,6.5,13.0,20.525763791245616,0.8740827721571672,0.04258466486542974,-0.14325404881875925,0.2535983733846436,4.06445322554358
005930,2025-01-27,0.2582,4.0,0.7415,0.2555,2.0,8.5,6.5,13.0,20.525763791245616,0.8740827721571672,0.04258466486542974,-0.14325404881875925,0.2535983733846436,4.06445322554358
005930,2025-01-28,0.4882,4.0,0.4883,0.302,2.0,8.5,6.5,13.0,20.525763791245616,0.8740827721571672,0.04258466486542974,-0.14325404881875925,0.2535983733846436,4.06445322554358
005930,2025-01-29,-0.491,6.0,0.4824,0.2055,6.0,8.5,6.5,13.0,20.525763791245616,0.8740827721571672,0.04258466486542974,-0.14325404881875925,0.2535983733846436,4.06445322554358
005930,2025-01-30,-0.2669,8.0,0.5349,0.2464,15.0,8.5,6.5,13.0,20.525763791245616,0.8740827721571672,0.04258466486542974,-0.14325404881875925,0.2535983733846436,4.06445322554358
005930,2025-01-31,0.0875,7.0,0.791,0.2625,23.0,8.5,6.5,13.0,20.028864481587902,0.85292248158353,0.04258466486542974,-0.14325404881875925,0.2535983733846436,4.0143891254678055
005930,2025-02-01,0.0026,4.0,0.0041,0.1842,3.0,8.5,6.5,14.0,20.028864481587902,0.85292248158353,0.04258466486542974,-0.14325404881875925,0.2535983733846436,4.0143891254678055
005930,2025-02-02,-0.1249,5.0,0.9267,0.191,8.0,8.5,6.5,14.0,20.028864481587902,0.85292248158353,0.04258466486542974,-0.14325404881875925,0.2535983733846436,4.0143891254678055
005930,2025-02-03,-0.7755,9.0,0.4612,0.2676,42.0,8.5,6.5,14.0,19.493742148110364,0.8301344763503823,0.04258466486542974,-0.14325404881875925,0.2535983733846436,3.960473940770819
005930,2025-02-04,0.0868,7.0,0.5768,0.2278,47.0,8.5,6.5,14.0,20.143533553047373,0.8578056255620616,0.04258466486542974,-0.14325404881875925,0.2535983733846436,4.025942379331446
005930,2025-02-05,0.212,8.0,0.7109,0.271,28.0,8.5,6.5,14.0,20.219979600687022,0.8610610548810828,0.04258466486542974,-0.14325404881875925,0.2535983733846436,4.033644548573872
005930,2025-02-06,-0.2299,8.0,0.749,0.2105,20.0,8.5,6.5,14.0,20.64043286270509,0.8789659161356989,0.04258466486542974,-0.14325404881875925,0.2535983733846436,4.07600647940722
005930,2025-02-07,-0.0683,7.0,0.8294,0.3265,26.0,8.5,6.5,14.0,20.525763791245616,0.8740827721571672,0.04258466486542974,-0.14325404881875925,0.2535983733846436,4.06445322554358
005930,2025-02-08,,,,,0.0,8.5,6.5,14.0,20.525763791245616,0.8740827721571672,0.04258466486542974,-0.14325404881875925,0.2535983733846436,4.06445322554358
005930,2025-02-09,-0.0036,7.0,0.7258,0.1774,15.0,8.5,6.5,14.0,20.525763791245616,0.8740827721571672,0.04258466486542974,-0.14325404881875925,0.2535983733846436,4.06445322554358
005930,2025-02-10,0.3607,8.0,0.6849,0.2283,18.0,8.5,6.5,14.0,21.252001243822278,0.9050093506878677,0.04258466486542974,-0.14325404881875925,0.2535983733846436,4.137623833346634
005930,2025-02-11,0.4181,8.0,0.56,0.2158,24.0,8.5,6.5,14.0,21.290224267642103,0.9066370653473783,0.04258466486542974,-0.14325404881875925,0.2535983733846436,4.141474917967848
005930,2025-02-12,0.2954,8.0,0.6012,0.226,17.0,8.5,6.5,14.0,21.328447291461927,0.9082647800068888,0.04258466486542974,-0.14325404881875925,0.2535983733846436,4.145326002589061
005930,2025-02-13,0.0044,7.0,0.5148,0.2047,15.0,8.5,6.5,14.0,21.328447291461927,0.9082647800068888,0.04258466486542974,-0.14325404881875925,0.2535983733846436,4.145326002589061
005930,2025-02-14,0.1182,7.0,0.6138,0.2533,22.0,8.5,6.5,14.0,21.404893339101573,0.9115202093259099,0.04258466486542974,-0.14325404881875925,0.2535983733846436,4.153028171831488
005930,2025-02-15,-0.1076,3.0,0.0,0.2766,1.0,8.5,6.5,14.0,21.404893339101573,0.9115202093259099,0.04258466486542974,-0.14325404881875925,0.2535983733846436,4.153028171831488
005930,2025-02-16,-0.0378,4.0,0.6968,0.2069,4.0,8.5,6.5,14.0,21.404893339101573,0.9115202093259099,0.04258466486542974,-0.14325404881875925,0.2535983733846436,4.153028171831488
005930,2025-02-17,0.3111,7.0,0.3995,0.211,11.0,8.5,6.5,14.0,21.404893339101573,0.9115202093259099,0.04258466486542974,-0.14325404881875925,0.2535983733846436,4.153028171831488
005930,2025-02-18,0.3982,8.0,0.697,0.1817,33.0,8.5,6.5,14.0,21.74890055347999,0.9261696412615049,0.04258466486542974,-0.14325404881875925,0.2535983733846436,4.187687933422408
005930,2025-02-19,0.1872,8.0,0.5505,0.203,22.0,8.5,6.5,14.0,22.43691498223683,0.9554685051326949,0.04258466486542974,-0.14325404881875925,0.2535983733846436,4.257007456604249
005930,2025-02-20,0.3516,8.0,0.4103,0.1732,17.0,8.5,6.5,14.0,22.322245910777355,0.9505853611541633,0.04258466486542974,-0.14325404881875925,0.2535983733846436,4.24545420274061
005930,2025-02-21,0.0647,7.0,0.3734,0.2334,13.0,8.5,6.5,14.0,22.24579986313771,0.9473299318351421,0.04258466486542974,-0.14325404881875925,0.2535983733846436,4.237752033498182
005930,2025-02-22,0.0022,3.0,0.0022,0.0951,2.0,8.5,6.5,14.0,22.24579986313771,0.9473299318351421,0.04258466486542974,-0.14325404881875925,0.2535983733846436,4.237752033498182
005930,2025-02-23,0.5965,7.0,0.669,0.1505,8.0,8.5,6.5,14.0,22.24579986313771,0.9473299318351421,0.04258466486542974,-0.14325404881875925,0.2535983733846436,4.237752033498182
005930,2025-02-24,0.3588,7.0,0.568,0.2381,11.0,8.5,6.5,14.0,21.90179264875929,0.9326804998995472,0.04258466486542974,-0.14325404881875925,0.2535983733846436,4.203092271907262
005930,2025-02-25,0.2567,8.0,0.6295,0.3088,17.0,8.5,6.5,14.0,21.863569624939466,0.9310527852400365,0.04258466486542974,-0.14325404881875925,0.2535983733846436,4.199241187286049
005930,2025-02-26,0.5783,9.0,0.6455,0.1526,14.0,8.5,6.5,14.0,21.63423148202052,0.9212864972829733,0.04258466486542974,-0.14325404881875925,0.2535983733846436,4.176134679558769
005930,2025-02-27,0.4254,8.0,0.4851,0.2235,12.0,8.5,6.5,14.0,21.519562410561047,0.9164033533044416,0.04258466486542974,-0.14325404881875925,0.2535983733846436,4.164581425695128
005930,2025-02-28,0.3413,7.0,0.7535,0.2122,11.0,8.5,6.5,14.0,20.83154798180421,0.8871044894332516,0.04258466486542974,-0.14325404881875925,0.2535983733846436,4.095261902513287
005930,2025-03-01,0.002,4.0,0.0028,0.2812,3.0,8.5,6.5,15.0,20.83154798180421,0.8871044894332516,0.04258466486542974,-0.14325404881875925,0.2535983733846436,4.095261902513287
005930,2025-03-02,0.3086,6.0,0.7547,0.1887,6.0,8.5,6.5,15.0,20.83154798180421,0.8871044894332516,0.04258466486542974,-0.14325404881875925,0.2535983733846436,4.095261902513287
005930,2025-03-03,0.2809,8.0,0.5472,0.2472,15.0,8.5,6.5,15.0,20.83154798180421,0.8871044894332516,0.04258466486542974,-0.14325404881875925,0.2535983733846436,4.095261902513287
005930,2025-03-04,-0.1447,7.0,0.5428,0.2325,34.0,8.5,6.5,15.0,20.83154798180421,0.8871044894332516,0.04258466486542974,-0.14325404881875925,0.2535983733846436,4.095261902513287
005930,2025-03-05,0.1932,8.0,0.7494,0.2288,22.0,8.5,6.5,15.0,20.64043286270509,0.8789659161356989,0.04258466486542974,-0.14325404881875925,0.2535983733846436,4.07600647940722
005930,2025-03-06,0.2357,8.0,0.6756,0.2281,21.0,8.5,6.5,15.0,20.755101934164564,0.8838490601142305,0.04258466486542974,-0.14325404881875925,0.2535983733846436,4.087559733270861
005930,2025-03-07,0.3028,6.0,0.6686,0.1984,7.0,8.5,6.5,15.0,20.525763791245616,0.8740827721571672,0.04258466486542974,-0.14325404881875925,0.2535983733846436,4.06445322554358
005930,2025-03-08,-0.0628,4.0,0.0885,0.1763,3.0,8.5,6.5,15.0,20.525763791245616,0.8740827721571672,0.04258466486542974,-0.14325404881875925,0.2535983733846436,4.06445322554358
005930,2025-03-09,-0.0016,6.0,0.3511,0.1949,9.0,8.5,6.5,15.0,20.525763791245616,0.8740827721571672,0.04258466486542974,-0.14325404881875925,0.2535983733846436,4.06445322554358
005930,2025-03-10,0.1742,8.0,0.6871,0.2121,15.0,8.5,6.5,15.0,20.525763791245616,0.8740827721571672,0.04258466486542974,-0.14325404881875925,0.2535983733846436,4.06445322554358
005930,2025-03-11,0.1438,7.0,0.7449,0.2199,25.0,8.5,6.5,15.0,20.48754076742579,0.8724550574976566,0.04258466486542974,-0.14325404881875925,0.2535983733846436,4.0606021409223665
005930,2025-03-12,0.3075,8.0,0.68,0.2232,31.0,8.5,6.5,15.0,20.98444007708351,0.8936153480712938,0.04258466486542974,-0.14325404881875925,0.2535983733846436,4.110666240998141
005930,2025-03-13,0.3833,8.0,0.6819,0.1976,18.0,8.5,6.5,15.0,20.90799402944386,0.8903599187522727,0.04258466486542974,-0.14325404881875925,0.2535983733846436,4.102964071755713
005930,2025-03-14,0.1236,5.0,0.3312,0.1502,8.0,8.5,6.5,15.0,20.90799402944386,0.8903599187522727,0.04258466486542974,-0.14325404881875925,0.2535983733846436,4.102964071755713
005930,2025-03-15,-0.0293,3.0,0.0291,0.227,2.0,8.5,6.5,15.0,20.90799402944386,0.8903599187522727,0.04258466486542974,-0.14325404881875925,0.2535983733846436,4.102964071755713
005930,2025-03-16,0.4499,7.0,0.6536,0.1776,9.0,8.5,6.5,15.0,20.90799402944386,0.8903599187522727,0.04258466486542974,-0.14325404881875925,0.2535983733846436,4.102964071755713
005930,2025-03-17,0.2845,8.0,0.6442,0.1939,29.0,8.5,6.5,15.0,22.01646172021876,0.9375636438780788,0.04258466486542974,-0.14325404881875925,0.2535983733846436,4.214645525770902
005930,2025-03-18,0.3342,8.0,0.5082,0.2197,34.0,8.5,6.5,15.0,22.01646172021876,0.9375636438780788,0.04258466486542974,-0.14325404881875925,0.2535983733846436,4.214645525770902
005930,2025-03-19,0.1125,7.0,0.615,0.2076,26.0,8.5,6.5,15.0,22.36046893459718,0.9522130758136738,0.04258466486542974,-0.14325404881875925,0.2535983733846436,4.249305287361823
005930,2025-03-20,0.207,8.0,0.4548,0.1791,38.0,8.5,6.5,15.0,23.01026033953419,0.9798842250253532,0.04258466486542974,-0.14325404881875925,0.2535983733846436,4.31477372592245
005930,2025-03-21,0.0865,7.0,0.6903,0.2365,19.0,8.5,4.5,15.0,23.583605696831555,1.0042999449180114,0.04258466486542974,-0.14325404881875925,0.2535983733846436,4.372539995240651
005930,2025-03-22,0.2314,5.0,0.4411,0.3281,4.0,8.5,4.5,15.0,23.583605696831555,1.0042999449180114,0.04258466486542974,-0.14325404881875925,0.2535983733846436,4.372539995240651
005930,2025-03-23,0.1269,7.0,0.4705,0.1875,16.0,8.5,4.5,15.0,23.583605696831555,1.0042999449180114,0.04258466486542974,-0.14325404881875925,0.2535983733846436,4.372539995240651
005930,2025-03-24,0.0043,7.0,0.5478,0.2572,18.0,8.5,6.5,15.0,23.124929410993666,0.9847673690038848,0.04258466486542974,-0.14325404881875925,0.2535983733846436,4.32632697978609
005930,2025-03-25,-0.2155,8.0,0.4981,0.2282,23.0,8.5,6.5,15.0,22.857368244254896,0.973373366387311,0.04258466486542974,-0.14325404881875925,0.2535983733846436,4.299369387437596
005930,2025-03-26,0.3576,8.0,0.699,0.2313,12.0,8.5,6.5,15.0,23.468936625372084,0.9994168009394798,0.04258466486542974,-0.14325404881875925,0.2535983733846436,4.360986741377011
005930,2025-03-27,0.0831,6.0,0.8433,0.1988,9.0,8.5,4.5,15.0,23.62182872065138,1.005927659577522,0.04258466486542974,-0.14325404881875925,0.2535983733846436,4.376391079861865
005930,2025-03-28,-0.0616,7.0,0.6295,0.1905,22.0,8.5,6.5,15.0,23.01026033953419,0.9798842250253532,0.04258466486542974,-0.14325404881875925,0.2535983733846436,4.31477372592245
005930,2025-03-29,-0.1088,4.0,0.18,0.4198,3.0,8.5,6.5,15.0,23.01026033953419,0.9798842250253532,0.04258466486542974,-0.14325404881875925,0.2535983733846436,4.31477372592245
005930,2025-03-30,0.2007,8.0,0.367,0.1793,13.0,8.5,6.5,15.0,23.01026033953419,0.9798842250253532,0.04258466486542974,-0.14325404881875925,0.2535983733846436,4.31477372592245
005930,2025-03-31,0.0595,7.0,0.6969,0.1928,18.0,8.5,6.5,15.0,22.09290776785841,0.9408190731970999,0.04258466486542974,-0.14325404881875925,0.2535983733846436,4.222347695013329
005930,2025-04-01,0.3555,8.0,0.5427,0.138,26.0,9.25,8.33,4.0,10.103368945200437,0.8654439900160139,0.08565895145570622,0.16195311176612967,0.27931897811908624,3.973720124401073
005930,2025-04-02,0.1069,7.0,0.6373,0.2352,26.0,9.25,8.33,4.0,10.103368945200437,0.8654439900160139,0.08565895145570622,0.16195311176612967,0.27931897811908624,3.973720124401073
005930,2025-04-03,0.2772,8.0,0.7971,0.2047,15.0,9.25,8.33,4.0,9.897177742237163,0.8477818677707891,0.08565895145570622,0.16195311176612967,0.27931897811908624,3.935780441897234
005930,2025-04-04,-0.1847,8.0,0.6279,0.2019,14.0,9.25,8.33,4.0,9.63943873853307,0.8257042149642582,0.08565895145570622,0.16195311176612967,0.27931897811908624,3.8883558387674353
005930,2025-04-05,,,,,0.0,9.25,8.33,4.0,9.63943873853307,0.8257042149642582,0.08565895145570622,0.16195311176612967,0.27931897811908624,3.8883558387674353
005930,2025-04-06,0.3977,8.0,0.7082,0.2087,15.0,9.25,8.33,4.0,9.63943873853307,0.8257042149642582,0.08565895145570622,0.16195311176612967,0.27931897811908624,3.8883558387674353
005930,2025-04-07,0.0341,6.0,0.7367,0.2331,10.0,9.25,8.33,4.0,9.141143331371824,0.7830207528716316,0.08565895145570622,0.16195311176612967,0.27931897811908624,3.7966682727164915
005930,2025-04-08,0.2873,8.0,0.693,0.3189,28.0,9.25,8.33,4.0,9.192691132112643,0.7874362834329378,0.08565895145570622,0.16195311176612967,0.27931897811908624,3.806153193342451
005930,2025-04-09,0.0757,7.0,0.707,0.2766,19.0,9.25,8.33,4.0,9.106778130877945,0.7800770658307609,0.08565895145570622,0.16195311176612967,0.27931897811908624,3.7903449922991848
005930,2025-04-10,0.2192,8.0,0.5399,0.2408,14.0,9.25,8.33,4.0,9.690986539273888,0.8301197455255644,0.08565895145570622,0.16195311176612967,0.27931897811908624,3.8978407593933952
005930,2025-04-11,0.2389,8.0,0.6448,0.2047,17.0,9.25,8.33,4.0,9.484795336310615,0.8124576232803397,0.08565895145570622,0.16195311176612967,0.27931897811908624,3.8599010768895563
005930,2025-04-12,-0.9964,6.0,0.0,0.05,1.0,9.25,8.33,4.0,9.484795336310615,0.8124576232803397,0.08565895145570622,0.16195311176612967,0.27931897811908624,3.8599010768895563
005930,2025-04-13,-0.365,6.0,0.686,0.3268,8.0,9.25,8.33,4.0,9.484795336310615,0.8124576232803397,0.08565895145570622,0.16195311176612967,0.27931897811908624,3.8599010768895563
005930,2025-04-14,0.0188,6.0,0.8253,0.1585,11.0,9.25,8.33,4.0,9.65662133878001,0.8271760584846936,0.08565895145570622,0.16195311176612967,0.27931897811908624,3.891517478976089
005930,2025-04-15,0.162,7.0,0.4389,0.2,15.0,9.25,8.33,4.0,9.725351739767767,0.8330634325664352,0.08565895145570622,0.16195311176612967,0.27931897811908624,3.9041640398107016
005930,2025-04-16,-0.0017,7.0,0.7557,0.3218,14.0,9.25,8.33,4.0,9.398882335075918,0.8050984056781626,0.08565895145570622,0.16195311176612967,0.27931897811908624,3.84409287584629
005930,2025-04-17,0.4989,8.0,0.4773,0.2476,13.0,9.25,8.33,4.0,9.467612736063675,0.8109857797599043,0.08565895145570622,0.16195311176612967,0.27931897811908624,3.8567394366809027
005930,2025-04-18,0.3263,6.0,0.4766,0.1872,6.0,9.25,8.33,4.0,9.501977936557553,0.813929466800775,0.08565895145570622,0.16195311176612967,0.27931897811908624,3.8630627170982095
005930,2025-04-19,0.3298,5.0,0.3986,0.1782,4.0,9.25,8.33,4.0,9.501977936557553,0.813929466800775,0.08565895145570622,0.16195311176612967,0.27931897811908624,3.8630627170982095
005930,2025-04-20,-0.0024,4.0,0.0049,0.1628,5.0,9.25,8.33,4.0,9.501977936557553,0.813929466800775,0.08565895145570622,0.16195311176612967,0.27931897811908624,3.8630627170982095
005930,2025-04-21,-0.002,7.0,0.5769,0.1652,12.0,9.25,8.33,4.0,9.519160536804494,0.8154013103212104,0.08565895145570622,0.16195311176612967,0.27931897811908624,3.8662243573068626
005930,2025-04-22,-0.0362,5.0,0.6098,0.1742,8.0,9.25,8.33,4.0,9.450430135816735,0.8095139362394689,0.08565895145570622,0.16195311176612967,0.27931897811908624,3.85357779647225
005930,2025-04-23,0.2351,7.0,0.5353,0.146,9.0,9.25,8.33,4.0,9.570708337545312,0.8198168408825166,0.08565895145570622,0.16195311176612967,0.27931897811908624,3.8757092779328226
005930,2025-04-24,0.5466,8.0,0.489,0.1662,9.0,9.25,8.33,4.0,9.570708337545312,0.8198168408825166,0.08565895145570622,0.16195311176612967,0.27931897811908624,3.8757092779328226
005930,2025-04-25,0.2782,6.0,0.7029,0.1983,7.0,9.25,8.33,4.0,9.570708337545312,0.8198168408825166,0.08565895145570622,0.16195311176612967,0.27931897811908624,3.8757092779328226
005930,2025-04-26,0.9998,6.0,0.0,0.2075,1.0,9.25,8.33,4.0,9.570708337545312,0.8198168408825166,0.08565895145570622,0.16195311176612967,0.27931897811908624,3.8757092779328226
005930,2025-04-27,0.2255,8.0,0.4129,0.1673,13.0,9.25,8.33,4.0,9.570708337545312,0.8198168408825166,0.08565895145570622,0.16195311176612967,0.27931897811908624,3.8757092779328226
005930,2025-04-28,0.3241,8.0,0.6401,0.1761,21.0,9.25,8.33,4.0,9.58789093779225,0.821288684402952,0.08565895145570622,0.16195311176612967,0.27931897811908624,3.8788709181414753
005930,2025-04-29,0.4523,7.0,0.4823,0.1716,11.0,9.25,8.33,4.0,9.58789093779225,0.821288684402952,0.08565895145570622,0.16195311176612967,0.27931897811908624,3.8788709181414753
005930,2025-04-30,0.5075,9.0,0.6449,0.2151,20.0,9.25,8.33,4.0,9.536343137051434,0.8168731538416458,0.08565895145570622,0.16195311176612967,0.27931897811908624,3.8693859975155163
005930,2025-05-01,0.03,7.0,0.2417,0.1846,14.0,9.25,8.33,5.0,9.536343137051434,0.8168731538416458,0.08565895145570622,0.16195311176612967,0.27931897811908624,3.8693859975155163
005930,2025-05-02,-0.3713,6.0,0.6964,0.2972,8.0,9.25,8.33,5.0,9.330151934088159,0.799211031596421,0.08565895145570622,0.16195311176612967,0.27931897811908624,3.831446315011677
005930,2025-05-03,-0.0036,4.0,0.8067,0.1949,3.0,9.25,8.33,5.0,9.330151934088159,0.799211031596421,0.08565895145570622,0.16195311176612967,0.27931897811908624,3.831446315011677
005930,2025-05-04,0.3325,6.0,0.745,0.183,6.0,9.25,8.33,5.0,9.330151934088159,0.799211031596421,0.08565895145570622,0.16195311176612967,0.27931897811908624,3.831446315011677
005930,2025-05-05,0.2349,6.0,0.5791,0.3136,6.0,9.25,8.33,5.0,9.330151934088159,0.799211031596421,0.08565895145570622,0.16195311176612967,0.27931897811908624,3.831446315011677
005930,2025-05-06,0.3311,5.0,0.4682,0.1781,3.0,9.25,8.33,5.0,9.330151934088159,0.799211031596421,0.08565895145570622,0.16195311176612967,0.27931897811908624,3.831446315011677
005930,2025-05-07,0.5084,9.0,0.495,0.1694,19.0,9.25,8.33,5.0,9.381699734828977,0.8036265621577272,0.08565895145570622,0.16195311176612967,0.27931897811908624,3.840931235637637
005930,2025-05-08,0.3805,8.0,0.5497,0.2209,28.0,9.25,8.33,5.0,9.381699734828977,0.8036265621577272,0.08565895145570622,0.16195311176612967,0.27931897811908624,3.840931235637637
005930,2025-05-09,0.6387,9.0,0.4486,0.2121,12.0,9.25,8.33,5.0,9.416064935322856,0.806570249198598,0.08565895145570622,0.16195311176612967,0.27931897811908624,3.847254516054943
005930,2025-05-10,-0.0971,4.0,0.1374,0.307,3.0,9.25,8.33,5.0,9.416064935322856,0.806570249198598,0.08565895145570622,0.16195311176612967,0.27931897811908624,3.847254516054943
005930,2025-05-11,0.3316,7.0,0.6638,0.1684,9.0,9.25,8.33,5.0,9.416064935322856,0.806570249198598,0.08565895145570622,0.16195311176612967,0.27931897811908624,3.847254516054943
005930,2025-05-12,0.4955,6.0,0.4311,0.1889,7.0,9.25,8.33,5.0,9.897177742237163,0.8477818677707891,0.08565895145570622,0.16195311176612967,0.27931897811908624,3.935780441897234
005930,2025-05-13,0.4431,8.0,0.6248,0.1858,16.0,9.25,8.33,5.0,9.776899540508586,0.8374789631277414,0.08565895145570622,0.16195311176612967,0.27931897811908624,3.9136489604366616
005930,2025-05-14,0.422,8.0,0.531,0.2527,30.0,9.25,8.33,5.0,9.862812541743283,0.8448381807299183,0.08565895145570622,0.16195311176612967,0.27931897811908624,3.929457161479928
005930,2025-05-15,0.4814,8.0,0.5795,0.2586,20.0,9.25,8.33,5.0,9.845629941496345,0.843366337209483,0.08565895145570622,0.16195311176612967,0.27931897811908624,3.9262955212712742
005930,2025-05-16,0.3149,6.0,0.6528,0.2085,8.0,9.25,8.33,5.0,9.759716940261647,0.836007119607306,0.08565895145570622,0.16195311176612967,0.27931897811908624,3.9104873202280084
005930,2025-05-17,-0.0,3.0,0.0,0.0638,1.0,9.25,8.33,5.0,9.759716940261647,0.836007119607306,0.08565895145570622,0.16195311176612967,0.27931897811908624,3.9104873202280084
005930,2025-05-18,-0.249,5.0,0.4334,0.1281,4.0,9.25,8.33,5.0,9.759716940261647,0.836007119607306,0.08565895145570622,0.16195311176612967,0.27931897811908624,3.9104873202280084
005930,2025-05-19,-0.0671,7.0,0.6456,0.1876,17.0,9.25,8.33,5.0,9.58789093779225,0.821288684402952,0.08565895145570622,0.16195311176612967,0.27931897811908624,3.8788709181414753
005930,2025-05-20,-0.1388,7.0,0.6083,0.2054,16.0,9.25,8.33,5.0,9.605073538039191,0.8227605279233874,0.08565895145570622,0.16195311176612967,0.27931897811908624,3.882032558350129
005930,2025-05-21,0.1451,7.0,0.6068,0.1844,20.0,9.25,8.33,5.0,9.570708337545312,0.8198168408825166,0.08565895145570622,0.16195311176612967,0.27931897811908624,3.8757092779328226
005930,2025-05-22,0.347,8.0,0.6544,0.2677,13.0,9.25,8.33,5.0,9.398882335075918,0.8050984056781626,0.08565895145570622,0.16195311176612967,0.27931897811908624,3.84409287584629
005930,2025-05-23,0.3904,8.0,0.6043,0.1748,12.0,9.25,8.33,5.0,9.312969333841218,0.7977391880759857,0.08565895145570622,0.16195311176612967,0.27931897811908624,3.8282846748030237
005930,2025-05-24,-0.4555,4.0,0.4553,0.2828,2.0,9.25,8.33,5.0,9.312969333841218,0.7977391880759857,0.08565895145570622,0.16195311176612967,0.27931897811908624,3.8282846748030237
005930,2025-05-25,0.0669,5.0,0.171,0.1708,8.0,9.25,8.33,5.0,9.312969333841218,0.7977391880759857,0.08565895145570622,0.16195311176612967,0.27931897811908624,3.8282846748030237
005930,2025-05-26,0.3462,8.0,0.636,0.2054,21.0,9.25,8.33,5.0,9.398882335075918,0.8050984056781626,0.08565895145570622,0.16195311176612967,0.27931897811908624,3.84409287584629
005930,2025-05-27,0.2259,8.0,0.6125,0.1485,16.0,9.25,8.33,5.0,9.2614215331004,0.7933236575146795,0.08565895145570622,0.16195311176612967,0.27931897811908624,3.818799754177064
005930,2025-05-28,0.477,8.0,0.4719,0.2283,22.0,9.25,8.33,5.0,9.605073538039191,0.8227605279233874,0.08565895145570622,0.16195311176612967,0.27931897811908624,3.882032558350129
005930,2025-05-29,0.359,7.0,0.4213,0.1704,9.0,9.25,8.33,5.0,9.63943873853307,0.8257042149642582,0.08565895145570622,0.16195311176612967,0.27931897811908624,3.8883558387674353
005930,2025-05-30,0.2521,8.0,0.5372,0.1741,13.0,9.25,8.33,5.0,9.65662133878001,0.8271760584846936,0.08565895145570622,0.16195311176612967,0.27931897811908624,3.891517478976089
005930,2025-05-31,0.0613,4.0,0.0867,0.1144,3.0,9.25,8.33,5.0,9.65662133878001,0.8271760584846936,0.08565895145570622,0.16195311176612967,0.27931897811908624,3.891517478976089
005930,2025-06-01,-0.0415,4.0,0.5671,0.1398,5.0,9.25,8.33,6.0,9.65662133878001,0.8271760584846936,0.08565895145570622,0.16195311176612967,0.27931897811908624,3.891517478976089
005930,2025-06-02,-0.1128,7.0,0.8464,0.2314,16.0,9.25,8.33,6.0,9.759716940261647,0.836007119607306,0.08565895145570622,0.16195311176612967,0.27931897811908624,3.9104873202280084
005930,2025-06-03,0.454,6.0,0.5528,0.2687,8.0,9.25,8.33,6.0,9.759716940261647,0.836007119607306,0.08565895145570622,0.16195311176612967,0.27931897811908624,3.9104873202280084
005930,2025-06-04,0.4475,7.0,0.4918,0.187,11.0,9.25,8.33,6.0,9.931542942731042,0.85072555481166,0.08565895145570622,0.16195311176612967,0.27931897811908624,3.9421037223145405
005930,2025-06-05,0.2147,8.0,0.5575,0.2154,16.0,9.25,8.33,6.0,10.154916745941255,0.8698595205773202,0.08565895145570622,0.16195311176612967,0.27931897811908624,3.9832050450270327
005930,2025-06-06,0.3422,6.0,0.465,0.1595,6.0,9.25,8.33,6.0,10.154916745941255,0.8698595205773202,0.08565895145570622,0.16195311176612967,0.27931897811908624,3.9832050450270327
005930,2025-06-07,0.2775,5.0,0.3935,0.3156,3.0,9.25,8.33,6.0,10.154916745941255,0.8698595205773202,0.08565895145570622,0.16195311176612967,0.27931897811908624,3.9832050450270327
005930,2025-06-08,0.2368,6.0,0.5985,0.2537,8.0,9.25,8.33,6.0,10.154916745941255,0.8698595205773202,0.08565895145570622,0.16195311176612967,0.27931897811908624,3.9832050450270327
005930,2025-06-09,0.621,9.0,0.4439,0.2271,24.0,9.25,8.33,6.0,10.275194947669831,0.8801624252203679,0.08565895145570622,0.16195311176612967,0.27931897811908624,4.005336526487605
005930,2025-06-10,0.2737,8.0,0.6666,0.2258,15.0,9.25,8.33,6.0,10.172099346188196,0.8713313640977556,0.08565895145570622,0.16195311176612967,0.27931897811908624,3.986366685235686
005930,2025-06-11,0.3874,8.0,0.704,0.2419,12.0,9.25,8.33,6.0,10.292377547916772,0.8816342687408033,0.08565895145570622,0.16195311176612967,0.27931897811908624,4.008498166696258
005930,2025-06-12,0.1866,8.0,0.7832,0.2178,22.0,9.25,8.33,6.0,10.223647146929014,0.8757468946590617,0.08565895145570622,0.16195311176612967,0.27931897811908624,3.995851605861646
005930,2025-06-13,-0.1117,7.0,0.6648,0.2334,20.0,9.25,8.33,6.0,10.01745594396574,0.858084772413837,0.08565895145570622,0.16195311176612967,0.27931897811908624,3.957911923357807
005930,2025-06-14,0.1428,5.0,0.3499,0.3241,7.0,9.25,8.33,6.0,10.01745594396574,0.858084772413837,0.08565895145570622,0.16195311176612967,0.27931897811908624,3.957911923357807
005930,2025-06-15,0.59,6.0,0.4001,0.1762,4.0,9.25,8.33,6.0,10.01745594396574,0.858084772413837,0.08565895145570622,0.16195311176612967,0.27931897811908624,3.957911923357807
005930,2025-06-16,0.3643,7.0,0.613,0.2217,11.0,9.25,8.33,6.0,9.828447341249404,0.8418944936890476,0.08565895145570622,0.16195311176612967,0.27931897811908624,3.923133881062621
005930,2025-06-17,0.2101,8.0,0.4782,0.2522,23.0,9.25,8.33,6.0,9.98309074347186,0.8551410853729662,0.08565895145570622,0.16195311176612967,0.27931897811908624,3.9515886429405005
005930,2025-06-18,0.3727,8.0,0.5733,0.1726,13.0,9.25,8.33,6.0,10.275194947669831,0.8801624252203679,0.08565895145570622,0.16195311176612967,0.27931897811908624,4.005336526487605
005930,2025-06-19,0.3734,8.0,0.6069,0.2081,12.0,9.25,8.33,6.0,10.172099346188196,0.8713313640977556,0.08565895145570622,0.16195311176612967,0.27931897811908624,3.986366685235686
005930,2025-06-20,0.498,7.0,0.4979,0.1957,10.0,9.25,8.33,6.0,10.223647146929014,0.8757468946590617,0.08565895145570622,0.16195311176612967,0.27931897811908624,3.995851605861646
005930,2025-06-21,-0.6306,7.0,0.4752,0.2402,8.0,9.25,8.33,6.0,10.223647146929014,0.8757468946590617,0.08565895145570622,0.16195311176612967,0.27931897811908624,3.995851605861646
005930,2025-06-22,-0.5504,5.0,0.0,0.7021,1.0,9.25,8.33,6.0,10.223647146929014,0.8757468946590617,0.08565895145570622,0.16195311176612967,0.27931897811908624,3.995851605861646
005930,2025-06-23,0.3701,8.0,0.6395,0.1739,15.0,9.25,8.33,6.0,9.96590814322492,0.8536692418525308,0.08565895145570622,0.16195311176612967,0.27931897811908624,3.948427002731847
005930,2025-06-24,0.1601,7.0,0.6296,0.2776,23.0,9.25,8.33,6.0,10.39547314939841,0.8904653298634158,0.08565895145570622,0.16195311176612967,0.27931897811908624,4.027468007948178
005930,2025-06-25,0.1914,7.0,0.5879,0.1826,10.0,9.25,8.33,6.0,10.532933951373925,0.9022400780268989,0.08565895145570622,0.16195311176612967,0.27931897811908624,4.052761129617404
005930,2025-06-26,0.2083,8.0,0.703,0.2072,17.0,9.25,8.33,6.0,10.34392534865759,0.8860497993021095,0.08565895145570622,0.16195311176612967,0.27931897811908624,4.017983087322218
005930,2025-06-27,0.0582,5.0,0.705,0.1663,7.0,9.25,8.33,6.0,10.447020950139228,0.8948808604247219,0.08565895145570622,0.16195311176612967,0.27931897811908624,4.036952928574138
005930,2025-06-28,0.2622,4.0,0.0,0.1556,1.0,9.25,8.33,6.0,10.447020950139228,0.8948808604247219,0.08565895145570622,0.16195311176612967,0.27931897811908624,4.036952928574138
005930,2025-06-29,0.3586,6.0,0.4801,0.1304,7.0,9.25,8.33,6.0,10.447020950139228,0.8948808604247219,0.08565895145570622,0.16195311176612967,0.27931897811908624,4.036952928574138
005930,2025-06-30,0.5819,9.0,0.6063,0.3163,14.0,9.25,8.33,6.0,10.275194947669831,0.8801624252203679,0.08565895145570622,0.16195311176612967,0.27931897811908624,4.005336526487605
005930,2025-07-01,0.3315,8.0,0.6347,0.213,13.0,9.25,8.33,7.0,10.34392534865759,0.8860497993021095,0.08565895145570622,0.16195311176612967,0.27931897811908624,4.017983087322218
005930,2025-07-02,-0.066,7.0,0.5907,0.243,14.0,9.25,8.33,7.0,10.447020950139228,0.8948808604247219,0.08565895145570622,0.16195311176612967,0.27931897811908624,4.036952928574138
005930,2025-07-03,0.1611,7.0,0.6332,0.2388,14.0,9.25,8.33,7.0,10.962498957547412,0.9390361660377838,0.08565895145570622,0.16195311176612967,0.27931897811908624,4.131802134833735
005930,2025-07-04,0.1882,8.0,0.7389,0.1867,21.0,9.25,8.33,7.0,10.876585956312715,0.9316769484356069,0.08565895145570622,0.16195311176612967,0.27931897811908624,4.1159939337904685
005930,2025-07-05,-0.229,5.0,0.4054,0.2302,4.0,9.25,8.33,7.0,10.876585956312715,0.9316769484356069,0.08565895145570622,0.16195311176612967,0.27931897811908624,4.1159939337904685
005930,2025-07-06,0.245,8.0,0.5664,0.2262,12.0,9.25,8.33,7.0,10.876585956312715,0.9316769484356069,0.08565895145570622,0.16195311176612967,0.27931897811908624,4.1159939337904685
005930,2025-07-07,0.1579,7.0,0.5825,0.2265,19.0,9.25,8.33,7.0,10.601664352361682,0.9081274521086404,0.08565895145570622,0.16195311176612967,0.27931897811908624,4.065407690452017
005930,2025-07-08,-0.0093,7.0,0.8376,0.1834,43.0,9.25,8.33,7.0,10.550116551620864,0.9037119215473343,0.08565895145570622,0.16195311176612967,0.27931897811908624,4.055922769826057
005930,2025-07-09,0.1481,7.0,0.5308,0.2159,22.0,9.25,8.33,7.0,10.378290549151469,0.8889934863429804,0.08565895145570622,0.16195311176612967,0.27931897811908624,4.024306367739524
005930,2025-07-10,0.1869,8.0,0.6352,0.2832,22.0,9.25,8.33,7.0,10.481386150633107,0.8978245474655927,0.08565895145570622,0.16195311176612967,0.27931897811908624,4.043276208991444
005930,2025-07-11,0.4399,8.0,0.5426,0.32,17.0,9.25,8.33,7.0,10.756307754584139,0.921374043792559,0.08565895145570622,0.16195311176612967,0.27931897811908624,4.093862452329896
005930,2025-07-12,-0.0006,3.0,0.001,0.1998,2.0,9.25,8.33,7.0,10.756307754584139,0.921374043792559,0.08565895145570622,0.16195311176612967,0.27931897811908624,4.093862452329896
005930,2025-07-13,0.0214,5.0,0.5789,0.2184,6.0,9.25,8.33,7.0,10.756307754584139,0.921374043792559,0.08565895145570622,0.16195311176612967,0.27931897811908624,4.093862452329896
005930,2025-07-14,-0.1576,7.0,0.6101,0.2262,13.0,9.25,8.33,7.0,10.739125154337199,0.9199022002721237,0.08565895145570622,0.16195311176612967,0.27931897811908624,4.090700812121242
005930,2025-07-15,0.3856,8.0,0.5368,0.2177,22.0,9.25,8.33,7.0,10.945316357300474,0.9375643225173484,0.08565895145570622,0.16195311176612967,0.27931897811908624,4.128640494625081
005930,2025-07-16,-0.0133,7.0,0.7553,0.2073,17.0,9.25,8.33,7.0,11.117142359769868,0.9522827577217025,0.08565895145570622,0.16195311176612967,0.27931897811908624,4.160256896711614
005930,2025-07-17,-0.5647,9.0,0.6885,0.1544,36.0,9.25,8.33,7.0,11.46079436470866,0.9817196281304104,0.08565895145570622,0.16195311176612967,0.27931897811908624,4.223489700884679
005930,2025-07-18,-0.2532,8.0,0.7919,0.2722,17.0,9.25,8.33,7.0,11.529524765696417,0.9876070022121519,0.08565895145570622,0.16195311176612967,0.27931897811908624,4.236136261719292
005930,2025-07-19,-0.4949,4.0,0.4949,0.1467,2.0,9.25,8.33,7.0,11.529524765696417,0.9876070022121519,0.08565895145570622,0.16195311176612967,0.27931897811908624,4.236136261719292
005930,2025-07-20,-0.1848,6.0,0.6302,0.213,7.0,9.25,8.33,7.0,11.529524765696417,0.9876070022121519,0.08565895145570622,0.16195311176612967,0.27931897811908624,4.236136261719292
005930,2025-07-21,0.4664,8.0,0.7048,0.2432,23.0,9.25,8.33,7.0,11.649802967424995,0.9979099068551998,0.08565895145570622,0.16195311176612967,0.27931897811908624,4.258267743179864
005930,2025-07-22,0.542,9.0,0.4714,0.1434,12.0,9.25,8.33,7.0,11.340516162980082,0.9714167234873626,0.08565895145570622,0.16195311176612967,0.27931897811908624,4.201358219424106
005930,2025-07-23,0.2303,8.0,0.6611,0.1411,21.0,9.25,8.33,7.0,11.40924656396784,0.9773040975691042,0.08565895145570622,0.16195311176612967,0.27931897811908624,4.214004780258719
005930,2025-07-24,0.2955,8.0,0.6087,0.1646,20.0,9.25,8.33,7.0,11.340516162980082,0.9714167234873626,0.08565895145570622,0.16195311176612967,0.27931897811908624,4.201358219424106
005930,2025-07-25,0.2143,7.0,0.7438,0.2768,10.0,9.25,8.33,7.0,11.323333562733144,0.9699448799669272,0.08565895145570622,0.16195311176612967,0.27931897811908624,4.198196579215453
005930,2025-07-26,-0.2957,5.0,0.4806,0.6997,3.0,9.25,8.33,7.0,11.323333562733144,0.9699448799669272,0.08565895145570622,0.16195311176612967,0.27931897811908624,4.198196579215453
005930,2025-07-27,0.4736,6.0,0.478,0.157,8.0,9.25,8.33,7.0,11.323333562733144,0.9699448799669272,0.08565895145570622,0.16195311176612967,0.27931897811908624,4.198196579215453
005930,2025-07-28,0.5869,9.0,0.5687,0.1333,53.0,9.25,7.0,7.0,12.096550573845422,1.0361778383865201,0.08565895145570622,0.16195311176612967,0.27931897811908624,4.340470388604849
005930,2025-07-29,0.227,8.0,0.5649,0.2524,33.0,9.25,7.0,7.0,12.1309157743393,1.039121525427391,0.08565895145570622,0.16195311176612967,0.27931897811908624,4.346793669022155
005930,2025-07-30,0.3414,8.0,0.4588,0.2549,38.0,9.25,7.0,7.0,12.474567779278091,1.068558395836099,0.08565895145570622,0.16195311176612967,0.27931897811908624,4.41002647319522
005930,2025-07-31,0.0496,7.0,0.7693,0.2465,34.0,9.25,7.0,7.0,12.268376576314816,1.050896273590874,0.08565895145570622,0.16195311176612967,0.27931897811908624,4.372086790691381
005930,2025-08-01,0.5124,9.0,0.6706,0.2606,16.0,9.25,7.0,8.0,11.838811570141328,1.0141001855799892,0.08565895145570622,0.16195311176612967,0.27931897811908624,4.293045785475051
005930,2025-08-02,0.291,5.0,0.7619,0.3509,4.0,9.25,7.0,8.0,11.838811570141328,1.0141001855799892,0.08565895145570622,0.16195311176612967,0.27931897811908624,4.293045785475051
005930,2025-08-03,0.3519,6.0,0.661,0.2582,8.0,9.25,7.0,8.0,11.838811570141328,1.0141001855799892,0.08565895145570622,0.16195311176612967,0.27931897811908624,4.293045785475051
005930,2025-08-04,0.1185,7.0,0.5798,0.2025,15.0,9.25,7.0,8.0,11.976272372116844,1.0258749337434723,0.08565895145570622,0.16195311176612967,0.27931897811908624,4.318338907144276
005930,2025-08-05,0.5256,9.0,0.6064,0.2558,20.0,9.25,7.0,8.0,12.010637572610724,1.028818620784343,0.08565895145570622,0.16195311176612967,0.27931897811908624,4.324662187561582
005930,2025-08-06,0.0169,5.0,0.697,0.2013,8.0,9.25,7.0,8.0,11.82162896989439,1.0126283420595537,0.08565895145570622,0.16195311176612967,0.27931897811908624,4.289884145266397
005930,2025-08-07,0.5043,9.0,0.6602,0.1832,31.0,9.25,7.0,8.0,12.11373317409236,1.0376496819069554,0.08565895145570622,0.16195311176612967,0.27931897811908624,4.343632028813502
005930,2025-08-08,0.1505,7.0,0.6916,0.2207,16.0,9.25,7.0,8.0,12.337106977302575,1.0567836476726156,0.08565895145570622,0.16195311176612967,0.27931897811908624,4.384733351525995
005930,2025-08-09,0.0078,4.0,0.0157,0.2686,5.0,9.25,7.0,8.0,12.337106977302575,1.0567836476726156,0.08565895145570622,0.16195311176612967,0.27931897811908624,4.384733351525995
005930,2025-08-10,0.6007,6.0,0.4754,0.2698,5.0,9.25,7.0,8.0,12.337106977302575,1.0567836476726156,0.08565895145570622,0.16195311176612967,0.27931897811908624,4.384733351525995
005930,2025-08-11,0.5996,9.0,0.4682,0.2135,12.0,9.25,7.0,8.0,12.199646175327059,1.0450088995091324,0.08565895145570622,0.16195311176612967,0.27931897811908624,4.3594402298567685
005930,2025-08-12,0.6273,9.0,0.5393,0.1999,13.0,9.25,7.0,8.0,12.216828775573997,1.046480743029568,0.08565895145570622,0.16195311176612967,0.27931897811908624,4.362601870065421
005930,2025-08-13,0.4813,8.0,0.564,0.2705,18.0,9.25,7.0,8.0,12.354289577549514,1.058255491193051,0.08565895145570622,0.16195311176612967,0.27931897811908624,4.3878949917346475
005930,2025-08-14,0.3038,8.0,0.5813,0.2458,14.0,9.25,7.0,8.0,12.302741776808695,1.0538399606317448,0.08565895145570622,0.16195311176612967,0.27931897811908624,4.3784100711086875
005930,2025-08-15,-0.1475,5.0,0.3238,0.2263,8.0,9.25,7.0,8.0,12.302741776808695,1.0538399606317448,0.08565895145570622,0.16195311176612967,0.27931897811908624,4.3784100711086875
005930,2025-08-16,-0.3219,5.0,0.4103,0.25,4.0,9.25,7.0,8.0,12.302741776808695,1.0538399606317448,0.08565895145570622,0.16195311176612967,0.27931897811908624,4.3784100711086875
005930,2025-08-17,0.0013,6.0,0.6651,0.2208,9.0,9.25,7.0,8.0,12.302741776808695,1.0538399606317448,0.08565895145570622,0.16195311176612967,0.27931897811908624,4.3784100711086875
005930,2025-08-18,0.3093,8.0,0.7073,0.2771,14.0,9.25,7.0,8.0,12.027820172857663,1.0302904643047786,0.08565895145570622,0.16195311176612967,0.27931897811908624,4.327823827770236
005930,2025-08-19,0.4855,8.0,0.6026,0.1738,22.0,9.25,7.0,8.0,12.027820172857663,1.0302904643047786,0.08565895145570622,0.16195311176612967,0.27931897811908624,4.327823827770236
005930,2025-08-20,-0.0568,7.0,0.4732,0.2728,22.0,9.25,7.0,8.0,12.11373317409236,1.0376496819069554,0.08565895145570622,0.16195311176612967,0.27931897811908624,4.343632028813502
005930,2025-08-21,0.1786,8.0,0.4592,0.2225,25.0,9.25,7.0,8.0,12.1309157743393,1.039121525427391,0.08565895145570622,0.16195311176612967,0.27931897811908624,4.346793669022155
005930,2025-08-22,0.0553,7.0,0.686,0.2267,22.0,9.25,7.0,8.0,12.268376576314816,1.050896273590874,0.08565895145570622,0.16195311176612967,0.27931897811908624,4.372086790691381
005930,2025-08-23,0.5379,6.0,0.3806,0.3303,3.0,9.25,7.0,8.0,12.268376576314816,1.050896273590874,0.08565895145570622,0.16195311176612967,0.27931897811908624,4.372086790691381
005930,2025-08-24,0.4977,6.0,0.4986,0.1724,8.0,9.25,7.0,8.0,12.268376576314816,1.050896273590874,0.08565895145570622,0.16195311176612967,0.27931897811908624,4.372086790691381
005930,2025-08-25,0.0738,6.0,0.5483,0.2677,10.0,9.25,7.0,8.0,12.285559176561756,1.0523681171113095,0.08565895145570622,0.16195311176612967,0.27931897811908624,4.375248430900035
005930,2025-08-26,0.0508,7.0,0.3599,0.2148,23.0,9.25,7.0,8.0,12.079367973598481,1.0347059948660846,0.08565895145570622,0.16195311176612967,0.27931897811908624,4.337308748396196
005930,2025-08-27,0.545,8.0,0.4978,0.2368,11.0,9.25,7.0,8.0,12.1309157743393,1.039121525427391,0.08565895145570622,0.16195311176612967,0.27931897811908624,4.346793669022155
005930,2025-08-28,0.1139,7.0,0.8018,0.2004,14.0,9.25,7.0,8.0,11.959089771869905,1.024403090223037,0.08565895145570622,0.16195311176612967,0.27931897811908624,4.315177266935623
005930,2025-08-29,0.3624,7.0,0.6266,0.2025,11.0,9.25,7.0,8.0,11.976272372116844,1.0258749337434723,0.08565895145570622,0.16195311176612967,0.27931897811908624,4.318338907144276
005930,2025-08-30,0.2932,6.0,0.4786,0.2919,7.0,9.25,7.0,8.0,11.976272372116844,1.0258749337434723,0.08565895145570622,0.16195311176612967,0.27931897811908624,4.318338907144276
005930,2025-08-31,-0.4588,7.0,0.4762,0.3211,9.0,9.25,7.0,8.0,11.976272372116844,1.0258749337434723,0.08565895145570622,0.16195311176612967,0.27931897811908624,4.318338907144276
005930,2025-09-01,-0.268,8.0,0.6674,0.1964,30.0,9.25,8.33,9.0,11.615437766931114,0.994966219814329,0.08565895145570622,0.16195311176612967,0.27931897811908624,4.251944462762558
005930,2025-09-02,0.1202,7.0,0.7714,0.2473,19.0,9.25,7.0,9.0,11.873176770635208,1.01704387262086,0.08565895145570622,0.16195311176612967,0.27931897811908624,4.299369065892357
005930,2025-09-03,0.1347,5.0,0.7837,0.3066,7.0,9.25,7.0,9.0,11.993454972363784,1.0273467772639078,0.08565895145570622,0.16195311176612967,0.27931897811908624,4.3215005473529295
005930,2025-09-04,0.227,8.0,0.5455,0.215,17.0,9.25,7.0,9.0,12.045002773104603,1.0317623078252138,0.08565895145570622,0.16195311176612967,0.27931897811908624,4.3309854679788895
005930,2025-09-05,0.3273,7.0,0.7671,0.2307,10.0,9.25,7.0,9.0,11.941907171622965,1.0229312467026015,0.08565895145570622,0.16195311176612967,0.27931897811908624,4.31201562672697
005930,2025-09-06,0.4502,5.0,0.6473,0.2451,5.0,9.25,7.0,9.0,11.941907171622965,1.0229312467026015,0.08565895145570622,0.16195311176612967,0.27931897811908624,4.31201562672697
005930,2025-09-07,0.3289,5.0,0.4141,0.3029,5.0,9.25,7.0,9.0,11.941907171622965,1.0229312467026015,0.08565895145570622,0.16195311176612967,0.27931897811908624,4.31201562672697
005930,2025-09-08,0.2777,8.0,0.6521,0.232,12.0,9.25,7.0,9.0,12.045002773104603,1.0317623078252138,0.08565895145570622,0.16195311176612967,0.27931897811908624,4.3309854679788895
005930,2025-09-09,-0.0034,4.0,0.0058,0.1734,4.0,9.25,7.0,9.0,12.285559176561756,1.0523681171113095,0.08565895145570622,0.16195311176612967,0.27931897811908624,4.375248430900035
005930,2025-09-10,0.1672,8.0,0.3485,0.2108,23.0,9.25,7.0,9.0,12.474567779278091,1.068558395836099,0.08565895145570622,0.16195311176612967,0.27931897811908624,4.41002647319522
005930,2025-09-11,0.5368,7.0,0.4411,0.1964,8.0,9.25,7.0,9.0,12.612028581253607,1.080333143999582,0.08565895145570622,0.16195311176612967,0.27931897811908624,4.435319594864446
005930,2025-09-12,0.4424,8.0,0.577,0.1961,17.0,9.25,7.0,9.0,12.955680586192397,1.10977001440829,0.08565895145570622,0.16195311176612967,0.27931897811908624,4.498552399037511
005930,2025-09-13,-0.1473,4.0,0.2077,0.1815,3.0,9.25,7.0,9.0,12.955680586192397,1.10977001440829,0.08565895145570622,0.16195311176612967,0.27931897811908624,4.498552399037511
005930,2025-09-14,-0.0011,6.0,0.439,0.2349,9.0,9.25,7.0,9.0,12.955680586192397,1.10977001440829,0.08565895145570622,0.16195311176612967,0.27931897811908624,4.498552399037511
005930,2025-09-15,0.3868,8.0,0.4776,0.2219,20.0,9.25,7.0,9.0,13.144689188908732,1.1259602931330794,0.08565895145570622,0.16195311176612967,0.27931897811908624,4.533330441332697
005930,2025-09-16,0.2306,8.0,0.4949,0.1849,31.0,9.25,7.0,9.0,13.642984596069978,1.1686437552257058,0.08565895145570622,0.16195311176612967,0.27931897811908624,4.625018007383641
005930,2025-09-17,-0.1175,7.0,0.7587,0.2407,20.0,9.25,7.0,9.0,13.436793393106704,1.1509816329804812,0.08565895145570622,0.16195311176612967,0.27931897811908624,4.587078324879802
005930,2025-09-18,0.3804,8.0,0.4732,0.2475,24.0,9.25,7.0,9.0,13.831993198786313,1.1848340339504952,0.08565895145570622,0.16195311176612967,0.27931897811908624,4.659796049678826
005930,2025-09-19,0.3216,8.0,0.4189,0.2207,20.0,9.25,7.0,9.0,13.694532396810796,1.1730592857870121,0.08565895145570622,0.16195311176612967,0.27931897811908624,4.634502928009601
005930,2025-09-20,-0.1685,5.0,0.2925,0.3138,4.0,9.25,7.0,9.0,13.694532396810796,1.1730592857870121,0.08565895145570622,0.16195311176612967,0.27931897811908624,4.634502928009601
005930,2025-09-21,0.3896,6.0,0.469,0.1797,8.0,9.25,7.0,9.0,13.694532396810796,1.1730592857870121,0.08565895145570622,0.16195311176612967,0.27931897811908624,4.634502928009601
005930,2025-09-22,0.5157,9.0,0.5469,0.1819,25.0,9.25,7.0,9.0,14.347471206194498,1.2289893395635572,0.08565895145570622,0.16195311176612967,0.27931897811908624,4.754645255938423
005930,2025-09-23,0.4098,8.0,0.4557,0.3052,36.0,9.25,7.0,9.0,14.553662409157772,1.246651461808782,0.08565895145570622,0.16195311176612967,0.27931897811908624,4.792584938442263
005930,2025-09-24,0.2838,8.0,0.4488,0.2553,14.0,9.25,7.0,9.0,14.67394061088635,1.2569543664518297,0.08565895145570622,0.16195311176612967,0.27931897811908624,4.814716419902836
005930,2025-09-25,0.3681,8.0,0.5549,0.1789,21.0,9.25,7.0,9.0,14.794218812614925,1.2672572710948775,0.08565895145570622,0.16195311176612967,0.27931897811908624,4.8368479013634085
005930,2025-09-26,0.0888,7.0,0.5881,0.2439,12.0,9.25,7.0,9.0,14.31310600570062,1.2260456525226864,0.08565895145570622,0.16195311176612967,0.27931897811908624,4.748321975521118
005930,2025-09-27,0.0,3.0,0.0,0.122,1.0,9.25,7.0,9.0,14.31310600570062,1.2260456525226864,0.08565895145570622,0.16195311176612967,0.27931897811908624,4.748321975521118
005930,2025-09-28,0.5314,7.0,0.4743,0.1954,8.0,9.25,7.0,9.0,14.31310600570062,1.2260456525226864,0.08565895145570622,0.16195311176612967,0.27931897811908624,4.748321975521118
005930,2025-09-29,0.5599,9.0,0.4664,0.1367,12.0,9.25,7.0,9.0,14.467749407923074,1.239292244206605,0.08565895145570622,0.16195311176612967,0.27931897811908624,4.776776737398996
005930,2025-09-30,0.5318,9.0,0.59,0.1724,28.0,9.25,7.0,9.0,14.416201607182256,1.2348767136452987,0.08565895145570622,0.16195311176612967,0.27931897811908624,4.767291816773037
005930,2025-10-01,0.171,8.0,0.6552,0.2673,38.0,9.25,7.0,10.0,14.777036212367985,1.2657854275744422,0.08565895145570622,0.16195311176612967,0.27931897811908624,4.833686261154755
005930,2025-10-02,0.155,7.0,0.5461,0.2667,40.0,9.25,6.0,10.0,15.292514219776171,1.3099407331875041,0.08565895145570622,0.16195311176612967,0.27931897811908624,4.928535467414353
005930,2025-10-03,0.0,5.0,0.0,0.2924,6.0,9.25,6.0,10.0,15.292514219776171,1.3099407331875041,0.08565895145570622,0.16195311176612967,0.27931897811908624,4.928535467414353
005930,2025-10-04,0.6532,6.0,0.4618,0.3085,3.0,9.25,6.0,10.0,15.292514219776171,1.3099407331875041,0.08565895145570622,0.16195311176612967,0.27931897811908624,4.928535467414353
005930,2025-10-05,0.2728,5.0,0.3765,0.3195,5.0,9.25,6.0,10.0,15.292514219776171,1.3099407331875041,0.08565895145570622,0.16195311176612967,0.27931897811908624,4.928535467414353
005930,2025-10-06,0.9657,6.0,0.0326,0.4615,2.0,9.25,6.0,10.0,15.292514219776171,1.3099407331875041,0.08565895145570622,0.16195311176612967,0.27931897811908624,4.928535467414353
005930,2025-10-07,0.9028,6.0,0.0,0.4082,1.0,9.25,6.0,10.0,15.292514219776171,1.3099407331875041,0.08565895145570622,0.16195311176612967,0.27931897811908624,4.928535467414353
005930,2025-10-08,0.4135,6.0,0.7044,0.1882,7.0,9.25,6.0,10.0,15.292514219776171,1.3099407331875041,0.08565895145570622,0.16195311176612967,0.27931897811908624,4.928535467414353
005930,2025-10-09,0.2499,5.0,0.4329,0.1694,4.0,9.25,6.0,10.0,15.292514219776171,1.3099407331875041,0.08565895145570622,0.16195311176612967,0.27931897811908624,4.928535467414353
005930,2025-10-10,0.4557,8.0,0.4603,0.2362,28.0,9.25,6.0,10.0,16.220374633110907,1.3894202832910156,0.08565895145570622,0.16195311176612967,0.27931897811908624,5.0992640386816275
005930,2025-10-11,-0.308,6.0,0.6587,0.3915,7.0,9.25,6.0,10.0,16.220374633110907,1.3894202832910156,0.08565895145570622,0.16195311176612967,0.27931897811908624,5.0992640386816275
005930,2025-10-12,0.0605,4.0,0.0862,0.1116,3.0,9.25,6.0,10.0,16.220374633110907,1.3894202832910156,0.08565895145570622,0.16195311176612967,0.27931897811908624,5.0992640386816275
005930,2025-10-13,0.138,7.0,0.7323,0.2302,25.0,9.25,6.0,10.0,16.031366030394572,1.3732300045662262,0.08565895145570622,0.16195311176612967,0.27931897811908624,5.064485996386442
005930,2025-10-14,0.5345,9.0,0.689,0.2436,47.0,9.25,6.0,10.0,15.7392618261966,1.3482086647188245,0.08565895145570622,0.16195311176612967,0.27931897811908624,5.010738112839337
005930,2025-10-15,0.3395,8.0,0.5342,0.176,31.0,9.25,6.0,10.0,16.32347023459254,1.398251344413628,0.08565895145570622,0.16195311176612967,0.27931897811908624,5.1182338799335465
005930,2025-10-16,0.4761,8.0,0.6348,0.273,30.0,9.25,6.0,10.0,16.78740044125991,1.4379911194653838,0.08565895145570622,0.16195311176612967,0.27931897811908624,5.203598165567184
005930,2025-10-17,0.4536,8.0,0.4608,0.2844,18.0,9.25,6.0,10.0,16.82176564175379,1.4409348065062546,0.08565895145570622,0.16195311176612967,0.27931897811908624,5.209921445984491
005930,2025-10-18,0.3331,5.0,0.4712,0.1214,3.0,9.25,6.0,10.0,16.82176564175379,1.4409348065062546,0.08565895145570622,0.16195311176612967,0.27931897811908624,5.209921445984491
005930,2025-10-19,-0.3332,6.0,0.4712,0.1984,6.0,9.25,6.0,10.0,16.82176564175379,1.4409348065062546,0.08565895145570622,0.16195311176612967,0.27931897811908624,5.209921445984491
005930,2025-10-20,0.152,7.0,0.6506,0.2548,26.0,9.25,6.0,10.0,16.85613084224767,1.4438784935471254,0.08565895145570622,0.16195311176612967,0.27931897811908624,5.216244726401798
005930,2025-10-21,0.1292,7.0,0.5267,0.1927,22.0,9.25,6.0,10.0,16.75303524076603,1.4350474324245128,0.08565895145570622,0.16195311176612967,0.27931897811908624,5.197274885149878
005930,2025-10-22,0.4851,8.0,0.4513,0.2015,22.0,9.25,6.0,10.0,16.942043843482367,1.4512377111493022,0.08565895145570622,0.16195311176612967,0.27931897811908624,5.232052927445063
005930,2025-10-23,0.3102,8.0,0.6656,0.2477,22.0,9.25,6.0,10.0,16.581209238296637,1.420328997220159,0.08565895145570622,0.16195311176612967,0.27931897811908624,5.165658483063345
005930,2025-10-24,0.4576,8.0,0.5446,0.2308,27.0,9.25,6.0,10.0,16.976409043976243,1.454181398190173,0.08565895145570622,0.16195311176612967,0.27931897811908624,5.238376207862371
005930,2025-10-25,0.4559,6.0,0.4607,0.284,6.0,9.25,6.0,10.0,16.976409043976243,1.454181398190173,0.08565895145570622,0.16195311176612967,0.27931897811908624,5.238376207862371
005930,2025-10-26,0.1175,7.0,0.2742,0.1804,14.0,9.25,6.0,10.0,16.976409043976243,1.454181398190173,0.08565895145570622,0.16195311176612967,0.27931897811908624,5.238376207862371
005930,2025-10-27,0.406,8.0,0.5742,0.2615,32.0,9.25,5.0,10.0,17.526252251878308,1.501280390844106,0.08565895145570622,0.16195311176612967,0.27931897811908624,5.339548694539274
005930,2025-10-28,0.471,8.0,0.6583,0.1812,39.0,9.25,6.0,10.0,17.09668724570482,1.4644843028332208,0.08565895145570622,0.16195311176612967,0.27931897811908624,5.260507689322943
005930,2025-10-29,0.3032,8.0,0.524,0.1609,28.0,9.25,6.0,10.0,17.268513248174216,1.479202738037575,0.08565895145570622,0.16195311176612967,0.27931897811908624,5.292124091409476
005930,2025-10-30,0.3663,8.0,0.5635,0.2713,50.0,9.25,5.0,10.0,17.887086857064038,1.5321891047732492,0.08565895145570622,0.16195311176612967,0.27931897811908624,5.405943138920993
005930,2025-10-31,0.3049,8.0,0.5229,0.2994,52.0,9.25,5.0,10.0,18.471295265459982,1.5822317844680527,0.08565895145570622,0.16195311176612967,0.27931897811908624,5.513438906015202
005930,2025-11-01,-0.0317,6.0,0.4332,0.2768,10.0,9.25,5.0,11.0,18.471295265459982,1.5822317844680527,0.08565895145570622,0.16195311176612967,0.27931897811908624,5.513438906015202
005930,2025-11-02,0.1498,7.0,0.3617,0.2132,13.0,9.25,5.0,11.0,18.471295265459982,1.5822317844680527,0.08565895145570622,0.16195311176612967,0.27931897811908624,5.513438906015202
005930,2025-11-03,0.5077,9.0,0.5443,0.2556,22.0,9.25,5.0,11.0,19.089868874349804,1.635218151203727,0.08565895145570622,0.16195311176612967,0.27931897811908624,5.627257953526719
005930,2025-11-04,-0.3086,8.0,0.5435,0.217,24.0,9.25,5.0,11.0,18.024547659039555,1.5439638529367323,0.08565895145570622,0.16195311176612967,0.27931897811908624,5.431236260590218
005930,2025-11-05,-0.1277,7.0,0.6398,0.2761,31.0,9.25,6.0,11.0,17.285695848421156,1.4806745815580102,0.08565895145570622,0.16195311176612967,0.27931897811908624,5.2952857316181285
005930,2025-11-06,0.4175,8.0,0.5491,0.2182,29.0,9.25,6.0,11.0,17.045139444964004,1.4600687722719148,0.08565895145570622,0.16195311176612967,0.27931897811908624,5.251022768696983
005930,2025-11-07,0.057,7.0,0.5099,0.1878,35.0,9.25,6.0,11.0,16.82176564175379,1.4409348065062546,0.08565895145570622,0.16195311176612967,0.27931897811908624,5.209921445984491
005930,2025-11-08,0.1651,5.0,0.3733,0.3022,6.0,9.25,6.0,11.0,16.82176564175379,1.4409348065062546,0.08565895145570622,0.16195311176612967,0.27931897811908624,5.209921445984491
005930,2025-11-09,0.1025,6.0,0.507,0.206,11.0,9.25,6.0,11.0,16.82176564175379,1.4409348065062546,0.08565895145570622,0.16195311176612967,0.27931897811908624,5.209921445984491
005930,2025-11-10,0.3832,8.0,0.6113,0.2242,17.0,9.25,6.0,11.0,17.285695848421156,1.4806745815580102,0.08565895145570622,0.16195311176612967,0.27931897811908624,5.2952857316181285
005930,2025-11-11,0.358,8.0,0.4325,0.2136,23.0,9.25,5.0,11.0,17.783991255582404,1.5233580436506369,0.08565895145570622,0.16195311176612967,0.27931897811908624,5.386973297669073
005930,2025-11-12,0.0996,7.0,0.5065,0.2149,20.0,9.25,5.0,11.0,17.715260854594643,1.517470669568895,0.08565895145570622,0.16195311176612967,0.27931897811908624,5.37432673683446
005930,2025-11-13,0.3999,8.0,0.4959,0.1764,23.0,9.25,5.0,11.0,17.663713053853826,1.513055139007589,0.08565895145570622,0.16195311176612967,0.27931897811908624,5.3648418162085
005930,2025-11-14,0.1313,7.0,0.596,0.2913,22.0,9.25,6.0,11.0,16.70148744002521,1.4306319018632068,0.08565895145570622,0.16195311176612967,0.27931897811908624,5.187789964523918
005930,2025-11-15,0.0,3.0,0.0,0.7234,1.0,9.25,6.0,11.0,16.70148744002521,1.4306319018632068,0.08565895145570622,0.16195311176612967,0.27931897811908624,5.187789964523918
005930,2025-11-16,0.4403,8.0,0.4504,0.2676,18.0,9.25,6.0,11.0,16.70148744002521,1.4306319018632068,0.08565895145570622,0.16195311176612967,0.27931897811908624,5.187789964523918
005930,2025-11-17,-0.0251,7.0,0.5035,0.2299,19.0,9.25,6.0,11.0,17.285695848421156,1.4806745815580102,0.08565895145570622,0.16195311176612967,0.27931897811908624,5.2952857316181285
005930,2025-11-18,0.2982,8.0,0.5813,0.18,15.0,9.25,6.0,11.0,16.80458304150685,1.439462962985819,0.08565895145570622,0.16195311176612967,0.27931897811908624,5.206759805775838
005930,2025-11-19,0.5041,9.0,0.5767,0.2105,18.0,9.25,6.0,11.0,16.581209238296637,1.420328997220159,0.08565895145570622,0.16195311176612967,0.27931897811908624,5.165658483063345
005930,2025-11-20,0.3777,8.0,0.6046,0.167,25.0,9.25,6.0,11.0,17.285695848421156,1.4806745815580102,0.08565895145570622,0.16195311176612967,0.27931897811908624,5.2952857316181285
005930,2025-11-21,-0.0458,7.0,0.3704,0.2041,31.0,9.25,6.0,11.0,16.289105034098665,1.3953076573727572,0.08565895145570622,0.16195311176612967,0.27931897811908624,5.111910599516241
005930,2025-11-22,,,,,0.0,9.25,6.0,11.0,16.289105034098665,1.3953076573727572,0.08565895145570622,0.16195311176612967,0.27931897811908624,5.111910599516241
005930,2025-11-23,0.4586,8.0,0.5039,0.1331,13.0,9.25,6.0,11.0,16.289105034098665,1.3953076573727572,0.08565895145570622,0.16195311176612967,0.27931897811908624,5.111910599516241
005930,2025-11-24,0.218,7.0,0.5896,0.1453,10.0,9.25,6.0,11.0,16.615574438790514,1.4232726842610297,0.08565895145570622,0.16195311176612967,0.27931897811908624,5.171981763480652
005930,2025-11-25,0.2808,8.0,0.5208,0.2355,42.0,9.25,6.0,11.0,17.06232204521094,1.46154061579235,0.08565895145570622,0.16195311176612967,0.27931897811908624,5.254184408905636
005930,2025-11-26,0.4661,8.0,0.7419,0.2313,19.0,9.25,5.0,11.0,17.663713053853826,1.513055139007589,0.08565895145570622,0.16195311176612967,0.27931897811908624,5.3648418162085
005930,2025-11-27,0.3674,8.0,0.6251,0.2596,23.0,9.25,5.0,11.0,17.783991255582404,1.5233580436506369,0.08565895145570622,0.16195311176612967,0.27931897811908624,5.386973297669073
005930,2025-11-28,0.0294,7.0,0.3728,0.1635,16.0,9.25,6.0,11.0,17.268513248174216,1.479202738037575,0.08565895145570622,0.16195311176612967,0.27931897811908624,5.292124091409476
005930,2025-11-29,,,,,0.0,9.25,6.0,11.0,17.268513248174216,1.479202738037575,0.08565895145570622,0.16195311176612967,0.27931897811908624,5.292124091409476
005930,2025-11-30,-0.1197,5.0,0.547,0.1456,6.0,9.25,6.0,11.0,17.268513248174216,1.479202738037575,0.08565895145570622,0.16195311176612967,0.27931897811908624,5.292124091409476
005930,2025-12-01,0.4749,8.0,0.7656,0.24,15.0,9.25,6.0,12.0,17.320061048915036,1.483618268598881,0.08565895145570622,0.16195311176612967,0.27931897811908624,5.301609012035435
005930,2025-12-02,0.1164,7.0,0.5273,0.1761,20.0,9.25,5.0,12.0,17.766808655335463,1.5218862001302014,0.08565895145570622,0.16195311176612967,0.27931897811908624,5.38381165746042
005930,2025-12-03,0.5355,9.0,0.5362,0.2141,29.0,9.25,5.0,12.0,17.9558172580518,1.5380764788549908,0.08565895145570622,0.16195311176612967,0.27931897811908624,5.418589699755605
005930,2025-12-04,0.1975,8.0,0.3232,0.2201,14.0,9.25,5.0,12.0,18.058912859533436,1.546907539977603,0.08565895145570622,0.16195311176612967,0.27931897811908624,5.437559541007524
005930,2025-12-05,0.273,7.0,0.4614,0.1275,9.0,9.25,5.0,12.0,18.625938667682437,1.5954783761519713,0.08565895145570622,0.16195311176612967,0.27931897811908624,5.541893667893082
005930,2025-12-06,-0.0264,5.0,0.5753,0.1316,6.0,9.25,5.0,12.0,18.625938667682437,1.5954783761519713,0.08565895145570622,0.16195311176612967,0.27931897811908624,5.541893667893082
005930,2025-12-07,0.5477,7.0,0.5175,0.2203,7.0,9.25,5.0,12.0,18.625938667682437,1.5954783761519713,0.08565895145570622,0.16195311176612967,0.27931897811908624,5.541893667893082
005930,2025-12-08,0.3948,8.0,0.6142,0.1774,13.0,9.25,5.0,12.0,18.814947270398772,1.6116686548767607,0.08565895145570622,0.16195311176612967,0.27931897811908624,5.5766717101882675
005930,2025-12-09,0.3545,8.0,0.617,0.1531,19.0,9.25,5.0,12.0,18.625938667682437,1.5954783761519713,0.08565895145570622,0.16195311176612967,0.27931897811908624,5.541893667893082
005930,2025-12-10,0.2644,8.0,0.4847,0.2452,18.0,9.25,5.0,12.0,18.55720826669468,1.5895910020702297,0.08565895145570622,0.16195311176612967,0.27931897811908624,5.529247107058469
005930,2025-12-11,0.2383,8.0,0.4929,0.2027,20.0,9.25,5.0,12.0,18.436930064966102,1.579288097427182,0.08565895145570622,0.16195311176612967,0.27931897811908624,5.507115625597896
005930,2025-12-12,0.192,8.0,0.646,0.1672,14.0,9.25,5.0,12.0,18.711851668917134,1.6028375937541484,0.08565895145570622,0.16195311176612967,0.27931897811908624,5.5577018689363475
005930,2025-12-13,0.0,3.0,0.0,0.1986,2.0,9.25,5.0,12.0,18.711851668917134,1.6028375937541484,0.08565895145570622,0.16195311176612967,0.27931897811908624,5.5577018689363475
005930,2025-12-14,0.3432,6.0,0.3873,0.1767,8.0,9.25,5.0,12.0,18.711851668917134,1.6028375937541484,0.08565895145570622,0.16195311176612967,0.27931897811908624,5.5577018689363475
005930,2025-12-15,0.1964,8.0,0.6813,0.2554,23.0,9.25,5.0,12.0,18.007365058792615,1.542492009416297,0.08565895145570622,0.16195311176612967,0.27931897811908624,5.428074620381565
005930,2025-12-16,0.1867,8.0,0.3823,0.1655,15.0,9.25,5.0,12.0,17.663713053853826,1.513055139007589,0.08565895145570622,0.16195311176612967,0.27931897811908624,5.3648418162085
005930,2025-12-17,0.8119,9.0,0.3293,0.1779,17.0,9.25,5.0,12.0,18.54002566644774,1.5881191585497942,0.08565895145570622,0.16195311176612967,0.27931897811908624,5.526085466849815
005930,2025-12-18,0.2114,8.0,0.7084,0.1434,26.0,9.25,5.0,12.0,18.488477865706923,1.5837036279884882,0.08565895145570622,0.16195311176612967,0.27931897811908624,5.516600546223856
005930,2025-12-19,0.4278,8.0,0.5481,0.1644,12.0,9.25,5.0,12.0,18.265104062496707,1.564569662222828,0.08565895145570622,0.16195311176612967,0.27931897811908624,5.475499223511363
005930,2025-12-20,-0.0009,4.0,0.0014,0.2981,3.0,9.25,5.0,12.0,18.265104062496707,1.564569662222828,0.08565895145570622,0.16195311176612967,0.27931897811908624,5.475499223511363
005930,2025-12-21,0.4038,7.0,0.5439,0.1931,9.0,9.25,5.0,12.0,18.265104062496707,1.564569662222828,0.08565895145570622,0.16195311176612967,0.27931897811908624,5.475499223511363
005930,2025-12-22,0.3544,8.0,0.5738,0.1848,36.0,9.25,5.0,12.0,18.986773272868167,1.6263870900811146,0.08565895145570622,0.16195311176612967,0.27931897811908624,5.6082881122748
005930,2025-12-23,0.1907,8.0,0.6606,0.1731,31.0,9.25,5.0,12.0,19.158599275337565,1.6411055252854687,0.08565895145570622,0.16195311176612967,0.27931897811908624,5.639904514361332
005930,2025-12-24,0.38,8.0,0.7542,0.1894,17.0,9.25,5.0,12.0,19.089868874349804,1.635218151203727,0.08565895145570622,0.16195311176612967,0.27931897811908624,5.627257953526719
005930,2025-12-25,0.1877,7.0,0.5818,0.2218,10.0,9.25,5.0,12.0,19.089868874349804,1.635218151203727,0.08565895145570622,0.16195311176612967,0.27931897811908624,5.627257953526719
005930,2025-12-26,0.5823,9.0,0.444,0.2371,21.0,9.25,5.0,12.0,20.103642288919236,1.7220569189094155,0.08565895145570622,0.16195311176612967,0.27931897811908624,5.813794725837261
005930,2025-12-27,0.243,4.0,0.243,0.2442,2.0,9.25,5.0,12.0,20.103642288919236,1.7220569189094155,0.08565895145570622,0.16195311176612967,0.27931897811908624,5.813794725837261
005930,2025-12-28,0.5,5.0,0.4998,0.2073,2.0,9.25,5.0,12.0,20.103642288919236,1.7220569189094155,0.08565895145570622,0.16195311176612967,0.27931897811908624,5.813794725837261
005930,2025-12-29,0.5964,9.0,0.4668,0.1542,26.0,9.25,5.0,12.0,20.533207295092726,1.7588530069203006,0.08565895145570622,0.16195311176612967,0.27931897811908624,5.892835731053592
005930,2025-12-30,0.4697,8.0,0.6062,0.2509,27.0,9.25,5.0,12.0,20.601937696080483,1.7647403810020421,0.08565895145570622,0.16195311176612967,0.27931897811908624,5.905482291888205
005930,2025-12-31,0.2421,6.0,0.624,0.2968,7.0,9.25,5.0,12.0,20.601937696080483,1.7647403810020421,0.08565895145570622,0.16195311176612967,0.27931897811908624,5.905482291888205
