ticker,date,news_sentiment,news_impact_score,news_sentiment_std,news_staleness,article_count,financial_health_score,valuation_score,financial_age_months,per,pbr,roe,revenue_growth,debt_ratio,altman_z
035420,2017-01-01,0.7402,5.0,0.0,0.1951,1.0,8.5,3.33,13.0,47.09344804557182,10.727395534694873,0.22778955417140165,0.17860505449293754,0.9324790842365211,8.478751961058572
035420,2017-01-02,0.0038,5.0,0.0158,0.1045,7.0,8.5,3.33,13.0,47.214807272593006,10.755039898912614,0.22778955417140165,0.17860505449293754,0.9324790842365211,8.496539618509598
035420,2017-01-03,0.0553,5.0,0.5215,0.1694,7.0,8.5,3.33,13.0,46.607100943284415,10.61661074509227,0.22778955417140165,0.17860505449293754,0.9324790842365211,8.407467923823587
035420,2017-01-04,0.0542,5.0,0.1631,0.1581,8.0,8.5,3.33,13.0,49.220268499118134,11.211863017610805,0.22778955417140165,0.17860505449293754,0.9324790842365211,8.790480657887796
035420,2017-01-05,0.2965,7.0,0.453,0.1726,10.0,8.5,3.33,13.0,48.06553545401153,10.948826892078987,0.22778955417140165,0.17860505449293754,0.9324790842365211,8.621231097241289
035420,2017-01-06,0.051,4.0,0.0885,0.2076,4.0,8.5,3.33,13.0,48.55157915823139,11.059542570771045,0.22778955417140165,0.17860505449293754,0.9324790842365211,8.692470665332646
035420,2017-01-07,0.4862,5.0,0.4865,0.2503,4.0,8.5,3.33,13.0,48.55157915823139,11.059542570771045,0.22778955417140165,0.17860505449293754,0.9324790842365211,8.692470665332646
035420,2017-01-08,,,,,0.0,8.5,3.33,13.0,48.55157915823139,11.059542570771045,0.22778955417140165,0.17860505449293754,0.9324790842365211,8.692470665332646
035420,2017-01-09,0.354,7.0,0.4637,0.1903,11.0,8.5,3.33,13.0,47.33646989768175,10.782753374040901,0.22778955417140165,0.17860505449293754,0.9324790842365211,8.51437174510425
035420,2017-01-10,0.3283,6.0,0.4744,0.1716,6.0,8.5,3.33,13.0,48.12651846558968,10.962718185098403,0.22778955417140165,0.17860505449293754,0.9324790842365211,8.630169395110428
035420,2017-01-11,-0.1729,6.0,0.4896,0.0842,7.0,8.5,3.33,13.0,48.36954031769961,11.018076024444431,0.22778955417140165,0.17860505449293754,0.9324790842365211,8.665789179156107
035420,2017-01-12,0.7562,6.0,0.3073,0.1621,4.0,8.5,3.33,13.0,48.73392139683072,11.101078228008204,0.22778955417140165,0.17860505449293754,0.9324790842365211,8.719196620652811
035420,2017-01-13,0.0927,4.0,0.1604,0.1092,4.0,8.5,3.33,13.0,48.00485584050094,10.935004709970116,0.22778955417140165,0.17860505449293754,0.9324790842365211,8.612337268515775
035420,2017-01-14,,,,,0.0,8.5,3.33,13.0,48.00485584050094,10.935004709970116,0.22778955417140165,0.17860505449293754,0.9324790842365211,8.612337268515775
035420,2017-01-15,0.4999,4.0,0.4999,0.1476,2.0,8.5,3.33,13.0,48.00485584050094,10.935004709970116,0.22778955417140165,0.17860505449293754,0.9324790842365211,8.612337268515775
035420,2017-01-16,-0.0,5.0,0.0,0.2252,6.0,8.5,3.33,13.0,48.24787769261087,10.990362549316146,0.22778955417140165,0.17860505449293754,0.9324790842365211,8.647957052561454
035420,2017-01-17,-0.2788,5.0,0.4465,0.1273,3.0,8.5,3.33,13.0,48.308557306121465,11.004184731425017,0.22778955417140165,0.17860505449293754,0.9324790842365211,8.656850881286966
035420,2017-01-18,0.0654,7.0,0.2427,0.2474,44.0,8.5,3.33,13.0,47.8831932154122,10.90729123484183,0.22778955417140165,0.17860505449293754,0.9324790842365211,8.594505141921122
035420,2017-01-19,-0.0079,4.0,0.0114,0.1629,3.0,8.5,3.33,13.0,48.67324178332013,11.087256045899332,0.22778955417140165,0.17860505449293754,0.9324790842365211,8.7103027919273
035420,2017-01-20,0.1665,5.0,0.3722,0.1204,6.0,8.5,3.33,13.0,47.70115437488042,10.865824688515216,0.22778955417140165,0.17860505449293754,0.9324790842365211,8.567823655744583
035420,2017-01-21,-0.0788,3.0,0.0,0.04,1.0,8.5,3.33,13.0,47.70115437488042,10.865824688515216,0.22778955417140165,0.17860505449293754,0.9324790842365211,8.567823655744583
035420,2017-01-22,-0.0,3.0,0.0,0.1087,1.0,8.5,3.33,13.0,47.70115437488042,10.865824688515216,0.22778955417140165,0.17860505449293754,0.9324790842365211,8.567823655744583
035420,2017-01-23,-0.0,3.0,0.0,0.1591,1.0,8.5,3.33,13.0,46.85042619346189,10.672037695348843,0.22778955417140165,0.17860505449293754,0.9324790842365211,8.443132177012894
035420,2017-01-24,0.125,5.0,0.3306,0.1131,8.0,8.5,3.33,13.0,46.242719864153294,10.5336085415285,0.22778955417140165,0.17860505449293754,0.9324790842365211,8.354060482326883
035420,2017-01-25,0.2406,7.0,0.6236,0.1654,9.0,8.5,3.33,13.0,46.36407909117448,10.561252905746242,0.22778955417140165,0.17860505449293754,0.9324790842365211,8.371848139777908
035420,2017-01-26,0.6721,9.0,0.457,0.2358,24.0,8.5,3.33,13.0,45.75637276186589,10.422823751925897,0.22778955417140165,0.17860505449293754,0.9324790842365211,8.282776445091898
035420,2017-01-27,-0.0,4.0,0.0,0.0815,3.0,8.5,3.33,13.0,45.75637276186589,10.422823751925897,0.22778955417140165,0.17860505449293754,0.9324790842365211,8.282776445091898
035420,2017-01-28,,,,,0.0,8.5,3.33,13.0,45.75637276186589,10.422823751925897,0.22778955417140165,0.17860505449293754,0.9324790842365211,8.282776445091898
035420,2017-01-29,,,,,0.0,8.5,3.33,13.0,45.75637276186589,10.422823751925897,0.22778955417140165,0.17860505449293754,0.9324790842365211,8.282776445091898
035420,2017-01-30,0.9995,6.0,0.0,0.3333,1.0,8.5,3.33,13.0,45.75637276186589,10.422823751925897,0.22778955417140165,0.17860505449293754,0.9324790842365211,8.282776445091898
035420,2017-01-31,-0.337,6.0,0.3977,0.1261,6.0,8.5,3.33,13.0,46.06037762555396,10.49207288429134,0.22778955417140165,0.17860505449293754,0.9324790842365211,8.327334527006716
035420,2017-02-01,0.0095,6.0,0.4266,0.2214,11.0,8.5,3.33,14.0,46.85042619346189,10.672037695348843,0.22778955417140165,0.17860505449293754,0.9324790842365211,8.443132177012894
035420,2017-02-02,0.0039,5.0,0.5745,0.133,6.0,8.5,3.33,14.0,46.911105806972486,10.685859877457714,0.22778955417140165,0.17860505449293754,0.9324790842365211,8.452026005738405
035420,2017-02-03,0.326,5.0,0.4611,0.1345,3.0,8.5,3.33,14.0,47.032465033993674,10.713504241675457,0.22778955417140165,0.17860505449293754,0.9324790842365211,8.469813663189433
035420,2017-02-04,,,,,0.0,8.5,3.33,14.0,47.032465033993674,10.713504241675457,0.22778955417140165,0.17860505449293754,0.9324790842365211,8.469813663189433
035420,2017-02-05,,,,,0.0,8.5,3.33,14.0,47.032465033993674,10.713504241675457,0.22778955417140165,0.17860505449293754,0.9324790842365211,8.469813663189433
035420,2017-02-06,-0.0236,6.0,0.4444,0.1552,9.0,8.5,3.33,14.0,47.33646989768175,10.782753374040901,0.22778955417140165,0.17860505449293754,0.9324790842365211,8.51437174510425
035420,2017-02-07,0.25,5.0,0.4329,0.134,4.0,8.5,3.33,14.0,48.612562169809536,11.073433863790461,0.22778955417140165,0.17860505449293754,0.9324790842365211,8.701408963201786
035420,2017-02-08,0.1229,5.0,0.272,0.1189,7.0,8.5,3.33,14.0,48.308557306121465,11.004184731425017,0.22778955417140165,0.17860505449293754,0.9324790842365211,8.656850881286966
035420,2017-02-09,0.0006,4.0,0.001,0.1291,3.0,8.5,3.33,14.0,47.822513601901605,10.893469052732959,0.22778955417140165,0.17860505449293754,0.9324790842365211,8.585611313195608
035420,2017-02-10,0.0139,4.0,0.7992,0.2233,3.0,8.5,3.33,14.0,48.308557306121465,11.004184731425017,0.22778955417140165,0.17860505449293754,0.9324790842365211,8.656850881286966
035420,2017-02-11,,,,,0.0,8.5,3.33,14.0,48.308557306121465,11.004184731425017,0.22778955417140165,0.17860505449293754,0.9324790842365211,8.656850881286966
035420,2017-02-12,0.0442,3.0,0.0442,0.1707,2.0,8.5,3.33,14.0,48.308557306121465,11.004184731425017,0.22778955417140165,0.17860505449293754,0.9324790842365211,8.656850881286966
035420,2017-02-13,0.0007,5.0,0.4984,0.1806,8.0,8.5,3.33,14.0,48.308557306121465,11.004184731425017,0.22778955417140165,0.17860505449293754,0.9324790842365211,8.656850881286966
035420,2017-02-14,-0.0113,5.0,0.4931,0.188,8.0,8.5,3.33,14.0,46.78944318188375,10.658146402329429,0.22778955417140165,0.17860505449293754,0.9324790842365211,8.434193879143752
035420,2017-02-15,0.0002,4.0,0.0003,0.1846,4.0,8.5,3.33,14.0,46.97178542048308,10.699682059566586,0.22778955417140165,0.17860505449293754,0.9324790842365211,8.460919834463919
035420,2017-02-16,0.3319,5.0,0.4086,0.2007,4.0,8.5,3.33,14.0,47.214807272593006,10.755039898912614,0.22778955417140165,0.17860505449293754,0.9324790842365211,8.496539618509598
035420,2017-02-17,0.3394,6.0,0.4632,0.1591,6.0,8.5,3.33,14.0,47.397149511192346,10.796575556149772,0.22778955417140165,0.17860505449293754,0.9324790842365211,8.523265573829763
035420,2017-02-18,,,,,0.0,8.5,3.33,14.0,47.397149511192346,10.796575556149772,0.22778955417140165,0.17860505449293754,0.9324790842365211,8.523265573829763
035420,2017-02-19,0.5318,5.0,0.0,0.1707,1.0,8.5,3.33,14.0,47.397149511192346,10.796575556149772,0.22778955417140165,0.17860505449293754,0.9324790842365211,8.523265573829763
035420,2017-02-20,0.5201,7.0,0.4815,0.1212,8.0,8.5,3.33,14.0,47.45782912470294,10.810397738258644,0.22778955417140165,0.17860505449293754,0.9324790842365211,8.532159402555276
035420,2017-02-21,-0.0497,7.0,0.2172,0.119,20.0,8.5,3.33,14.0,48.00485584050094,10.935004709970116,0.22778955417140165,0.17860505449293754,0.9324790842365211,8.612337268515775
035420,2017-02-22,0.2406,6.0,0.4171,0.1384,8.0,8.5,3.33,14.0,48.4302199312102,11.031898206553302,0.22778955417140165,0.17860505449293754,0.9324790842365211,8.674683007881619
035420,2017-02-23,0.2746,7.0,0.3794,0.1499,10.0,8.5,3.33,14.0,49.098605874029396,11.184149542482519,0.22778955417140165,0.17860505449293754,0.9324790842365211,8.772648531293145
035420,2017-02-24,0.1355,6.0,0.2582,0.1292,9.0,8.5,3.33,14.0,48.79490440840887,11.114969521027618,0.22778955417140165,0.17860505449293754,0.9324790842365211,8.728134918521953
035420,2017-02-25,-0.0,3.0,0.0,0.1667,1.0,8.5,3.33,14.0,48.79490440840887,11.114969521027618,0.22778955417140165,0.17860505449293754,0.9324790842365211,8.728134918521953
035420,2017-02-26,0.0,3.0,0.0,0.1163,1.0,8.5,3.33,14.0,48.79490440840887,11.114969521027618,0.22778955417140165,0.17860505449293754,0.9324790842365211,8.728134918521953
035420,2017-02-27,0.3591,5.0,0.4442,0.1443,5.0,8.5,3.33,14.0,48.36954031769961,11.018076024444431,0.22778955417140165,0.17860505449293754,0.9324790842365211,8.665789179156107
035420,2017-02-28,0.187,7.0,0.3573,0.1856,9.0,8.5,3.33,14.0,47.15412765908241,10.741217716803744,0.22778955417140165,0.17860505449293754,0.9324790842365211,8.487645789784086
035420,2017-03-01,0.0152,5.0,0.0338,0.1473,6.0,8.5,3.33,15.0,47.15412765908241,10.741217716803744,0.22778955417140165,0.17860505449293754,0.9324790842365211,8.487645789784086
035420,2017-03-02,0.4044,6.0,0.4414,0.188,8.0,8.5,3.33,15.0,49.523969964738654,11.281043039065704,0.22778955417140165,0.17860505449293754,0.9324790842365211,8.834994270658989
035420,2017-03-03,0.3277,6.0,0.458,0.1736,6.0,8.5,3.33,15.0,49.15928548753999,11.197971724591389,0.22778955417140165,0.17860505449293754,0.9324790842365211,8.781542360018657
035420,2017-03-04,0.9661,6.0,0.0025,0.175,2.0,8.5,3.33,15.0,49.15928548753999,11.197971724591389,0.22778955417140165,0.17860505449293754,0.9324790842365211,8.781542360018657
035420,2017-03-05,0.0015,4.0,0.002,0.0426,3.0,8.5,3.33,15.0,49.15928548753999,11.197971724591389,0.22778955417140165,0.17860505449293754,0.9324790842365211,8.781542360018657
035420,2017-03-06,0.0974,5.0,0.1815,0.1208,7.0,8.5,3.33,15.0,48.612562169809536,11.073433863790461,0.22778955417140165,0.17860505449293754,0.9324790842365211,8.701408963201786
035420,2017-03-07,0.044,5.0,0.5027,0.0662,8.0,8.5,3.33,15.0,48.55157915823139,11.059542570771045,0.22778955417140165,0.17860505449293754,0.9324790842365211,8.692470665332646
035420,2017-03-08,-0.1375,5.0,0.3369,0.2169,7.0,8.5,3.33,15.0,48.612562169809536,11.073433863790461,0.22778955417140165,0.17860505449293754,0.9324790842365211,8.701408963201786
035420,2017-03-09,0.2497,5.0,0.4325,0.1567,4.0,8.5,3.33,15.0,47.94417622699034,10.921182527861244,0.22778955417140165,0.17860505449293754,0.9324790842365211,8.603443439790261
035420,2017-03-10,-0.0023,7.0,0.0106,0.1527,22.0,8.5,3.33,15.0,48.612562169809536,11.073433863790461,0.22778955417140165,0.17860505449293754,0.9324790842365211,8.701408963201786
035420,2017-03-11,-0.0,7.0,0.0002,0.7522,21.0,8.5,3.33,15.0,48.612562169809536,11.073433863790461,0.22778955417140165,0.17860505449293754,0.9324790842365211,8.701408963201786
035420,2017-03-12,-0.4387,4.0,0.4424,0.0571,2.0,8.5,3.33,15.0,48.612562169809536,11.073433863790461,0.22778955417140165,0.17860505449293754,0.9324790842365211,8.701408963201786
035420,2017-03-13,0.3332,5.0,0.4714,0.1541,3.0,8.5,3.33,15.0,50.19235590755785,11.43329437499492,0.22778955417140165,0.17860505449293754,0.9324790842365211,8.932959794070513
035420,2017-03-14,0.5011,7.0,0.4948,0.1316,8.0,8.5,3.33,15.0,49.523969964738654,11.281043039065704,0.22778955417140165,0.17860505449293754,0.9324790842365211,8.834994270658989
035420,2017-03-15,0.0069,6.0,0.0175,0.1759,9.0,8.5,3.33,15.0,49.827671430359175,11.350223060520605,0.22778955417140165,0.17860505449293754,0.9324790842365211,8.87950788343018
035420,2017-03-16,0.0921,6.0,0.2871,0.1497,11.0,8.5,3.33,15.0,49.76699181684858,11.336400878411734,0.22778955417140165,0.17860505449293754,0.9324790842365211,8.870614054704667
035420,2017-03-17,0.4188,8.0,0.4669,0.2383,20.0,8.5,3.33,15.0,50.25303552106844,11.447116557103792,0.22778955417140165,0.17860505449293754,0.9324790842365211,8.941853622796025
035420,2017-03-18,0.2739,6.0,0.4336,0.3,7.0,8.5,3.33,15.0,50.25303552106844,11.447116557103792,0.22778955417140165,0.17860505449293754,0.9324790842365211,8.941853622796025
035420,2017-03-19,0.0565,3.0,0.0564,0.1731,2.0,8.5,3.33,15.0,50.25303552106844,11.447116557103792,0.22778955417140165,0.17860505449293754,0.9324790842365211,8.941853622796025
035420,2017-03-20,0.4054,7.0,0.4852,0.2168,10.0,8.5,3.33,15.0,49.70631220333799,11.322578696302863,0.22778955417140165,0.17860505449293754,0.9324790842365211,8.861720225979155
035420,2017-03-21,0.1697,6.0,0.3347,0.1149,8.0,8.5,3.33,15.0,52.926882690412754,12.056191011731197,0.22778955417140165,0.17860505449293754,0.9324790842365211,9.333760185585747
035420,2017-03-22,0.2235,7.0,0.4154,0.1325,9.0,8.5,3.33,15.0,51.590110804774376,11.751688339872766,0.22778955417140165,0.17860505449293754,0.9324790842365211,9.1378291387627
035420,2017-03-23,0.1098,6.0,0.5532,0.1858,9.0,8.5,3.33,15.0,52.50151859970349,11.95929751514801,0.22778955417140165,0.17860505449293754,0.9324790842365211,9.271414446219904
035420,2017-03-24,0.1475,5.0,0.2575,0.134,7.0,8.5,3.33,15.0,52.98756230392335,12.070013193840069,0.22778955417140165,0.17860505449293754,0.9324790842365211,9.342654014311261
035420,2017-03-25,,,,,0.0,8.5,3.33,15.0,52.98756230392335,12.070013193840069,0.22778955417140165,0.17860505449293754,0.9324790842365211,9.342654014311261
035420,2017-03-26,-0.0,3.0,0.0,0.0655,2.0,8.5,3.33,15.0,52.98756230392335,12.070013193840069,0.22778955417140165,0.17860505449293754,0.9324790842365211,9.342654014311261
035420,2017-03-27,0.3669,7.0,0.6391,0.1439,9.0,8.5,3.33,15.0,53.77761087183128,12.249978004897569,0.22778955417140165,0.17860505449293754,0.9324790842365211,9.458451664317439
035420,2017-03-28,0.1344,6.0,0.3128,0.1539,9.0,8.5,3.33,15.0,51.8331326568843,11.807046179218794,0.22778955417140165,0.17860505449293754,0.9324790842365211,9.17344892280838
035420,2017-03-29,0.1571,5.0,0.3441,0.1861,7.0,8.5,3.33,15.0,52.50151859970349,11.95929751514801,0.22778955417140165,0.17860505449293754,0.9324790842365211,9.271414446219904
035420,2017-03-30,0.2743,7.0,0.4049,0.1447,9.0,8.5,3.33,15.0,52.319176361104155,11.917761857910852,0.22778955417140165,0.17860505449293754,0.9324790842365211,9.244688490899737
035420,2017-03-31,0.2497,5.0,0.4259,0.1345,4.0,8.5,3.33,15.0,51.95449188390549,11.834690543436537,0.22778955417140165,0.17860505449293754,0.9324790842365211,9.191236580259405
035420,2017-04-01,,,,,0.0,9.25,5.0,4.0,35.3849513335893,6.504205451391867,0.18381275673022404,0.23623716077997975,0.5426765146037771,8.844865588321333
035420,2017-04-02,,,,,0.0,9.25,5.0,4.0,35.3849513335893,6.504205451391867,0.18381275673022404,0.23623716077997975,0.5426765146037771,8.844865588321333
035420,2017-04-03,0.2497,7.0,0.393,0.1668,9.0,9.25,5.0,4.0,36.1300847384136,6.641170476664399,0.18381275673022404,0.23623716077997975,0.5426765146037771,8.996298371852644
035420,2017-04-04,-0.1249,5.0,0.3307,0.1883,8.0,9.25,5.0,4.0,35.17810759031999,6.466184932729136,0.18381275673022404,0.23623716077997975,0.5426765146037771,8.80282892267662
035420,2017-04-05,-0.1764,5.0,0.3529,0.1094,5.0,9.25,5.0,4.0,34.888402367479266,6.412933417079638,0.18381275673022404,0.23623716077997975,0.5426765146037771,8.743952393971433
035420,2017-04-06,0.1837,7.0,0.3776,0.2193,10.0,9.25,5.0,4.0,34.764213466675216,6.390105912867549,0.18381275673022404,0.23623716077997975,0.5426765146037771,8.718713596716215
035420,2017-04-07,0.0248,5.0,0.0987,0.2472,7.0,9.25,5.0,4.0,34.267664500565175,6.29883387855532,0.18381275673022404,0.23623716077997975,0.5426765146037771,8.617800402366315
035420,2017-04-08,-0.0,3.0,0.0,0.1277,1.0,9.25,5.0,4.0,34.267664500565175,6.29883387855532,0.18381275673022404,0.23623716077997975,0.5426765146037771,8.617800402366315
035420,2017-04-09,-0.0,3.0,0.0,0.1277,1.0,9.25,5.0,4.0,34.267664500565175,6.29883387855532,0.18381275673022404,0.23623716077997975,0.5426765146037771,8.617800402366315
035420,2017-04-10,0.0005,5.0,0.0015,0.0752,6.0,9.25,5.0,4.0,33.853770376920394,6.222754858693733,0.18381275673022404,0.23623716077997975,0.5426765146037771,8.533685076405913
035420,2017-04-11,-0.3331,6.0,0.4711,0.1946,6.0,9.25,5.0,4.0,31.86716123826792,5.8575907563725655,0.18381275673022404,0.23623716077997975,0.5426765146037771,8.129948309664366
035420,2017-04-12,-0.2269,4.0,0.2171,0.1667,2.0,9.25,5.0,4.0,31.78450639580266,5.842397741921924,0.18381275673022404,0.23623716077997975,0.5426765146037771,8.11315044127487
035420,2017-04-13,0.0003,4.0,0.0003,0.1969,4.0,9.25,5.0,4.0,33.19149845166751,6.101020830407968,0.18381275673022404,0.23623716077997975,0.5426765146037771,8.399092155935072
035420,2017-04-14,-0.1111,6.0,0.3142,0.1816,9.0,9.25,5.0,4.0,32.57076058475343,5.986921291883651,0.18381275673022404,0.23623716077997975,0.5426765146037771,8.272940164329954
035420,2017-04-15,,,,,0.0,9.25,5.0,4.0,32.57076058475343,5.986921291883651,0.18381275673022404,0.23623716077997975,0.5426765146037771,8.272940164329954
035420,2017-04-16,0.0013,3.0,0.0013,0.2539,2.0,9.25,5.0,4.0,32.57076058475343,5.986921291883651,0.18381275673022404,0.23623716077997975,0.5426765146037771,8.272940164329954
035420,2017-04-17,0.1445,7.0,0.4158,0.1518,18.0,9.25,5.0,4.0,32.48810574228817,5.97172827743301,0.18381275673022404,0.23623716077997975,0.5426765146037771,8.256142295940457
035420,2017-04-18,-0.0,4.0,0.0,0.1843,3.0,9.25,5.0,4.0,32.19840051944744,5.918476761783511,0.18381275673022404,0.23623716077997975,0.5426765146037771,8.197265767235272
035420,2017-04-19,0.0134,4.0,0.0266,0.115,5.0,9.25,5.0,4.0,32.15686646110865,5.910842272022064,0.18381275673022404,0.23623716077997975,0.5426765146037771,8.18882483836955
035420,2017-04-20,0.0707,5.0,0.2554,0.129,6.0,9.25,5.0,4.0,32.94332728716558,6.055403804519917,0.18381275673022404,0.23623716077997975,0.5426765146037771,8.348656556095609
035420,2017-04-21,0.1291,5.0,0.327,0.1991,8.0,9.25,5.0,4.0,33.646719996544924,6.184696357494876,0.18381275673022404,0.23623716077997975,0.5426765146037771,8.491606416090224
035420,2017-04-22,-0.108,3.0,0.1079,0.1275,2.0,9.25,5.0,4.0,33.646719996544924,6.184696357494876,0.18381275673022404,0.23623716077997975,0.5426765146037771,8.491606416090224
035420,2017-04-23,0.0001,3.0,0.0,0.0652,1.0,9.25,5.0,4.0,33.646719996544924,6.184696357494876,0.18381275673022404,0.23623716077997975,0.5426765146037771,8.491606416090224
035420,2017-04-24,0.0003,4.0,0.0005,0.2694,4.0,9.25,5.0,4.0,33.522737732847034,6.161906835818914,0.18381275673022404,0.23623716077997975,0.5426765146037771,8.466409613505979
035420,2017-04-25,-0.0003,5.0,0.0008,0.1553,7.0,9.25,5.0,4.0,33.729581476116344,6.199927354481645,0.18381275673022404,0.23623716077997975,0.5426765146037771,8.508446279150695
035420,2017-04-26,0.1316,6.0,0.5364,0.1256,10.0,9.25,5.0,4.0,33.398548832042984,6.139079331606825,0.18381275673022404,0.23623716077997975,0.5426765146037771,8.44117081625076
035420,2017-04-27,0.1125,6.0,0.7812,0.298,11.0,9.25,5.0,4.0,32.7362769067901,6.01734530332106,0.18381275673022404,0.23623716077997975,0.5426765146037771,8.30657789577992
035420,2017-04-28,0.1,6.0,0.5497,0.1645,9.0,9.25,5.0,4.0,33.10884360920225,6.085827815957327,0.18381275673022404,0.23623716077997975,0.5426765146037771,8.382294287545577
035420,2017-04-29,,,,,0.0,9.25,5.0,4.0,33.10884360920225,6.085827815957327,0.18381275673022404,0.23623716077997975,0.5426765146037771,8.382294287545577
035420,2017-04-30,,,,,0.0,9.25,5.0,4.0,33.10884360920225,6.085827815957327,0.18381275673022404,0.23623716077997975,0.5426765146037771,8.382294287545577
035420,2017-05-01,0.0147,7.0,0.3794,0.1463,13.0,9.25,5.0,5.0,33.10884360920225,6.085827815957327,0.18381275673022404,0.23623716077997975,0.5426765146037771,8.382294287545577
035420,2017-05-02,-0.0001,4.0,0.0001,0.1444,5.0,9.25,5.0,5.0,33.15017103043488,6.0934243231826475,0.18381275673022404,0.23623716077997975,0.5426765146037771,8.390693221740325
035420,2017-05-03,0.0004,5.0,0.001,0.0897,6.0,9.25,5.0,5.0,33.15017103043488,6.0934243231826475,0.18381275673022404,0.23623716077997975,0.5426765146037771,8.390693221740325
035420,2017-05-04,0.1264,6.0,0.3104,0.1121,9.0,9.25,5.0,5.0,34.060614120189705,6.260775377356463,0.18381275673022404,0.23623716077997975,0.5426765146037771,8.575721742050627
035420,2017-05-05,0.472,6.0,0.4737,0.1508,6.0,9.25,5.0,5.0,34.060614120189705,6.260775377356463,0.18381275673022404,0.23623716077997975,0.5426765146037771,8.575721742050627
035420,2017-05-06,,,,,0.0,9.25,5.0,5.0,34.060614120189705,6.260775377356463,0.18381275673022404,0.23623716077997975,0.5426765146037771,8.575721742050627
035420,2017-05-07,,,,,0.0,9.25,5.0,5.0,34.060614120189705,6.260775377356463,0.18381275673022404,0.23623716077997975,0.5426765146037771,8.575721742050627
035420,2017-05-08,-0.1504,5.0,0.6236,0.1497,7.0,9.25,5.0,5.0,34.971263847050686,6.428164414066406,0.18381275673022404,0.23623716077997975,0.5426765146037771,8.760792257031904
035420,2017-05-09,0.0,3.0,0.0,0.1409,2.0,9.25,5.0,5.0,34.971263847050686,6.428164414066406,0.18381275673022404,0.23623716077997975,0.5426765146037771,8.760792257031904
035420,2017-05-10,0.0021,5.0,0.0079,0.1463,8.0,9.25,5.0,5.0,34.102148178528495,6.268409867117911,0.18381275673022404,0.23623716077997975,0.5426765146037771,8.58416267091635
035420,2017-05-11,-0.0153,7.0,0.3838,0.2399,21.0,9.25,5.0,5.0,35.84037951557287,6.587918961014901,0.18381275673022404,0.23623716077997975,0.5426765146037771,8.937421843147458
035420,2017-05-12,0.3985,7.0,0.4441,0.1406,11.0,9.25,5.0,5.0,35.09524611074857,6.450953935742368,0.18381275673022404,0.23623716077997975,0.5426765146037771,8.785989059616147
035420,2017-05-13,0.0624,4.0,0.1083,0.1875,4.0,9.25,5.0,5.0,35.09524611074857,6.450953935742368,0.18381275673022404,0.23623716077997975,0.5426765146037771,8.785989059616147
035420,2017-05-14,0.003,5.0,0.0053,0.3662,8.0,9.25,5.0,5.0,35.09524611074857,6.450953935742368,0.18381275673022404,0.23623716077997975,0.5426765146037771,8.785989059616147
035420,2017-05-15,0.1251,5.0,0.3306,0.2347,8.0,9.25,5.0,5.0,34.722886045442586,6.382509405642228,0.18381275673022404,0.23623716077997975,0.5426765146037771,8.710314662521467
035420,2017-05-16,0.2649,7.0,0.3771,0.1932,9.0,9.25,5.0,5.0,34.722886045442586,6.382509405642228,0.18381275673022404,0.23623716077997975,0.5426765146037771,8.710314662521467
035420,2017-05-17,0.0109,5.0,0.5007,0.1913,8.0,9.25,5.0,5.0,34.433180822601855,6.32925788999273,0.18381275673022404,0.23623716077997975,0.5426765146037771,8.651438133816283
035420,2017-05-18,,,,,0.0,9.25,5.0,5.0,34.102148178528495,6.268409867117911,0.18381275673022404,0.23623716077997975,0.5426765146037771,8.58416267091635
035420,2017-05-19,-0.2464,5.0,0.4312,0.097,4.0,9.25,5.0,5.0,34.433180822601855,6.32925788999273,0.18381275673022404,0.23623716077997975,0.5426765146037771,8.651438133816283
035420,2017-05-20,0.3755,5.0,0.4443,0.2115,3.0,9.25,5.0,5.0,34.433180822601855,6.32925788999273,0.18381275673022404,0.23623716077997975,0.5426765146037771,8.651438133816283
035420,2017-05-21,0.0,3.0,0.0,0.122,1.0,9.25,5.0,5.0,34.433180822601855,6.32925788999273,0.18381275673022404,0.23623716077997975,0.5426765146037771,8.651438133816283
035420,2017-05-22,0.0007,5.0,0.0013,0.1072,8.0,9.25,5.0,5.0,35.05391868951594,6.443357428517047,0.18381275673022404,0.23623716077997975,0.5426765146037771,8.777590125421401
035420,2017-05-23,-0.0,4.0,0.0,0.1827,4.0,9.25,5.0,5.0,34.847074946246636,6.405336909854317,0.18381275673022404,0.23623716077997975,0.5426765146037771,8.735553459776686
035420,2017-05-24,-0.0933,5.0,0.2415,0.1472,8.0,9.25,5.0,5.0,35.260969069891416,6.481415929715904,0.18381275673022404,0.23623716077997975,0.5426765146037771,8.81966878573709
035420,2017-05-25,-0.0002,5.0,0.0011,0.0988,8.0,9.25,5.0,5.0,35.260969069891416,6.481415929715904,0.18381275673022404,0.23623716077997975,0.5426765146037771,8.81966878573709
035420,2017-05-26,0.1,6.0,0.2999,0.1339,10.0,9.25,5.0,5.0,35.3849513335893,6.504205451391867,0.18381275673022404,0.23623716077997975,0.5426765146037771,8.844865588321333
035420,2017-05-27,0.0001,3.0,0.0001,0.2406,2.0,9.25,5.0,5.0,35.3849513335893,6.504205451391867,0.18381275673022404,0.23623716077997975,0.5426765146037771,8.844865588321333
035420,2017-05-28,0.0,3.0,0.0,0.0667,1.0,9.25,5.0,5.0,35.3849513335893,6.504205451391867,0.18381275673022404,0.23623716077997975,0.5426765146037771,8.844865588321333
035420,2017-05-29,0.0146,7.0,0.3496,0.2127,16.0,9.25,5.0,5.0,35.42648539192809,6.511839941153314,0.18381275673022404,0.23623716077997975,0.5426765146037771,8.853306517187056
035420,2017-05-30,-0.1068,7.0,0.3546,0.1107,14.0,9.25,5.0,5.0,35.260969069891416,6.481415929715904,0.18381275673022404,0.23623716077997975,0.5426765146037771,8.81966878573709
035420,2017-05-31,0.1538,6.0,0.317,0.1199,9.0,9.25,5.0,5.0,34.971263847050686,6.428164414066406,0.18381275673022404,0.23623716077997975,0.5426765146037771,8.760792257031904
035420,2017-06-01,0.216,5.0,0.3053,0.15,3.0,9.25,5.0,6.0,34.847074946246636,6.405336909854317,0.18381275673022404,0.23623716077997975,0.5426765146037771,8.735553459776686
035420,2017-06-02,0.1249,5.0,0.3304,0.1163,8.0,9.25,5.0,6.0,35.75751803600145,6.572687964028133,0.18381275673022404,0.23623716077997975,0.5426765146037771,8.920581980086988
035420,2017-06-03,0.3322,5.0,0.4697,0.1282,3.0,9.25,5.0,6.0,35.75751803600145,6.572687964028133,0.18381275673022404,0.23623716077997975,0.5426765146037771,8.920581980086988
035420,2017-06-04,-0.0,3.0,0.0,0.2161,2.0,9.25,5.0,6.0,35.75751803600145,6.572687964028133,0.18381275673022404,0.23623716077997975,0.5426765146037771,8.920581980086988
035420,2017-06-05,0.4399,7.0,0.4884,0.1887,9.0,9.25,5.0,6.0,36.25406700211149,6.663959998340362,0.18381275673022404,0.23623716077997975,0.5426765146037771,9.021495174436888
035420,2017-06-06,0.1449,5.0,0.3452,0.1465,7.0,9.25,5.0,6.0,36.25406700211149,6.663959998340362,0.18381275673022404,0.23623716077997975,0.5426765146037771,9.021495174436888
035420,2017-06-07,0.0005,4.0,0.0007,0.1068,3.0,9.25,5.0,6.0,36.25406700211149,6.663959998340362,0.18381275673022404,0.23623716077997975,0.5426765146037771,9.021495174436888
035420,2017-06-08,0.0842,7.0,0.2757,0.1609,12.0,9.25,5.0,6.0,36.833477447792944,6.770463029639358,0.18381275673022404,0.23623716077997975,0.5426765146037771,9.139248231847258
035420,2017-06-09,0.0013,3.0,0.0,0.1707,1.0,9.25,5.0,6.0,39.73052967620024,7.302978186134342,0.18381275673022404,0.23623716077997975,0.5426765146037771,9.728013518899107
035420,2017-06-10,0.0001,4.0,0.0002,0.1494,5.0,9.25,5.0,6.0,39.73052967620024,7.302978186134342,0.18381275673022404,0.23623716077997975,0.5426765146037771,9.728013518899107
035420,2017-06-11,0.3991,5.0,0.4235,0.3995,4.0,9.25,5.0,6.0,39.73052967620024,7.302978186134342,0.18381275673022404,0.23623716077997975,0.5426765146037771,9.728013518899107
035420,2017-06-12,0.0225,7.0,0.4714,0.1427,18.0,9.25,5.0,6.0,37.04052782816842,6.808521530838215,0.18381275673022404,0.23623716077997975,0.5426765146037771,9.181326892162947
035420,2017-06-13,0.1661,5.0,0.3729,0.1635,6.0,9.25,5.0,6.0,37.04052782816842,6.808521530838215,0.18381275673022404,0.23623716077997975,0.5426765146037771,9.181326892162947
035420,2017-06-14,0.0807,5.0,0.1804,0.1894,6.0,9.25,5.0,6.0,36.54377222495222,6.71721151398986,0.18381275673022404,0.23623716077997975,0.5426765146037771,9.080371703142072
035420,2017-06-15,0.4207,7.0,0.471,0.174,11.0,9.25,5.0,6.0,36.62663370452364,6.732442510976628,0.18381275673022404,0.23623716077997975,0.5426765146037771,9.097211566202544
035420,2017-06-16,0.0005,5.0,0.001,0.1159,6.0,9.25,5.0,6.0,36.91633892736437,6.7856940266261265,0.18381275673022404,0.23623716077997975,0.5426765146037771,9.156088094907728
035420,2017-06-17,0.0013,3.0,0.0013,0.0917,2.0,9.25,5.0,6.0,36.91633892736437,6.7856940266261265,0.18381275673022404,0.23623716077997975,0.5426765146037771,9.156088094907728
035420,2017-06-18,-0.0003,4.0,0.0004,0.1218,3.0,9.25,5.0,6.0,36.91633892736437,6.7856940266261265,0.18381275673022404,0.23623716077997975,0.5426765146037771,9.156088094907728
035420,2017-06-19,0.0585,6.0,0.3527,0.2389,9.0,9.25,5.0,6.0,36.33692848168291,6.679190995327129,0.18381275673022404,0.23623716077997975,0.5426765146037771,9.038335037497358
035420,2017-06-20,0.1638,4.0,0.3251,0.2315,5.0,9.25,5.0,6.0,35.84037951557287,6.587918961014901,0.18381275673022404,0.23623716077997975,0.5426765146037771,8.937421843147458
035420,2017-06-21,0.0,3.0,0.0,0.075,1.0,9.25,5.0,6.0,36.41978996125433,6.694421992313898,0.18381275673022404,0.23623716077997975,0.5426765146037771,9.055174900557828
035420,2017-06-22,-0.0439,5.0,0.1093,0.0972,8.0,9.25,5.0,6.0,36.41978996125433,6.694421992313898,0.18381275673022404,0.23623716077997975,0.5426765146037771,9.055174900557828
035420,2017-06-23,0.0939,5.0,0.2276,0.1916,7.0,9.25,5.0,6.0,36.709288546988894,6.7476355254272695,0.18381275673022404,0.23623716077997975,0.5426765146037771,9.11400943459204
035420,2017-06-24,0.0011,4.0,0.0015,0.1511,3.0,9.25,5.0,6.0,36.709288546988894,6.7476355254272695,0.18381275673022404,0.23623716077997975,0.5426765146037771,9.11400943459204
035420,2017-06-25,0.9996,6.0,0.0,0.125,1.0,9.25,5.0,6.0,36.709288546988894,6.7476355254272695,0.18381275673022404,0.23623716077997975,0.5426765146037771,9.11400943459204
035420,2017-06-26,0.6361,8.0,0.4403,0.1629,11.0,9.25,5.0,6.0,36.75082260532769,6.755270015188716,0.18381275673022404,0.23623716077997975,0.5426765146037771,9.12245036345776
035420,2017-06-27,0.2819,8.0,0.5384,0.2202,20.0,9.25,5.0,6.0,35.96436177927076,6.610708482690863,0.18381275673022404,0.23623716077997975,0.5426765146037771,8.962618645731704
035420,2017-06-28,0.5667,7.0,0.5624,0.1512,8.0,9.25,5.0,6.0,35.6333291351974,6.549860459816044,0.18381275673022404,0.23623716077997975,0.5426765146037771,8.89534318283177
035420,2017-06-29,0.2267,6.0,0.449,0.1234,8.0,9.25,5.0,6.0,35.30229649112404,6.489012436941225,0.18381275673022404,0.23623716077997975,0.5426765146037771,8.828067719931838
035420,2017-06-30,0.1983,5.0,0.4007,0.1319,5.0,9.25,5.0,6.0,34.681558624209956,6.374912898416907,0.18381275673022404,0.23623716077997975,0.5426765146037771,8.70191572832672
035420,2017-07-01,0.0,3.0,0.0,0.2917,1.0,9.25,5.0,7.0,34.681558624209956,6.374912898416907,0.18381275673022404,0.23623716077997975,0.5426765146037771,8.70191572832672
035420,2017-07-02,0.0,3.0,0.0,0.1111,1.0,9.25,5.0,7.0,34.681558624209956,6.374912898416907,0.18381275673022404,0.23623716077997975,0.5426765146037771,8.70191572832672
035420,2017-07-03,0.2167,8.0,0.3941,0.2096,18.0,9.25,5.0,7.0,34.92972978871189,6.420529924304959,0.18381275673022404,0.23623716077997975,0.5426765146037771,8.752351328166181
035420,2017-07-04,0.125,5.0,0.3165,0.1543,7.0,9.25,5.0,7.0,34.764213466675216,6.390105912867549,0.18381275673022404,0.23623716077997975,0.5426765146037771,8.718713596716215
035420,2017-07-05,0.1384,5.0,0.3059,0.1589,6.0,9.25,5.0,7.0,34.557369723405905,6.352085394204819,0.18381275673022404,0.23623716077997975,0.5426765146037771,8.6766769310715
035420,2017-07-06,0.2,5.0,0.3999,0.1359,5.0,9.25,5.0,7.0,34.143475599761125,6.276006374343232,0.18381275673022404,0.23623716077997975,0.5426765146037771,8.592561605111097
035420,2017-07-07,0.2054,8.0,0.3973,0.1019,15.0,9.25,5.0,7.0,34.681558624209956,6.374912898416907,0.18381275673022404,0.23623716077997975,0.5426765146037771,8.70191572832672
035420,2017-07-08,,,,,0.0,9.25,5.0,7.0,34.681558624209956,6.374912898416907,0.18381275673022404,0.23623716077997975,0.5426765146037771,8.70191572832672
035420,2017-07-09,,,,,0.0,9.25,5.0,7.0,34.681558624209956,6.374912898416907,0.18381275673022404,0.23623716077997975,0.5426765146037771,8.70191572832672
035420,2017-07-10,0.0818,7.0,0.5344,0.1303,18.0,9.25,5.0,7.0,33.646719996544924,6.184696357494876,0.18381275673022404,0.23623716077997975,0.5426765146037771,8.491606416090224
035420,2017-07-11,0.0398,6.0,0.1047,0.0935,9.0,9.25,5.0,7.0,34.350319343030435,6.314026893005962,0.18381275673022404,0.23623716077997975,0.5426765146037771,8.634598270755811
035420,2017-07-12,0.363,5.0,0.4481,0.2072,5.0,9.25,5.0,7.0,33.977959277724445,6.2455823629058225,0.18381275673022404,0.23623716077997975,0.5426765146037771,8.558923873661131
035420,2017-07-13,0.0032,4.0,0.0066,0.2629,5.0,9.25,5.0,7.0,34.350319343030435,6.314026893005962,0.18381275673022404,0.23623716077997975,0.5426765146037771,8.634598270755811
035420,2017-07-14,0.3044,6.0,0.4249,0.1195,8.0,9.25,5.0,7.0,34.722886045442586,6.382509405642228,0.18381275673022404,0.23623716077997975,0.5426765146037771,8.710314662521467
035420,2017-07-15,-0.0035,5.0,0.009,0.153,6.0,9.25,5.0,7.0,34.722886045442586,6.382509405642228,0.18381275673022404,0.23623716077997975,0.5426765146037771,8.710314662521467
035420,2017-07-16,,,,,0.0,9.25,5.0,7.0,34.722886045442586,6.382509405642228,0.18381275673022404,0.23623716077997975,0.5426765146037771,8.710314662521467
035420,2017-07-17,0.0033,6.0,0.0096,0.2056,9.0,9.25,5.0,7.0,34.722886045442586,6.382509405642228,0.18381275673022404,0.23623716077997975,0.5426765146037771,8.710314662521467
035420,2017-07-18,0.0033,6.0,0.4605,0.1682,9.0,9.25,5.0,7.0,34.350319343030435,6.314026893005962,0.18381275673022404,0.23623716077997975,0.5426765146037771,8.634598270755811
035420,2017-07-19,0.2165,7.0,0.6225,0.1008,9.0,9.25,5.0,7.0,34.557369723405905,6.352085394204819,0.18381275673022404,0.23623716077997975,0.5426765146037771,8.6766769310715
035420,2017-07-20,0.2629,6.0,0.4166,0.173,7.0,9.25,5.0,7.0,34.557369723405905,6.352085394204819,0.18381275673022404,0.23623716077997975,0.5426765146037771,8.6766769310715
035420,2017-07-21,0.1389,5.0,0.3369,0.1557,7.0,9.25,5.0,7.0,34.722886045442586,6.382509405642228,0.18381275673022404,0.23623716077997975,0.5426765146037771,8.710314662521467
035420,2017-07-22,,,,,0.0,9.25,5.0,7.0,34.722886045442586,6.382509405642228,0.18381275673022404,0.23623716077997975,0.5426765146037771,8.710314662521467
035420,2017-07-23,-0.0007,3.0,0.0,0.0682,1.0,9.25,5.0,7.0,34.722886045442586,6.382509405642228,0.18381275673022404,0.23623716077997975,0.5426765146037771,8.710314662521467
035420,2017-07-24,-0.0496,6.0,0.5385,0.1421,10.0,9.25,5.0,7.0,34.474508243834485,6.336854397218051,0.18381275673022404,0.23623716077997975,0.5426765146037771,8.659837068011031
035420,2017-07-25,0.0035,5.0,0.0067,0.118,6.0,9.25,5.0,7.0,34.640024565871165,6.36727840865546,0.18381275673022404,0.23623716077997975,0.5426765146037771,8.693474799460997
035420,2017-07-26,0.1565,7.0,0.3535,0.1276,13.0,9.25,5.0,7.0,34.143475599761125,6.276006374343232,0.18381275673022404,0.23623716077997975,0.5426765146037771,8.592561605111097
035420,2017-07-27,0.3986,8.0,0.73,0.1523,20.0,9.25,5.0,7.0,34.143475599761125,6.276006374343232,0.18381275673022404,0.23623716077997975,0.5426765146037771,8.592561605111097
035420,2017-07-28,0.0014,4.0,0.0019,0.1183,3.0,9.25,5.0,7.0,33.06730955086346,6.07819332619588,0.18381275673022404,0.23623716077997975,0.5426765146037771,8.373853358679854
035420,2017-07-29,0.0003,4.0,0.813,0.1589,3.0,9.25,5.0,7.0,33.06730955086346,6.07819332619588,0.18381275673022404,0.23623716077997975,0.5426765146037771,8.373853358679854
035420,2017-07-30,0.395,5.0,0.4827,0.2887,5.0,9.25,5.0,7.0,33.06730955086346,6.07819332619588,0.18381275673022404,0.23623716077997975,0.5426765146037771,8.373853358679854
035420,2017-07-31,-0.0001,7.0,0.001,0.2134,12.0,9.25,5.0,7.0,33.2330325100063,6.108655320169416,0.18381275673022404,0.23623716077997975,0.5426765146037771,8.407533084800793
035420,2017-08-01,0.0459,6.0,0.1273,0.2006,9.0,9.25,5.0,8.0,32.94332728716558,6.055403804519917,0.18381275673022404,0.23623716077997975,0.5426765146037771,8.348656556095609
035420,2017-08-02,0.0089,5.0,0.5264,0.2146,7.0,9.25,5.0,8.0,32.90179322882678,6.04776931475847,0.18381275673022404,0.23623716077997975,0.5426765146037771,8.340215627229886
035420,2017-08-03,0.0797,6.0,0.2926,0.1777,11.0,9.25,5.0,8.0,32.19840051944744,5.918476761783511,0.18381275673022404,0.23623716077997975,0.5426765146037771,8.197265767235272
035420,2017-08-04,0.017,4.0,0.0337,0.142,5.0,9.25,5.0,8.0,32.11553903987602,5.903245764796743,0.18381275673022404,0.23623716077997975,0.5426765146037771,8.180425904174802
035420,2017-08-05,0.0012,4.0,0.0023,0.0941,5.0,9.25,5.0,8.0,32.11553903987602,5.903245764796743,0.18381275673022404,0.23623716077997975,0.5426765146037771,8.180425904174802
035420,2017-08-06,,,,,0.0,9.25,5.0,8.0,32.11553903987602,5.903245764796743,0.18381275673022404,0.23623716077997975,0.5426765146037771,8.180425904174802
035420,2017-08-07,0.0972,6.0,0.2786,0.2655,10.0,9.25,5.0,8.0,32.94332728716558,6.055403804519917,0.18381275673022404,0.23623716077997975,0.5426765146037771,8.348656556095609
035420,2017-08-08,0.0998,7.0,0.2693,0.2074,14.0,9.25,5.0,8.0,33.522737732847034,6.161906835818914,0.18381275673022404,0.23623716077997975,0.5426765146037771,8.466409613505979
035420,2017-08-09,0.045,7.0,0.3427,0.2085,15.0,9.25,5.0,8.0,33.02598212963083,6.070596818970559,0.18381275673022404,0.23623716077997975,0.5426765146037771,8.365454424485105
035420,2017-08-10,0.2298,7.0,0.4021,0.1578,9.0,9.25,5.0,8.0,32.86046580759415,6.04017280753315,0.18381275673022404,0.23623716077997975,0.5426765146037771,8.331816693035138
035420,2017-08-11,0.1463,7.0,0.3482,0.1605,14.0,9.25,5.0,8.0,32.90179322882678,6.04776931475847,0.18381275673022404,0.23623716077997975,0.5426765146037771,8.340215627229886
035420,2017-08-12,0.1427,5.0,0.3494,0.1545,7.0,9.25,5.0,8.0,32.90179322882678,6.04776931475847,0.18381275673022404,0.23623716077997975,0.5426765146037771,8.340215627229886
035420,2017-08-13,,,,,0.0,9.25,5.0,8.0,32.90179322882678,6.04776931475847,0.18381275673022404,0.23623716077997975,0.5426765146037771,8.340215627229886
035420,2017-08-14,0.2206,7.0,0.4128,0.1716,9.0,9.25,5.0,8.0,32.23972794068007,5.926073269008832,0.18381275673022404,0.23623716077997975,0.5426765146037771,8.20566470143002
035420,2017-08-15,-0.0202,6.0,0.3645,0.2206,10.0,9.25,5.0,8.0,32.23972794068007,5.926073269008832,0.18381275673022404,0.23623716077997975,0.5426765146037771,8.20566470143002
035420,2017-08-16,-0.0115,7.0,0.378,0.2157,14.0,9.25,5.0,8.0,32.57076058475343,5.986921291883651,0.18381275673022404,0.23623716077997975,0.5426765146037771,8.272940164329954
035420,2017-08-17,0.1764,7.0,0.3743,0.1811,11.0,9.25,5.0,8.0,32.15686646110865,5.910842272022064,0.18381275673022404,0.23623716077997975,0.5426765146037771,8.18882483836955
035420,2017-08-18,0.0024,5.0,0.0064,0.1611,8.0,9.25,5.0,8.0,32.44657168394938,5.964093787671562,0.18381275673022404,0.23623716077997975,0.5426765146037771,8.247701367074736
035420,2017-08-19,0.9997,6.0,0.0,0.2857,1.0,9.25,5.0,8.0,32.44657168394938,5.964093787671562,0.18381275673022404,0.23623716077997975,0.5426765146037771,8.247701367074736
035420,2017-08-20,-0.0004,4.0,0.0005,0.0796,3.0,9.25,5.0,8.0,32.44657168394938,5.964093787671562,0.18381275673022404,0.23623716077997975,0.5426765146037771,8.247701367074736
035420,2017-08-21,-0.0004,5.0,0.001,0.1533,8.0,9.25,5.0,8.0,32.32238278314533,5.941266283459473,0.18381275673022404,0.23623716077997975,0.5426765146037771,8.222462569819518
035420,2017-08-22,-0.082,7.0,0.3972,0.1821,13.0,9.25,5.0,8.0,31.74297233746387,5.834763252160477,0.18381275673022404,0.23623716077997975,0.5426765146037771,8.104709512409148
035420,2017-08-23,-0.0258,7.0,0.2897,0.2204,17.0,9.25,5.0,8.0,31.99135013907197,5.880418260584654,0.18381275673022404,0.23623716077997975,0.5426765146037771,8.155187106919584
035420,2017-08-24,-0.0517,7.0,0.19,0.1691,12.0,9.25,5.0,8.0,31.90869529660671,5.865225246134012,0.18381275673022404,0.23623716077997975,0.5426765146037771,8.138389238530086
035420,2017-08-25,0.1436,5.0,0.293,0.2071,8.0,9.25,5.0,8.0,32.2810553619127,5.933669776234153,0.18381275673022404,0.23623716077997975,0.5426765146037771,8.214063635624768
035420,2017-08-26,0.0037,4.0,0.007,0.0421,5.0,9.25,5.0,8.0,32.2810553619127,5.933669776234153,0.18381275673022404,0.23623716077997975,0.5426765146037771,8.214063635624768
035420,2017-08-27,0.0096,3.0,0.0097,0.0653,2.0,9.25,5.0,8.0,32.2810553619127,5.933669776234153,0.18381275673022404,0.23623716077997975,0.5426765146037771,8.214063635624768
035420,2017-08-28,-0.181,7.0,0.3852,0.2119,11.0,9.25,5.0,8.0,32.40524426271675,5.956497280446241,0.18381275673022404,0.23623716077997975,0.5426765146037771,8.239302432879988
035420,2017-08-29,0.1347,5.0,0.3303,0.1467,7.0,9.25,5.0,8.0,32.19840051944744,5.918476761783511,0.18381275673022404,0.23623716077997975,0.5426765146037771,8.197265767235272
035420,2017-08-30,0.2877,7.0,0.406,0.1635,9.0,9.25,5.0,8.0,32.0326775603046,5.888014767809975,0.18381275673022404,0.23623716077997975,0.5426765146037771,8.163586041114332
035420,2017-08-31,0.0153,7.0,0.4058,0.1621,12.0,9.25,5.0,8.0,31.246423371353828,5.7434912178482485,0.18381275673022404,0.23623716077997975,0.5426765146037771,8.003796318059248
035420,2017-09-01,0.4133,6.0,0.4479,0.1957,6.0,9.25,5.0,9.0,30.873856668941677,5.675008705211981,0.18381275673022404,0.23623716077997975,0.5426765146037771,7.928079926293592
035420,2017-09-02,0.0117,3.0,0.0116,0.163,2.0,9.25,5.0,9.0,30.873856668941677,5.675008705211981,0.18381275673022404,0.23623716077997975,0.5426765146037771,7.928079926293592
035420,2017-09-03,-0.1321,6.0,0.4505,0.085,9.0,9.25,5.0,9.0,30.873856668941677,5.675008705211981,0.18381275673022404,0.23623716077997975,0.5426765146037771,7.928079926293592
035420,2017-09-04,-0.1152,7.0,0.6439,0.1611,12.0,9.25,5.0,9.0,30.046275058758283,5.522888648024934,0.18381275673022404,0.23623716077997975,0.5426765146037771,7.7598912690437585
035420,2017-09-05,0.1011,6.0,0.2962,0.2107,10.0,9.25,5.0,9.0,30.460169182403064,5.598967667886521,0.18381275673022404,0.23623716077997975,0.5426765146037771,7.844006595004163
035420,2017-09-06,-0.3124,6.0,0.4422,0.199,6.0,9.25,5.0,9.0,30.50149660363569,5.606564175111842,0.18381275673022404,0.23623716077997975,0.5426765146037771,7.8524055291989105
035420,2017-09-07,-0.0321,7.0,0.1537,0.2001,25.0,9.25,5.0,9.0,30.211791380794963,5.553312659462343,0.18381275673022404,0.23623716077997975,0.5426765146037771,7.7935290004937245
035420,2017-09-08,0.4908,7.0,0.4636,0.0932,9.0,9.25,5.0,9.0,30.087602479990913,5.530485155250255,0.18381275673022404,0.23623716077997975,0.5426765146037771,7.768290203238506
035420,2017-09-09,0.001,4.0,0.0011,0.2606,4.0,9.25,5.0,9.0,30.087602479990913,5.530485155250255,0.18381275673022404,0.23623716077997975,0.5426765146037771,7.768290203238506
035420,2017-09-10,0.0,4.0,0.0,0.2376,3.0,9.25,5.0,9.0,30.087602479990913,5.530485155250255,0.18381275673022404,0.23623716077997975,0.5426765146037771,7.768290203238506
035420,2017-09-11,-0.1836,8.0,0.3529,0.1032,13.0,9.25,5.0,9.0,29.797897257150183,5.477233639600756,0.18381275673022404,0.23623716077997975,0.5426765146037771,7.709413674533322
035420,2017-09-12,0.2417,7.0,0.5748,0.128,9.0,9.25,5.0,9.0,30.41863512406427,5.5913331781250735,0.18381275673022404,0.23623716077997975,0.5426765146037771,7.83556566613844
035420,2017-09-13,-0.1863,5.0,0.3785,0.1864,5.0,9.25,5.0,9.0,30.170463959562333,5.545716152237023,0.18381275673022404,0.23623716077997975,0.5426765146037771,7.785130066298977
035420,2017-09-14,0.2,5.0,0.3999,0.188,5.0,9.25,5.0,9.0,31.66031749499861,5.8195702377098355,0.18381275673022404,0.23623716077997975,0.5426765146037771,8.087911644019652
035420,2017-09-15,0.3365,5.0,0.4244,0.0923,3.0,9.25,5.0,9.0,31.453267114623138,5.7815117365109785,0.18381275673022404,0.23623716077997975,0.5426765146037771,8.045832983703963
035420,2017-09-16,-0.0,3.0,0.0,0.1667,1.0,9.25,5.0,9.0,31.453267114623138,5.7815117365109785,0.18381275673022404,0.23623716077997975,0.5426765146037771,8.045832983703963
035420,2017-09-17,-0.0,3.0,0.0,0.1893,2.0,9.25,5.0,9.0,31.453267114623138,5.7815117365109785,0.18381275673022404,0.23623716077997975,0.5426765146037771,8.045832983703963
035420,2017-09-18,0.0579,6.0,0.1835,0.1662,11.0,9.25,5.0,9.0,32.32238278314533,5.941266283459473,0.18381275673022404,0.23623716077997975,0.5426765146037771,8.222462569819518
035420,2017-09-19,-0.1834,5.0,0.4636,0.1711,4.0,9.25,5.0,9.0,31.86716123826792,5.8575907563725655,0.18381275673022404,0.23623716077997975,0.5426765146037771,8.129948309664366
035420,2017-09-20,0.0807,7.0,0.2527,0.175,26.0,9.25,5.0,9.0,32.40524426271675,5.956497280446241,0.18381275673022404,0.23623716077997975,0.5426765146037771,8.239302432879988
035420,2017-09-21,0.0,5.0,0.0001,0.2157,7.0,9.25,5.0,9.0,31.577456015427188,5.804339240723067,0.18381275673022404,0.23623716077997975,0.5426765146037771,8.07107178095918
035420,2017-09-22,0.0092,6.0,0.0262,0.1466,11.0,9.25,5.0,9.0,31.618990073765982,5.811973730484515,0.18381275673022404,0.23623716077997975,0.5426765146037771,8.079512709824902
035420,2017-09-23,-0.002,5.0,0.0056,0.2556,8.0,9.25,5.0,9.0,31.618990073765982,5.811973730484515,0.18381275673022404,0.23623716077997975,0.5426765146037771,8.079512709824902
035420,2017-09-24,0.0,4.0,0.0,0.4021,4.0,9.25,5.0,9.0,31.618990073765982,5.811973730484515,0.18381275673022404,0.23623716077997975,0.5426765146037771,8.079512709824902
035420,2017-09-25,0.069,7.0,0.4963,0.2448,12.0,9.25,5.0,9.0,31.2050959501212,5.735894710622928,0.18381275673022404,0.23623716077997975,0.5426765146037771,7.995397383864499
035420,2017-09-26,-0.0004,3.0,0.0004,0.1023,2.0,9.25,5.0,9.0,31.163561891782408,5.72826022086148,0.18381275673022404,0.23623716077997975,0.5426765146037771,7.986956454998777
035420,2017-09-27,-0.5079,9.0,0.6054,0.1347,12.0,9.25,5.0,9.0,30.37730770283164,5.583736670899753,0.18381275673022404,0.23623716077997975,0.5426765146037771,7.827166731943691
035420,2017-09-28,0.0042,5.0,0.0106,0.1284,8.0,9.25,5.0,9.0,30.335980281599014,5.576140163674432,0.18381275673022404,0.23623716077997975,0.5426765146037771,7.8187677977489445
035420,2017-09-29,0.0007,6.0,0.4467,0.1755,10.0,9.25,5.0,9.0,30.83252924770905,5.6674121979866605,0.18381275673022404,0.23623716077997975,0.5426765146037771,7.919680992098843
035420,2017-09-30,0.0002,4.0,0.0005,0.2756,5.0,9.25,5.0,9.0,30.83252924770905,5.6674121979866605,0.18381275673022404,0.23623716077997975,0.5426765146037771,7.919680992098843
035420,2017-10-01,0.0,3.0,0.0,0.2545,1.0,9.25,5.0,10.0,30.83252924770905,5.6674121979866605,0.18381275673022404,0.23623716077997975,0.5426765146037771,7.919680992098843
035420,2017-10-02,0.4933,4.0,0.4933,0.236,2.0,9.25,5.0,10.0,30.83252924770905,5.6674121979866605,0.18381275673022404,0.23623716077997975,0.5426765146037771,7.919680992098843
035420,2017-10-03,-0.0,3.0,0.0,0.2294,2.0,9.25,5.0,10.0,30.83252924770905,5.6674121979866605,0.18381275673022404,0.23623716077997975,0.5426765146037771,7.919680992098843
035420,2017-10-04,-0.0057,5.0,0.0139,0.2855,7.0,9.25,5.0,10.0,30.83252924770905,5.6674121979866605,0.18381275673022404,0.23623716077997975,0.5426765146037771,7.919680992098843
035420,2017-10-05,0.0,3.0,0.0,0.15,1.0,9.25,5.0,10.0,30.83252924770905,5.6674121979866605,0.18381275673022404,0.23623716077997975,0.5426765146037771,7.919680992098843
035420,2017-10-06,0.7313,5.0,0.2494,0.2998,2.0,9.25,5.0,10.0,30.83252924770905,5.6674121979866605,0.18381275673022404,0.23623716077997975,0.5426765146037771,7.919680992098843
035420,2017-10-07,,,,,0.0,9.25,5.0,10.0,30.83252924770905,5.6674121979866605,0.18381275673022404,0.23623716077997975,0.5426765146037771,7.919680992098843
035420,2017-10-08,,,,,0.0,9.25,5.0,10.0,30.83252924770905,5.6674121979866605,0.18381275673022404,0.23623716077997975,0.5426765146037771,7.919680992098843
035420,2017-10-09,-0.0001,6.0,0.0002,0.1823,10.0,9.25,5.0,10.0,30.83252924770905,5.6674121979866605,0.18381275673022404,0.23623716077997975,0.5426765146037771,7.919680992098843
035420,2017-10-10,0.4014,5.0,0.4882,0.1359,5.0,9.25,5.0,10.0,31.287750792586458,5.751087725073569,0.18381275673022404,0.23623716077997975,0.5426765146037771,8.012195252253996
035420,2017-10-11,0.4661,5.0,0.4559,0.1087,4.0,9.25,5.0,10.0,31.08090704931715,5.713067206410838,0.18381275673022404,0.23623716077997975,0.5426765146037771,7.970158586609281
035420,2017-10-12,-0.0289,6.0,0.4243,0.1278,11.0,9.25,5.0,10.0,31.78450639580266,5.842397741921924,0.18381275673022404,0.23623716077997975,0.5426765146037771,8.11315044127487
035420,2017-10-13,0.071,7.0,0.2763,0.1755,12.0,9.25,5.0,10.0,31.536128594194558,5.796742733497746,0.18381275673022404,0.23623716077997975,0.5426765146037771,8.062672846764432
035420,2017-10-14,-0.0,3.0,0.0,0.2105,1.0,9.25,5.0,10.0,31.536128594194558,5.796742733497746,0.18381275673022404,0.23623716077997975,0.5426765146037771,8.062672846764432
035420,2017-10-15,0.5003,5.0,0.4995,0.1235,2.0,9.25,5.0,10.0,31.536128594194558,5.796742733497746,0.18381275673022404,0.23623716077997975,0.5426765146037771,8.062672846764432
035420,2017-10-16,0.0832,7.0,0.3499,0.1158,32.0,9.25,5.0,10.0,31.536128594194558,5.796742733497746,0.18381275673022404,0.23623716077997975,0.5426765146037771,8.062672846764432
035420,2017-10-17,0.2917,7.0,0.4403,0.2279,10.0,9.25,5.0,10.0,31.78450639580266,5.842397741921924,0.18381275673022404,0.23623716077997975,0.5426765146037771,8.11315044127487
035420,2017-10-18,0.1039,7.0,0.4465,0.1528,17.0,9.25,5.0,10.0,33.729581476116344,6.199927354481645,0.18381275673022404,0.23623716077997975,0.5426765146037771,8.508446279150695
035420,2017-10-19,-0.1247,5.0,0.5993,0.1414,8.0,9.25,5.0,10.0,33.564065154079664,6.1695033430442345,0.18381275673022404,0.23623716077997975,0.5426765146037771,8.474808547700727
035420,2017-10-20,0.0285,7.0,0.7205,0.1666,14.0,9.25,5.0,10.0,33.15017103043488,6.0934243231826475,0.18381275673022404,0.23623716077997975,0.5426765146037771,8.390693221740325
035420,2017-10-21,-0.333,5.0,0.4712,0.1657,3.0,9.25,5.0,10.0,33.15017103043488,6.0934243231826475,0.18381275673022404,0.23623716077997975,0.5426765146037771,8.390693221740325
035420,2017-10-22,0.0,3.0,0.0,0.119,1.0,9.25,5.0,10.0,33.15017103043488,6.0934243231826475,0.18381275673022404,0.23623716077997975,0.5426765146037771,8.390693221740325
035420,2017-10-23,0.0021,6.0,0.0062,0.1528,11.0,9.25,5.0,10.0,33.06730955086346,6.07819332619588,0.18381275673022404,0.23623716077997975,0.5426765146037771,8.373853358679854
035420,2017-10-24,0.0324,4.0,0.0444,0.307,4.0,9.25,5.0,10.0,33.15017103043488,6.0934243231826475,0.18381275673022404,0.23623716077997975,0.5426765146037771,8.390693221740325
035420,2017-10-25,-0.0,4.0,0.0,0.2031,3.0,9.25,5.0,10.0,33.27435993123893,6.116251827394737,0.18381275673022404,0.23623716077997975,0.5426765146037771,8.415932018995543
035420,2017-10-26,0.2822,8.0,0.4424,0.2156,37.0,9.25,5.0,10.0,34.764213466675216,6.390105912867549,0.18381275673022404,0.23623716077997975,0.5426765146037771,8.718713596716215
035420,2017-10-27,0.3333,8.0,0.4713,0.1941,12.0,9.25,5.0,10.0,36.37825590291554,6.68678750255245,0.18381275673022404,0.23623716077997975,0.5426765146037771,9.046733971692106
035420,2017-10-28,-0.1959,4.0,0.0,0.1667,1.0,9.25,5.0,10.0,36.37825590291554,6.68678750255245,0.18381275673022404,0.23623716077997975,0.5426765146037771,9.046733971692106
035420,2017-10-29,0.2441,6.0,0.7985,0.1021,6.0,9.25,5.0,10.0,36.37825590291554,6.68678750255245,0.18381275673022404,0.23623716077997975,0.5426765146037771,9.046733971692106
035420,2017-10-30,-0.3901,8.0,0.4005,0.2637,37.0,9.25,5.0,10.0,36.25406700211149,6.663959998340362,0.18381275673022404,0.23623716077997975,0.5426765146037771,9.021495174436888
035420,2017-10-31,-0.3431,8.0,0.4716,0.4618,35.0,9.25,5.0,10.0,36.998993769829625,6.800887041076768,0.18381275673022404,0.23623716077997975,0.5426765146037771,9.172885963297224
035420,2017-11-01,-0.0864,5.0,0.2282,0.1182,8.0,9.25,5.0,11.0,35.59200171396477,6.542263952590723,0.18381275673022404,0.23623716077997975,0.5426765146037771,8.886944248637022
035420,2017-11-02,0.2498,5.0,0.6401,0.2119,5.0,9.25,5.0,11.0,35.42648539192809,6.511839941153314,0.18381275673022404,0.23623716077997975,0.5426765146037771,8.853306517187056
035420,2017-11-03,-0.4917,5.0,0.508,0.1876,4.0,9.25,5.0,11.0,35.71619061476882,6.565091456802812,0.18381275673022404,0.23623716077997975,0.5426765146037771,8.91218304589224
035420,2017-11-04,0.4991,4.0,0.4991,0.1922,2.0,9.25,5.0,11.0,35.71619061476882,6.565091456802812,0.18381275673022404,0.23623716077997975,0.5426765146037771,8.91218304589224
035420,2017-11-05,0.2673,4.0,0.2673,0.1502,2.0,9.25,5.0,11.0,35.71619061476882,6.565091456802812,0.18381275673022404,0.23623716077997975,0.5426765146037771,8.91218304589224
035420,2017-11-06,0.1665,5.0,0.3727,0.2117,6.0,9.25,5.0,11.0,35.6333291351974,6.549860459816044,0.18381275673022404,0.23623716077997975,0.5426765146037771,8.89534318283177
035420,2017-11-07,-0.1428,5.0,0.3498,0.2275,7.0,9.25,5.0,11.0,35.59200171396477,6.542263952590723,0.18381275673022404,0.23623716077997975,0.5426765146037771,8.886944248637022
035420,2017-11-08,-0.0587,6.0,0.168,0.1991,11.0,9.25,5.0,11.0,35.136780169087366,6.458588425503815,0.18381275673022404,0.23623716077997975,0.5426765146037771,8.79442998848187
035420,2017-11-09,-0.0859,7.0,0.4288,0.1689,23.0,9.25,5.0,11.0,34.143475599761125,6.276006374343232,0.18381275673022404,0.23623716077997975,0.5426765146037771,8.592561605111097
035420,2017-11-10,0.0364,5.0,0.5167,0.2182,6.0,9.25,5.0,11.0,33.688254054883714,6.192330847256324,0.18381275673022404,0.23623716077997975,0.5426765146037771,8.500047344955945
035420,2017-11-11,0.0,3.0,0.0,0.125,1.0,9.25,5.0,11.0,33.688254054883714,6.192330847256324,0.18381275673022404,0.23623716077997975,0.5426765146037771,8.500047344955945
035420,2017-11-12,,,,,0.0,9.25,5.0,11.0,33.688254054883714,6.192330847256324,0.18381275673022404,0.23623716077997975,0.5426765146037771,8.500047344955945
035420,2017-11-13,-0.1482,5.0,0.3827,0.1395,6.0,9.25,5.0,11.0,33.895097798153024,6.230351365919054,0.18381275673022404,0.23623716077997975,0.5426765146037771,8.54208401060066
035420,2017-11-14,0.2063,6.0,0.3622,0.1296,6.0,9.25,5.0,11.0,33.31568735247156,6.123848334620058,0.18381275673022404,0.23623716077997975,0.5426765146037771,8.42433095319029
035420,2017-11-15,-0.0197,5.0,0.0441,0.1383,6.0,9.25,5.0,11.0,33.31568735247156,6.123848334620058,0.18381275673022404,0.23623716077997975,0.5426765146037771,8.42433095319029
035420,2017-11-16,0.0001,4.0,0.0001,0.2017,4.0,9.25,5.0,11.0,33.19149845166751,6.101020830407968,0.18381275673022404,0.23623716077997975,0.5426765146037771,8.399092155935072
035420,2017-11-17,0.2401,5.0,0.4156,0.2327,4.0,9.25,5.0,11.0,33.31568735247156,6.123848334620058,0.18381275673022404,0.23623716077997975,0.5426765146037771,8.42433095319029
035420,2017-11-18,-0.0003,5.0,0.0007,0.1388,6.0,9.25,5.0,11.0,33.31568735247156,6.123848334620058,0.18381275673022404,0.23623716077997975,0.5426765146037771,8.42433095319029
035420,2017-11-19,0.6186,6.0,0.4602,0.1978,5.0,9.25,5.0,11.0,33.31568735247156,6.123848334620058,0.18381275673022404,0.23623716077997975,0.5426765146037771,8.42433095319029
035420,2017-11-20,0.0237,6.0,0.3908,0.1752,11.0,9.25,5.0,11.0,33.15017103043488,6.0934243231826475,0.18381275673022404,0.23623716077997975,0.5426765146037771,8.390693221740325
035420,2017-11-21,-0.0,4.0,0.0001,0.1874,4.0,9.25,5.0,11.0,33.439876253275614,6.146675838832146,0.18381275673022404,0.23623716077997975,0.5426765146037771,8.449569750445509
035420,2017-11-22,0.0,3.0,0.0,0.7302,2.0,9.25,5.0,11.0,33.15017103043488,6.0934243231826475,0.18381275673022404,0.23623716077997975,0.5426765146037771,8.390693221740325
035420,2017-11-23,0.1605,7.0,0.3323,0.1755,13.0,9.25,5.0,11.0,33.15017103043488,6.0934243231826475,0.18381275673022404,0.23623716077997975,0.5426765146037771,8.390693221740325
035420,2017-11-24,0.0013,5.0,0.0023,0.1292,7.0,9.25,5.0,11.0,33.522737732847034,6.161906835818914,0.18381275673022404,0.23623716077997975,0.5426765146037771,8.466409613505979
035420,2017-11-25,-0.0,3.0,0.0,0.1667,1.0,9.25,5.0,11.0,33.522737732847034,6.161906835818914,0.18381275673022404,0.23623716077997975,0.5426765146037771,8.466409613505979
035420,2017-11-26,,,,,0.0,9.25,5.0,11.0,33.522737732847034,6.161906835818914,0.18381275673022404,0.23623716077997975,0.5426765146037771,8.466409613505979
035420,2017-11-27,0.16,7.0,0.3717,0.1277,14.0,9.25,5.0,11.0,32.90179322882678,6.04776931475847,0.18381275673022404,0.23623716077997975,0.5426765146037771,8.340215627229886
035420,2017-11-28,0.2413,5.0,0.4175,0.0969,4.0,9.25,5.0,11.0,33.398548832042984,6.139079331606825,0.18381275673022404,0.23623716077997975,0.5426765146037771,8.44117081625076
035420,2017-11-29,0.1011,6.0,0.2863,0.1766,10.0,9.25,5.0,11.0,33.605392575312294,6.177099850269555,0.18381275673022404,0.23623716077997975,0.5426765146037771,8.483207481895475
035420,2017-11-30,0.2496,6.0,0.4323,0.1145,8.0,9.25,5.0,11.0,33.10884360920225,6.085827815957327,0.18381275673022404,0.23623716077997975,0.5426765146037771,8.382294287545577
035420,2017-12-01,-0.0755,4.0,0.1479,0.0999,5.0,9.25,5.0,12.0,34.391853401369225,6.3216613827674095,0.18381275673022404,0.23623716077997975,0.5426765146037771,8.643039199621533
035420,2017-12-02,,,,,0.0,9.25,5.0,12.0,34.391853401369225,6.3216613827674095,0.18381275673022404,0.23623716077997975,0.5426765146037771,8.643039199621533
035420,2017-12-03,0.2673,4.0,0.7307,0.199,2.0,9.25,5.0,12.0,34.391853401369225,6.3216613827674095,0.18381275673022404,0.23623716077997975,0.5426765146037771,8.643039199621533
035420,2017-12-04,0.6407,7.0,0.4633,0.2021,8.0,9.25,5.0,12.0,34.722886045442586,6.382509405642228,0.18381275673022404,0.23623716077997975,0.5426765146037771,8.710314662521467
035420,2017-12-05,0.1755,7.0,0.3294,0.1744,9.0,9.25,5.0,12.0,34.474508243834485,6.336854397218051,0.18381275673022404,0.23623716077997975,0.5426765146037771,8.659837068011031
035420,2017-12-06,0.0117,6.0,0.0371,0.1788,11.0,9.25,5.0,12.0,34.184803020993755,6.2836028815685525,0.18381275673022404,0.23623716077997975,0.5426765146037771,8.600960539305845
035420,2017-12-07,-0.0466,7.0,0.5321,0.1215,16.0,9.25,5.0,12.0,34.640024565871165,6.36727840865546,0.18381275673022404,0.23623716077997975,0.5426765146037771,8.693474799460997
035420,2017-12-08,0.5304,6.0,0.4129,0.1301,5.0,9.25,5.0,12.0,34.350319343030435,6.314026893005962,0.18381275673022404,0.23623716077997975,0.5426765146037771,8.634598270755811
035420,2017-12-09,0.2599,4.0,0.0,0.1282,1.0,9.25,5.0,12.0,34.350319343030435,6.314026893005962,0.18381275673022404,0.23623716077997975,0.5426765146037771,8.634598270755811
035420,2017-12-10,,,,,0.0,9.25,5.0,12.0,34.350319343030435,6.314026893005962,0.18381275673022404,0.23623716077997975,0.5426765146037771,8.634598270755811
035420,2017-12-11,0.1658,5.0,0.3725,0.1867,6.0,9.25,5.0,12.0,34.184803020993755,6.2836028815685525,0.18381275673022404,0.23623716077997975,0.5426765146037771,8.600960539305845
035420,2017-12-12,0.3323,6.0,0.4718,0.1654,6.0,9.25,5.0,12.0,34.267664500565175,6.29883387855532,0.18381275673022404,0.23623716077997975,0.5426765146037771,8.617800402366315
035420,2017-12-13,-0.0011,6.0,0.1367,0.1914,11.0,9.25,5.0,12.0,34.80554088790784,6.39770242009287,0.18381275673022404,0.23623716077997975,0.5426765146037771,8.727112530910963
035420,2017-12-14,0.2821,7.0,0.4345,0.21,11.0,9.25,5.0,12.0,34.557369723405905,6.352085394204819,0.18381275673022404,0.23623716077997975,0.5426765146037771,8.6766769310715
035420,2017-12-15,0.1317,5.0,0.3249,0.1812,8.0,9.25,5.0,12.0,34.92972978871189,6.420529924304959,0.18381275673022404,0.23623716077997975,0.5426765146037771,8.752351328166181
035420,2017-12-16,-0.7385,5.0,0.2444,0.0622,2.0,9.25,5.0,12.0,34.92972978871189,6.420529924304959,0.18381275673022404,0.23623716077997975,0.5426765146037771,8.752351328166181
035420,2017-12-17,-0.3331,5.0,0.4713,0.2013,3.0,9.25,5.0,12.0,34.92972978871189,6.420529924304959,0.18381275673022404,0.23623716077997975,0.5426765146037771,8.752351328166181
035420,2017-12-18,0.2587,8.0,0.6433,0.1665,14.0,9.25,5.0,12.0,35.59200171396477,6.542263952590723,0.18381275673022404,0.23623716077997975,0.5426765146037771,8.886944248637022
035420,2017-12-19,0.1668,6.0,0.3726,0.184,6.0,9.25,5.0,12.0,35.3849513335893,6.504205451391867,0.18381275673022404,0.23623716077997975,0.5426765146037771,8.844865588321333
035420,2017-12-20,-0.0004,4.0,0.0007,0.0619,4.0,9.25,5.0,12.0,35.136780169087366,6.458588425503815,0.18381275673022404,0.23623716077997975,0.5426765146037771,8.79442998848187
035420,2017-12-21,0.666,6.0,0.4709,0.1173,3.0,9.25,5.0,12.0,34.847074946246636,6.405336909854317,0.18381275673022404,0.23623716077997975,0.5426765146037771,8.735553459776686
035420,2017-12-22,0.1765,6.0,0.3384,0.1823,8.0,9.25,5.0,12.0,35.67465655643003,6.5574569670413645,0.18381275673022404,0.23623716077997975,0.5426765146037771,8.903742117026518
035420,2017-12-23,-0.0,4.0,0.0,0.1709,3.0,9.25,5.0,12.0,35.67465655643003,6.5574569670413645,0.18381275673022404,0.23623716077997975,0.5426765146037771,8.903742117026518
035420,2017-12-24,0.0,3.0,0.0,0.1986,2.0,9.25,5.0,12.0,35.67465655643003,6.5574569670413645,0.18381275673022404,0.23623716077997975,0.5426765146037771,8.903742117026518
035420,2017-12-25,0.2831,5.0,0.4024,0.1039,3.0,9.25,5.0,12.0,35.67465655643003,6.5574569670413645,0.18381275673022404,0.23623716077997975,0.5426765146037771,8.903742117026518
035420,2017-12-26,0.2282,7.0,0.4119,0.1347,9.0,9.25,5.0,12.0,36.17141215964623,6.64876698388972,0.18381275673022404,0.23623716077997975,0.5426765146037771,9.004697306047392
035420,2017-12-27,0.0085,4.0,0.0106,0.2119,4.0,9.25,5.0,12.0,36.29560106045028,6.6715944881018086,0.18381275673022404,0.23623716077997975,0.5426765146037771,9.02993610330261
035420,2017-12-28,0.0943,7.0,0.2699,0.1414,13.0,9.25,5.0,12.0,36.00589583760955,6.618342972452311,0.18381275673022404,0.23623716077997975,0.5426765146037771,8.971059574597424
035420,2017-12-29,0.0166,5.0,0.0312,0.1731,7.0,9.25,5.0,12.0,36.00589583760955,6.618342972452311,0.18381275673022404,0.23623716077997975,0.5426765146037771,8.971059574597424
035420,2017-12-30,0.0,3.0,0.0,0.2213,2.0,9.25,5.0,12.0,36.00589583760955,6.618342972452311,0.18381275673022404,0.23623716077997975,0.5426765146037771,8.971059574597424
035420,2017-12-31,-0.6911,5.0,0.0,0.0952,1.0,9.25,5.0,12.0,36.00589583760955,6.618342972452311,0.18381275673022404,0.23623716077997975,0.5426765146037771,8.971059574597424
035420,2018-01-01,0.0,3.0,0.0,0.0909,1.0,9.25,5.0,13.0,36.00589583760955,6.618342972452311,0.18381275673022404,0.23623716077997975,0.5426765146037771,8.971059574597424
035420,2018-01-02,0.0004,4.0,0.0011,0.1228,5.0,9.25,5.0,13.0,36.62663370452364,6.732442510976628,0.18381275673022404,0.23623716077997975,0.5426765146037771,9.097211566202544
035420,2018-01-03,-0.2805,6.0,0.352,0.2303,6.0,9.25,5.0,13.0,36.04722325884218,6.625939479677632,0.18381275673022404,0.23623716077997975,0.5426765146037771,8.979458508792174
035420,2018-01-04,0.0908,6.0,0.2874,0.2468,11.0,9.25,5.0,13.0,36.957666348596995,6.793290533851447,0.18381275673022404,0.23623716077997975,0.5426765146037771,9.164487029102476
035420,2018-01-05,0.1998,5.0,0.3996,0.1668,5.0,9.25,5.0,13.0,37.578404215511085,6.907390072375764,0.18381275673022404,0.23623716077997975,0.5426765146037771,9.290639020707594
035420,2018-01-06,,,,,0.0,9.25,5.0,13.0,37.578404215511085,6.907390072375764,0.18381275673022404,0.23623716077997975,0.5426765146037771,9.290639020707594
035420,2018-01-07,-0.2427,5.0,0.8126,0.2181,4.0,9.25,5.0,13.0,37.578404215511085,6.907390072375764,0.18381275673022404,0.23623716077997975,0.5426765146037771,9.290639020707594
035420,2018-01-08,-0.1179,4.0,0.2357,0.1354,5.0,9.25,5.0,13.0,39.31663555255546,7.226899166272754,0.18381275673022404,0.23623716077997975,0.5426765146037771,9.643898192938705
035420,2018-01-09,0.1067,7.0,0.2772,0.1936,13.0,9.25,5.0,13.0,39.06846438805353,7.181282140384703,0.18381275673022404,0.23623716077997975,0.5426765146037771,9.593462593099241
035420,2018-01-10,0.0026,4.0,0.005,0.316,5.0,9.25,5.0,13.0,38.40619246280065,7.0595481120989385,0.18381275673022404,0.23623716077997975,0.5426765146037771,9.458869672628401
035420,2018-01-11,0.0279,4.0,0.6681,0.2263,4.0,9.25,5.0,13.0,37.950970917923236,6.975872585012031,0.18381275673022404,0.23623716077997975,0.5426765146037771,9.366355412473249
035420,2018-01-12,-0.2491,5.0,0.4315,0.1284,4.0,9.25,5.0,13.0,37.619938273849876,6.915024562137212,0.18381275673022404,0.23623716077997975,0.5426765146037771,9.299079949573317
035420,2018-01-13,0.004,4.0,0.0038,0.1354,3.0,9.25,5.0,13.0,37.619938273849876,6.915024562137212,0.18381275673022404,0.23623716077997975,0.5426765146037771,9.299079949573317
035420,2018-01-14,0.0,3.0,0.0,0.1333,1.0,9.25,5.0,13.0,37.619938273849876,6.915024562137212,0.18381275673022404,0.23623716077997975,0.5426765146037771,9.299079949573317
035420,2018-01-15,0.0697,7.0,0.2243,0.146,12.0,9.25,5.0,13.0,38.116487239959916,7.006296596449441,0.18381275673022404,0.23623716077997975,0.5426765146037771,9.399993143923217
035420,2018-01-16,0.0044,3.0,0.0044,0.1909,2.0,9.25,5.0,13.0,37.371560472241775,6.869369553713034,0.18381275673022404,0.23623716077997975,0.5426765146037771,9.24860235506288
035420,2018-01-17,0.1065,6.0,0.2986,0.1524,10.0,9.25,5.0,13.0,36.75082260532769,6.755270015188716,0.18381275673022404,0.23623716077997975,0.5426765146037771,9.12245036345776
035420,2018-01-18,-0.1263,5.0,0.2824,0.1589,6.0,9.25,5.0,13.0,37.371560472241775,6.869369553713034,0.18381275673022404,0.23623716077997975,0.5426765146037771,9.24860235506288
035420,2018-01-19,0.1017,6.0,0.485,0.1589,10.0,9.25,5.0,13.0,36.46111738248696,6.702018499539219,0.18381275673022404,0.23623716077997975,0.5426765146037771,9.063573834752576
035420,2018-01-20,-0.4998,4.0,0.4998,0.1126,2.0,9.25,5.0,13.0,36.46111738248696,6.702018499539219,0.18381275673022404,0.23623716077997975,0.5426765146037771,9.063573834752576
035420,2018-01-21,0.0094,3.0,0.9858,0.1618,2.0,9.25,5.0,13.0,36.46111738248696,6.702018499539219,0.18381275673022404,0.23623716077997975,0.5426765146037771,9.063573834752576
035420,2018-01-22,0.167,8.0,0.6864,0.1609,12.0,9.25,5.0,13.0,36.957666348596995,6.793290533851447,0.18381275673022404,0.23623716077997975,0.5426765146037771,9.164487029102476
035420,2018-01-23,-0.195,8.0,0.5811,0.2006,21.0,9.25,5.0,13.0,36.79215002656032,6.762866522414037,0.18381275673022404,0.23623716077997975,0.5426765146037771,9.13084929765251
035420,2018-01-24,0.0005,7.0,0.0019,0.2381,14.0,9.25,5.0,13.0,36.33692848168291,6.679190995327129,0.18381275673022404,0.23623716077997975,0.5426765146037771,9.038335037497358
035420,2018-01-25,0.6023,9.0,0.4797,0.1414,20.0,9.25,5.0,13.0,37.785454595886556,6.945448573574621,0.18381275673022404,0.23623716077997975,0.5426765146037771,9.332717681023283
035420,2018-01-26,0.2009,8.0,0.3736,0.0936,13.0,9.25,5.0,13.0,38.36486504156802,7.051951604873618,0.18381275673022404,0.23623716077997975,0.5426765146037771,9.450470738433653
035420,2018-01-27,,,,,0.0,9.25,5.0,13.0,38.36486504156802,7.051951604873618,0.18381275673022404,0.23623716077997975,0.5426765146037771,9.450470738433653
035420,2018-01-28,,,,,0.0,9.25,5.0,13.0,38.36486504156802,7.051951604873618,0.18381275673022404,0.23623716077997975,0.5426765146037771,9.450470738433653
035420,2018-01-29,0.0964,7.0,0.2693,0.1638,13.0,9.25,5.0,13.0,38.57170878483733,7.089972123536349,0.18381275673022404,0.23623716077997975,0.5426765146037771,9.492507404078369
035420,2018-01-30,0.0218,5.0,0.2322,0.124,7.0,9.25,5.0,13.0,38.5303813636047,7.082375616311028,0.18381275673022404,0.23623716077997975,0.5426765146037771,9.484108469883619
035420,2018-01-31,0.0901,7.0,0.3919,0.253,17.0,9.25,5.0,13.0,37.661265695082506,6.922621069362533,0.18381275673022404,0.23623716077997975,0.5426765146037771,9.307478883768065
035420,2018-02-01,0.2198,8.0,0.3901,0.2455,12.0,9.25,5.0,14.0,38.199348719531336,7.0215275934362085,0.18381275673022404,0.23623716077997975,0.5426765146037771,9.416833006983687
035420,2018-02-02,0.182,5.0,0.364,0.146,5.0,9.25,5.0,14.0,37.4544219518132,6.884600550699802,0.18381275673022404,0.23623716077997975,0.5426765146037771,9.26544221812335
035420,2018-02-03,,,,,0.0,9.25,5.0,14.0,37.4544219518132,6.884600550699802,0.18381275673022404,0.23623716077997975,0.5426765146037771,9.26544221812335
035420,2018-02-04,0.0001,3.0,0.0002,0.1541,2.0,9.25,5.0,14.0,37.4544219518132,6.884600550699802,0.18381275673022404,0.23623716077997975,0.5426765146037771,9.26544221812335
035420,2018-02-05,0.0027,5.0,0.0048,0.1867,7.0,9.25,5.0,14.0,36.37825590291554,6.68678750255245,0.18381275673022404,0.23623716077997975,0.5426765146037771,9.046733971692106
035420,2018-02-06,0.1126,6.0,0.3137,0.196,9.0,9.25,5.0,14.0,35.21943501155262,6.473781439954457,0.18381275673022404,0.23623716077997975,0.5426765146037771,8.811227856871367
035420,2018-02-07,0.4144,7.0,0.4699,0.2066,10.0,9.25,5.0,14.0,34.888402367479266,6.412933417079638,0.18381275673022404,0.23623716077997975,0.5426765146037771,8.743952393971433
035420,2018-02-08,0.0366,6.0,0.4312,0.2976,10.0,9.25,5.0,14.0,34.888402367479266,6.412933417079638,0.18381275673022404,0.23623716077997975,0.5426765146037771,8.743952393971433
035420,2018-02-09,0.0354,5.0,0.3957,0.1776,8.0,9.25,5.0,14.0,33.439876253275614,6.146675838832146,0.18381275673022404,0.23623716077997975,0.5426765146037771,8.449569750445509
035420,2018-02-10,0.9994,6.0,0.0,0.2353,1.0,9.25,5.0,14.0,33.439876253275614,6.146675838832146,0.18381275673022404,0.23623716077997975,0.5426765146037771,8.449569750445509
035420,2018-02-11,-0.327,4.0,0.327,0.4229,2.0,9.25,5.0,14.0,33.439876253275614,6.146675838832146,0.18381275673022404,0.23623716077997975,0.5426765146037771,8.449569750445509
035420,2018-02-12,0.0549,7.0,0.2263,0.2086,18.0,9.25,5.0,14.0,33.10884360920225,6.085827815957327,0.18381275673022404,0.23623716077997975,0.5426765146037771,8.382294287545577
035420,2018-02-13,0.0778,7.0,0.2412,0.1765,13.0,9.25,5.0,14.0,33.31568735247156,6.123848334620058,0.18381275673022404,0.23623716077997975,0.5426765146037771,8.42433095319029
035420,2018-02-14,0.1869,6.0,0.5179,0.1983,7.0,9.25,5.0,14.0,33.564065154079664,6.1695033430442345,0.18381275673022404,0.23623716077997975,0.5426765146037771,8.474808547700727
035420,2018-02-15,0.1666,5.0,0.3726,0.1852,6.0,9.25,5.0,14.0,33.564065154079664,6.1695033430442345,0.18381275673022404,0.23623716077997975,0.5426765146037771,8.474808547700727
035420,2018-02-16,0.3993,5.0,0.4897,0.3529,5.0,9.25,5.0,14.0,33.564065154079664,6.1695033430442345,0.18381275673022404,0.23623716077997975,0.5426765146037771,8.474808547700727
035420,2018-02-17,0.4883,4.0,0.349,0.2299,2.0,9.25,5.0,14.0,33.564065154079664,6.1695033430442345,0.18381275673022404,0.23623716077997975,0.5426765146037771,8.474808547700727
035420,2018-02-18,0.5882,6.0,0.4259,0.4217,3.0,9.25,5.0,14.0,33.564065154079664,6.1695033430442345,0.18381275673022404,0.23623716077997975,0.5426765146037771,8.474808547700727
035420,2018-02-19,0.194,7.0,0.381,0.1112,10.0,9.25,5.0,14.0,33.936425219385654,6.237947873144375,0.18381275673022404,0.23623716077997975,0.5426765146037771,8.550482944795409
035420,2018-02-20,-0.3546,4.0,0.3545,0.5696,2.0,9.25,5.0,14.0,33.398548832042984,6.139079331606825,0.18381275673022404,0.23623716077997975,0.5426765146037771,8.44117081625076
035420,2018-02-21,-0.0139,7.0,0.3695,0.1519,27.0,9.25,5.0,14.0,34.474508243834485,6.336854397218051,0.18381275673022404,0.23623716077997975,0.5426765146037771,8.659837068011031
035420,2018-02-22,0.1137,7.0,0.4693,0.1227,15.0,9.25,5.0,14.0,34.226130442226385,6.291199388793873,0.18381275673022404,0.23623716077997975,0.5426765146037771,8.609359473500593
035420,2018-02-23,-0.1472,5.0,0.3931,0.1334,7.0,9.25,5.0,14.0,34.308991921797805,6.306430385780641,0.18381275673022404,0.23623716077997975,0.5426765146037771,8.626199336561065
035420,2018-02-24,-0.0,3.0,0.0,0.1655,2.0,9.25,5.0,14.0,34.308991921797805,6.306430385780641,0.18381275673022404,0.23623716077997975,0.5426765146037771,8.626199336561065
035420,2018-02-25,-0.908,6.0,0.0,0.122,1.0,9.25,5.0,14.0,34.308991921797805,6.306430385780641,0.18381275673022404,0.23623716077997975,0.5426765146037771,8.626199336561065
035420,2018-02-26,-0.0001,6.0,0.0001,0.1401,10.0,9.25,5.0,14.0,33.522737732847034,6.161906835818914,0.18381275673022404,0.23623716077997975,0.5426765146037771,8.466409613505979
035420,2018-02-27,0.0391,7.0,0.1353,0.2358,13.0,9.25,5.0,14.0,33.27435993123893,6.116251827394737,0.18381275673022404,0.23623716077997975,0.5426765146037771,8.415932018995543
035420,2018-02-28,-0.142,5.0,0.3483,0.0927,7.0,9.25,5.0,14.0,33.2330325100063,6.108655320169416,0.18381275673022404,0.23623716077997975,0.5426765146037771,8.407533084800793
035420,2018-03-01,-0.0,4.0,0.0,0.124,3.0,9.25,5.0,15.0,33.2330325100063,6.108655320169416,0.18381275673022404,0.23623716077997975,0.5426765146037771,8.407533084800793
035420,2018-03-02,0.0326,6.0,0.0922,0.2492,9.0,9.25,5.0,15.0,32.5294331635208,5.97932478465833,0.18381275673022404,0.23623716077997975,0.5426765146037771,8.264541230135206
035420,2018-03-03,,,,,0.0,9.25,5.0,15.0,32.5294331635208,5.97932478465833,0.18381275673022404,0.23623716077997975,0.5426765146037771,8.264541230135206
035420,2018-03-04,0.0003,3.0,0.0001,0.1756,2.0,9.25,5.0,15.0,32.5294331635208,5.97932478465833,0.18381275673022404,0.23623716077997975,0.5426765146037771,8.264541230135206
035420,2018-03-05,0.3448,5.0,0.4312,0.197,5.0,9.25,5.0,15.0,32.23972794068007,5.926073269008832,0.18381275673022404,0.23623716077997975,0.5426765146037771,8.20566470143002
035420,2018-03-06,0.2489,6.0,0.4312,0.2365,8.0,9.25,5.0,15.0,32.94332728716558,6.055403804519917,0.18381275673022404,0.23623716077997975,0.5426765146037771,8.348656556095609
035420,2018-03-07,0.1288,5.0,0.3567,0.1766,7.0,9.25,5.0,15.0,32.90179322882678,6.04776931475847,0.18381275673022404,0.23623716077997975,0.5426765146037771,8.340215627229886
035420,2018-03-08,0.005,5.0,0.0111,0.1661,6.0,9.25,5.0,15.0,33.06730955086346,6.07819332619588,0.18381275673022404,0.23623716077997975,0.5426765146037771,8.373853358679854
035420,2018-03-09,0.0006,4.0,0.0008,0.1869,3.0,9.25,5.0,15.0,33.19149845166751,6.101020830407968,0.18381275673022404,0.23623716077997975,0.5426765146037771,8.399092155935072
035420,2018-03-10,0.6693,6.0,0.3424,0.1854,3.0,9.25,5.0,15.0,33.19149845166751,6.101020830407968,0.18381275673022404,0.23623716077997975,0.5426765146037771,8.399092155935072
035420,2018-03-11,0.0008,3.0,0.0005,0.1434,2.0,9.25,5.0,15.0,33.19149845166751,6.101020830407968,0.18381275673022404,0.23623716077997975,0.5426765146037771,8.399092155935072
035420,2018-03-12,0.0008,6.0,0.467,0.1781,9.0,9.25,5.0,15.0,33.35701477370419,6.131444841845378,0.18381275673022404,0.23623716077997975,0.5426765146037771,8.432729887385038
035420,2018-03-13,0.3333,5.0,0.4713,0.1463,3.0,9.25,5.0,15.0,33.936425219385654,6.237947873144375,0.18381275673022404,0.23623716077997975,0.5426765146037771,8.550482944795409
035420,2018-03-14,0.0107,7.0,0.0294,0.1806,19.0,9.25,5.0,15.0,33.481203674508244,6.154272346057467,0.18381275673022404,0.23623716077997975,0.5426765146037771,8.457968684640257
035420,2018-03-15,0.3333,5.0,0.4713,0.1285,3.0,9.25,5.0,15.0,33.936425219385654,6.237947873144375,0.18381275673022404,0.23623716077997975,0.5426765146037771,8.550482944795409
035420,2018-03-16,0.2737,6.0,0.4006,0.1564,6.0,9.25,5.0,15.0,33.15017103043488,6.0934243231826475,0.18381275673022404,0.23623716077997975,0.5426765146037771,8.390693221740325
035420,2018-03-17,-0.3243,5.0,0.4589,0.1611,3.0,9.25,5.0,15.0,33.15017103043488,6.0934243231826475,0.18381275673022404,0.23623716077997975,0.5426765146037771,8.390693221740325
035420,2018-03-18,,,,,0.0,9.25,5.0,15.0,33.15017103043488,6.0934243231826475,0.18381275673022404,0.23623716077997975,0.5426765146037771,8.390693221740325
035420,2018-03-19,0.0411,5.0,0.4245,0.1114,8.0,9.25,5.0,15.0,32.48810574228817,5.97172827743301,0.18381275673022404,0.23623716077997975,0.5426765146037771,8.256142295940457
035420,2018-03-20,0.2703,7.0,0.6401,0.1072,10.0,9.25,5.0,15.0,32.90179322882678,6.04776931475847,0.18381275673022404,0.23623716077997975,0.5426765146037771,8.340215627229886
035420,2018-03-21,0.1638,5.0,0.6443,0.1505,6.0,9.25,5.0,15.0,32.86046580759415,6.04017280753315,0.18381275673022404,0.23623716077997975,0.5426765146037771,8.331816693035138
035420,2018-03-22,-0.0,4.0,0.0,0.2405,4.0,9.25,5.0,15.0,33.2330325100063,6.108655320169416,0.18381275673022404,0.23623716077997975,0.5426765146037771,8.407533084800793
035420,2018-03-23,0.0004,5.0,0.5342,0.137,7.0,9.25,5.0,15.0,32.40524426271675,5.956497280446241,0.18381275673022404,0.23623716077997975,0.5426765146037771,8.239302432879988
035420,2018-03-24,,,,,0.0,9.25,5.0,15.0,32.40524426271675,5.956497280446241,0.18381275673022404,0.23623716077997975,0.5426765146037771,8.239302432879988
035420,2018-03-25,0.0612,3.0,0.0612,0.1106,2.0,9.25,5.0,15.0,32.40524426271675,5.956497280446241,0.18381275673022404,0.23623716077997975,0.5426765146037771,8.239302432879988
035420,2018-03-26,0.0795,6.0,0.2252,0.2048,9.0,9.25,5.0,15.0,32.65362206432485,6.002152288870419,0.18381275673022404,0.23623716077997975,0.5426765146037771,8.289780027390425
035420,2018-03-27,0.1992,5.0,0.3974,0.1953,5.0,9.25,5.0,15.0,32.65362206432485,6.002152288870419,0.18381275673022404,0.23623716077997975,0.5426765146037771,8.289780027390425
035420,2018-03-28,0.0059,5.0,0.0122,0.183,8.0,9.25,5.0,15.0,32.44657168394938,5.964093787671562,0.18381275673022404,0.23623716077997975,0.5426765146037771,8.247701367074736
035420,2018-03-29,-0.1581,6.0,0.3297,0.1784,10.0,9.25,5.0,15.0,32.5294331635208,5.97932478465833,0.18381275673022404,0.23623716077997975,0.5426765146037771,8.264541230135206
035420,2018-03-30,0.3332,6.0,0.7441,0.1711,6.0,9.25,5.0,15.0,32.7778109651289,6.024979793082508,0.18381275673022404,0.23623716077997975,0.5426765146037771,8.315018824645643
035420,2018-03-31,-0.0,3.0,0.0,0.087,1.0,9.25,5.0,15.0,32.7778109651289,6.024979793082508,0.18381275673022404,0.23623716077997975,0.5426765146037771,8.315018824645643
035420,2018-04-01,0.0,3.0,0.0,0.125,1.0,8.5,3.33,4.0,32.30839597590038,4.689891853153612,0.14516015764607804,0.16303745808268938,0.5115871912442091,6.94038477714873
035420,2018-04-02,0.0038,7.0,0.4661,0.1578,18.0,8.5,3.33,4.0,32.02283965654207,4.6484404528187255,0.14516015764607804,0.16303745808268938,0.5115871912442091,6.89176972066062
035420,2018-04-03,0.2872,7.0,0.6214,0.223,10.0,8.5,3.33,4.0,32.02283965654207,4.6484404528187255,0.14516015764607804,0.16303745808268938,0.5115871912442091,6.89176972066062
035420,2018-04-04,0.3319,5.0,0.4723,0.1938,3.0,8.5,3.33,4.0,30.758204002550798,4.464865741920502,0.14516015764607804,0.16303745808268938,0.5115871912442091,6.676469516855563
035420,2018-04-05,0.1922,5.0,0.3804,0.2386,5.0,8.5,3.33,4.0,31.778018903426027,4.6129022337013685,0.14516015764607804,0.16303745808268938,0.5115871912442091,6.850089764955405
035420,2018-04-06,0.0,4.0,0.0,0.289,4.0,8.5,3.33,4.0,31.410787773751963,4.559594905025334,0.14516015764607804,0.16303745808268938,0.5115871912442091,6.787569831397582
035420,2018-04-07,,,,,0.0,8.5,3.33,4.0,31.410787773751963,4.559594905025334,0.14516015764607804,0.16303745808268938,0.5115871912442091,6.787569831397582
035420,2018-04-08,0.4998,4.0,0.4998,0.0707,2.0,8.5,3.33,4.0,31.410787773751963,4.559594905025334,0.14516015764607804,0.16303745808268938,0.5115871912442091,6.787569831397582
035420,2018-04-09,0.5228,7.0,0.4785,0.2361,6.0,8.5,3.33,4.0,31.573933716552254,4.583277195801543,0.14516015764607804,0.16303745808268938,0.5115871912442091,6.815344910033088
035420,2018-04-10,0.0009,6.0,0.0119,0.2832,9.0,8.5,3.33,4.0,31.614872960625735,4.589219942925161,0.14516015764607804,0.16303745808268938,0.5115871912442091,6.8223146863199
035420,2018-04-11,0.0024,3.0,0.0,0.125,1.0,8.5,3.33,4.0,31.451727017825444,4.565537652148953,0.14516015764607804,0.16303745808268938,0.5115871912442091,6.794539607684395
035420,2018-04-12,0.116,5.0,0.2594,0.2936,6.0,8.5,3.33,4.0,30.880614379108817,4.48263485147918,0.14516015764607804,0.16303745808268938,0.5115871912442091,6.697309494708171
035420,2018-04-13,-0.067,5.0,0.7381,0.1597,6.0,8.5,3.33,4.0,31.16617069846713,4.524086251814066,0.14516015764607804,0.16303745808268938,0.5115871912442091,6.745924551196283
035420,2018-04-14,-0.0,3.0,0.0,0.0816,1.0,8.5,3.33,4.0,31.16617069846713,4.524086251814066,0.14516015764607804,0.16303745808268938,0.5115871912442091,6.745924551196283
035420,2018-04-15,-0.5084,5.0,0.4497,0.1244,2.0,8.5,3.33,4.0,31.16617069846713,4.524086251814066,0.14516015764607804,0.16303745808268938,0.5115871912442091,6.745924551196283
035420,2018-04-16,0.1712,6.0,0.5815,0.134,7.0,8.5,3.33,4.0,30.635793625992775,4.4470966323618235,0.14516015764607804,0.16303745808268938,0.5115871912442091,6.655629539002956
035420,2018-04-17,-0.0739,4.0,0.6069,0.1816,4.0,8.5,3.33,4.0,30.513383249434753,4.429327522803145,0.14516015764607804,0.16303745808268938,0.5115871912442091,6.634789561150348
035420,2018-04-18,0.2926,6.0,0.4225,0.1481,7.0,8.5,3.33,4.0,30.676529192235044,4.453009813579353,0.14516015764607804,0.16303745808268938,0.5115871912442091,6.662564639785853
035420,2018-04-19,-0.0434,6.0,0.4793,0.2004,9.0,8.5,3.33,4.0,30.10541655351842,4.37010701290958,0.14516015764607804,0.16303745808268938,0.5115871912442091,6.56533452680963
035420,2018-04-20,-0.3148,6.0,0.3696,0.2064,6.0,8.5,3.33,4.0,29.697449857602088,4.3108865030160155,0.14516015764607804,0.16303745808268938,0.5115871912442091,6.49587949246891
035420,2018-04-21,-0.3289,5.0,0.4652,0.1774,3.0,8.5,3.33,4.0,29.697449857602088,4.3108865030160155,0.14516015764607804,0.16303745808268938,0.5115871912442091,6.49587949246891
035420,2018-04-22,-0.7881,7.0,0.3637,0.2511,6.0,8.5,3.33,4.0,29.697449857602088,4.3108865030160155,0.14516015764607804,0.16303745808268938,0.5115871912442091,6.49587949246891
035420,2018-04-23,-0.0878,7.0,0.3778,0.183,16.0,8.5,3.33,4.0,29.983006176960398,4.352337903350902,0.14516015764607804,0.16303745808268938,0.5115871912442091,6.544494548957021
035420,2018-04-24,-0.3252,8.0,0.4573,0.2156,16.0,8.5,3.33,4.0,29.575039481044065,4.2931173934573374,0.14516015764607804,0.16303745808268938,0.5115871912442091,6.475039514616301
035420,2018-04-25,-0.3384,8.0,0.534,0.3262,30.0,8.5,3.33,4.0,30.309501740392193,4.399732050809407,0.14516015764607804,0.16303745808268938,0.5115871912442091,6.600079381731946
035420,2018-04-26,0.0026,7.0,0.6577,0.2083,18.0,8.5,3.33,4.0,29.575039481044065,4.2931173934573374,0.14516015764607804,0.16303745808268938,0.5115871912442091,6.475039514616301
035420,2018-04-27,-0.1165,5.0,0.3659,0.1955,7.0,8.5,3.33,4.0,29.208012029201214,4.239839630687391,0.14516015764607804,0.16303745808268938,0.5115871912442091,6.412554256562395
035420,2018-04-28,,,,,0.0,8.5,3.33,4.0,29.208012029201214,4.239839630687391,0.14516015764607804,0.16303745808268938,0.5115871912442091,6.412554256562395
035420,2018-04-29,-0.6587,7.0,0.4659,0.1599,6.0,8.5,3.33,4.0,29.208012029201214,4.239839630687391,0.14516015764607804,0.16303745808268938,0.5115871912442091,6.412554256562395
035420,2018-04-30,-0.2748,8.0,0.5728,0.2389,14.0,8.5,3.33,4.0,29.208012029201214,4.239839630687391,0.14516015764607804,0.16303745808268938,0.5115871912442091,6.412554256562395
035420,2018-05-01,-0.4553,4.0,0.4553,0.1224,2.0,8.5,3.33,5.0,29.208012029201214,4.239839630687391,0.14516015764607804,0.16303745808268938,0.5115871912442091,6.412554256562395
035420,2018-05-02,-0.4293,8.0,0.4712,0.2284,20.0,8.5,3.33,5.0,30.10541655351842,4.37010701290958,0.14516015764607804,0.16303745808268938,0.5115871912442091,6.56533452680963
035420,2018-05-03,-0.3798,7.0,0.4524,0.2858,9.0,8.5,3.33,5.0,29.656714291359815,4.304973321798486,0.14516015764607804,0.16303745808268938,0.5115871912442091,6.488944391686013
035420,2018-05-04,-0.3217,7.0,0.4376,0.2437,11.0,8.5,3.33,5.0,29.248747595443483,4.245752811904921,0.14516015764607804,0.16303745808268938,0.5115871912442091,6.4194893573452925
035420,2018-05-05,-0.6843,6.0,0.4403,0.4903,3.0,8.5,3.33,5.0,29.248747595443483,4.245752811904921,0.14516015764607804,0.16303745808268938,0.5115871912442091,6.4194893573452925
035420,2018-05-06,-0.4598,6.0,0.3689,0.3473,6.0,8.5,3.33,5.0,29.248747595443483,4.245752811904921,0.14516015764607804,0.16303745808268938,0.5115871912442091,6.4194893573452925
035420,2018-05-07,-0.5002,7.0,0.7627,0.3282,6.0,8.5,3.33,5.0,29.248747595443483,4.245752811904921,0.14516015764607804,0.16303745808268938,0.5115871912442091,6.4194893573452925
035420,2018-05-08,-0.4191,8.0,0.4616,0.238,13.0,8.5,3.33,5.0,29.819860234160107,4.328655612574694,0.14516015764607804,0.16303745808268938,0.5115871912442091,6.516719470321516
035420,2018-05-09,0.0025,7.0,0.3515,0.3754,34.0,8.5,3.33,5.0,29.656714291359815,4.304973321798486,0.14516015764607804,0.16303745808268938,0.5115871912442091,6.488944391686013
035420,2018-05-10,-0.411,7.0,0.5896,0.348,9.0,8.5,3.33,5.0,29.371157972001505,4.2635219214635995,0.14516015764607804,0.16303745808268938,0.5115871912442091,6.440329335197899
035420,2018-05-11,-0.415,6.0,0.6115,0.2877,8.0,8.5,3.33,5.0,29.248747595443483,4.245752811904921,0.14516015764607804,0.16303745808268938,0.5115871912442091,6.4194893573452925
035420,2018-05-12,,,,,0.0,8.5,3.33,5.0,29.248747595443483,4.245752811904921,0.14516015764607804,0.16303745808268938,0.5115871912442091,6.4194893573452925
035420,2018-05-13,-0.3994,5.0,0.4879,0.1675,5.0,8.5,3.33,5.0,29.248747595443483,4.245752811904921,0.14516015764607804,0.16303745808268938,0.5115871912442091,6.4194893573452925
035420,2018-05-14,-0.1666,5.0,0.3725,0.1783,6.0,8.5,3.33,5.0,29.248747595443483,4.245752811904921,0.14516015764607804,0.16303745808268938,0.5115871912442091,6.4194893573452925
035420,2018-05-15,-0.3332,7.0,0.4705,0.1353,9.0,8.5,3.33,5.0,29.00392684232744,4.2102145927875645,0.14516015764607804,0.16303745808268938,0.5115871912442091,6.377809401640078
035420,2018-05-16,0.2148,4.0,0.2148,0.1295,2.0,8.5,3.33,5.0,28.555224580168836,4.14508090167647,0.14516015764607804,0.16303745808268938,0.5115871912442091,6.301419266516461
035420,2018-05-17,-0.0968,6.0,0.5331,0.1758,10.0,8.5,3.33,5.0,28.433017881442026,4.127341358023879,0.14516015764607804,0.16303745808268938,0.5115871912442091,6.280613964167768
035420,2018-05-18,0.0179,6.0,0.5971,0.2058,11.0,8.5,3.33,5.0,28.065786751767963,4.074034029347845,0.14516015764607804,0.16303745808268938,0.5115871912442091,6.218094030609946
035420,2018-05-19,,,,,0.0,8.5,3.33,5.0,28.065786751767963,4.074034029347845,0.14516015764607804,0.16303745808268938,0.5115871912442091,6.218094030609946
035420,2018-05-20,-0.1525,4.0,0.2157,0.1781,3.0,8.5,3.33,5.0,28.065786751767963,4.074034029347845,0.14516015764607804,0.16303745808268938,0.5115871912442091,6.218094030609946
035420,2018-05-21,0.0432,7.0,0.6665,0.1413,14.0,8.5,3.33,5.0,27.820965998651918,4.038495810230489,0.14516015764607804,0.16303745808268938,0.5115871912442091,6.176414074904732
035420,2018-05-22,-0.0,3.0,0.0,0.1579,1.0,8.5,3.33,5.0,27.820965998651918,4.038495810230489,0.14516015764607804,0.16303745808268938,0.5115871912442091,6.176414074904732
035420,2018-05-23,-0.74,6.0,0.4275,0.1238,4.0,8.5,3.33,5.0,27.90264080896767,4.050351738571637,0.14516015764607804,0.16303745808268938,0.5115871912442091,6.190318951974441
035420,2018-05-24,0.0038,5.0,0.0091,0.1826,7.0,8.5,3.33,5.0,27.73949486616738,4.026669447795428,0.14516015764607804,0.16303745808268938,0.5115871912442091,6.162543873338936
035420,2018-05-25,0.1694,7.0,0.6049,0.1269,10.0,8.5,3.33,5.0,27.94337637520994,4.056264919789167,0.14516015764607804,0.16303745808268938,0.5115871912442091,6.19725405275734
035420,2018-05-26,-0.0,3.0,0.0,0.2222,1.0,8.5,3.33,5.0,27.94337637520994,4.056264919789167,0.14516015764607804,0.16303745808268938,0.5115871912442091,6.19725405275734
035420,2018-05-27,0.9995,6.0,0.0,0.125,1.0,8.5,3.33,5.0,27.94337637520994,4.056264919789167,0.14516015764607804,0.16303745808268938,0.5115871912442091,6.19725405275734
035420,2018-05-28,0.1315,5.0,0.5873,0.1321,8.0,8.5,3.33,5.0,27.73949486616738,4.026669447795428,0.14516015764607804,0.16303745808268938,0.5115871912442091,6.162543873338936
035420,2018-05-29,-0.2922,5.0,0.4132,0.173,3.0,8.5,3.33,5.0,27.249853359935294,3.9555930095607157,0.14516015764607804,0.16303745808268938,0.5115871912442091,6.079183961928508
035420,2018-05-30,0.677,7.0,0.4537,0.1436,6.0,8.5,3.33,5.0,26.59726958873413,3.8608638464558824,0.14516015764607804,0.16303745808268938,0.5115871912442091,5.968083647386488
035420,2018-05-31,0.5034,8.0,0.6676,0.2007,10.0,8.5,3.33,5.0,27.290792604008775,3.961535756684334,0.14516015764607804,0.16303745808268938,0.5115871912442091,6.08615373821532
035420,2018-06-01,-0.0,4.0,0.0,0.1881,3.0,8.5,3.33,6.0,27.73949486616738,4.026669447795428,0.14516015764607804,0.16303745808268938,0.5115871912442091,6.162543873338936
035420,2018-06-02,-0.1981,4.0,0.198,0.1837,2.0,8.5,3.33,6.0,27.73949486616738,4.026669447795428,0.14516015764607804,0.16303745808268938,0.5115871912442091,6.162543873338936
035420,2018-06-03,,,,,0.0,8.5,3.33,6.0,27.73949486616738,4.026669447795428,0.14516015764607804,0.16303745808268938,0.5115871912442091,6.162543873338936
035420,2018-06-04,0.0815,4.0,0.1411,0.2018,4.0,8.5,3.33,6.0,27.453938546809066,3.985218047460542,0.14516015764607804,0.16303745808268938,0.5115871912442091,6.113928816850824
035420,2018-06-05,0.2498,5.0,0.4329,0.1617,4.0,8.5,3.33,6.0,27.494674113051335,3.9911312286780722,0.14516015764607804,0.16303745808268938,0.5115871912442091,6.120863917633723
035420,2018-06-06,0.5076,5.0,0.4918,0.2142,2.0,8.5,3.33,6.0,27.494674113051335,3.9911312286780722,0.14516015764607804,0.16303745808268938,0.5115871912442091,6.120863917633723
035420,2018-06-07,-0.312,7.0,0.5899,0.1632,9.0,8.5,3.33,6.0,27.73949486616738,4.026669447795428,0.14516015764607804,0.16303745808268938,0.5115871912442091,6.162543873338936
035420,2018-06-08,-0.0,4.0,0.0,0.1731,3.0,8.5,3.33,6.0,28.596163824242318,4.151023648800088,0.14516015764607804,0.16303745808268938,0.5115871912442091,6.308389042803273
035420,2018-06-09,0.445,4.0,0.4451,0.1571,2.0,8.5,3.33,6.0,28.596163824242318,4.151023648800088,0.14516015764607804,0.16303745808268938,0.5115871912442091,6.308389042803273
035420,2018-06-10,,,,,0.0,8.5,3.33,6.0,28.596163824242318,4.151023648800088,0.14516015764607804,0.16303745808268938,0.5115871912442091,6.308389042803273
035420,2018-06-11,0.0088,7.0,0.0791,0.233,23.0,8.5,3.33,6.0,29.00392684232744,4.2102145927875645,0.14516015764607804,0.16303745808268938,0.5115871912442091,6.377809401640078
035420,2018-06-12,0.1427,5.0,0.3495,0.149,7.0,8.5,3.33,6.0,29.248747595443483,4.245752811904921,0.14516015764607804,0.16303745808268938,0.5115871912442091,6.4194893573452925
035420,2018-06-13,0.0011,3.0,0.0011,0.1729,2.0,8.5,3.33,6.0,29.248747595443483,4.245752811904921,0.14516015764607804,0.16303745808268938,0.5115871912442091,6.4194893573452925
035420,2018-06-14,-0.0332,4.0,0.0468,0.1715,3.0,8.5,3.33,6.0,28.84078089952715,4.186532302011356,0.14516015764607804,0.16303745808268938,0.5115871912442091,6.350034323004574
035420,2018-06-15,0.1625,5.0,0.3309,0.1955,7.0,8.5,3.33,6.0,28.147461562083713,4.085889957688993,0.14516015764607804,0.16303745808268938,0.5115871912442091,6.231998907679656
035420,2018-06-16,0.0173,4.0,0.0244,0.141,3.0,8.5,3.33,6.0,28.147461562083713,4.085889957688993,0.14516015764607804,0.16303745808268938,0.5115871912442091,6.231998907679656
035420,2018-06-17,-0.0,3.0,0.0,0.4048,1.0,8.5,3.33,6.0,28.147461562083713,4.085889957688993,0.14516015764607804,0.16303745808268938,0.5115871912442091,6.231998907679656
035420,2018-06-18,0.1988,5.0,0.3976,0.2133,5.0,8.5,3.33,6.0,28.310607504884004,4.109572248465201,0.14516015764607804,0.16303745808268938,0.5115871912442091,6.259773986315161
035420,2018-06-19,-0.0104,4.0,0.6916,0.2463,4.0,8.5,3.33,6.0,28.065786751767963,4.074034029347845,0.14516015764607804,0.16303745808268938,0.5115871912442091,6.218094030609946
035420,2018-06-20,-0.3998,5.0,0.7996,0.1872,5.0,8.5,3.33,6.0,28.10652231801023,4.079947210565376,0.14516015764607804,0.16303745808268938,0.5115871912442091,6.225029131392843
035420,2018-06-21,0.1415,5.0,0.3504,0.1422,7.0,8.5,3.33,6.0,28.514489013926568,4.13916772045894,0.14516015764607804,0.16303745808268938,0.5115871912442091,6.2944841657335635
035420,2018-06-22,0.1636,4.0,0.503,0.1952,4.0,8.5,3.33,6.0,29.493568348559524,4.281291031022278,0.14516015764607804,0.16303745808268938,0.5115871912442091,6.461169313050507
035420,2018-06-23,0.0047,3.0,0.0033,0.4556,2.0,8.5,3.33,6.0,29.493568348559524,4.281291031022278,0.14516015764607804,0.16303745808268938,0.5115871912442091,6.461169313050507
035420,2018-06-24,0.0,3.0,0.0,0.0732,1.0,8.5,3.33,6.0,29.493568348559524,4.281291031022278,0.14516015764607804,0.16303745808268938,0.5115871912442091,6.461169313050507
035420,2018-06-25,0.3005,8.0,0.4339,0.1303,12.0,8.5,3.33,6.0,30.513383249434753,4.429327522803145,0.14516015764607804,0.16303745808268938,0.5115871912442091,6.634789561150348
035420,2018-06-26,-0.3616,6.0,0.4411,0.1755,7.0,8.5,3.33,6.0,29.983006176960398,4.352337903350902,0.14516015764607804,0.16303745808268938,0.5115871912442091,6.544494548957021
035420,2018-06-27,0.3645,8.0,0.4605,0.2399,13.0,8.5,3.33,6.0,30.14615211976069,4.37602019412711,0.14516015764607804,0.16303745808268938,0.5115871912442091,6.572269627592527
035420,2018-06-28,0.337,6.0,0.4628,0.1953,6.0,8.5,3.33,6.0,30.472647683192484,4.423414341585615,0.14516015764607804,0.16303745808268938,0.5115871912442091,6.627854460367451
035420,2018-06-29,0.1054,5.0,0.5961,0.2455,6.0,8.5,3.33,6.0,31.12523145439365,4.518143504690448,0.14516015764607804,0.16303745808268938,0.5115871912442091,6.7389547749094705
035420,2018-06-30,-0.0003,3.0,0.0,0.1224,1.0,8.5,3.33,6.0,31.12523145439365,4.518143504690448,0.14516015764607804,0.16303745808268938,0.5115871912442091,6.7389547749094705
035420,2018-07-01,0.0001,3.0,0.9997,0.1257,2.0,8.5,3.33,7.0,31.12523145439365,4.518143504690448,0.14516015764607804,0.16303745808268938,0.5115871912442091,6.7389547749094705
035420,2018-07-02,0.0593,4.0,0.636,0.1327,5.0,8.5,3.33,7.0,30.635793625992775,4.4470966323618235,0.14516015764607804,0.16303745808268938,0.5115871912442091,6.655629539002956
035420,2018-07-03,-0.2497,5.0,0.4323,0.1856,4.0,8.5,3.33,7.0,30.472647683192484,4.423414341585615,0.14516015764607804,0.16303745808268938,0.5115871912442091,6.627854460367451
035420,2018-07-04,-0.333,6.0,0.7451,0.1352,6.0,8.5,3.33,7.0,31.32931664126742,4.5477685425902745,0.14516015764607804,0.16303745808268938,0.5115871912442091,6.773699629831788
035420,2018-07-05,-0.2735,7.0,0.6135,0.1941,11.0,8.5,3.33,7.0,31.2069062647094,4.5299994330315965,0.14516015764607804,0.16303745808268938,0.5115871912442091,6.75285965197918
035420,2018-07-06,-0.4968,4.0,0.4968,0.3377,2.0,8.5,3.33,7.0,30.554118815677025,4.435240704020675,0.14516015764607804,0.16303745808268938,0.5115871912442091,6.641724661933247
035420,2018-07-07,-0.9994,6.0,0.0,0.3301,2.0,8.5,3.33,7.0,30.554118815677025,4.435240704020675,0.14516015764607804,0.16303745808268938,0.5115871912442091,6.641724661933247
035420,2018-07-08,,,,,0.0,8.5,3.33,7.0,30.554118815677025,4.435240704020675,0.14516015764607804,0.16303745808268938,0.5115871912442091,6.641724661933247
035420,2018-07-09,0.1005,6.0,0.5383,0.1647,10.0,8.5,3.33,7.0,30.798939568793067,4.470778923138031,0.14516015764607804,0.16303745808268938,0.5115871912442091,6.68340461763846
035420,2018-07-10,0.706,6.0,0.4139,0.1786,4.0,8.5,3.33,7.0,31.002821077835627,4.50037439513177,0.14516015764607804,0.16303745808268938,0.5115871912442091,6.718114797056864
035420,2018-07-11,0.0,3.0,0.0,0.125,1.0,8.5,3.33,7.0,31.37005220750969,4.553681723807804,0.14516015764607804,0.16303745808268938,0.5115871912442091,6.780634730614685
035420,2018-07-12,0.0373,5.0,0.4312,0.1349,8.0,8.5,3.33,7.0,31.900429279984046,4.6306713432600475,0.14516015764607804,0.16303745808268938,0.5115871912442091,6.870929742808012
035420,2018-07-13,-0.0239,4.0,0.0414,0.1774,4.0,8.5,3.33,7.0,31.451727017825444,4.565537652148953,0.14516015764607804,0.16303745808268938,0.5115871912442091,6.794539607684395
035420,2018-07-14,0.0005,3.0,0.0014,0.1549,2.0,8.5,3.33,7.0,31.451727017825444,4.565537652148953,0.14516015764607804,0.16303745808268938,0.5115871912442091,6.794539607684395
035420,2018-07-15,-0.0539,3.0,0.9453,0.1531,2.0,8.5,3.33,7.0,31.451727017825444,4.565537652148953,0.14516015764607804,0.16303745808268938,0.5115871912442091,6.794539607684395
035420,2018-07-16,0.1071,4.0,0.2134,0.1606,5.0,8.5,3.33,7.0,31.451727017825444,4.565537652148953,0.14516015764607804,0.16303745808268938,0.5115871912442091,6.794539607684395
035420,2018-07-17,-0.0066,3.0,0.0,0.2558,1.0,8.5,3.33,7.0,30.962085511593358,4.4944612139142395,0.14516015764607804,0.16303745808268938,0.5115871912442091,6.711179696273965
035420,2018-07-18,0.0,3.0,0.0,0.1429,1.0,8.5,3.33,7.0,31.16617069846713,4.524086251814066,0.14516015764607804,0.16303745808268938,0.5115871912442091,6.745924551196283
035420,2018-07-19,0.0,4.0,0.0,0.123,3.0,8.5,3.33,7.0,31.2069062647094,4.5299994330315965,0.14516015764607804,0.16303745808268938,0.5115871912442091,6.75285965197918
035420,2018-07-20,0.131,3.0,0.1309,0.1772,2.0,8.5,3.33,7.0,31.410787773751963,4.559594905025334,0.14516015764607804,0.16303745808268938,0.5115871912442091,6.787569831397582
035420,2018-07-21,,,,,0.0,8.5,3.33,7.0,31.410787773751963,4.559594905025334,0.14516015764607804,0.16303745808268938,0.5115871912442091,6.787569831397582
035420,2018-07-22,,,,,0.0,8.5,3.33,7.0,31.410787773751963,4.559594905025334,0.14516015764607804,0.16303745808268938,0.5115871912442091,6.787569831397582
035420,2018-07-23,0.6656,6.0,0.4707,0.1022,3.0,8.5,3.33,7.0,31.573933716552254,4.583277195801543,0.14516015764607804,0.16303745808268938,0.5115871912442091,6.815344910033088
035420,2018-07-24,0.5999,6.0,0.4898,0.1455,5.0,8.5,3.33,7.0,30.390972872876734,4.4115584132444665,0.14516015764607804,0.16303745808268938,0.5115871912442091,6.6139495832977415
035420,2018-07-25,0.0005,4.0,0.0006,0.1348,4.0,8.5,3.33,7.0,30.431708439119003,4.417471594461997,0.14516015764607804,0.16303745808268938,0.5115871912442091,6.620884684080639
035420,2018-07-26,-0.2983,8.0,0.656,0.2411,17.0,8.5,3.33,7.0,30.635793625992775,4.4470966323618235,0.14516015764607804,0.16303745808268938,0.5115871912442091,6.655629539002956
035420,2018-07-27,0.0189,6.0,0.4393,0.1725,10.0,8.5,3.33,7.0,30.635793625992775,4.4470966323618235,0.14516015764607804,0.16303745808268938,0.5115871912442091,6.655629539002956
035420,2018-07-28,0.0041,4.0,0.005,0.2705,3.0,8.5,3.33,7.0,30.635793625992775,4.4470966323618235,0.14516015764607804,0.16303745808268938,0.5115871912442091,6.655629539002956
035420,2018-07-29,-0.7472,6.0,0.4315,0.1554,4.0,8.5,3.33,7.0,30.635793625992775,4.4470966323618235,0.14516015764607804,0.16303745808268938,0.5115871912442091,6.655629539002956
035420,2018-07-30,0.0467,5.0,0.646,0.2083,8.0,8.5,3.33,7.0,29.779124667917838,4.322742431357164,0.14516015764607804,0.16303745808268938,0.5115871912442091,6.509784369538619
035420,2018-07-31,0.4984,4.0,0.4987,0.3624,2.0,8.5,3.33,7.0,29.208012029201214,4.239839630687391,0.14516015764607804,0.16303745808268938,0.5115871912442091,6.412554256562395
035420,2018-08-01,0.0,4.0,0.0,0.1923,4.0,8.5,3.33,8.0,29.697449857602088,4.3108865030160155,0.14516015764607804,0.16303745808268938,0.5115871912442091,6.49587949246891
035420,2018-08-02,-0.0669,7.0,0.6051,0.2063,20.0,8.5,3.33,8.0,29.697449857602088,4.3108865030160155,0.14516015764607804,0.16303745808268938,0.5115871912442091,6.49587949246891
035420,2018-08-03,-0.4998,4.0,0.4999,0.1956,2.0,8.5,3.33,8.0,29.819860234160107,4.328655612574694,0.14516015764607804,0.16303745808268938,0.5115871912442091,6.516719470321516
035420,2018-08-04,,,,,0.0,8.5,3.33,8.0,29.819860234160107,4.328655612574694,0.14516015764607804,0.16303745808268938,0.5115871912442091,6.516719470321516
035420,2018-08-05,0.4973,4.0,0.0,0.2093,1.0,8.5,3.33,8.0,29.819860234160107,4.328655612574694,0.14516015764607804,0.16303745808268938,0.5115871912442091,6.516719470321516
035420,2018-08-06,-0.0001,4.0,0.632,0.1916,5.0,8.5,3.33,8.0,29.983006176960398,4.352337903350902,0.14516015764607804,0.16303745808268938,0.5115871912442091,6.544494548957021
035420,2018-08-07,0.0059,4.0,0.0118,0.1755,5.0,8.5,3.33,8.0,30.35023730663446,4.405645232026937,0.14516015764607804,0.16303745808268938,0.5115871912442091,6.6070144825148445
035420,2018-08-08,0.0001,3.0,0.0,0.2273,1.0,8.5,3.33,8.0,30.595058059750507,4.441183451144293,0.14516015764607804,0.16303745808268938,0.5115871912442091,6.6486944382200575
035420,2018-08-09,-0.4676,6.0,0.7486,0.1607,6.0,8.5,3.33,8.0,31.778018903426027,4.6129022337013685,0.14516015764607804,0.16303745808268938,0.5115871912442091,6.850089764955405
035420,2018-08-10,-0.5836,7.0,0.4558,0.3238,7.0,8.5,3.33,8.0,31.451727017825444,4.565537652148953,0.14516015764607804,0.16303745808268938,0.5115871912442091,6.794539607684395
035420,2018-08-11,-0.0001,3.0,0.0001,0.1427,2.0,8.5,3.33,8.0,31.451727017825444,4.565537652148953,0.14516015764607804,0.16303745808268938,0.5115871912442091,6.794539607684395
035420,2018-08-12,-0.1527,4.0,0.1094,0.1797,3.0,8.5,3.33,8.0,31.451727017825444,4.565537652148953,0.14516015764607804,0.16303745808268938,0.5115871912442091,6.794539607684395
035420,2018-08-13,0.1209,5.0,0.5934,0.1707,8.0,8.5,3.33,8.0,30.798939568793067,4.470778923138031,0.14516015764607804,0.16303745808268938,0.5115871912442091,6.68340461763846
035420,2018-08-14,0.4491,5.0,0.4548,0.1885,4.0,8.5,3.33,8.0,30.880614379108817,4.48263485147918,0.14516015764607804,0.16303745808268938,0.5115871912442091,6.697309494708171
035420,2018-08-15,-0.5048,7.0,0.4303,0.1632,7.0,8.5,3.33,8.0,30.880614379108817,4.48263485147918,0.14516015764607804,0.16303745808268938,0.5115871912442091,6.697309494708171
035420,2018-08-16,-0.1964,5.0,0.4011,0.1652,5.0,8.5,3.33,8.0,30.595058059750507,4.441183451144293,0.14516015764607804,0.16303745808268938,0.5115871912442091,6.6486944382200575
035420,2018-08-17,-0.4748,6.0,0.4787,0.1721,8.0,8.5,3.33,8.0,30.798939568793067,4.470778923138031,0.14516015764607804,0.16303745808268938,0.5115871912442091,6.68340461763846
035420,2018-08-18,,,,,0.0,8.5,3.33,8.0,30.798939568793067,4.470778923138031,0.14516015764607804,0.16303745808268938,0.5115871912442091,6.68340461763846
035420,2018-08-19,-0.9996,6.0,0.0,0.5474,2.0,8.5,3.33,8.0,30.798939568793067,4.470778923138031,0.14516015764607804,0.16303745808268938,0.5115871912442091,6.68340461763846
035420,2018-08-20,-0.0035,5.0,0.4918,0.1304,8.0,8.5,3.33,8.0,30.798939568793067,4.470778923138031,0.14516015764607804,0.16303745808268938,0.5115871912442091,6.68340461763846
035420,2018-08-21,-0.0162,4.0,0.8136,0.2955,3.0,8.5,3.33,8.0,30.472647683192484,4.423414341585615,0.14516015764607804,0.16303745808268938,0.5115871912442091,6.627854460367451
035420,2018-08-22,-0.4995,4.0,0.4994,0.3372,2.0,8.5,3.33,8.0,30.472647683192484,4.423414341585615,0.14516015764607804,0.16303745808268938,0.5115871912442091,6.627854460367451
035420,2018-08-23,0.5894,6.0,0.4813,0.1136,5.0,8.5,3.33,8.0,31.492462584067713,4.571450833366482,0.14516015764607804,0.16303745808268938,0.5115871912442091,6.801474708467292
035420,2018-08-24,-0.2314,5.0,0.7997,0.2207,4.0,8.5,3.33,8.0,30.92134994535109,4.48854803269671,0.14516015764607804,0.16303745808268938,0.5115871912442091,6.704244595491068
035420,2018-08-25,,,,,0.0,8.5,3.33,8.0,30.92134994535109,4.48854803269671,0.14516015764607804,0.16303745808268938,0.5115871912442091,6.704244595491068
035420,2018-08-26,0.0,3.0,0.0,0.125,1.0,8.5,3.33,8.0,30.92134994535109,4.48854803269671,0.14516015764607804,0.16303745808268938,0.5115871912442091,6.704244595491068
035420,2018-08-27,0.0253,6.0,0.3953,0.175,10.0,8.5,3.33,8.0,31.37005220750969,4.553681723807804,0.14516015764607804,0.16303745808268938,0.5115871912442091,6.780634730614685
035420,2018-08-28,-0.1441,4.0,0.2894,0.1545,5.0,8.5,3.33,8.0,30.839675135035336,4.476692104355561,0.14516015764607804,0.16303745808268938,0.5115871912442091,6.690339718421359
035420,2018-08-29,-0.0,4.0,0.0,0.1967,4.0,8.5,3.33,8.0,30.513383249434753,4.429327522803145,0.14516015764607804,0.16303745808268938,0.5115871912442091,6.634789561150348
035420,2018-08-30,0.3323,6.0,0.4272,0.1292,6.0,8.5,3.33,8.0,30.431708439119003,4.417471594461997,0.14516015764607804,0.16303745808268938,0.5115871912442091,6.620884684080639
035420,2018-08-31,-0.3276,6.0,0.4634,0.1995,6.0,8.5,3.33,8.0,30.676529192235044,4.453009813579353,0.14516015764607804,0.16303745808268938,0.5115871912442091,6.662564639785853
035420,2018-09-01,,,,,0.0,8.5,3.33,9.0,30.676529192235044,4.453009813579353,0.14516015764607804,0.16303745808268938,0.5115871912442091,6.662564639785853
035420,2018-09-02,-0.9971,6.0,0.0,0.2093,1.0,8.5,3.33,9.0,30.676529192235044,4.453009813579353,0.14516015764607804,0.16303745808268938,0.5115871912442091,6.662564639785853
035420,2018-09-03,0.0361,4.0,0.0625,0.1625,4.0,8.5,3.33,9.0,30.758204002550798,4.464865741920502,0.14516015764607804,0.16303745808268938,0.5115871912442091,6.676469516855563
035420,2018-09-04,0.0143,4.0,0.0248,0.1425,5.0,8.5,3.33,9.0,30.798939568793067,4.470778923138031,0.14516015764607804,0.16303745808268938,0.5115871912442091,6.68340461763846
035420,2018-09-05,-0.0235,4.0,0.7066,0.1395,4.0,8.5,3.33,9.0,30.02394542103388,4.35828065047452,0.14516015764607804,0.16303745808268938,0.5115871912442091,6.551464325243834
035420,2018-09-06,-0.0,4.0,0.0,0.1905,3.0,8.5,3.33,9.0,29.779124667917838,4.322742431357164,0.14516015764607804,0.16303745808268938,0.5115871912442091,6.509784369538619
035420,2018-09-07,0.1144,3.0,0.1144,0.1735,2.0,8.5,3.33,9.0,29.86059580040238,4.334568793792224,0.14516015764607804,0.16303745808268938,0.5115871912442091,6.523654571104415
035420,2018-09-08,,,,,0.0,8.5,3.33,9.0,29.86059580040238,4.334568793792224,0.14516015764607804,0.16303745808268938,0.5115871912442091,6.523654571104415
035420,2018-09-09,0.9998,6.0,0.0,0.1389,1.0,8.5,3.33,9.0,29.86059580040238,4.334568793792224,0.14516015764607804,0.16303745808268938,0.5115871912442091,6.523654571104415
035420,2018-09-10,0.2481,6.0,0.398,0.1929,7.0,8.5,3.33,9.0,29.575039481044065,4.2931173934573374,0.14516015764607804,0.16303745808268938,0.5115871912442091,6.475039514616301
035420,2018-09-11,-0.1908,5.0,0.4234,0.1319,4.0,8.5,3.33,9.0,29.615978725117547,4.299060140580956,0.14516015764607804,0.16303745808268938,0.5115871912442091,6.482009290903114
035420,2018-09-12,0.0,5.0,0.0,0.1488,8.0,8.5,3.33,9.0,29.779124667917838,4.322742431357164,0.14516015764607804,0.16303745808268938,0.5115871912442091,6.509784369538619
035420,2018-09-13,-0.0005,4.0,0.001,0.1806,4.0,8.5,3.33,9.0,29.493568348559524,4.281291031022278,0.14516015764607804,0.16303745808268938,0.5115871912442091,6.461169313050507
035420,2018-09-14,0.3192,5.0,0.3659,0.2121,5.0,8.5,3.33,9.0,29.779124667917838,4.322742431357164,0.14516015764607804,0.16303745808268938,0.5115871912442091,6.509784369538619
035420,2018-09-15,-0.9967,6.0,0.0,0.1429,1.0,8.5,3.33,9.0,29.779124667917838,4.322742431357164,0.14516015764607804,0.16303745808268938,0.5115871912442091,6.509784369538619
035420,2018-09-16,0.0413,3.0,0.0,0.0208,1.0,8.5,3.33,9.0,29.779124667917838,4.322742431357164,0.14516015764607804,0.16303745808268938,0.5115871912442091,6.509784369538619
035420,2018-09-17,-0.0473,6.0,0.3418,0.1865,10.0,8.5,3.33,9.0,29.697449857602088,4.3108865030160155,0.14516015764607804,0.16303745808268938,0.5115871912442091,6.49587949246891
035420,2018-09-18,0.0462,5.0,0.5074,0.191,8.0,8.5,3.33,9.0,29.575039481044065,4.2931173934573374,0.14516015764607804,0.16303745808268938,0.5115871912442091,6.475039514616301
035420,2018-09-19,0.0853,4.0,0.1206,0.1961,3.0,8.5,3.33,9.0,29.819860234160107,4.328655612574694,0.14516015764607804,0.16303745808268938,0.5115871912442091,6.516719470321516
035420,2018-09-20,0.1675,7.0,0.6922,0.1677,11.0,8.5,3.33,9.0,29.819860234160107,4.328655612574694,0.14516015764607804,0.16303745808268938,0.5115871912442091,6.516719470321516
035420,2018-09-21,0.0,3.0,0.0,0.0769,1.0,8.5,3.33,9.0,29.575039481044065,4.2931173934573374,0.14516015764607804,0.16303745808268938,0.5115871912442091,6.475039514616301
035420,2018-09-22,,,,,0.0,8.5,3.33,9.0,29.575039481044065,4.2931173934573374,0.14516015764607804,0.16303745808268938,0.5115871912442091,6.475039514616301
035420,2018-09-23,-0.0,3.0,0.0,0.0962,1.0,8.5,3.33,9.0,29.575039481044065,4.2931173934573374,0.14516015764607804,0.16303745808268938,0.5115871912442091,6.475039514616301
035420,2018-09-24,0.0,3.0,0.0,0.1702,1.0,8.5,3.33,9.0,29.575039481044065,4.2931173934573374,0.14516015764607804,0.16303745808268938,0.5115871912442091,6.475039514616301
035420,2018-09-25,-0.9996,6.0,0.0,0.125,1.0,8.5,3.33,9.0,29.575039481044065,4.2931173934573374,0.14516015764607804,0.16303745808268938,0.5115871912442091,6.475039514616301
035420,2018-09-26,-0.0001,3.0,0.0,0.3636,1.0,8.5,3.33,9.0,29.575039481044065,4.2931173934573374,0.14516015764607804,0.16303745808268938,0.5115871912442091,6.475039514616301
035420,2018-09-27,0.498,6.0,0.7057,0.1538,8.0,8.5,3.33,9.0,29.08560165264319,4.222070521128713,0.14516015764607804,0.16303745808268938,0.5115871912442091,6.391714278709787
035420,2018-09-28,-0.0264,5.0,0.4754,0.197,6.0,8.5,3.33,9.0,29.208012029201214,4.239839630687391,0.14516015764607804,0.16303745808268938,0.5115871912442091,6.412554256562395
035420,2018-09-29,,,,,0.0,8.5,3.33,9.0,29.208012029201214,4.239839630687391,0.14516015764607804,0.16303745808268938,0.5115871912442091,6.412554256562395
035420,2018-09-30,0.0958,3.0,0.0,0.12,1.0,8.5,3.33,9.0,29.208012029201214,4.239839630687391,0.14516015764607804,0.16303745808268938,0.5115871912442091,6.412554256562395
035420,2018-10-01,-0.1658,5.0,0.3729,0.1542,6.0,8.5,3.33,10.0,29.08560165264319,4.222070521128713,0.14516015764607804,0.16303745808268938,0.5115871912442091,6.391714278709787
035420,2018-10-02,-0.1593,5.0,0.8453,0.1587,6.0,8.5,3.33,10.0,28.10652231801023,4.079947210565376,0.14516015764607804,0.16303745808268938,0.5115871912442091,6.225029131392843
035420,2018-10-03,0.0012,3.0,0.0012,0.1238,2.0,8.5,3.33,10.0,28.10652231801023,4.079947210565376,0.14516015764607804,0.16303745808268938,0.5115871912442091,6.225029131392843
035420,2018-10-04,-0.0994,4.0,0.7177,0.1234,4.0,8.5,3.33,10.0,28.351343071126276,4.115485429682732,0.14516015764607804,0.16303745808268938,0.5115871912442091,6.266709087098058
035420,2018-10-05,0.2404,5.0,0.34,0.1363,3.0,8.5,3.33,10.0,28.71857420080034,4.168792758358766,0.14516015764607804,0.16303745808268938,0.5115871912442091,6.3292290206558794
035420,2018-10-06,,,,,0.0,8.5,3.33,10.0,28.71857420080034,4.168792758358766,0.14516015764607804,0.16303745808268938,0.5115871912442091,6.3292290206558794
035420,2018-10-07,-0.333,5.0,0.4701,0.1882,3.0,8.5,3.33,10.0,28.71857420080034,4.168792758358766,0.14516015764607804,0.16303745808268938,0.5115871912442091,6.3292290206558794
035420,2018-10-08,0.1421,5.0,0.3482,0.1883,7.0,8.5,3.33,10.0,28.71857420080034,4.168792758358766,0.14516015764607804,0.16303745808268938,0.5115871912442091,6.3292290206558794
035420,2018-10-09,-0.5405,6.0,0.4122,0.1185,3.0,8.5,3.33,10.0,28.71857420080034,4.168792758358766,0.14516015764607804,0.16303745808268938,0.5115871912442091,6.3292290206558794
035420,2018-10-10,-0.1127,7.0,0.3104,0.3011,26.0,8.5,3.33,10.0,28.71857420080034,4.168792758358766,0.14516015764607804,0.16303745808268938,0.5115871912442091,6.3292290206558794
035420,2018-10-11,0.4238,6.0,0.4963,0.1902,7.0,8.5,3.33,10.0,28.71857420080034,4.168792758358766,0.14516015764607804,0.16303745808268938,0.5115871912442091,6.3292290206558794
035420,2018-10-12,-0.3207,5.0,0.4803,0.2007,3.0,8.5,3.33,10.0,28.922252032011688,4.198358664446417,0.14516015764607804,0.16303745808268938,0.5115871912442091,6.363904524570368
035420,2018-10-13,-0.9761,6.0,0.0,0.1111,1.0,8.5,3.33,10.0,28.922252032011688,4.198358664446417,0.14516015764607804,0.16303745808268938,0.5115871912442091,6.363904524570368
035420,2018-10-14,,,,,0.0,8.5,3.33,10.0,28.922252032011688,4.198358664446417,0.14516015764607804,0.16303745808268938,0.5115871912442091,6.363904524570368
035420,2018-10-15,-0.4995,5.0,0.4995,0.1735,4.0,8.5,3.33,10.0,27.700185044743588,4.020963227920512,0.14516015764607804,0.16303745808268938,0.5115871912442091,6.155851501083441
035420,2018-10-16,0.1964,7.0,0.3646,0.1293,9.0,8.5,3.33,10.0,27.190990466715213,3.947048462701385,0.14516015764607804,0.16303745808268938,0.5115871912442091,6.06916274129722
035420,2018-10-17,-0.0081,4.0,0.6196,0.1715,5.0,8.5,3.33,10.0,26.478118057475488,3.843567791394607,0.14516015764607804,0.16303745808268938,0.5115871912442091,5.947798477596511
035420,2018-10-18,-0.9995,7.0,0.0002,0.1004,3.0,8.5,3.33,10.0,25.45972890141874,3.695738260956353,0.14516015764607804,0.16303745808268938,0.5115871912442091,5.774420958024073
035420,2018-10-19,0.4542,6.0,0.5558,0.1735,8.0,8.5,3.33,10.0,25.968923479447113,3.76965302617548,0.14516015764607804,0.16303745808268938,0.5115871912442091,5.861109717810293
035420,2018-10-20,-0.0,3.0,0.0,0.1026,1.0,8.5,3.33,10.0,25.968923479447113,3.76965302617548,0.14516015764607804,0.16303745808268938,0.5115871912442091,5.861109717810293
035420,2018-10-21,0.4803,4.0,0.431,0.1418,2.0,8.5,3.33,10.0,25.968923479447113,3.76965302617548,0.14516015764607804,0.16303745808268938,0.5115871912442091,5.861109717810293
035420,2018-10-22,0.1524,5.0,0.3427,0.1529,6.0,8.5,3.33,10.0,26.27444022626414,3.814001885306956,0.14516015764607804,0.16303745808268938,0.5115871912442091,5.913122973682024
035420,2018-10-23,-0.1348,6.0,0.309,0.2443,9.0,8.5,3.33,10.0,25.561567817024414,3.710521214000178,0.14516015764607804,0.16303745808268938,0.5115871912442091,5.791758709981317
035420,2018-10-24,0.0,3.0,0.0,0.0652,1.0,8.5,3.33,10.0,25.86708456384144,3.7548700731316544,0.14516015764607804,0.16303745808268938,0.5115871912442091,5.8437719658530485
035420,2018-10-25,-0.291,8.0,0.6515,0.1634,20.0,8.5,3.33,10.0,24.23766191415064,3.518342824430448,0.14516015764607804,0.16303745808268938,0.5115871912442091,5.566367934537145
035420,2018-10-26,-0.7041,7.0,0.3931,0.2212,7.0,8.5,3.33,10.0,23.015594926882542,3.340947387904543,0.14516015764607804,0.16303745808268938,0.5115871912442091,5.358314911050216
035420,2018-10-27,0.2428,5.0,0.4206,0.1059,4.0,8.5,3.33,10.0,23.015594926882542,3.340947387904543,0.14516015764607804,0.16303745808268938,0.5115871912442091,5.358314911050216
035420,2018-10-28,0.7998,6.0,0.3999,0.1579,5.0,8.5,3.33,10.0,23.015594926882542,3.340947387904543,0.14516015764607804,0.16303745808268938,0.5115871912442091,5.358314911050216
035420,2018-10-29,-0.091,7.0,0.4605,0.2324,13.0,8.5,3.33,10.0,22.302722517642817,3.237466716597765,0.14516015764607804,0.16303745808268938,0.5115871912442091,5.236950647349508
035420,2018-10-30,-0.1999,5.0,0.3999,0.1273,5.0,8.5,3.33,10.0,22.506400348854164,3.267032622685416,0.14516015764607804,0.16303745808268938,0.5115871912442091,5.271626151263996
035420,2018-10-31,0.0958,5.0,0.8476,0.1084,7.0,8.5,3.33,10.0,23.321111673699566,3.385296247036019,0.14516015764607804,0.16303745808268938,0.5115871912442091,5.410328166921949
035420,2018-11-01,0.0312,4.0,0.0439,0.244,3.0,8.5,3.33,11.0,22.710078180065516,3.2965985287730666,0.14516015764607804,0.16303745808268938,0.5115871912442091,5.306301655178484
035420,2018-11-02,0.0002,5.0,0.0003,0.1537,6.0,8.5,3.33,11.0,23.728467336122264,3.444428059211321,0.14516015764607804,0.16303745808268938,0.5115871912442091,5.479679174750925
035420,2018-11-03,,,,,0.0,8.5,3.33,11.0,23.728467336122264,3.444428059211321,0.14516015764607804,0.16303745808268938,0.5115871912442091,5.479679174750925
035420,2018-11-04,0.8568,6.0,0.0,0.1304,1.0,8.5,3.33,11.0,23.728467336122264,3.444428059211321,0.14516015764607804,0.16303745808268938,0.5115871912442091,5.479679174750925
035420,2018-11-05,0.1856,7.0,0.3839,0.1809,11.0,8.5,3.33,11.0,23.117433842488214,3.3557303409483685,0.14516015764607804,0.16303745808268938,0.5115871912442091,5.37565266300746
035420,2018-11-06,0.0201,4.0,0.0401,0.1521,5.0,8.5,3.33,11.0,23.83030625172794,3.459211012255146,0.14516015764607804,0.16303745808268938,0.5115871912442091,5.497016926708167
035420,2018-11-07,0.1664,6.0,0.3209,0.2343,9.0,8.5,3.33,11.0,23.524789504910917,3.41486215312367,0.14516015764607804,0.16303745808268938,0.5115871912442091,5.445003670836436
035420,2018-11-08,0.0275,5.0,0.0624,0.1851,8.0,8.5,3.33,11.0,23.728467336122264,3.444428059211321,0.14516015764607804,0.16303745808268938,0.5115871912442091,5.479679174750925
035420,2018-11-09,0.3757,5.0,0.4434,0.1517,3.0,8.5,3.33,11.0,23.42295058930524,3.4000792000798445,0.14516015764607804,0.16303745808268938,0.5115871912442091,5.427665918879192
035420,2018-11-10,-0.2133,5.0,0.4571,0.4607,4.0,8.5,3.33,11.0,23.42295058930524,3.4000792000798445,0.14516015764607804,0.16303745808268938,0.5115871912442091,5.427665918879192
035420,2018-11-11,-0.9997,6.0,0.0,0.1087,1.0,8.5,3.33,11.0,23.42295058930524,3.4000792000798445,0.14516015764607804,0.16303745808268938,0.5115871912442091,5.427665918879192
035420,2018-11-12,0.0041,5.0,0.5,0.2854,8.0,8.5,3.33,11.0,23.42295058930524,3.4000792000798445,0.14516015764607804,0.16303745808268938,0.5115871912442091,5.427665918879192
035420,2018-11-13,0.4197,6.0,0.4405,0.2362,6.0,8.5,3.33,11.0,23.626628420516592,3.4296451061674955,0.14516015764607804,0.16303745808268938,0.5115871912442091,5.46234142279368
035420,2018-11-14,0.4324,5.0,0.4118,0.1722,3.0,8.5,3.33,11.0,23.524789504910917,3.41486215312367,0.14516015764607804,0.16303745808268938,0.5115871912442091,5.445003670836436
035420,2018-11-15,-0.2288,5.0,0.4441,0.1466,4.0,8.5,3.33,11.0,22.913756011276867,3.3261644348607176,0.14516015764607804,0.16303745808268938,0.5115871912442091,5.340977159092972
035420,2018-11-16,0.2353,6.0,0.3735,0.1652,6.0,8.5,3.33,11.0,22.913756011276867,3.3261644348607176,0.14516015764607804,0.16303745808268938,0.5115871912442091,5.340977159092972
035420,2018-11-17,0.0004,4.0,0.0007,0.2663,4.0,8.5,3.33,11.0,22.913756011276867,3.3261644348607176,0.14516015764607804,0.16303745808268938,0.5115871912442091,5.340977159092972
035420,2018-11-18,-0.0,3.0,0.0,0.1042,1.0,8.5,3.33,11.0,22.913756011276867,3.3261644348607176,0.14516015764607804,0.16303745808268938,0.5115871912442091,5.340977159092972
035420,2018-11-19,0.3265,5.0,0.6302,0.1792,5.0,8.5,3.33,11.0,22.710078180065516,3.2965985287730666,0.14516015764607804,0.16303745808268938,0.5115871912442091,5.306301655178484
035420,2018-11-20,0.2003,5.0,0.3998,0.1438,5.0,8.5,3.33,11.0,21.99720577082579,3.1931178574662886,0.14516015764607804,0.16303745808268938,0.5115871912442091,5.184937391477777
035420,2018-11-21,0.073,4.0,0.5246,0.1761,5.0,8.5,3.33,11.0,21.691689024008767,3.1487689983348126,0.14516015764607804,0.16303745808268938,0.5115871912442091,5.132924135606044
035420,2018-11-22,-0.104,6.0,0.5299,0.1623,10.0,8.5,3.33,11.0,22.302722517642817,3.237466716597765,0.14516015764607804,0.16303745808268938,0.5115871912442091,5.236950647349508
035420,2018-11-23,0.9993,6.0,0.0,0.2222,1.0,8.5,3.33,11.0,23.21927275809389,3.3705132939921936,0.14516015764607804,0.16303745808268938,0.5115871912442091,5.3929904149647045
035420,2018-11-24,-0.2443,4.0,0.0,0.2128,1.0,8.5,3.33,11.0,23.21927275809389,3.3705132939921936,0.14516015764607804,0.16303745808268938,0.5115871912442091,5.3929904149647045
035420,2018-11-25,,,,,0.0,8.5,3.33,11.0,23.21927275809389,3.3705132939921936,0.14516015764607804,0.16303745808268938,0.5115871912442091,5.3929904149647045
035420,2018-11-26,0.4771,6.0,0.4794,0.2556,6.0,8.5,3.33,11.0,25.25605107020739,3.666172354868702,0.14516015764607804,0.16303745808268938,0.5115871912442091,5.739745454109584
035420,2018-11-27,0.3957,5.0,0.4846,0.1475,5.0,8.5,3.33,11.0,25.45972890141874,3.695738260956353,0.14516015764607804,0.16303745808268938,0.5115871912442091,5.774420958024073
035420,2018-11-28,0.5008,6.0,0.8625,0.2344,4.0,8.5,3.33,11.0,26.27444022626414,3.814001885306956,0.14516015764607804,0.16303745808268938,0.5115871912442091,5.913122973682024
035420,2018-11-29,0.2576,5.0,0.4287,0.1315,4.0,8.5,3.33,11.0,26.579956973081163,3.8583507444384324,0.14516015764607804,0.16303745808268938,0.5115871912442091,5.965136229553756
035420,2018-11-30,0.1654,5.0,0.3688,0.1743,6.0,8.5,3.33,11.0,25.765245648235766,3.740087120087829,0.14516015764607804,0.16303745808268938,0.5115871912442091,5.826434213895804
035420,2018-12-01,,,,,0.0,8.5,3.33,12.0,25.765245648235766,3.740087120087829,0.14516015764607804,0.16303745808268938,0.5115871912442091,5.826434213895804
035420,2018-12-02,,,,,0.0,8.5,3.33,12.0,25.765245648235766,3.740087120087829,0.14516015764607804,0.16303745808268938,0.5115871912442091,5.826434213895804
035420,2018-12-03,-0.0,5.0,0.0002,0.1321,6.0,8.5,3.33,12.0,25.66340673263009,3.7253041670440035,0.14516015764607804,0.16303745808268938,0.5115871912442091,5.80909646193856
035420,2018-12-04,0.1801,4.0,0.1829,0.2049,2.0,8.5,3.33,12.0,25.154212154601716,3.6513894018248765,0.14516015764607804,0.16303745808268938,0.5115871912442091,5.722407702152339
035420,2018-12-05,0.261,5.0,0.4269,0.1812,4.0,8.5,3.33,12.0,25.45972890141874,3.695738260956353,0.14516015764607804,0.16303745808268938,0.5115871912442091,5.774420958024073
035420,2018-12-06,0.2342,6.0,0.3826,0.0899,7.0,8.5,3.33,12.0,24.44133974536199,3.5479087305180985,0.14516015764607804,0.16303745808268938,0.5115871912442091,5.601043438451632
035420,2018-12-07,-0.7671,6.0,0.3766,0.1541,5.0,8.5,3.33,12.0,24.64501757657334,3.5774746366057495,0.14516015764607804,0.16303745808268938,0.5115871912442091,5.635718942366121
035420,2018-12-08,0.0,3.0,0.0,0.1333,1.0,8.5,3.33,12.0,24.64501757657334,3.5774746366057495,0.14516015764607804,0.16303745808268938,0.5115871912442091,5.635718942366121
035420,2018-12-09,,,,,0.0,8.5,3.33,12.0,24.64501757657334,3.5774746366057495,0.14516015764607804,0.16303745808268938,0.5115871912442091,5.635718942366121
035420,2018-12-10,0.0,4.0,0.0,0.1,4.0,8.5,3.33,12.0,24.23766191415064,3.518342824430448,0.14516015764607804,0.16303745808268938,0.5115871912442091,5.566367934537145
035420,2018-12-11,0.3725,6.0,0.5979,0.1809,8.0,8.5,3.33,12.0,25.05237323899604,3.636606448781051,0.14516015764607804,0.16303745808268938,0.5115871912442091,5.705069950195097
035420,2018-12-12,0.1514,6.0,0.3165,0.2141,9.0,8.5,3.33,12.0,25.357889985813063,3.6809553079125275,0.14516015764607804,0.16303745808268938,0.5115871912442091,5.757083206066828
035420,2018-12-13,0.2688,6.0,0.4258,0.1688,7.0,8.5,3.33,12.0,25.25605107020739,3.666172354868702,0.14516015764607804,0.16303745808268938,0.5115871912442091,5.739745454109584
035420,2018-12-14,0.0059,4.0,0.0083,0.0847,3.0,8.5,3.33,12.0,25.154212154601716,3.6513894018248765,0.14516015764607804,0.16303745808268938,0.5115871912442091,5.722407702152339
035420,2018-12-15,-0.9997,6.0,0.0,0.2174,1.0,8.5,3.33,12.0,25.154212154601716,3.6513894018248765,0.14516015764607804,0.16303745808268938,0.5115871912442091,5.722407702152339
035420,2018-12-16,0.6598,6.0,0.4808,0.1359,3.0,8.5,3.33,12.0,25.154212154601716,3.6513894018248765,0.14516015764607804,0.16303745808268938,0.5115871912442091,5.722407702152339
035420,2018-12-17,0.1065,6.0,0.293,0.1142,9.0,8.5,3.33,12.0,24.84869540778469,3.6070405426934005,0.14516015764607804,0.16303745808268938,0.5115871912442091,5.670394446280608
035420,2018-12-18,-0.0,3.0,0.0,0.2,2.0,8.5,3.33,12.0,24.84869540778469,3.6070405426934005,0.14516015764607804,0.16303745808268938,0.5115871912442091,5.670394446280608
035420,2018-12-19,0.0258,4.0,0.0473,0.183,4.0,8.5,3.33,12.0,25.968923479447113,3.76965302617548,0.14516015764607804,0.16303745808268938,0.5115871912442091,5.861109717810293
035420,2018-12-20,-0.0,4.0,0.0021,0.1728,5.0,8.5,3.33,12.0,25.86708456384144,3.7548700731316544,0.14516015764607804,0.16303745808268938,0.5115871912442091,5.8437719658530485
035420,2018-12-21,0.4747,6.0,0.4716,0.2046,6.0,8.5,3.33,12.0,24.746856492179017,3.592257589649575,0.14516015764607804,0.16303745808268938,0.5115871912442091,5.6530566943233636
035420,2018-12-22,0.0001,3.0,0.0001,0.189,2.0,8.5,3.33,12.0,24.746856492179017,3.592257589649575,0.14516015764607804,0.16303745808268938,0.5115871912442091,5.6530566943233636
035420,2018-12-23,0.0095,3.0,0.0074,0.2175,2.0,8.5,3.33,12.0,24.746856492179017,3.592257589649575,0.14516015764607804,0.16303745808268938,0.5115871912442091,5.6530566943233636
035420,2018-12-24,0.1166,7.0,0.3724,0.191,14.0,8.5,3.33,12.0,25.05237323899604,3.636606448781051,0.14516015764607804,0.16303745808268938,0.5115871912442091,5.705069950195097
035420,2018-12-25,0.2505,5.0,0.4286,0.4332,4.0,8.5,3.33,12.0,25.05237323899604,3.636606448781051,0.14516015764607804,0.16303745808268938,0.5115871912442091,5.705069950195097
035420,2018-12-26,0.9998,6.0,0.0,0.087,1.0,8.5,3.33,12.0,24.23766191415064,3.518342824430448,0.14516015764607804,0.16303745808268938,0.5115871912442091,5.566367934537145
035420,2018-12-27,-0.0129,4.0,0.0182,0.1516,3.0,8.5,3.33,12.0,24.950534323390364,3.6218234957372255,0.14516015764607804,0.16303745808268938,0.5115871912442091,5.687732198237852
035420,2018-12-28,-0.3552,4.0,0.3564,0.1807,2.0,8.5,3.33,12.0,24.84869540778469,3.6070405426934005,0.14516015764607804,0.16303745808268938,0.5115871912442091,5.670394446280608
035420,2018-12-29,,,,,0.0,8.5,3.33,12.0,24.84869540778469,3.6070405426934005,0.14516015764607804,0.16303745808268938,0.5115871912442091,5.670394446280608
035420,2018-12-30,,,,,0.0,8.5,3.33,12.0,24.84869540778469,3.6070405426934005,0.14516015764607804,0.16303745808268938,0.5115871912442091,5.670394446280608
035420,2018-12-31,-0.25,5.0,0.4326,0.1253,4.0,8.5,3.33,12.0,24.84869540778469,3.6070405426934005,0.14516015764607804,0.16303745808268938,0.5115871912442091,5.670394446280608
035420,2019-01-01,-0.0,3.0,0.0,0.1035,2.0,8.5,3.33,13.0,24.84869540778469,3.6070405426934005,0.14516015764607804,0.16303745808268938,0.5115871912442091,5.670394446280608
035420,2019-01-02,0.3734,4.0,0.3734,0.1791,2.0,8.5,3.33,13.0,24.03398408293929,3.488776918342797,0.14516015764607804,0.16303745808268938,0.5115871912442091,5.531692430622656
035420,2019-01-03,0.4993,6.0,0.4987,0.1508,6.0,8.5,3.33,13.0,24.84869540778469,3.6070405426934005,0.14516015764607804,0.16303745808268938,0.5115871912442091,5.670394446280608
035420,2019-01-04,-0.4998,4.0,0.4998,0.1596,2.0,8.5,3.33,13.0,25.561567817024414,3.710521214000178,0.14516015764607804,0.16303745808268938,0.5115871912442091,5.791758709981317
035420,2019-01-05,,,,,0.0,8.5,3.33,13.0,25.561567817024414,3.710521214000178,0.14516015764607804,0.16303745808268938,0.5115871912442091,5.791758709981317
035420,2019-01-06,0.4534,4.0,0.4534,0.1327,2.0,8.5,3.33,13.0,25.561567817024414,3.710521214000178,0.14516015764607804,0.16303745808268938,0.5115871912442091,5.791758709981317
035420,2019-01-07,0.2148,7.0,0.5499,0.2011,10.0,8.5,3.33,13.0,26.783634804292515,3.887916650526083,0.14516015764607804,0.16303745808268938,0.5115871912442091,5.999811733468245
035420,2019-01-08,-0.1644,5.0,0.3677,0.2424,6.0,8.5,3.33,13.0,26.478118057475488,3.843567791394607,0.14516015764607804,0.16303745808268938,0.5115871912442091,5.947798477596511
035420,2019-01-09,0.3331,5.0,0.4713,0.1421,3.0,8.5,3.33,13.0,27.089151551109538,3.9322655096575594,0.14516015764607804,0.16303745808268938,0.5115871912442091,6.051824989339976
035420,2019-01-10,0.223,7.0,0.3922,0.2837,10.0,8.5,3.33,13.0,26.68179588868684,3.873133697482258,0.14516015764607804,0.16303745808268938,0.5115871912442091,5.982473981511
035420,2019-01-11,0.2499,5.0,0.4329,0.1606,4.0,8.5,3.33,13.0,26.68179588868684,3.873133697482258,0.14516015764607804,0.16303745808268938,0.5115871912442091,5.982473981511
035420,2019-01-12,,,,,0.0,8.5,3.33,13.0,26.68179588868684,3.873133697482258,0.14516015764607804,0.16303745808268938,0.5115871912442091,5.982473981511
035420,2019-01-13,0.6664,6.0,0.4712,0.2543,3.0,8.5,3.33,13.0,26.68179588868684,3.873133697482258,0.14516015764607804,0.16303745808268938,0.5115871912442091,5.982473981511
035420,2019-01-14,0.1998,5.0,0.3992,0.2474,5.0,8.5,3.33,13.0,25.86708456384144,3.7548700731316544,0.14516015764607804,0.16303745808268938,0.5115871912442091,5.8437719658530485
035420,2019-01-15,0.0069,7.0,0.4067,0.1611,12.0,8.5,3.33,13.0,26.987312635503866,3.917482556613734,0.14516015764607804,0.16303745808268938,0.5115871912442091,6.034487237382732
035420,2019-01-16,-0.1145,7.0,0.4708,0.1752,14.0,8.5,3.33,13.0,26.987312635503866,3.917482556613734,0.14516015764607804,0.16303745808268938,0.5115871912442091,6.034487237382732
035420,2019-01-17,0.2775,8.0,0.4325,0.1389,15.0,8.5,3.33,13.0,27.700185044743588,4.020963227920512,0.14516015764607804,0.16303745808268938,0.5115871912442091,6.155851501083441
035420,2019-01-18,0.1999,5.0,0.3999,0.1,5.0,8.5,3.33,13.0,28.005701791560615,4.065312087051988,0.14516015764607804,0.16303745808268938,0.5115871912442091,6.207864756955172
035420,2019-01-19,0.0046,3.0,0.0046,0.2078,2.0,8.5,3.33,13.0,28.005701791560615,4.065312087051988,0.14516015764607804,0.16303745808268938,0.5115871912442091,6.207864756955172
035420,2019-01-20,-0.3863,5.0,0.4386,0.1393,3.0,8.5,3.33,13.0,28.005701791560615,4.065312087051988,0.14516015764607804,0.16303745808268938,0.5115871912442091,6.207864756955172
035420,2019-01-21,-0.1244,5.0,0.5866,0.142,8.0,8.5,3.33,13.0,26.68179588868684,3.873133697482258,0.14516015764607804,0.16303745808268938,0.5115871912442091,5.982473981511
035420,2019-01-22,0.3333,5.0,0.9409,0.1661,3.0,8.5,3.33,13.0,26.478118057475488,3.843567791394607,0.14516015764607804,0.16303745808268938,0.5115871912442091,5.947798477596511
035420,2019-01-23,0.0479,5.0,0.5383,0.2131,7.0,8.5,3.33,13.0,26.987312635503866,3.917482556613734,0.14516015764607804,0.16303745808268938,0.5115871912442091,6.034487237382732
035420,2019-01-24,0.1709,5.0,0.3036,0.1597,5.0,8.5,3.33,13.0,26.376279141869816,3.8287848383507814,0.14516015764607804,0.16303745808268938,0.5115871912442091,5.930460725639269
035420,2019-01-25,-0.0,3.0,0.0,0.1327,2.0,8.5,3.33,13.0,26.478118057475488,3.843567791394607,0.14516015764607804,0.16303745808268938,0.5115871912442091,5.947798477596511
035420,2019-01-26,-0.0,3.0,0.0,0.0952,1.0,8.5,3.33,13.0,26.478118057475488,3.843567791394607,0.14516015764607804,0.16303745808268938,0.5115871912442091,5.947798477596511
035420,2019-01-27,-0.0699,4.0,0.1019,0.1408,3.0,8.5,3.33,13.0,26.478118057475488,3.843567791394607,0.14516015764607804,0.16303745808268938,0.5115871912442091,5.947798477596511
035420,2019-01-28,-0.0578,5.0,0.1279,0.2193,6.0,8.5,3.33,13.0,26.88547371989819,3.9026996035699084,0.14516015764607804,0.16303745808268938,0.5115871912442091,6.017149485425489
035420,2019-01-29,0.0333,3.0,0.0333,0.1478,2.0,8.5,3.33,13.0,27.700185044743588,4.020963227920512,0.14516015764607804,0.16303745808268938,0.5115871912442091,6.155851501083441
035420,2019-01-30,-0.2851,8.0,0.6444,0.1951,25.0,8.5,3.33,13.0,27.700185044743588,4.020963227920512,0.14516015764607804,0.16303745808268938,0.5115871912442091,6.155851501083441
035420,2019-01-31,-0.2241,8.0,0.7311,0.1336,22.0,8.5,3.33,13.0,27.700185044743588,4.020963227920512,0.14516015764607804,0.16303745808268938,0.5115871912442091,6.155851501083441
035420,2019-02-01,0.2502,5.0,0.3529,0.2209,3.0,8.5,3.33,14.0,27.190990466715213,3.947048462701385,0.14516015764607804,0.16303745808268938,0.5115871912442091,6.06916274129722
035420,2019-02-02,0.0002,3.0,0.0002,0.0632,2.0,8.5,3.33,14.0,27.190990466715213,3.947048462701385,0.14516015764607804,0.16303745808268938,0.5115871912442091,6.06916274129722
035420,2019-02-03,-0.3041,4.0,0.304,0.1428,2.0,8.5,3.33,14.0,27.190990466715213,3.947048462701385,0.14516015764607804,0.16303745808268938,0.5115871912442091,6.06916274129722
035420,2019-02-04,0.0,3.0,0.0,0.2444,1.0,8.5,3.33,14.0,27.190990466715213,3.947048462701385,0.14516015764607804,0.16303745808268938,0.5115871912442091,6.06916274129722
035420,2019-02-05,0.0012,3.0,0.0,0.0889,1.0,8.5,3.33,14.0,27.190990466715213,3.947048462701385,0.14516015764607804,0.16303745808268938,0.5115871912442091,6.06916274129722
035420,2019-02-06,0.0,3.0,0.0,0.0698,1.0,8.5,3.33,14.0,27.190990466715213,3.947048462701385,0.14516015764607804,0.16303745808268938,0.5115871912442091,6.06916274129722
035420,2019-02-07,-0.0048,6.0,0.4694,0.2212,9.0,8.5,3.33,14.0,26.27444022626414,3.814001885306956,0.14516015764607804,0.16303745808268938,0.5115871912442091,5.913122973682024
035420,2019-02-08,-0.2502,5.0,0.4304,0.2003,4.0,8.5,3.33,14.0,25.66340673263009,3.7253041670440035,0.14516015764607804,0.16303745808268938,0.5115871912442091,5.80909646193856
035420,2019-02-09,,,,,0.0,8.5,3.33,14.0,25.66340673263009,3.7253041670440035,0.14516015764607804,0.16303745808268938,0.5115871912442091,5.80909646193856
035420,2019-02-10,0.0157,3.0,0.0156,0.0738,2.0,8.5,3.33,14.0,25.66340673263009,3.7253041670440035,0.14516015764607804,0.16303745808268938,0.5115871912442091,5.80909646193856
035420,2019-02-11,-0.0879,6.0,0.5374,0.1712,9.0,8.5,3.33,14.0,25.561567817024414,3.710521214000178,0.14516015764607804,0.16303745808268938,0.5115871912442091,5.791758709981317
035420,2019-02-12,0.1574,4.0,0.4282,0.1702,5.0,8.5,3.33,14.0,25.154212154601716,3.6513894018248765,0.14516015764607804,0.16303745808268938,0.5115871912442091,5.722407702152339
035420,2019-02-13,0.0003,4.0,0.8163,0.1635,3.0,8.5,3.33,14.0,25.45972890141874,3.695738260956353,0.14516015764607804,0.16303745808268938,0.5115871912442091,5.774420958024073
035420,2019-02-14,0.179,6.0,0.6332,0.1886,6.0,8.5,3.33,14.0,25.968923479447113,3.76965302617548,0.14516015764607804,0.16303745808268938,0.5115871912442091,5.861109717810293
035420,2019-02-15,-0.0318,5.0,0.422,0.1245,7.0,8.5,3.33,14.0,25.968923479447113,3.76965302617548,0.14516015764607804,0.16303745808268938,0.5115871912442091,5.861109717810293
035420,2019-02-16,0.4833,4.0,0.0,0.2381,1.0,8.5,3.33,14.0,25.968923479447113,3.76965302617548,0.14516015764607804,0.16303745808268938,0.5115871912442091,5.861109717810293
035420,2019-02-17,0.3347,5.0,0.4703,0.139,3.0,8.5,3.33,14.0,25.968923479447113,3.76965302617548,0.14516015764607804,0.16303745808268938,0.5115871912442091,5.861109717810293
035420,2019-02-18,0.0,4.0,0.0,0.1139,3.0,8.5,3.33,14.0,25.86708456384144,3.7548700731316544,0.14516015764607804,0.16303745808268938,0.5115871912442091,5.8437719658530485
035420,2019-02-19,0.0,4.0,0.0,0.1332,3.0,8.5,3.33,14.0,25.765245648235766,3.740087120087829,0.14516015764607804,0.16303745808268938,0.5115871912442091,5.826434213895804
035420,2019-02-20,0.5063,6.0,0.4695,0.2699,4.0,8.5,3.33,14.0,25.86708456384144,3.7548700731316544,0.14516015764607804,0.16303745808268938,0.5115871912442091,5.8437719658530485
035420,2019-02-21,-0.0,4.0,0.0,0.2153,3.0,8.5,3.33,14.0,26.27444022626414,3.814001885306956,0.14516015764607804,0.16303745808268938,0.5115871912442091,5.913122973682024
035420,2019-02-22,-0.132,5.0,0.5568,0.1874,7.0,8.5,3.33,14.0,25.86708456384144,3.7548700731316544,0.14516015764607804,0.16303745808268938,0.5115871912442091,5.8437719658530485
035420,2019-02-23,-0.8154,5.0,0.0,0.58,1.0,8.5,3.33,14.0,25.86708456384144,3.7548700731316544,0.14516015764607804,0.16303745808268938,0.5115871912442091,5.8437719658530485
035420,2019-02-24,,,,,0.0,8.5,3.33,14.0,25.86708456384144,3.7548700731316544,0.14516015764607804,0.16303745808268938,0.5115871912442091,5.8437719658530485
035420,2019-02-25,0.2,5.0,0.3999,0.1426,5.0,8.5,3.33,14.0,25.66340673263009,3.7253041670440035,0.14516015764607804,0.16303745808268938,0.5115871912442091,5.80909646193856
035420,2019-02-26,-0.0,3.0,0.0,0.1854,2.0,8.5,3.33,14.0,26.783634804292515,3.887916650526083,0.14516015764607804,0.16303745808268938,0.5115871912442091,5.999811733468245
035420,2019-02-27,0.0554,3.0,0.0,0.1628,1.0,8.5,3.33,14.0,26.376279141869816,3.8287848383507814,0.14516015764607804,0.16303745808268938,0.5115871912442091,5.930460725639269
035420,2019-02-28,0.3336,5.0,0.471,0.1793,3.0,8.5,3.33,14.0,27.089151551109538,3.9322655096575594,0.14516015764607804,0.16303745808268938,0.5115871912442091,6.051824989339976
035420,2019-03-01,0.0561,4.0,0.0778,0.2006,3.0,8.5,3.33,15.0,27.089151551109538,3.9322655096575594,0.14516015764607804,0.16303745808268938,0.5115871912442091,6.051824989339976
035420,2019-03-02,,,,,0.0,8.5,3.33,15.0,27.089151551109538,3.9322655096575594,0.14516015764607804,0.16303745808268938,0.5115871912442091,6.051824989339976
035420,2019-03-03,,,,,0.0,8.5,3.33,15.0,27.089151551109538,3.9322655096575594,0.14516015764607804,0.16303745808268938,0.5115871912442091,6.051824989339976
035420,2019-03-04,0.0001,3.0,0.0,0.1143,1.0,8.5,3.33,15.0,28.10754070716629,4.080095040095814,0.14516015764607804,0.16303745808268938,0.5115871912442091,6.2252025089124166
035420,2019-03-05,0.428,6.0,0.4939,0.1516,7.0,8.5,3.33,15.0,27.598346129137916,4.006180274876686,0.14516015764607804,0.16303745808268938,0.5115871912442091,6.138513749126196
035420,2019-03-06,0.1155,6.0,0.3087,0.1434,9.0,8.5,3.33,15.0,28.005701791560615,4.065312087051988,0.14516015764607804,0.16303745808268938,0.5115871912442091,6.207864756955172
035420,2019-03-07,0.4831,5.0,0.4726,0.272,4.0,8.5,3.33,15.0,28.209379622771962,4.094877993139639,0.14516015764607804,0.16303745808268938,0.5115871912442091,6.242540260869661
035420,2019-03-08,-0.6499,6.0,0.4935,0.165,3.0,8.5,3.33,15.0,27.089151551109538,3.9322655096575594,0.14516015764607804,0.16303745808268938,0.5115871912442091,6.051824989339976
035420,2019-03-09,0.0047,4.0,0.0066,0.1668,3.0,8.5,3.33,15.0,27.089151551109538,3.9322655096575594,0.14516015764607804,0.16303745808268938,0.5115871912442091,6.051824989339976
035420,2019-03-10,-0.1975,5.0,0.4007,0.0885,5.0,8.5,3.33,15.0,27.089151551109538,3.9322655096575594,0.14516015764607804,0.16303745808268938,0.5115871912442091,6.051824989339976
035420,2019-03-11,0.1085,4.0,0.6877,0.0941,3.0,8.5,3.33,15.0,27.190990466715213,3.947048462701385,0.14516015764607804,0.16303745808268938,0.5115871912442091,6.06916274129722
035420,2019-03-12,0.0009,6.0,0.665,0.0819,9.0,8.5,3.33,15.0,26.579956973081163,3.8583507444384324,0.14516015764607804,0.16303745808268938,0.5115871912442091,5.965136229553756
035420,2019-03-13,0.0005,4.0,0.7064,0.1619,4.0,8.5,3.33,15.0,26.579956973081163,3.8583507444384324,0.14516015764607804,0.16303745808268938,0.5115871912442091,5.965136229553756
035420,2019-03-14,0.0434,4.0,0.5662,0.1773,5.0,8.5,3.33,15.0,26.68179588868684,3.873133697482258,0.14516015764607804,0.16303745808268938,0.5115871912442091,5.982473981511
035420,2019-03-15,-0.0005,3.0,0.0,0.0755,1.0,8.5,3.33,15.0,26.579956973081163,3.8583507444384324,0.14516015764607804,0.16303745808268938,0.5115871912442091,5.965136229553756
035420,2019-03-16,,,,,0.0,8.5,3.33,15.0,26.579956973081163,3.8583507444384324,0.14516015764607804,0.16303745808268938,0.5115871912442091,5.965136229553756
035420,2019-03-17,0.0569,3.0,0.9429,0.1354,2.0,8.5,3.33,15.0,26.579956973081163,3.8583507444384324,0.14516015764607804,0.16303745808268938,0.5115871912442091,5.965136229553756
035420,2019-03-18,0.0006,4.0,0.0008,0.0715,3.0,8.5,3.33,15.0,26.88547371989819,3.9026996035699084,0.14516015764607804,0.16303745808268938,0.5115871912442091,6.017149485425489
035420,2019-03-19,-0.2315,7.0,0.6851,0.1884,10.0,8.5,3.33,15.0,26.579956973081163,3.8583507444384324,0.14516015764607804,0.16303745808268938,0.5115871912442091,5.965136229553756
035420,2019-03-20,0.0001,4.0,0.0001,0.1281,4.0,8.5,3.33,15.0,26.172601310658465,3.7992189322631305,0.14516015764607804,0.16303745808268938,0.5115871912442091,5.89578522172478
035420,2019-03-21,0.4999,4.0,0.4999,0.2222,2.0,8.5,3.33,15.0,26.07076239505279,3.7844359792193054,0.14516015764607804,0.16303745808268938,0.5115871912442091,5.8784474697675355
035420,2019-03-22,-0.0088,4.0,0.6823,0.1796,4.0,8.5,3.33,15.0,25.86708456384144,3.7548700731316544,0.14516015764607804,0.16303745808268938,0.5115871912442091,5.8437719658530485
035420,2019-03-23,,,,,0.0,8.5,3.33,15.0,25.86708456384144,3.7548700731316544,0.14516015764607804,0.16303745808268938,0.5115871912442091,5.8437719658530485
035420,2019-03-24,0.0,3.0,0.0,0.1395,1.0,8.5,3.33,15.0,25.86708456384144,3.7548700731316544,0.14516015764607804,0.16303745808268938,0.5115871912442091,5.8437719658530485
035420,2019-03-25,0.0157,4.0,0.0272,0.2175,4.0,8.5,3.33,15.0,25.66340673263009,3.7253041670440035,0.14516015764607804,0.16303745808268938,0.5115871912442091,5.80909646193856
035420,2019-03-26,-0.022,4.0,0.7081,0.1613,4.0,8.5,3.33,15.0,25.765245648235766,3.740087120087829,0.14516015764607804,0.16303745808268938,0.5115871912442091,5.826434213895804
035420,2019-03-27,0.0207,6.0,0.4751,0.2247,9.0,8.5,3.33,15.0,25.05237323899604,3.636606448781051,0.14516015764607804,0.16303745808268938,0.5115871912442091,5.705069950195097
035420,2019-03-28,0.0012,3.0,0.0012,0.3109,2.0,8.5,3.33,15.0,24.84869540778469,3.6070405426934005,0.14516015764607804,0.16303745808268938,0.5115871912442091,5.670394446280608
035420,2019-03-29,0.2004,5.0,0.2808,0.2187,3.0,8.5,3.33,15.0,25.25605107020739,3.666172354868702,0.14516015764607804,0.16303745808268938,0.5115871912442091,5.739745454109584
035420,2019-03-30,0.0,3.0,0.0,0.2821,1.0,8.5,3.33,15.0,25.25605107020739,3.666172354868702,0.14516015764607804,0.16303745808268938,0.5115871912442091,5.739745454109584
035420,2019-03-31,0.3981,4.0,0.3982,0.1478,2.0,8.5,3.33,15.0,25.25605107020739,3.666172354868702,0.14516015764607804,0.16303745808268938,0.5115871912442091,5.739745454109584
035420,2019-04-01,0.0507,5.0,0.4463,0.1455,7.0,8.5,3.0,4.0,30.975743086716438,3.2693339598452487,0.10554497274505295,0.19417369641591994,0.6609442804796873,4.183957670713973
035420,2019-04-02,-0.1104,6.0,0.2279,0.2334,10.0,8.5,3.0,4.0,31.10064527658223,3.282516758070431,0.10554497274505295,0.19417369641591994,0.6609442804796873,4.195924910871295
035420,2019-04-03,-0.1056,5.0,0.3525,0.1189,6.0,8.5,3.0,4.0,30.47613432725327,3.216602766944519,0.10554497274505295,0.19417369641591994,0.6609442804796873,4.13608871008468
035420,2019-04-04,-0.0,3.0,0.0,0.0765,2.0,8.5,3.0,4.0,30.601036517119063,3.2297855651697014,0.10554497274505295,0.19417369641591994,0.6609442804796873,4.148055950242002
035420,2019-04-05,0.2129,5.0,0.3687,0.1709,4.0,8.5,3.0,4.0,30.725938706984856,3.242968363394884,0.10554497274505295,0.19417369641591994,0.6609442804796873,4.160023190399325
035420,2019-04-06,-0.0,3.0,0.0,0.1875,1.0,8.5,3.0,4.0,30.725938706984856,3.242968363394884,0.10554497274505295,0.19417369641591994,0.6609442804796873,4.160023190399325
035420,2019-04-07,-0.0198,3.0,0.9788,0.1366,2.0,8.5,3.0,4.0,30.725938706984856,3.242968363394884,0.10554497274505295,0.19417369641591994,0.6609442804796873,4.160023190399325
035420,2019-04-08,0.6502,7.0,0.4589,0.1067,6.0,8.5,3.0,4.0,30.351232137387477,3.2034199687193365,0.10554497274505295,0.19417369641591994,0.6609442804796873,4.124121469927356
035420,2019-04-09,,,,,0.0,8.5,3.0,4.0,30.351232137387477,3.2034199687193365,0.10554497274505295,0.19417369641591994,0.6609442804796873,4.124121469927356
035420,2019-04-10,-0.3197,5.0,0.4552,0.2084,3.0,8.5,3.0,4.0,30.47613432725327,3.216602766944519,0.10554497274505295,0.19417369641591994,0.6609442804796873,4.13608871008468
035420,2019-04-11,0.5397,7.0,0.4801,0.1848,7.0,8.5,3.0,4.0,30.351232137387477,3.2034199687193365,0.10554497274505295,0.19417369641591994,0.6609442804796873,4.124121469927356
035420,2019-04-12,,,,,0.0,8.5,3.0,4.0,29.85162337792431,3.150688775818607,0.10554497274505295,0.19417369641591994,0.6609442804796873,4.076252509298065
035420,2019-04-13,0.9174,6.0,0.0,0.1951,1.0,8.5,3.0,4.0,29.85162337792431,3.150688775818607,0.10554497274505295,0.19417369641591994,0.6609442804796873,4.076252509298065
035420,2019-04-14,,,,,0.0,8.5,3.0,4.0,29.85162337792431,3.150688775818607,0.10554497274505295,0.19417369641591994,0.6609442804796873,4.076252509298065
035420,2019-04-15,0.1453,5.0,0.3488,0.1867,7.0,8.5,3.0,4.0,29.85162337792431,3.150688775818607,0.10554497274505295,0.19417369641591994,0.6609442804796873,4.076252509298065
035420,2019-04-16,0.0011,4.0,0.0021,0.1914,5.0,8.5,3.0,4.0,29.85162337792431,3.150688775818607,0.10554497274505295,0.19417369641591994,0.6609442804796873,4.076252509298065
035420,2019-04-17,-0.2868,6.0,0.6989,0.1917,7.0,8.5,3.0,4.0,29.85162337792431,3.150688775818607,0.10554497274505295,0.19417369641591994,0.6609442804796873,4.076252509298065
035420,2019-04-18,0.3993,5.0,0.4891,0.1615,5.0,8.5,3.0,4.0,29.476916808326934,3.1111403811430596,0.10554497274505295,0.19417369641591994,0.6609442804796873,4.040350788826096
035420,2019-04-19,0.0014,5.0,0.0111,0.1767,7.0,8.5,3.0,4.0,29.476916808326934,3.1111403811430596,0.10554497274505295,0.19417369641591994,0.6609442804796873,4.040350788826096
035420,2019-04-20,,,,,0.0,8.5,3.0,4.0,29.476916808326934,3.1111403811430596,0.10554497274505295,0.19417369641591994,0.6609442804796873,4.040350788826096
035420,2019-04-21,0.9981,6.0,0.0,0.175,1.0,8.5,3.0,4.0,29.476916808326934,3.1111403811430596,0.10554497274505295,0.19417369641591994,0.6609442804796873,4.040350788826096
035420,2019-04-22,0.0,3.0,0.0,0.1519,2.0,8.5,3.0,4.0,29.476916808326934,3.1111403811430596,0.10554497274505295,0.19417369641591994,0.6609442804796873,4.040350788826096
035420,2019-04-23,0.1974,7.0,0.3688,0.1974,9.0,8.5,3.0,4.0,30.101427757655895,3.1770543722689717,0.10554497274505295,0.19417369641591994,0.6609442804796873,4.100186989612711
035420,2019-04-24,0.0,5.0,0.0009,0.1877,6.0,8.5,3.0,4.0,30.226329947521688,3.190237170494154,0.10554497274505295,0.19417369641591994,0.6609442804796873,4.112154229770034
035420,2019-04-25,-0.0405,7.0,0.6369,0.1863,17.0,8.5,3.0,4.0,30.101427757655895,3.1770543722689717,0.10554497274505295,0.19417369641591994,0.6609442804796873,4.100186989612711
035420,2019-04-26,-0.1913,5.0,0.7449,0.1606,5.0,8.5,3.0,4.0,29.476916808326934,3.1111403811430596,0.10554497274505295,0.19417369641591994,0.6609442804796873,4.040350788826096
035420,2019-04-27,0.0,3.0,0.0,0.0851,1.0,8.5,3.0,4.0,29.476916808326934,3.1111403811430596,0.10554497274505295,0.19417369641591994,0.6609442804796873,4.040350788826096
035420,2019-04-28,0.0006,4.0,0.0008,0.1367,4.0,8.5,3.0,4.0,29.476916808326934,3.1111403811430596,0.10554497274505295,0.19417369641591994,0.6609442804796873,4.040350788826096
035420,2019-04-29,-0.1787,6.0,0.3677,0.1884,6.0,8.5,3.0,4.0,29.9765255677901,3.1638715740437893,0.10554497274505295,0.19417369641591994,0.6609442804796873,4.088219749455387
035420,2019-04-30,-0.1723,5.0,0.4166,0.1509,5.0,8.5,3.0,4.0,29.85162337792431,3.150688775818607,0.10554497274505295,0.19417369641591994,0.6609442804796873,4.076252509298065
035420,2019-05-01,-0.3332,5.0,0.4712,0.1786,3.0,8.5,3.0,5.0,29.85162337792431,3.150688775818607,0.10554497274505295,0.19417369641591994,0.6609442804796873,4.076252509298065
035420,2019-05-02,0.0527,3.0,0.9471,0.1551,2.0,8.5,3.0,5.0,30.47613432725327,3.216602766944519,0.10554497274505295,0.19417369641591994,0.6609442804796873,4.13608871008468
035420,2019-05-03,0.409,5.0,0.5647,0.1895,4.0,8.5,3.0,5.0,30.975743086716438,3.2693339598452487,0.10554497274505295,0.19417369641591994,0.6609442804796873,4.183957670713973
035420,2019-05-04,0.997,6.0,0.0,0.1591,1.0,8.5,3.0,5.0,30.975743086716438,3.2693339598452487,0.10554497274505295,0.19417369641591994,0.6609442804796873,4.183957670713973
035420,2019-05-05,,,,,0.0,8.5,3.0,5.0,30.975743086716438,3.2693339598452487,0.10554497274505295,0.19417369641591994,0.6609442804796873,4.183957670713973
035420,2019-05-06,,,,,0.0,8.5,3.0,5.0,30.975743086716438,3.2693339598452487,0.10554497274505295,0.19417369641591994,0.6609442804796873,4.183957670713973
035420,2019-05-07,-0.1666,5.0,0.3725,0.1718,6.0,8.5,3.0,5.0,30.975743086716438,3.2693339598452487,0.10554497274505295,0.19417369641591994,0.6609442804796873,4.183957670713973
035420,2019-05-08,-0.0001,3.0,0.0,0.1915,1.0,8.5,3.0,5.0,30.850840896850645,3.2561511616200662,0.10554497274505295,0.19417369641591994,0.6609442804796873,4.171990430556649
035420,2019-05-09,0.6504,5.0,0.0,0.0889,1.0,8.5,3.0,5.0,29.726721188058516,3.1375059775934244,0.10554497274505295,0.19417369641591994,0.6609442804796873,4.064285269140742
035420,2019-05-10,0.9998,6.0,0.0,0.1944,1.0,8.5,3.0,5.0,30.601036517119063,3.2297855651697014,0.10554497274505295,0.19417369641591994,0.6609442804796873,4.148055950242002
035420,2019-05-11,-0.971,6.0,0.0267,0.3391,2.0,8.5,3.0,5.0,30.601036517119063,3.2297855651697014,0.10554497274505295,0.19417369641591994,0.6609442804796873,4.148055950242002
035420,2019-05-12,0.3264,5.0,0.4391,0.1356,3.0,8.5,3.0,5.0,30.601036517119063,3.2297855651697014,0.10554497274505295,0.19417369641591994,0.6609442804796873,4.148055950242002
035420,2019-05-13,0.3732,6.0,0.4831,0.1445,8.0,8.5,3.0,5.0,30.601036517119063,3.2297855651697014,0.10554497274505295,0.19417369641591994,0.6609442804796873,4.148055950242002
035420,2019-05-14,0.1636,5.0,0.3649,0.1091,6.0,8.5,3.0,5.0,30.47613432725327,3.216602766944519,0.10554497274505295,0.19417369641591994,0.6609442804796873,4.13608871008468
035420,2019-05-15,0.12,4.0,0.4064,0.1621,5.0,8.5,3.0,5.0,29.9765255677901,3.1638715740437893,0.10554497274505295,0.19417369641591994,0.6609442804796873,4.088219749455387
035420,2019-05-16,0.0064,5.0,0.486,0.2088,8.0,8.5,3.0,5.0,29.726721188058516,3.1375059775934244,0.10554497274505295,0.19417369641591994,0.6609442804796873,4.064285269140742
035420,2019-05-17,-0.2173,5.0,0.3925,0.1983,5.0,8.5,3.0,5.0,30.226329947521688,3.190237170494154,0.10554497274505295,0.19417369641591994,0.6609442804796873,4.112154229770034
035420,2019-05-18,,,,,0.0,8.5,3.0,5.0,30.226329947521688,3.190237170494154,0.10554497274505295,0.19417369641591994,0.6609442804796873,4.112154229770034
035420,2019-05-19,-0.4914,4.0,0.4914,0.1571,2.0,8.5,3.0,5.0,30.226329947521688,3.190237170494154,0.10554497274505295,0.19417369641591994,0.6609442804796873,4.112154229770034
035420,2019-05-20,,,,,0.0,8.5,3.0,5.0,29.601818998192726,3.124323179368242,0.10554497274505295,0.19417369641591994,0.6609442804796873,4.05231802898342
035420,2019-05-21,-0.0,4.0,0.0,0.1071,5.0,8.5,3.0,5.0,28.60260147926639,3.018860793566782,0.10554497274505295,0.19417369641591994,0.6609442804796873,3.9565801077248346
035420,2019-05-22,0.048,4.0,0.5481,0.1692,5.0,8.5,3.0,5.0,28.22789490966901,2.979312398891235,0.10554497274505295,0.19417369641591994,0.6609442804796873,3.9206783872528663
035420,2019-05-23,0.3503,6.0,0.4404,0.2072,8.0,8.5,3.0,5.0,28.22789490966901,2.979312398891235,0.10554497274505295,0.19417369641591994,0.6609442804796873,3.9206783872528663
035420,2019-05-24,0.2498,5.0,0.4324,0.1616,4.0,8.5,3.0,5.0,28.352797099534804,2.9924951971164173,0.10554497274505295,0.19417369641591994,0.6609442804796873,3.932645627410189
035420,2019-05-25,0.0,3.0,0.0,0.1825,2.0,8.5,3.0,5.0,28.352797099534804,2.9924951971164173,0.10554497274505295,0.19417369641591994,0.6609442804796873,3.932645627410189
035420,2019-05-26,-0.0006,3.0,0.0,0.0714,1.0,8.5,3.0,5.0,28.352797099534804,2.9924951971164173,0.10554497274505295,0.19417369641591994,0.6609442804796873,3.932645627410189
035420,2019-05-27,0.0025,5.0,0.5701,0.1196,6.0,8.5,3.0,5.0,27.603383960340054,2.9133984077653228,0.10554497274505295,0.19417369641591994,0.6609442804796873,3.8608421864662508
035420,2019-05-28,0.0935,6.0,0.539,0.1881,9.0,8.5,3.0,5.0,27.103775200876882,2.8606672148645926,0.10554497274505295,0.19417369641591994,0.6609442804796873,3.812973225836959
035420,2019-05-29,-0.3997,5.0,0.4899,0.1963,5.0,8.5,3.0,5.0,27.353579580608468,2.8870328113149575,0.10554497274505295,0.19417369641591994,0.6609442804796873,3.8369077061516044
035420,2019-05-30,-0.0291,4.0,0.0412,0.2112,3.0,8.5,3.0,5.0,27.97809052993743,2.95294680244087,0.10554497274505295,0.19417369641591994,0.6609442804796873,3.89674390693822
035420,2019-05-31,-0.4988,4.0,0.4988,0.1876,2.0,8.5,3.0,5.0,27.853188340071636,2.9397640042156876,0.10554497274505295,0.19417369641591994,0.6609442804796873,3.8847766667808963
035420,2019-06-01,,,,,0.0,8.5,3.0,6.0,27.853188340071636,2.9397640042156876,0.10554497274505295,0.19417369641591994,0.6609442804796873,3.8847766667808963
035420,2019-06-02,0.0002,4.0,0.0002,0.3085,5.0,8.5,3.0,6.0,27.853188340071636,2.9397640042156876,0.10554497274505295,0.19417369641591994,0.6609442804796873,3.8847766667808963
035420,2019-06-03,0.0011,5.0,0.0028,0.1665,7.0,8.5,3.0,6.0,28.72750366913218,3.0320435917919646,0.10554497274505295,0.19417369641591994,0.6609442804796873,3.9685473478821582
035420,2019-06-04,0.3015,5.0,0.378,0.2365,5.0,8.5,3.0,6.0,27.728286150205843,2.926581205990505,0.10554497274505295,0.19417369641591994,0.6609442804796873,3.8728094266235735
035420,2019-06-05,0.1172,6.0,0.3125,0.1731,9.0,8.5,3.0,6.0,27.603383960340054,2.9133984077653228,0.10554497274505295,0.19417369641591994,0.6609442804796873,3.8608421864662508
035420,2019-06-06,0.0239,4.0,0.0412,0.1948,4.0,8.5,3.0,6.0,27.603383960340054,2.9133984077653228,0.10554497274505295,0.19417369641591994,0.6609442804796873,3.8608421864662508
035420,2019-06-07,0.0274,4.0,0.0472,0.1514,4.0,8.5,3.0,6.0,27.728286150205843,2.926581205990505,0.10554497274505295,0.19417369641591994,0.6609442804796873,3.8728094266235735
035420,2019-06-08,,,,,0.0,8.5,3.0,6.0,27.728286150205843,2.926581205990505,0.10554497274505295,0.19417369641591994,0.6609442804796873,3.8728094266235735
035420,2019-06-09,,,,,0.0,8.5,3.0,6.0,27.728286150205843,2.926581205990505,0.10554497274505295,0.19417369641591994,0.6609442804796873,3.8728094266235735
035420,2019-06-10,0.0004,5.0,0.5336,0.1423,7.0,8.5,3.0,6.0,28.477699289400597,3.0056779953415997,0.10554497274505295,0.19417369641591994,0.6609442804796873,3.944612867567512
035420,2019-06-11,-0.0776,5.0,0.1763,0.1664,6.0,8.5,3.0,6.0,28.22789490966901,2.979312398891235,0.10554497274505295,0.19417369641591994,0.6609442804796873,3.9206783872528663
035420,2019-06-12,-0.0028,7.0,0.0144,0.1482,28.0,8.5,3.0,6.0,28.477699289400597,3.0056779953415997,0.10554497274505295,0.19417369641591994,0.6609442804796873,3.944612867567512
035420,2019-06-13,0.3362,6.0,0.4251,0.0855,7.0,8.5,3.0,6.0,28.22789490966901,2.979312398891235,0.10554497274505295,0.19417369641591994,0.6609442804796873,3.9206783872528663
035420,2019-06-14,-0.1824,8.0,0.4987,0.1715,13.0,8.5,3.0,6.0,27.853188340071636,2.9397640042156876,0.10554497274505295,0.19417369641591994,0.6609442804796873,3.8847766667808963
035420,2019-06-15,0.493,4.0,0.493,0.2567,2.0,8.5,3.0,6.0,27.853188340071636,2.9397640042156876,0.10554497274505295,0.19417369641591994,0.6609442804796873,3.8847766667808963
035420,2019-06-16,-0.9972,6.0,0.0,0.3488,1.0,8.5,3.0,6.0,27.853188340071636,2.9397640042156876,0.10554497274505295,0.19417369641591994,0.6609442804796873,3.8847766667808963
035420,2019-06-17,0.1788,7.0,0.3822,0.176,11.0,8.5,3.0,6.0,27.603383960340054,2.9133984077653228,0.10554497274505295,0.19417369641591994,0.6609442804796873,3.8608421864662508
035420,2019-06-18,-0.0648,6.0,0.4848,0.165,11.0,8.5,3.0,6.0,27.228677390742675,2.873850013089775,0.10554497274505295,0.19417369641591994,0.6609442804796873,3.8249404659942816
035420,2019-06-19,-0.0011,5.0,0.0028,0.1788,8.0,8.5,3.0,6.0,27.47848177047426,2.90021560954014,0.10554497274505295,0.19417369641591994,0.6609442804796873,3.848874946308928
035420,2019-06-20,0.0384,5.0,0.1015,0.1999,8.0,8.5,3.0,6.0,27.853188340071636,2.9397640042156876,0.10554497274505295,0.19417369641591994,0.6609442804796873,3.8847766667808963
035420,2019-06-21,-0.0305,5.0,0.0685,0.1721,6.0,8.5,3.0,6.0,28.22789490966901,2.979312398891235,0.10554497274505295,0.19417369641591994,0.6609442804796873,3.9206783872528663
035420,2019-06-22,,,,,0.0,8.5,3.0,6.0,28.22789490966901,2.979312398891235,0.10554497274505295,0.19417369641591994,0.6609442804796873,3.9206783872528663
035420,2019-06-23,0.0994,3.0,0.0,0.4186,1.0,8.5,3.0,6.0,28.22789490966901,2.979312398891235,0.10554497274505295,0.19417369641591994,0.6609442804796873,3.9206783872528663
035420,2019-06-24,0.1161,6.0,0.5568,0.1638,9.0,8.5,3.0,6.0,28.352797099534804,2.9924951971164173,0.10554497274505295,0.19417369641591994,0.6609442804796873,3.932645627410189
035420,2019-06-25,0.3794,8.0,0.4496,0.1402,14.0,8.5,3.0,6.0,28.60260147926639,3.018860793566782,0.10554497274505295,0.19417369641591994,0.6609442804796873,3.9565801077248346
035420,2019-06-26,0.0839,5.0,0.1876,0.1974,6.0,8.5,3.0,6.0,28.852405858997972,3.045226390017147,0.10554497274505295,0.19417369641591994,0.6609442804796873,3.980514588039481
035420,2019-06-27,0.2291,8.0,0.4182,0.2022,13.0,8.5,3.0,6.0,28.72750366913218,3.0320435917919646,0.10554497274505295,0.19417369641591994,0.6609442804796873,3.9685473478821582
035420,2019-06-28,0.0185,4.0,0.0233,0.1388,5.0,8.5,3.0,6.0,28.477699289400597,3.0056779953415997,0.10554497274505295,0.19417369641591994,0.6609442804796873,3.944612867567512
035420,2019-06-29,-0.0026,3.0,0.0,0.102,1.0,8.5,3.0,6.0,28.477699289400597,3.0056779953415997,0.10554497274505295,0.19417369641591994,0.6609442804796873,3.944612867567512
035420,2019-06-30,0.0001,3.0,0.0,0.2727,1.0,8.5,3.0,6.0,28.477699289400597,3.0056779953415997,0.10554497274505295,0.19417369641591994,0.6609442804796873,3.944612867567512
035420,2019-07-01,0.1947,5.0,0.3785,0.2045,5.0,8.5,3.0,7.0,28.60260147926639,3.018860793566782,0.10554497274505295,0.19417369641591994,0.6609442804796873,3.9565801077248346
035420,2019-07-02,,,,,0.0,8.5,3.0,7.0,28.72750366913218,3.0320435917919646,0.10554497274505295,0.19417369641591994,0.6609442804796873,3.9685473478821582
035420,2019-07-03,0.0112,5.0,0.5909,0.1892,6.0,8.5,3.0,7.0,29.35201461846114,3.0979575829178767,0.10554497274505295,0.19417369641591994,0.6609442804796873,4.0283835486687725
035420,2019-07-04,0.1559,4.0,0.2423,0.1779,5.0,8.5,3.0,7.0,29.476916808326934,3.1111403811430596,0.10554497274505295,0.19417369641591994,0.6609442804796873,4.040350788826096
035420,2019-07-05,-0.1666,5.0,0.3725,0.1533,6.0,8.5,3.0,7.0,30.226329947521688,3.190237170494154,0.10554497274505295,0.19417369641591994,0.6609442804796873,4.112154229770034
035420,2019-07-06,,,,,0.0,8.5,3.0,7.0,30.226329947521688,3.190237170494154,0.10554497274505295,0.19417369641591994,0.6609442804796873,4.112154229770034
035420,2019-07-07,-0.0,3.0,0.0,0.1778,1.0,8.5,3.0,7.0,30.226329947521688,3.190237170494154,0.10554497274505295,0.19417369641591994,0.6609442804796873,4.112154229770034
035420,2019-07-08,0.0017,5.0,0.0037,0.185,6.0,8.5,3.0,7.0,29.601818998192726,3.124323179368242,0.10554497274505295,0.19417369641591994,0.6609442804796873,4.05231802898342
035420,2019-07-09,0.4963,4.0,0.4933,0.161,2.0,8.5,3.0,7.0,28.852405858997972,3.045226390017147,0.10554497274505295,0.19417369641591994,0.6609442804796873,3.980514588039481
035420,2019-07-10,-0.2163,5.0,0.361,0.1762,4.0,8.5,3.0,7.0,28.852405858997972,3.045226390017147,0.10554497274505295,0.19417369641591994,0.6609442804796873,3.980514588039481
035420,2019-07-11,0.1998,5.0,0.3996,0.3871,5.0,8.5,3.0,7.0,29.227112428595348,3.0847747846926943,0.10554497274505295,0.19417369641591994,0.6609442804796873,4.016416308511449
035420,2019-07-12,0.4349,5.0,0.4129,0.1542,3.0,8.5,3.0,7.0,29.227112428595348,3.0847747846926943,0.10554497274505295,0.19417369641591994,0.6609442804796873,4.016416308511449
035420,2019-07-13,-0.0,3.0,0.0,0.1,2.0,8.5,3.0,7.0,29.227112428595348,3.0847747846926943,0.10554497274505295,0.19417369641591994,0.6609442804796873,4.016416308511449
035420,2019-07-14,,,,,0.0,8.5,3.0,7.0,29.227112428595348,3.0847747846926943,0.10554497274505295,0.19417369641591994,0.6609442804796873,4.016416308511449
035420,2019-07-15,0.3335,5.0,0.471,0.1762,3.0,8.5,3.0,7.0,29.476916808326934,3.1111403811430596,0.10554497274505295,0.19417369641591994,0.6609442804796873,4.040350788826096
035420,2019-07-16,-0.0,3.0,0.0,0.1429,1.0,8.5,3.0,7.0,29.9765255677901,3.1638715740437893,0.10554497274505295,0.19417369641591994,0.6609442804796873,4.088219749455387
035420,2019-07-17,-0.43,5.0,0.3345,0.1762,3.0,8.5,3.0,7.0,29.726721188058516,3.1375059775934244,0.10554497274505295,0.19417369641591994,0.6609442804796873,4.064285269140742
035420,2019-07-18,-0.2499,5.0,0.4328,0.1629,4.0,8.5,3.0,7.0,30.101427757655895,3.1770543722689717,0.10554497274505295,0.19417369641591994,0.6609442804796873,4.100186989612711
035420,2019-07-19,0.0038,4.0,0.0045,0.1861,3.0,8.5,3.0,7.0,30.601036517119063,3.2297855651697014,0.10554497274505295,0.19417369641591994,0.6609442804796873,4.148055950242002
035420,2019-07-20,0.0018,3.0,0.0018,0.162,2.0,8.5,3.0,7.0,30.601036517119063,3.2297855651697014,0.10554497274505295,0.19417369641591994,0.6609442804796873,4.148055950242002
035420,2019-07-21,-0.4121,4.0,0.5662,0.1591,2.0,8.5,3.0,7.0,30.601036517119063,3.2297855651697014,0.10554497274505295,0.19417369641591994,0.6609442804796873,4.148055950242002
035420,2019-07-22,-0.0019,5.0,0.5739,0.1496,6.0,8.5,3.0,7.0,30.226329947521688,3.190237170494154,0.10554497274505295,0.19417369641591994,0.6609442804796873,4.112154229770034
035420,2019-07-23,0.1073,5.0,0.6039,0.1536,8.0,8.5,3.0,7.0,30.601036517119063,3.2297855651697014,0.10554497274505295,0.19417369641591994,0.6609442804796873,4.148055950242002
035420,2019-07-24,0.1478,6.0,0.4895,0.1842,9.0,8.5,3.0,7.0,30.850840896850645,3.2561511616200662,0.10554497274505295,0.19417369641591994,0.6609442804796873,4.171990430556649
035420,2019-07-25,0.0328,7.0,0.7576,0.2748,21.0,8.5,3.0,7.0,33.47378688403228,3.532989924348898,0.10554497274505295,0.19417369641591994,0.6609442804796873,4.423302473860431
035420,2019-07-26,0.4999,5.0,0.4999,0.1871,4.0,8.5,3.0,7.0,35.22241754215337,3.7175490995014524,0.10554497274505295,0.19417369641591994,0.6609442804796873,4.5908438360629535
035420,2019-07-27,,,,,0.0,8.5,3.0,7.0,35.22241754215337,3.7175490995014524,0.10554497274505295,0.19417369641591994,0.6609442804796873,4.5908438360629535
035420,2019-07-28,0.0029,3.0,0.0029,0.1048,2.0,8.5,3.0,7.0,35.22241754215337,3.7175490995014524,0.10554497274505295,0.19417369641591994,0.6609442804796873,4.5908438360629535
035420,2019-07-29,0.8328,6.0,0.1304,0.1782,4.0,8.5,3.0,7.0,34.59790659282441,3.65163510837554,0.10554497274505295,0.19417369641591994,0.6609442804796873,4.531007635276339
035420,2019-07-30,0.3333,5.0,0.4713,0.2185,3.0,8.5,3.0,7.0,34.59790659282441,3.65163510837554,0.10554497274505295,0.19417369641591994,0.6609442804796873,4.531007635276339
035420,2019-07-31,0.7849,7.0,0.3722,0.1286,6.0,8.5,3.0,7.0,34.473004402958615,3.6384523101503574,0.10554497274505295,0.19417369641591994,0.6609442804796873,4.519040395119015
035420,2019-08-01,0.643,6.0,0.4555,0.1702,3.0,8.5,3.0,8.0,35.09751535228758,3.70436630127627,0.10554497274505295,0.19417369641591994,0.6609442804796873,4.578876595905632
035420,2019-08-02,,,,,0.0,8.5,3.0,8.0,35.47222192188495,3.7439146959518173,0.10554497274505295,0.19417369641591994,0.6609442804796873,4.614778316377601
035420,2019-08-03,,,,,0.0,8.5,3.0,8.0,35.47222192188495,3.7439146959518173,0.10554497274505295,0.19417369641591994,0.6609442804796873,4.614778316377601
035420,2019-08-04,0.9994,6.0,0.0,0.0816,1.0,8.5,3.0,8.0,35.47222192188495,3.7439146959518173,0.10554497274505295,0.19417369641591994,0.6609442804796873,4.614778316377601
035420,2019-08-05,0.3406,6.0,0.7321,0.1025,6.0,8.5,3.0,8.0,34.473004402958615,3.6384523101503574,0.10554497274505295,0.19417369641591994,0.6609442804796873,4.519040395119015
035420,2019-08-06,0.5361,7.0,0.4719,0.195,8.0,8.5,3.0,8.0,34.59790659282441,3.65163510837554,0.10554497274505295,0.19417369641591994,0.6609442804796873,4.531007635276339
035420,2019-08-07,0.2806,5.0,0.4182,0.1483,4.0,8.5,3.0,8.0,34.34810221309282,3.625269511925175,0.10554497274505295,0.19417369641591994,0.6609442804796873,4.507073154961693
035420,2019-08-08,0.5043,5.0,0.4955,0.1439,2.0,8.5,3.0,8.0,34.97261316242179,3.6911835030510876,0.10554497274505295,0.19417369641591994,0.6609442804796873,4.566909355748308
035420,2019-08-09,-0.1913,5.0,0.4045,0.1648,5.0,8.5,3.0,8.0,35.597124111750745,3.7570974941769997,0.10554497274505295,0.19417369641591994,0.6609442804796873,4.626745556534923
035420,2019-08-10,-0.3332,5.0,0.4713,0.1849,3.0,8.5,3.0,8.0,35.597124111750745,3.7570974941769997,0.10554497274505295,0.19417369641591994,0.6609442804796873,4.626745556534923
035420,2019-08-11,0.1032,3.0,0.0,0.0652,1.0,8.5,3.0,8.0,35.597124111750745,3.7570974941769997,0.10554497274505295,0.19417369641591994,0.6609442804796873,4.626745556534923
035420,2019-08-12,0.3354,5.0,0.4698,0.175,3.0,8.5,3.0,8.0,35.09751535228758,3.70436630127627,0.10554497274505295,0.19417369641591994,0.6609442804796873,4.578876595905632
035420,2019-08-13,0.0418,4.0,0.2595,0.2349,4.0,8.5,3.0,8.0,35.597124111750745,3.7570974941769997,0.10554497274505295,0.19417369641591994,0.6609442804796873,4.626745556534923
035420,2019-08-14,0.0121,6.0,0.4446,0.2181,9.0,8.5,3.0,8.0,34.7228087826902,3.6648179066007227,0.10554497274505295,0.19417369641591994,0.6609442804796873,4.5429748754336625
035420,2019-08-15,0.0002,4.0,0.0003,0.2539,4.0,8.5,3.0,8.0,34.7228087826902,3.6648179066007227,0.10554497274505295,0.19417369641591994,0.6609442804796873,4.5429748754336625
035420,2019-08-16,,,,,0.0,8.5,3.0,8.0,34.847710972555994,3.678000704825905,0.10554497274505295,0.19417369641591994,0.6609442804796873,4.554942115590984
035420,2019-08-17,0.0,3.0,0.0,0.1458,1.0,8.5,3.0,8.0,34.847710972555994,3.678000704825905,0.10554497274505295,0.19417369641591994,0.6609442804796873,4.554942115590984
035420,2019-08-18,0.0,3.0,0.0,0.1622,1.0,8.5,3.0,8.0,34.847710972555994,3.678000704825905,0.10554497274505295,0.19417369641591994,0.6609442804796873,4.554942115590984
035420,2019-08-19,0.0154,4.0,0.0308,0.221,5.0,8.5,3.0,8.0,34.7228087826902,3.6648179066007227,0.10554497274505295,0.19417369641591994,0.6609442804796873,4.5429748754336625
035420,2019-08-20,0.0,3.0,0.0,0.125,1.0,8.5,3.0,8.0,36.346537250945495,3.836194283528094,0.10554497274505295,0.19417369641591994,0.6609442804796873,4.698548997478861
035420,2019-08-21,0.4573,5.0,0.4552,0.1401,5.0,8.5,3.0,8.0,36.84614601040867,3.8889254764288244,0.10554497274505295,0.19417369641591994,0.6609442804796873,4.746417958108154
035420,2019-08-22,0.0835,5.0,0.1803,0.319,6.0,8.5,3.0,8.0,36.97104820027446,3.902108274654007,0.10554497274505295,0.19417369641591994,0.6609442804796873,4.758385198265476
035420,2019-08-23,0.8168,6.0,0.2588,0.133,3.0,8.5,3.0,8.0,37.09595039014025,3.915291072879189,0.10554497274505295,0.19417369641591994,0.6609442804796873,4.770352438422799
035420,2019-08-24,,,,,0.0,8.5,3.0,8.0,37.09595039014025,3.915291072879189,0.10554497274505295,0.19417369641591994,0.6609442804796873,4.770352438422799
035420,2019-08-25,0.0398,3.0,0.0,0.0909,1.0,8.5,3.0,8.0,37.09595039014025,3.915291072879189,0.10554497274505295,0.19417369641591994,0.6609442804796873,4.770352438422799
035420,2019-08-26,-0.1697,6.0,0.3663,0.1339,6.0,8.5,3.0,8.0,35.84692849148233,3.7834630906273645,0.10554497274505295,0.19417369641591994,0.6609442804796873,4.650680036849568
035420,2019-08-27,0.2802,7.0,0.4412,0.1169,11.0,8.5,3.0,8.0,36.59634163067708,3.8625598799784595,0.10554497274505295,0.19417369641591994,0.6609442804796873,4.7224834777935065
035420,2019-08-28,-0.0082,5.0,0.0182,0.2871,6.0,8.5,3.0,8.0,36.59634163067708,3.8625598799784595,0.10554497274505295,0.19417369641591994,0.6609442804796873,4.7224834777935065
035420,2019-08-29,-0.0852,7.0,0.4393,0.1681,15.0,8.5,3.0,8.0,36.22163506107971,3.823011485302912,0.10554497274505295,0.19417369641591994,0.6609442804796873,4.686581757321537
035420,2019-08-30,-0.0,6.0,0.0003,0.1643,9.0,8.5,3.0,8.0,36.59634163067708,3.8625598799784595,0.10554497274505295,0.19417369641591994,0.6609442804796873,4.7224834777935065
035420,2019-08-31,-0.123,3.0,0.1003,0.4049,2.0,8.5,3.0,8.0,36.59634163067708,3.8625598799784595,0.10554497274505295,0.19417369641591994,0.6609442804796873,4.7224834777935065
035420,2019-09-01,0.3255,4.0,0.3256,0.1705,2.0,8.5,3.0,9.0,36.59634163067708,3.8625598799784595,0.10554497274505295,0.19417369641591994,0.6609442804796873,4.7224834777935065
035420,2019-09-02,-0.0616,7.0,0.6579,0.2156,16.0,8.5,3.0,9.0,37.470656959737624,3.9548394675547365,0.10554497274505295,0.19417369641591994,0.6609442804796873,4.8062541588947685
035420,2019-09-03,-0.1502,5.0,0.347,0.1601,7.0,8.5,3.0,9.0,37.59555914960342,3.968022265779919,0.10554497274505295,0.19417369641591994,0.6609442804796873,4.81822139905209
035420,2019-09-04,-0.1109,6.0,0.3141,0.1393,9.0,8.5,3.0,9.0,37.72046133946921,3.9812050640051013,0.10554497274505295,0.19417369641591994,0.6609442804796873,4.830188639209414
035420,2019-09-05,0.0989,5.0,0.4292,0.3056,6.0,8.5,3.0,9.0,36.721243820542874,3.875742678203642,0.10554497274505295,0.19417369641591994,0.6609442804796873,4.73445071795083
035420,2019-09-06,0.0,4.0,0.0,0.2011,5.0,8.5,3.0,9.0,37.34575476987183,3.941656669329554,0.10554497274505295,0.19417369641591994,0.6609442804796873,4.794286918737445
035420,2019-09-07,,,,,0.0,8.5,3.0,9.0,37.34575476987183,3.941656669329554,0.10554497274505295,0.19417369641591994,0.6609442804796873,4.794286918737445
035420,2019-09-08,-0.6642,6.0,0.4697,0.1322,3.0,8.5,3.0,9.0,37.34575476987183,3.941656669329554,0.10554497274505295,0.19417369641591994,0.6609442804796873,4.794286918737445
035420,2019-09-09,0.0923,6.0,0.2865,0.106,11.0,8.5,3.0,9.0,38.22007009893238,4.0339362569058315,0.10554497274505295,0.19417369641591994,0.6609442804796873,4.878057599838707
035420,2019-09-10,-0.1195,5.0,0.3162,0.3326,8.0,8.5,3.0,9.0,37.59555914960342,3.968022265779919,0.10554497274505295,0.19417369641591994,0.6609442804796873,4.81822139905209
035420,2019-09-11,0.0,6.0,0.0,0.1471,10.0,8.5,3.0,9.0,38.344972288798175,4.047119055131014,0.10554497274505295,0.19417369641591994,0.6609442804796873,4.890024839996029
035420,2019-09-12,-0.0,4.0,0.0,0.2606,5.0,8.5,3.0,9.0,38.344972288798175,4.047119055131014,0.10554497274505295,0.19417369641591994,0.6609442804796873,4.890024839996029
035420,2019-09-13,0.0,5.0,0.0001,0.1501,6.0,8.5,3.0,9.0,38.344972288798175,4.047119055131014,0.10554497274505295,0.19417369641591994,0.6609442804796873,4.890024839996029
035420,2019-09-14,-0.0,3.0,0.0,0.2277,2.0,8.5,3.0,9.0,38.344972288798175,4.047119055131014,0.10554497274505295,0.19417369641591994,0.6609442804796873,4.890024839996029
035420,2019-09-15,-0.1767,5.0,0.2499,0.2418,3.0,8.5,3.0,9.0,38.344972288798175,4.047119055131014,0.10554497274505295,0.19417369641591994,0.6609442804796873,4.890024839996029
035420,2019-09-16,0.0,5.0,0.0,0.3535,6.0,8.5,3.0,9.0,38.594776668529754,4.073484651581379,0.10554497274505295,0.19417369641591994,0.6609442804796873,4.913959320310674
035420,2019-09-17,0.2,5.0,0.3999,0.3409,5.0,8.5,3.0,9.0,38.71967885839555,4.086667449806561,0.10554497274505295,0.19417369641591994,0.6609442804796873,4.925926560467998
035420,2019-09-18,0.0,4.0,0.0,0.472,4.0,8.5,3.0,9.0,39.71889637732188,4.1921298356080205,0.10554497274505295,0.19417369641591994,0.6609442804796873,5.021664481726582
035420,2019-09-19,-0.0265,7.0,0.1477,0.1487,32.0,8.5,3.0,9.0,39.34418980772451,4.152581440932473,0.10554497274505295,0.19417369641591994,0.6609442804796873,4.9857627612546125
035420,2019-09-20,0.0,6.0,0.4471,0.1155,10.0,8.5,3.0,9.0,39.21928761785872,4.139398642707291,0.10554497274505295,0.19417369641591994,0.6609442804796873,4.973795521097291
035420,2019-09-21,-0.0,3.0,0.0,0.7333,1.0,8.5,3.0,9.0,39.21928761785872,4.139398642707291,0.10554497274505295,0.19417369641591994,0.6609442804796873,4.973795521097291
035420,2019-09-22,,,,,0.0,8.5,3.0,9.0,39.21928761785872,4.139398642707291,0.10554497274505295,0.19417369641591994,0.6609442804796873,4.973795521097291
035420,2019-09-23,0.1452,6.0,0.3156,0.2009,11.0,8.5,3.0,9.0,39.21928761785872,4.139398642707291,0.10554497274505295,0.19417369641591994,0.6609442804796873,4.973795521097291
035420,2019-09-24,0.3327,7.0,0.6655,0.2886,9.0,8.5,3.0,9.0,39.4690919975903,4.165764239157656,0.10554497274505295,0.19417369641591994,0.6609442804796873,4.997730001411936
035420,2019-09-25,0.1676,8.0,0.365,0.1814,12.0,8.5,3.0,9.0,39.4690919975903,4.165764239157656,0.10554497274505295,0.19417369641591994,0.6609442804796873,4.997730001411936
035420,2019-09-26,0.1204,6.0,0.5491,0.2429,9.0,8.5,3.0,9.0,39.4690919975903,4.165764239157656,0.10554497274505295,0.19417369641591994,0.6609442804796873,4.997730001411936
035420,2019-09-27,0.3031,7.0,0.4552,0.1844,10.0,8.5,3.0,9.0,38.96948323812713,4.113033046256926,0.10554497274505295,0.19417369641591994,0.6609442804796873,4.949861040782643
035420,2019-09-28,0.0563,3.0,0.0,0.2,1.0,8.5,3.0,9.0,38.96948323812713,4.113033046256926,0.10554497274505295,0.19417369641591994,0.6609442804796873,4.949861040782643
035420,2019-09-29,0.0001,3.0,0.0001,0.156,2.0,8.5,3.0,9.0,38.96948323812713,4.113033046256926,0.10554497274505295,0.19417369641591994,0.6609442804796873,4.949861040782643
035420,2019-09-30,0.1377,5.0,0.3518,0.2391,7.0,8.5,3.0,9.0,39.21928761785872,4.139398642707291,0.10554497274505295,0.19417369641591994,0.6609442804796873,4.973795521097291
035420,2019-10-01,0.1122,6.0,0.2898,0.2359,11.0,8.5,3.0,10.0,39.96870075705347,4.218495432058385,0.10554497274505295,0.19417369641591994,0.6609442804796873,5.045598962041227
035420,2019-10-02,-0.0478,7.0,0.5366,0.2411,21.0,8.5,3.0,10.0,39.21928761785872,4.139398642707291,0.10554497274505295,0.19417369641591994,0.6609442804796873,4.973795521097291
035420,2019-10-03,-0.0886,4.0,0.1189,0.3485,4.0,8.5,3.0,10.0,39.21928761785872,4.139398642707291,0.10554497274505295,0.19417369641591994,0.6609442804796873,4.973795521097291
035420,2019-10-04,-0.0,4.0,0.0001,0.1804,4.0,8.5,3.0,10.0,37.59555914960342,3.968022265779919,0.10554497274505295,0.19417369641591994,0.6609442804796873,4.81822139905209
035420,2019-10-05,0.0,3.0,0.0,0.0851,2.0,8.5,3.0,10.0,37.59555914960342,3.968022265779919,0.10554497274505295,0.19417369641591994,0.6609442804796873,4.81822139905209
035420,2019-10-06,0.0,3.0,0.0,0.2273,1.0,8.5,3.0,10.0,37.59555914960342,3.968022265779919,0.10554497274505295,0.19417369641591994,0.6609442804796873,4.81822139905209
035420,2019-10-07,-0.3572,7.0,0.4237,0.1647,9.0,8.5,3.0,10.0,38.22007009893238,4.0339362569058315,0.10554497274505295,0.19417369641591994,0.6609442804796873,4.878057599838707
035420,2019-10-08,-0.1119,5.0,0.2965,0.2979,8.0,8.5,3.0,10.0,38.344972288798175,4.047119055131014,0.10554497274505295,0.19417369641591994,0.6609442804796873,4.890024839996029
035420,2019-10-09,,,,,0.0,8.5,3.0,10.0,38.344972288798175,4.047119055131014,0.10554497274505295,0.19417369641591994,0.6609442804796873,4.890024839996029
035420,2019-10-10,0.6664,6.0,0.4712,0.166,3.0,8.5,3.0,10.0,38.344972288798175,4.047119055131014,0.10554497274505295,0.19417369641591994,0.6609442804796873,4.890024839996029
035420,2019-10-11,0.171,7.0,0.3376,0.133,9.0,8.5,3.0,10.0,38.96948323812713,4.113033046256926,0.10554497274505295,0.19417369641591994,0.6609442804796873,4.949861040782643
035420,2019-10-12,,,,,0.0,8.5,3.0,10.0,38.96948323812713,4.113033046256926,0.10554497274505295,0.19417369641591994,0.6609442804796873,4.949861040782643
035420,2019-10-13,,,,,0.0,8.5,3.0,10.0,38.96948323812713,4.113033046256926,0.10554497274505295,0.19417369641591994,0.6609442804796873,4.949861040782643
035420,2019-10-14,0.1593,5.0,0.3696,0.1444,6.0,8.5,3.0,10.0,38.96948323812713,4.113033046256926,0.10554497274505295,0.19417369641591994,0.6609442804796873,4.949861040782643
035420,2019-10-15,0.4998,4.0,0.4998,0.3616,2.0,8.5,3.0,10.0,37.845363529335,3.9943878622302837,0.10554497274505295,0.19417369641591994,0.6609442804796873,4.842155879366738
035420,2019-10-16,-0.0,4.0,0.0001,0.1513,3.0,8.5,3.0,10.0,38.594776668529754,4.073484651581379,0.10554497274505295,0.19417369641591994,0.6609442804796873,4.913959320310674
035420,2019-10-17,0.1111,6.0,0.3141,0.1359,9.0,8.5,3.0,10.0,38.22007009893238,4.0339362569058315,0.10554497274505295,0.19417369641591994,0.6609442804796873,4.878057599838707
035420,2019-10-18,0.4986,6.0,0.5,0.1841,6.0,8.5,3.0,10.0,37.59555914960342,3.968022265779919,0.10554497274505295,0.19417369641591994,0.6609442804796873,4.81822139905209
035420,2019-10-19,,,,,0.0,8.5,3.0,10.0,37.59555914960342,3.968022265779919,0.10554497274505295,0.19417369641591994,0.6609442804796873,4.81822139905209
035420,2019-10-20,0.3953,4.0,0.3953,0.1489,2.0,8.5,3.0,10.0,37.59555914960342,3.968022265779919,0.10554497274505295,0.19417369641591994,0.6609442804796873,4.81822139905209
035420,2019-10-21,0.0,4.0,0.0,0.1415,3.0,8.5,3.0,10.0,37.970265719200796,4.007570660455467,0.10554497274505295,0.19417369641591994,0.6609442804796873,4.8541231195240595
035420,2019-10-22,0.5666,7.0,0.4917,0.1555,7.0,8.5,3.0,10.0,38.46987447866396,4.060301853356196,0.10554497274505295,0.19417369641591994,0.6609442804796873,4.901992080153352
035420,2019-10-23,0.0993,6.0,0.32,0.2006,9.0,8.5,3.0,10.0,38.09516790906659,4.020753458680649,0.10554497274505295,0.19417369641591994,0.6609442804796873,4.866090359681383
035420,2019-10-24,0.3199,6.0,0.4349,0.169,6.0,8.5,3.0,10.0,38.22007009893238,4.0339362569058315,0.10554497274505295,0.19417369641591994,0.6609442804796873,4.878057599838707
035420,2019-10-25,0.3351,5.0,0.4233,0.1222,5.0,8.5,3.0,10.0,38.09516790906659,4.020753458680649,0.10554497274505295,0.19417369641591994,0.6609442804796873,4.866090359681383
035420,2019-10-26,0.4999,4.0,0.4999,0.2501,2.0,8.5,3.0,10.0,38.09516790906659,4.020753458680649,0.10554497274505295,0.19417369641591994,0.6609442804796873,4.866090359681383
035420,2019-10-27,0.1428,5.0,0.3499,0.1564,7.0,8.5,3.0,10.0,38.09516790906659,4.020753458680649,0.10554497274505295,0.19417369641591994,0.6609442804796873,4.866090359681383
035420,2019-10-28,0.1241,7.0,0.3946,0.1821,20.0,8.5,3.0,10.0,39.21928761785872,4.139398642707291,0.10554497274505295,0.19417369641591994,0.6609442804796873,4.973795521097291
035420,2019-10-29,0.1998,5.0,0.3994,0.2441,5.0,8.5,3.0,10.0,38.22007009893238,4.0339362569058315,0.10554497274505295,0.19417369641591994,0.6609442804796873,4.878057599838707
035420,2019-10-30,-0.0023,5.0,0.0054,0.1534,6.0,8.5,3.0,10.0,38.594776668529754,4.073484651581379,0.10554497274505295,0.19417369641591994,0.6609442804796873,4.913959320310674
035420,2019-10-31,0.0062,7.0,0.7535,0.2277,17.0,8.5,3.0,10.0,40.967918275979805,4.323957817859846,0.10554497274505295,0.19417369641591994,0.6609442804796873,5.141336883299813
035420,2019-11-01,0.4983,6.0,0.4983,0.2556,8.0,8.5,3.0,11.0,41.717331415174556,4.40305460721094,0.10554497274505295,0.19417369641591994,0.6609442804796873,5.213140324243751
035420,2019-11-02,,,,,0.0,8.5,3.0,11.0,41.717331415174556,4.40305460721094,0.10554497274505295,0.19417369641591994,0.6609442804796873,5.213140324243751
035420,2019-11-03,-0.0003,4.0,0.0005,0.1183,4.0,8.5,3.0,11.0,41.717331415174556,4.40305460721094,0.10554497274505295,0.19417369641591994,0.6609442804796873,5.213140324243751
035420,2019-11-04,-0.1425,5.0,0.6269,0.1575,6.0,8.5,3.0,11.0,41.0928204658456,4.337140616085028,0.10554497274505295,0.19417369641591994,0.6609442804796873,5.153304123457135
035420,2019-11-05,0.0,3.0,0.0,0.1179,2.0,8.5,3.0,11.0,40.34340732665085,4.258043826733933,0.10554497274505295,0.19417369641591994,0.6609442804796873,5.081500682513198
035420,2019-11-06,0.2091,6.0,0.2938,0.2292,8.0,8.5,3.0,11.0,40.34340732665085,4.258043826733933,0.10554497274505295,0.19417369641591994,0.6609442804796873,5.081500682513198
035420,2019-11-07,0.0015,4.0,0.0019,0.2346,5.0,8.5,3.0,11.0,41.342624845577184,4.363506212535393,0.10554497274505295,0.19417369641591994,0.6609442804796873,5.17723860377178
035420,2019-11-08,0.2,5.0,0.3999,0.1873,5.0,8.5,3.0,11.0,40.84301608611401,4.310775019634662,0.10554497274505295,0.19417369641591994,0.6609442804796873,5.129369643142489
035420,2019-11-09,,,,,0.0,8.5,3.0,11.0,40.84301608611401,4.310775019634662,0.10554497274505295,0.19417369641591994,0.6609442804796873,5.129369643142489
035420,2019-11-10,-0.0,3.0,0.0,0.1111,1.0,8.5,3.0,11.0,40.84301608611401,4.310775019634662,0.10554497274505295,0.19417369641591994,0.6609442804796873,5.129369643142489
035420,2019-11-11,0.248,5.0,0.434,0.1435,4.0,8.5,3.0,11.0,40.71811389624822,4.29759222140948,0.10554497274505295,0.19417369641591994,0.6609442804796873,5.1174024029851655
035420,2019-11-12,0.4041,6.0,0.4498,0.1386,6.0,8.5,3.0,11.0,40.46830951651664,4.271226624959115,0.10554497274505295,0.19417369641591994,0.6609442804796873,5.09346792267052
035420,2019-11-13,0.002,5.0,0.5769,0.1851,6.0,8.5,3.0,11.0,39.4690919975903,4.165764239157656,0.10554497274505295,0.19417369641591994,0.6609442804796873,4.997730001411936
035420,2019-11-14,0.2105,8.0,0.3866,0.2153,16.0,8.5,3.0,11.0,44.96478835168515,4.745807361065684,0.10554497274505295,0.19417369641591994,0.6609442804796873,5.524288568334148
035420,2019-11-15,0.2014,6.0,0.355,0.2886,7.0,8.5,3.0,11.0,43.34105988342986,4.574430984138312,0.10554497274505295,0.19417369641591994,0.6609442804796873,5.36871444628895
035420,2019-11-16,0.0004,4.0,0.0005,0.1684,3.0,8.5,3.0,11.0,43.34105988342986,4.574430984138312,0.10554497274505295,0.19417369641591994,0.6609442804796873,5.36871444628895
035420,2019-11-17,0.0006,3.0,0.0,0.3913,1.0,8.5,3.0,11.0,43.34105988342986,4.574430984138312,0.10554497274505295,0.19417369641591994,0.6609442804796873,5.36871444628895
035420,2019-11-18,0.1941,8.0,0.5569,0.2419,23.0,8.5,3.0,11.0,44.59008178208778,4.706258966390137,0.10554497274505295,0.19417369641591994,0.6609442804796873,5.488386847862179
035420,2019-11-19,0.3704,6.0,0.4782,0.2078,8.0,8.5,3.0,11.0,42.591646744235106,4.495334194787217,0.10554497274505295,0.19417369641591994,0.6609442804796873,5.296911005345011
035420,2019-11-20,0.3917,6.0,0.4132,0.1326,6.0,8.5,3.0,11.0,42.34184236450352,4.468968598336852,0.10554497274505295,0.19417369641591994,0.6609442804796873,5.272976525030366
035420,2019-11-21,0.3338,6.0,0.471,0.142,6.0,8.5,3.0,11.0,42.46674455436931,4.482151396562035,0.10554497274505295,0.19417369641591994,0.6609442804796873,5.284943765187688
035420,2019-11-22,0.4224,6.0,0.4876,0.1042,7.0,8.5,3.0,11.0,41.84223360504035,4.416237405436123,0.10554497274505295,0.19417369641591994,0.6609442804796873,5.225107564401073
035420,2019-11-23,,,,,0.0,8.5,3.0,11.0,41.84223360504035,4.416237405436123,0.10554497274505295,0.19417369641591994,0.6609442804796873,5.225107564401073
035420,2019-11-24,,,,,0.0,8.5,3.0,11.0,41.84223360504035,4.416237405436123,0.10554497274505295,0.19417369641591994,0.6609442804796873,5.225107564401073
035420,2019-11-25,0.0166,6.0,0.4738,0.1438,9.0,8.5,3.0,11.0,43.46596207329565,4.587613782363494,0.10554497274505295,0.19417369641591994,0.6609442804796873,5.380681686446271
035420,2019-11-26,0.0676,4.0,0.1347,0.1748,5.0,8.5,3.0,11.0,43.216157693564064,4.561248185913129,0.10554497274505295,0.19417369641591994,0.6609442804796873,5.356747206131626
035420,2019-11-27,0.7354,6.0,0.4252,0.1637,4.0,8.5,3.0,11.0,43.09125550369827,4.548065387687947,0.10554497274505295,0.19417369641591994,0.6609442804796873,5.344779965974304
035420,2019-11-28,0.0,4.0,0.0,0.1203,4.0,8.5,3.0,11.0,43.216157693564064,4.561248185913129,0.10554497274505295,0.19417369641591994,0.6609442804796873,5.356747206131626
035420,2019-11-29,0.0766,7.0,0.2649,0.2551,13.0,8.5,3.0,11.0,42.96635331383248,4.5348825894627645,0.10554497274505295,0.19417369641591994,0.6609442804796873,5.33281272581698
035420,2019-11-30,0.0001,3.0,0.0001,0.1134,2.0,8.5,3.0,11.0,42.96635331383248,4.5348825894627645,0.10554497274505295,0.19417369641591994,0.6609442804796873,5.33281272581698
035420,2019-12-01,0.0002,3.0,0.0002,0.1681,2.0,8.5,3.0,12.0,42.96635331383248,4.5348825894627645,0.10554497274505295,0.19417369641591994,0.6609442804796873,5.33281272581698
035420,2019-12-02,-0.2487,5.0,0.4334,0.1825,4.0,8.5,3.0,12.0,42.841451123966685,4.521699791237582,0.10554497274505295,0.19417369641591994,0.6609442804796873,5.320845485659657
035420,2019-12-03,0.0,5.0,0.0,0.2151,6.0,8.5,3.0,12.0,42.96635331383248,4.5348825894627645,0.10554497274505295,0.19417369641591994,0.6609442804796873,5.33281272581698
035420,2019-12-04,0.2534,6.0,0.3838,0.1581,6.0,8.5,3.0,12.0,43.59086426316144,4.600796580588677,0.10554497274505295,0.19417369641591994,0.6609442804796873,5.392648926603595
035420,2019-12-05,0.0001,4.0,0.0002,0.0939,4.0,8.5,3.0,12.0,42.591646744235106,4.495334194787217,0.10554497274505295,0.19417369641591994,0.6609442804796873,5.296911005345011
035420,2019-12-06,0.0119,4.0,0.6903,0.3287,4.0,8.5,3.0,12.0,43.46596207329565,4.587613782363494,0.10554497274505295,0.19417369641591994,0.6609442804796873,5.380681686446271
035420,2019-12-07,,,,,0.0,8.5,3.0,12.0,43.46596207329565,4.587613782363494,0.10554497274505295,0.19417369641591994,0.6609442804796873,5.380681686446271
035420,2019-12-08,,,,,0.0,8.5,3.0,12.0,43.46596207329565,4.587613782363494,0.10554497274505295,0.19417369641591994,0.6609442804796873,5.380681686446271
035420,2019-12-09,0.0,3.0,0.0,0.1628,1.0,8.5,3.0,12.0,43.71576645302723,4.613979378813859,0.10554497274505295,0.19417369641591994,0.6609442804796873,5.404616166760919
035420,2019-12-10,-0.1608,4.0,0.2325,0.1271,3.0,8.5,3.0,12.0,43.59086426316144,4.600796580588677,0.10554497274505295,0.19417369641591994,0.6609442804796873,5.392648926603595
035420,2019-12-11,0.5032,6.0,0.4966,0.2074,4.0,8.5,3.0,12.0,43.46596207329565,4.587613782363494,0.10554497274505295,0.19417369641591994,0.6609442804796873,5.380681686446271
035420,2019-12-12,0.0895,3.0,0.0895,0.1364,2.0,8.5,3.0,12.0,43.84066864289302,4.627162177039041,0.10554497274505295,0.19417369641591994,0.6609442804796873,5.416583406918242
035420,2019-12-13,-0.1853,5.0,0.3289,0.1286,3.0,8.5,3.0,12.0,43.84066864289302,4.627162177039041,0.10554497274505295,0.19417369641591994,0.6609442804796873,5.416583406918242
035420,2019-12-14,0.0003,3.0,0.0,0.1489,1.0,8.5,3.0,12.0,43.84066864289302,4.627162177039041,0.10554497274505295,0.19417369641591994,0.6609442804796873,5.416583406918242
035420,2019-12-15,-0.1373,4.0,0.2688,0.1208,5.0,8.5,3.0,12.0,43.84066864289302,4.627162177039041,0.10554497274505295,0.19417369641591994,0.6609442804796873,5.416583406918242
035420,2019-12-16,-0.0225,4.0,0.0319,0.2763,3.0,8.5,3.0,12.0,44.83988616181936,4.732624562840502,0.10554497274505295,0.19417369641591994,0.6609442804796873,5.512321328176824
035420,2019-12-17,0.4999,4.0,0.4999,0.1092,2.0,8.5,3.0,12.0,45.089690541550944,4.7589901592908666,0.10554497274505295,0.19417369641591994,0.6609442804796873,5.536255808491472
035420,2019-12-18,0.0616,6.0,0.5006,0.1337,9.0,8.5,3.0,12.0,44.59008178208778,4.706258966390137,0.10554497274505295,0.19417369641591994,0.6609442804796873,5.488386847862179
035420,2019-12-19,0.4024,5.0,0.4888,0.1906,5.0,8.5,3.0,12.0,44.714983971953565,4.719441764615319,0.10554497274505295,0.19417369641591994,0.6609442804796873,5.5003540880195025
035420,2019-12-20,-0.3328,5.0,0.4707,0.1482,3.0,8.5,3.0,12.0,45.839103680745694,4.838086948641961,0.10554497274505295,0.19417369641591994,0.6609442804796873,5.60805924943541
035420,2019-12-21,,,,,0.0,8.5,3.0,12.0,45.839103680745694,4.838086948641961,0.10554497274505295,0.19417369641591994,0.6609442804796873,5.60805924943541
035420,2019-12-22,0.0606,3.0,0.0605,0.2579,2.0,8.5,3.0,12.0,45.839103680745694,4.838086948641961,0.10554497274505295,0.19417369641591994,0.6609442804796873,5.60805924943541
035420,2019-12-23,0.5976,6.0,0.4926,0.1679,5.0,8.5,3.0,12.0,45.96400587061149,4.8512697468671435,0.10554497274505295,0.19417369641591994,0.6609442804796873,5.620026489592732
035420,2019-12-24,0.6003,7.0,0.4681,0.2092,8.0,8.5,3.0,12.0,45.46439711114832,4.798538553966414,0.10554497274505295,0.19417369641591994,0.6609442804796873,5.572157528963441
035420,2019-12-25,-0.0,3.0,0.0,0.2041,1.0,8.5,3.0,12.0,45.46439711114832,4.798538553966414,0.10554497274505295,0.19417369641591994,0.6609442804796873,5.572157528963441
035420,2019-12-26,0.5348,7.0,0.4705,0.179,7.0,8.5,3.0,12.0,45.089690541550944,4.7589901592908666,0.10554497274505295,0.19417369641591994,0.6609442804796873,5.536255808491472
035420,2019-12-27,-0.7504,5.0,0.0,0.0909,1.0,8.5,3.0,12.0,45.839103680745694,4.838086948641961,0.10554497274505295,0.19417369641591994,0.6609442804796873,5.60805924943541
035420,2019-12-28,0.4962,4.0,0.493,0.1514,2.0,8.5,3.0,12.0,45.839103680745694,4.838086948641961,0.10554497274505295,0.19417369641591994,0.6609442804796873,5.60805924943541
035420,2019-12-29,0.0,3.0,0.0,0.175,1.0,8.5,3.0,12.0,45.839103680745694,4.838086948641961,0.10554497274505295,0.19417369641591994,0.6609442804796873,5.60805924943541
035420,2019-12-30,-0.0015,3.0,0.0,0.102,1.0,8.5,3.0,12.0,46.58851681994045,4.917183737993056,0.10554497274505295,0.19417369641591994,0.6609442804796873,5.679862690379348
035420,2019-12-31,0.3245,5.0,0.4589,0.1077,3.0,8.5,3.0,12.0,46.58851681994045,4.917183737993056,0.10554497274505295,0.19417369641591994,0.6609442804796873,5.679862690379348
035420,2020-01-01,0.0,4.0,0.0,0.1871,3.0,8.5,3.0,13.0,46.58851681994045,4.917183737993056,0.10554497274505295,0.19417369641591994,0.6609442804796873,5.679862690379348
035420,2020-01-02,0.2006,5.0,0.3996,0.1367,5.0,8.5,3.0,13.0,45.589299301014115,4.811721352191596,0.10554497274505295,0.19417369641591994,0.6609442804796873,5.584124769120763
035420,2020-01-03,0.1397,4.0,0.2767,0.2138,5.0,8.5,3.0,13.0,45.33949492128253,4.785355755741231,0.10554497274505295,0.19417369641591994,0.6609442804796873,5.560190288806117
035420,2020-01-04,,,,,0.0,8.5,3.0,13.0,45.33949492128253,4.785355755741231,0.10554497274505295,0.19417369641591994,0.6609442804796873,5.560190288806117
035420,2020-01-05,0.5133,5.0,0.0,0.1282,1.0,8.5,3.0,13.0,45.33949492128253,4.785355755741231,0.10554497274505295,0.19417369641591994,0.6609442804796873,5.560190288806117
035420,2020-01-06,-0.4996,4.0,0.4996,0.0907,2.0,8.5,3.0,13.0,45.089690541550944,4.7589901592908666,0.10554497274505295,0.19417369641591994,0.6609442804796873,5.536255808491472
035420,2020-01-07,-0.0,3.0,0.0,0.3571,1.0,8.5,3.0,13.0,46.713419009806245,4.930366536218238,0.10554497274505295,0.19417369641591994,0.6609442804796873,5.69182993053667
035420,2020-01-08,0.0128,4.0,0.0188,0.1683,3.0,8.5,3.0,13.0,45.71420149087991,4.824904150416779,0.10554497274505295,0.19417369641591994,0.6609442804796873,5.596092009278086
035420,2020-01-09,0.2536,5.0,0.4309,0.0816,4.0,8.5,3.0,13.0,46.46361463007466,4.904000939767873,0.10554497274505295,0.19417369641591994,0.6609442804796873,5.667895450222025
035420,2020-01-10,0.001,3.0,0.0,0.0417,1.0,8.5,3.0,13.0,46.96322338953782,4.956732132668603,0.10554497274505295,0.19417369641591994,0.6609442804796873,5.715764410851316
035420,2020-01-11,-0.0,3.0,0.0,0.369,2.0,8.5,3.0,13.0,46.96322338953782,4.956732132668603,0.10554497274505295,0.19417369641591994,0.6609442804796873,5.715764410851316
035420,2020-01-12,,,,,0.0,8.5,3.0,13.0,46.96322338953782,4.956732132668603,0.10554497274505295,0.19417369641591994,0.6609442804796873,5.715764410851316
035420,2020-01-13,0.4906,5.0,0.4902,0.1854,4.0,8.5,3.0,13.0,46.96322338953782,4.956732132668603,0.10554497274505295,0.19417369641591994,0.6609442804796873,5.715764410851316
035420,2020-01-14,0.6236,7.0,0.4807,0.2023,8.0,8.5,3.0,13.0,47.58773433886679,5.022646123794515,0.10554497274505295,0.19417369641591994,0.6609442804796873,5.77560061163793
035420,2020-01-15,0.204,5.0,0.4015,0.175,5.0,8.5,3.0,13.0,47.837538718598374,5.04901172024488,0.10554497274505295,0.19417369641591994,0.6609442804796873,5.799535091952578
035420,2020-01-16,0.0097,4.0,0.0154,0.1227,4.0,8.5,3.0,13.0,47.837538718598374,5.04901172024488,0.10554497274505295,0.19417369641591994,0.6609442804796873,5.799535091952578
035420,2020-01-17,0.1655,4.0,0.2816,0.1837,4.0,8.5,3.0,13.0,47.71263652873258,5.0358289220196975,0.10554497274505295,0.19417369641591994,0.6609442804796873,5.787567851795254
035420,2020-01-18,,,,,0.0,8.5,3.0,13.0,47.71263652873258,5.0358289220196975,0.10554497274505295,0.19417369641591994,0.6609442804796873,5.787567851795254
035420,2020-01-19,-0.0,3.0,0.0,0.102,2.0,8.5,3.0,13.0,47.71263652873258,5.0358289220196975,0.10554497274505295,0.19417369641591994,0.6609442804796873,5.787567851795254
035420,2020-01-20,-0.0001,4.0,0.0001,0.1711,4.0,8.5,3.0,13.0,46.83832119967203,4.9435493344434205,0.10554497274505295,0.19417369641591994,0.6609442804796873,5.703797170693994
035420,2020-01-21,-0.0043,3.0,0.0043,0.4352,2.0,8.5,3.0,13.0,45.46439711114832,4.798538553966414,0.10554497274505295,0.19417369641591994,0.6609442804796873,5.572157528963441
035420,2020-01-22,0.0015,4.0,0.8145,0.1508,3.0,8.5,3.0,13.0,46.46361463007466,4.904000939767873,0.10554497274505295,0.19417369641591994,0.6609442804796873,5.667895450222025
035420,2020-01-23,-0.0,4.0,0.0,0.2276,3.0,8.5,3.0,13.0,45.71420149087991,4.824904150416779,0.10554497274505295,0.19417369641591994,0.6609442804796873,5.596092009278086
035420,2020-01-24,0.0,3.0,0.0,0.1357,2.0,8.5,3.0,13.0,45.71420149087991,4.824904150416779,0.10554497274505295,0.19417369641591994,0.6609442804796873,5.596092009278086
035420,2020-01-25,,,,,0.0,8.5,3.0,13.0,45.71420149087991,4.824904150416779,0.10554497274505295,0.19417369641591994,0.6609442804796873,5.596092009278086
035420,2020-01-26,,,,,0.0,8.5,3.0,13.0,45.71420149087991,4.824904150416779,0.10554497274505295,0.19417369641591994,0.6609442804796873,5.596092009278086
035420,2020-01-27,0.0,3.0,0.0,0.1778,1.0,8.5,3.0,13.0,45.71420149087991,4.824904150416779,0.10554497274505295,0.19417369641591994,0.6609442804796873,5.596092009278086
035420,2020-01-28,-0.0002,4.0,0.0003,0.1247,3.0,8.5,3.0,13.0,44.59008178208778,4.706258966390137,0.10554497274505295,0.19417369641591994,0.6609442804796873,5.488386847862179
035420,2020-01-29,0.3265,7.0,0.4625,0.1993,9.0,8.5,3.0,13.0,44.96478835168515,4.745807361065684,0.10554497274505295,0.19417369641591994,0.6609442804796873,5.524288568334148
035420,2020-01-30,0.2348,8.0,0.6313,0.2494,25.0,8.5,3.0,13.0,44.96478835168515,4.745807361065684,0.10554497274505295,0.19417369641591994,0.6609442804796873,5.524288568334148
035420,2020-01-31,-0.0292,4.0,0.0209,0.2774,3.0,8.5,3.0,13.0,44.83988616181936,4.732624562840502,0.10554497274505295,0.19417369641591994,0.6609442804796873,5.512321328176824
035420,2020-02-01,,,,,0.0,8.5,3.0,14.0,44.83988616181936,4.732624562840502,0.10554497274505295,0.19417369641591994,0.6609442804796873,5.512321328176824
035420,2020-02-02,-0.9773,6.0,0.0,0.1633,1.0,8.5,3.0,14.0,44.83988616181936,4.732624562840502,0.10554497274505295,0.19417369641591994,0.6609442804796873,5.512321328176824
035420,2020-02-03,0.2499,5.0,0.4329,0.1748,4.0,8.5,3.0,14.0,44.34027740235619,4.679893369939771,0.10554497274505295,0.19417369641591994,0.6609442804796873,5.464452367547533
035420,2020-02-04,0.3317,5.0,0.4716,0.1454,3.0,8.5,3.0,14.0,45.089690541550944,4.7589901592908666,0.10554497274505295,0.19417369641591994,0.6609442804796873,5.536255808491472
035420,2020-02-05,-0.0705,6.0,0.6686,0.1554,10.0,8.5,3.0,14.0,45.33949492128253,4.785355755741231,0.10554497274505295,0.19417369641591994,0.6609442804796873,5.560190288806117
035420,2020-02-06,-0.324,5.0,0.4647,0.2455,3.0,8.5,3.0,14.0,45.33949492128253,4.785355755741231,0.10554497274505295,0.19417369641591994,0.6609442804796873,5.560190288806117
035420,2020-02-07,0.0,4.0,0.0,0.2399,5.0,8.5,3.0,14.0,46.21381025034307,4.877635343317508,0.10554497274505295,0.19417369641591994,0.6609442804796873,5.643960969907377
035420,2020-02-08,-0.0367,3.0,0.0367,0.094,2.0,8.5,3.0,14.0,46.21381025034307,4.877635343317508,0.10554497274505295,0.19417369641591994,0.6609442804796873,5.643960969907377
035420,2020-02-09,,,,,0.0,8.5,3.0,14.0,46.21381025034307,4.877635343317508,0.10554497274505295,0.19417369641591994,0.6609442804796873,5.643960969907377
035420,2020-02-10,0.4911,6.0,0.4991,0.1538,6.0,8.5,3.0,14.0,45.839103680745694,4.838086948641961,0.10554497274505295,0.19417369641591994,0.6609442804796873,5.60805924943541
035420,2020-02-11,-0.1384,5.0,0.3146,0.142,6.0,8.5,3.0,14.0,46.08890806047728,4.864452545092326,0.10554497274505295,0.19417369641591994,0.6609442804796873,5.6319937297500555
035420,2020-02-12,-0.0005,4.0,0.0044,0.2013,3.0,8.5,3.0,14.0,46.21381025034307,4.877635343317508,0.10554497274505295,0.19417369641591994,0.6609442804796873,5.643960969907377
035420,2020-02-13,-0.4956,6.0,0.504,0.2168,6.0,8.5,3.0,14.0,46.08890806047728,4.864452545092326,0.10554497274505295,0.19417369641591994,0.6609442804796873,5.6319937297500555
035420,2020-02-14,0.3665,5.0,0.4546,0.1327,5.0,8.5,3.0,14.0,46.58851681994045,4.917183737993056,0.10554497274505295,0.19417369641591994,0.6609442804796873,5.679862690379348
035420,2020-02-15,,,,,0.0,8.5,3.0,14.0,46.58851681994045,4.917183737993056,0.10554497274505295,0.19417369641591994,0.6609442804796873,5.679862690379348
035420,2020-02-16,-0.9996,7.0,0.0001,0.0728,5.0,8.5,3.0,14.0,46.58851681994045,4.917183737993056,0.10554497274505295,0.19417369641591994,0.6609442804796873,5.679862690379348
035420,2020-02-17,-0.9915,6.0,0.0,0.1636,1.0,8.5,3.0,14.0,47.088125579403616,4.969914930893785,0.10554497274505295,0.19417369641591994,0.6609442804796873,5.727731651008639
035420,2020-02-18,,,,,0.0,8.5,3.0,14.0,46.58851681994045,4.917183737993056,0.10554497274505295,0.19417369641591994,0.6609442804796873,5.679862690379348
035420,2020-02-19,0.0776,6.0,0.2937,0.157,11.0,8.5,3.0,14.0,47.3379299591352,4.99628052734415,0.10554497274505295,0.19417369641591994,0.6609442804796873,5.751666131323285
035420,2020-02-20,0.2172,6.0,0.4549,0.3903,8.0,8.5,3.0,14.0,47.462832149000995,5.009463325569333,0.10554497274505295,0.19417369641591994,0.6609442804796873,5.7636333714806085
035420,2020-02-21,,,,,0.0,8.5,3.0,14.0,47.3379299591352,4.99628052734415,0.10554497274505295,0.19417369641591994,0.6609442804796873,5.751666131323285
035420,2020-02-22,-0.0,3.0,0.0,0.1633,1.0,8.5,3.0,14.0,47.3379299591352,4.99628052734415,0.10554497274505295,0.19417369641591994,0.6609442804796873,5.751666131323285
035420,2020-02-23,-0.0,3.0,0.0,0.19,2.0,8.5,3.0,14.0,47.3379299591352,4.99628052734415,0.10554497274505295,0.19417369641591994,0.6609442804796873,5.751666131323285
035420,2020-02-24,0.1255,5.0,0.5992,0.1345,8.0,8.5,3.0,14.0,45.96400587061149,4.8512697468671435,0.10554497274505295,0.19417369641591994,0.6609442804796873,5.620026489592732
035420,2020-02-25,0.3972,5.0,0.4904,0.1726,5.0,8.5,3.0,14.0,47.58773433886679,5.022646123794515,0.10554497274505295,0.19417369641591994,0.6609442804796873,5.77560061163793
035420,2020-02-26,0.0014,3.0,0.0014,0.1814,2.0,8.5,3.0,14.0,46.713419009806245,4.930366536218238,0.10554497274505295,0.19417369641591994,0.6609442804796873,5.69182993053667
035420,2020-02-27,0.2462,5.0,0.4283,0.188,4.0,8.5,3.0,14.0,45.46439711114832,4.798538553966414,0.10554497274505295,0.19417369641591994,0.6609442804796873,5.572157528963441
035420,2020-02-28,-0.0002,4.0,0.0003,0.2878,4.0,8.5,3.0,14.0,43.46596207329565,4.587613782363494,0.10554497274505295,0.19417369641591994,0.6609442804796873,5.380681686446271
035420,2020-02-29,,,,,0.0,8.5,3.0,14.0,43.46596207329565,4.587613782363494,0.10554497274505295,0.19417369641591994,0.6609442804796873,5.380681686446271
035420,2020-03-01,0.0,3.0,0.0,0.1333,1.0,8.5,3.0,15.0,43.46596207329565,4.587613782363494,0.10554497274505295,0.19417369641591994,0.6609442804796873,5.380681686446271
035420,2020-03-02,0.2003,5.0,0.3997,0.157,5.0,8.5,3.0,15.0,43.71576645302723,4.613979378813859,0.10554497274505295,0.19417369641591994,0.6609442804796873,5.404616166760919
035420,2020-03-03,0.3091,6.0,0.4911,0.1908,6.0,8.5,3.0,15.0,43.71576645302723,4.613979378813859,0.10554497274505295,0.19417369641591994,0.6609442804796873,5.404616166760919
035420,2020-03-04,0.0562,5.0,0.1378,0.1927,7.0,8.5,3.0,15.0,44.59008178208778,4.706258966390137,0.10554497274505295,0.19417369641591994,0.6609442804796873,5.488386847862179
035420,2020-03-05,0.5661,7.0,0.4102,0.1115,7.0,8.5,3.0,15.0,45.21459273141674,4.772172957516049,0.10554497274505295,0.19417369641591994,0.6609442804796873,5.548223048648795
035420,2020-03-06,-0.0002,4.0,0.0002,0.1499,4.0,8.5,3.0,15.0,44.83988616181936,4.732624562840502,0.10554497274505295,0.19417369641591994,0.6609442804796873,5.512321328176824
035420,2020-03-07,,,,,0.0,8.5,3.0,15.0,44.83988616181936,4.732624562840502,0.10554497274505295,0.19417369641591994,0.6609442804796873,5.512321328176824
035420,2020-03-08,0.1555,4.0,0.3612,0.2229,5.0,8.5,3.0,15.0,44.83988616181936,4.732624562840502,0.10554497274505295,0.19417369641591994,0.6609442804796873,5.512321328176824
035420,2020-03-09,0.0995,7.0,0.2279,0.2489,12.0,8.5,3.0,15.0,41.96713579490614,4.429420203661305,0.10554497274505295,0.19417369641591994,0.6609442804796873,5.237074804558397
035420,2020-03-10,0.0559,6.0,0.1456,0.2702,9.0,8.5,3.0,15.0,42.96635331383248,4.5348825894627645,0.10554497274505295,0.19417369641591994,0.6609442804796873,5.33281272581698
035420,2020-03-11,-0.0005,6.0,0.0009,0.3415,9.0,8.5,3.0,15.0,42.46674455436931,4.482151396562035,0.10554497274505295,0.19417369641591994,0.6609442804796873,5.284943765187688
035420,2020-03-12,0.015,5.0,0.5015,0.2556,8.0,8.5,3.0,15.0,41.59242922530876,4.389871808985758,0.10554497274505295,0.19417369641591994,0.6609442804796873,5.201173084086427
035420,2020-03-13,-0.1102,5.0,0.2709,0.2049,7.0,8.5,3.0,15.0,41.46752703544298,4.376689010760575,0.10554497274505295,0.19417369641591994,0.6609442804796873,5.189205843929104
035420,2020-03-14,-0.0,4.0,0.0001,0.1583,3.0,8.5,3.0,15.0,41.46752703544298,4.376689010760575,0.10554497274505295,0.19417369641591994,0.6609442804796873,5.189205843929104
035420,2020-03-15,0.0147,3.0,0.0147,0.1949,2.0,8.5,3.0,15.0,41.46752703544298,4.376689010760575,0.10554497274505295,0.19417369641591994,0.6609442804796873,5.189205843929104
035420,2020-03-16,0.4464,5.0,0.4596,0.2043,5.0,8.5,3.0,15.0,38.71967885839555,4.086667449806561,0.10554497274505295,0.19417369641591994,0.6609442804796873,4.925926560467998
035420,2020-03-17,0.6666,6.0,0.4713,0.2948,3.0,8.5,3.0,15.0,37.72046133946921,3.9812050640051013,0.10554497274505295,0.19417369641591994,0.6609442804796873,4.830188639209414
035420,2020-03-18,-0.0001,4.0,0.0001,0.2124,4.0,8.5,3.0,15.0,36.47143944081129,3.8493770817532766,0.10554497274505295,0.19417369641591994,0.6609442804796873,4.710516237636185
035420,2020-03-19,0.0001,5.0,0.0003,0.1346,8.0,8.5,3.0,15.0,35.97183068134812,3.796645888852547,0.10554497274505295,0.19417369641591994,0.6609442804796873,4.662647277006892
035420,2020-03-20,-0.0005,4.0,0.0011,0.16,5.0,8.5,3.0,15.0,38.46987447866396,4.060301853356196,0.10554497274505295,0.19417369641591994,0.6609442804796873,4.901992080153352
035420,2020-03-21,0.0,3.0,0.0,0.2276,2.0,8.5,3.0,15.0,38.46987447866396,4.060301853356196,0.10554497274505295,0.19417369641591994,0.6609442804796873,4.901992080153352
035420,2020-03-22,0.9875,6.0,0.0,0.2045,1.0,8.5,3.0,15.0,38.46987447866396,4.060301853356196,0.10554497274505295,0.19417369641591994,0.6609442804796873,4.901992080153352
035420,2020-03-23,-0.4398,8.0,0.5213,0.1534,13.0,8.5,3.0,15.0,35.72202630161654,3.770280292402182,0.10554497274505295,0.19417369641591994,0.6609442804796873,4.638712796692246
035420,2020-03-24,0.0609,5.0,0.0872,0.1598,6.0,8.5,3.0,15.0,38.96948323812713,4.113033046256926,0.10554497274505295,0.19417369641591994,0.6609442804796873,4.949861040782643
035420,2020-03-25,0.0319,4.0,0.5832,0.2384,5.0,8.5,3.0,15.0,38.96948323812713,4.113033046256926,0.10554497274505295,0.19417369641591994,0.6609442804796873,4.949861040782643
035420,2020-03-26,0.0,4.0,0.0,0.2123,3.0,8.5,3.0,15.0,38.09516790906659,4.020753458680649,0.10554497274505295,0.19417369641591994,0.6609442804796873,4.866090359681383
035420,2020-03-27,-0.003,5.0,0.5338,0.1624,7.0,8.5,3.0,15.0,40.967918275979805,4.323957817859846,0.10554497274505295,0.19417369641591994,0.6609442804796873,5.141336883299813
035420,2020-03-28,-0.0,3.0,0.0,0.125,1.0,8.5,3.0,15.0,40.967918275979805,4.323957817859846,0.10554497274505295,0.19417369641591994,0.6609442804796873,5.141336883299813
035420,2020-03-29,-0.0008,3.0,0.0007,0.254,2.0,8.5,3.0,15.0,40.967918275979805,4.323957817859846,0.10554497274505295,0.19417369641591994,0.6609442804796873,5.141336883299813
035420,2020-03-30,0.3153,8.0,0.4494,0.1735,15.0,8.5,3.0,15.0,40.59321170638243,4.2844094231842975,0.10554497274505295,0.19417369641591994,0.6609442804796873,5.105435162827844
035420,2020-03-31,0.3905,8.0,0.4675,0.2039,12.0,8.5,3.0,15.0,42.46674455436931,4.482151396562035,0.10554497274505295,0.19417369641591994,0.6609442804796873,5.284943765187688
035420,2020-04-01,-0.0235,5.0,0.4617,0.1685,8.0,6.25,3.0,4.0,64.42949332170348,3.931007167734001,0.06101254200628357,0.18015262760979878,0.891092701715066,3.55595499016804
035420,2020-04-02,-0.1032,5.0,0.231,0.3427,6.0,6.25,3.0,4.0,68.57985945592364,4.184231555839565,0.06101254200628357,0.18015262760979878,0.891092701715066,3.7264587240342397
035420,2020-04-03,0.1445,5.0,0.3492,0.1405,7.0,6.25,3.0,4.0,67.98695000817791,4.148056643253057,0.06101254200628357,0.18015262760979878,0.891092701715066,3.7021010477676404
035420,2020-04-04,-0.0045,3.0,0.0045,0.165,2.0,6.25,3.0,4.0,67.98695000817791,4.148056643253057,0.06101254200628357,0.18015262760979878,0.891092701715066,3.7021010477676404
035420,2020-04-05,0.0006,3.0,0.0008,0.3199,2.0,6.25,3.0,4.0,67.98695000817791,4.148056643253057,0.06101254200628357,0.18015262760979878,0.891092701715066,3.7021010477676404
035420,2020-04-06,0.0007,3.0,0.0,0.2381,1.0,6.25,3.0,4.0,68.38222297334173,4.172173251644062,0.06101254200628357,0.18015262760979878,0.891092701715066,3.71833949861204
035420,2020-04-07,0.2493,6.0,0.4314,0.1358,8.0,6.25,3.0,4.0,66.99876759526835,4.087765122275541,0.06101254200628357,0.18015262760979878,0.891092701715066,3.6615049206566397
035420,2020-04-08,0.0022,4.0,0.7037,0.1721,4.0,6.25,3.0,4.0,65.81294869977687,4.015415297102522,0.06101254200628357,0.18015262760979878,0.891092701715066,3.61278956812344
035420,2020-04-09,0.0001,5.0,0.8162,0.152,6.0,6.25,3.0,4.0,66.2082216649407,4.039531905493528,0.06101254200628357,0.18015262760979878,0.891092701715066,3.6290280189678406
035420,2020-04-10,0.3319,5.0,0.4723,0.1365,3.0,6.25,3.0,4.0,65.81294869977687,4.015415297102522,0.06101254200628357,0.18015262760979878,0.891092701715066,3.61278956812344
035420,2020-04-11,,,,,0.0,6.25,3.0,4.0,65.81294869977687,4.015415297102522,0.06101254200628357,0.18015262760979878,0.891092701715066,3.61278956812344
035420,2020-04-12,-0.0004,3.0,0.0005,0.1417,2.0,6.25,3.0,4.0,65.81294869977687,4.015415297102522,0.06101254200628357,0.18015262760979878,0.891092701715066,3.61278956812344
035420,2020-04-13,0.3505,7.0,0.4379,0.1776,11.0,6.25,3.0,4.0,65.61531221719495,4.003356992907019,0.06101254200628357,0.18015262760979878,0.891092701715066,3.6046703427012403
035420,2020-04-14,0.3562,8.0,0.4582,0.2245,15.0,6.25,3.0,4.0,66.60349463010452,4.063648513884535,0.06101254200628357,0.18015262760979878,0.891092701715066,3.64526646981224
035420,2020-04-15,0.0,3.0,0.0,0.1875,1.0,6.25,3.0,4.0,66.60349463010452,4.063648513884535,0.06101254200628357,0.18015262760979878,0.891092701715066,3.64526646981224
035420,2020-04-16,0.2023,5.0,0.3988,0.1775,5.0,6.25,3.0,4.0,67.39404056043217,4.111881730666547,0.06101254200628357,0.18015262760979878,0.891092701715066,3.67774337150104
035420,2020-04-17,-0.2496,5.0,0.4324,0.1831,4.0,6.25,3.0,4.0,70.75386076432468,4.3168729019900995,0.06101254200628357,0.18015262760979878,0.891092701715066,3.81577020367844
035420,2020-04-18,-0.0,3.0,0.0,0.1112,2.0,6.25,3.0,4.0,70.75386076432468,4.3168729019900995,0.06101254200628357,0.18015262760979878,0.891092701715066,3.81577020367844
035420,2020-04-19,0.3325,5.0,0.4702,0.189,3.0,6.25,3.0,4.0,70.75386076432468,4.3168729019900995,0.06101254200628357,0.18015262760979878,0.891092701715066,3.81577020367844
035420,2020-04-20,0.0253,4.0,0.0468,0.1666,4.0,6.25,3.0,4.0,71.14913372948851,4.340989510381105,0.06101254200628357,0.18015262760979878,0.891092701715066,3.8320086545228405
035420,2020-04-21,0.109,5.0,0.2008,0.2554,6.0,6.25,3.0,4.0,70.55622428174277,4.304814597794596,0.06101254200628357,0.18015262760979878,0.891092701715066,3.80765097825624
035420,2020-04-22,-0.1486,4.0,0.4345,0.1858,5.0,6.25,3.0,4.0,71.93967965981616,4.3892227271631175,0.06101254200628357,0.18015262760979878,0.891092701715066,3.8644855562116405
035420,2020-04-23,0.334,8.0,0.5281,0.2813,19.0,6.25,3.0,4.0,75.10186338112676,4.582155594291167,0.06101254200628357,0.18015262760979878,0.891092701715066,3.9943931629668405
035420,2020-04-24,0.5715,7.0,0.4938,0.1902,7.0,6.25,3.0,4.0,76.09004579403631,4.642447115268682,0.06101254200628357,0.18015262760979878,0.891092701715066,4.0349892900778395
035420,2020-04-25,0.0,3.0,0.0,0.542,2.0,6.25,3.0,4.0,76.09004579403631,4.642447115268682,0.06101254200628357,0.18015262760979878,0.891092701715066,4.0349892900778395
035420,2020-04-26,0.0,3.0,0.0,0.1941,2.0,6.25,3.0,4.0,76.09004579403631,4.642447115268682,0.06101254200628357,0.18015262760979878,0.891092701715066,4.0349892900778395
035420,2020-04-27,0.1432,5.0,0.3497,0.3763,7.0,6.25,3.0,4.0,78.06641061985545,4.763030157223713,0.06101254200628357,0.18015262760979878,0.891092701715066,4.11618154429984
035420,2020-04-28,0.162,6.0,0.3344,0.1368,10.0,6.25,3.0,4.0,78.26404710243736,4.775088461419216,0.06101254200628357,0.18015262760979878,0.891092701715066,4.12430076972204
035420,2020-04-29,-0.0725,5.0,0.4146,0.2297,7.0,6.25,3.0,4.0,78.06641061985545,4.763030157223713,0.06101254200628357,0.18015262760979878,0.891092701715066,4.11618154429984
035420,2020-04-30,,,,,0.0,6.25,3.0,4.0,78.06641061985545,4.763030157223713,0.06101254200628357,0.18015262760979878,0.891092701715066,4.11618154429984
035420,2020-05-01,-0.4994,4.0,0.4993,0.1408,2.0,6.25,3.0,5.0,78.06641061985545,4.763030157223713,0.06101254200628357,0.18015262760979878,0.891092701715066,4.11618154429984
035420,2020-05-02,0.2556,5.0,0.4258,0.1914,4.0,6.25,3.0,5.0,78.06641061985545,4.763030157223713,0.06101254200628357,0.18015262760979878,0.891092701715066,4.11618154429984
035420,2020-05-03,-0.0003,3.0,0.0002,0.2234,2.0,6.25,3.0,5.0,78.06641061985545,4.763030157223713,0.06101254200628357,0.18015262760979878,0.891092701715066,4.11618154429984
035420,2020-05-04,0.0048,5.0,0.5757,0.1882,6.0,6.25,3.0,5.0,78.65932006760119,4.799205069810222,0.06101254200628357,0.18015262760979878,0.891092701715066,4.14053922056644
035420,2020-05-05,0.0048,4.0,0.0067,0.1627,3.0,6.25,3.0,5.0,78.65932006760119,4.799205069810222,0.06101254200628357,0.18015262760979878,0.891092701715066,4.14053922056644
035420,2020-05-06,0.0002,5.0,0.0011,0.2485,8.0,6.25,3.0,5.0,83.79786861473092,5.112720978893302,0.06101254200628357,0.18015262760979878,0.891092701715066,4.35163908154364
035420,2020-05-07,0.2632,7.0,0.4643,0.228,10.0,6.25,3.0,5.0,85.1813239928043,5.197129108261823,0.06101254200628357,0.18015262760979878,0.891092701715066,4.40847365949904
035420,2020-05-08,0.1246,5.0,0.3247,0.1634,8.0,6.25,3.0,5.0,84.58841454505855,5.160954195675314,0.06101254200628357,0.18015262760979878,0.891092701715066,4.38411598323244
035420,2020-05-09,,,,,0.0,6.25,3.0,5.0,84.58841454505855,5.160954195675314,0.06101254200628357,0.18015262760979878,0.891092701715066,4.38411598323244
035420,2020-05-10,-0.3998,4.0,0.3335,0.1752,2.0,6.25,3.0,5.0,84.58841454505855,5.160954195675314,0.06101254200628357,0.18015262760979878,0.891092701715066,4.38411598323244
035420,2020-05-11,0.1241,5.0,0.7613,0.2743,8.0,6.25,3.0,5.0,84.78605102764047,5.173012499870817,0.06101254200628357,0.18015262760979878,0.891092701715066,4.39223520865464
035420,2020-05-12,-0.0701,7.0,0.2476,0.1818,15.0,6.25,3.0,5.0,86.7624158534596,5.293595541825848,0.06101254200628357,0.18015262760979878,0.891092701715066,4.47342746287664
035420,2020-05-13,0.1086,6.0,0.1724,0.3566,10.0,6.25,3.0,5.0,86.36714288829577,5.269478933434842,0.06101254200628357,0.18015262760979878,0.891092701715066,4.45718901203224
035420,2020-05-14,0.0002,4.0,0.0001,0.1558,3.0,6.25,3.0,5.0,86.56477937087769,5.281537237630345,0.06101254200628357,0.18015262760979878,0.891092701715066,4.4653082374544395
035420,2020-05-15,0.2865,6.0,0.4257,0.1199,6.0,6.25,3.0,5.0,84.19314157989473,5.136837587284308,0.06101254200628357,0.18015262760979878,0.891092701715066,4.367877532388039
035420,2020-05-16,-0.364,4.0,0.3641,0.1199,2.0,6.25,3.0,5.0,84.19314157989473,5.136837587284308,0.06101254200628357,0.18015262760979878,0.891092701715066,4.367877532388039
035420,2020-05-17,,,,,0.0,6.25,3.0,5.0,84.19314157989473,5.136837587284308,0.06101254200628357,0.18015262760979878,0.891092701715066,4.367877532388039
035420,2020-05-18,0.0001,4.0,0.0001,0.252,4.0,6.25,3.0,5.0,84.98368751022238,5.18507080406632,0.06101254200628357,0.18015262760979878,0.891092701715066,4.4003544340768395
035420,2020-05-19,0.0,4.0,0.0001,0.3253,3.0,6.25,3.0,5.0,84.39077806247664,5.148895891479811,0.06101254200628357,0.18015262760979878,0.891092701715066,4.37599675781024
035420,2020-05-20,-0.0002,4.0,0.0003,0.2466,3.0,6.25,3.0,5.0,87.75059826636915,5.353887062803363,0.06101254200628357,0.18015262760979878,0.891092701715066,4.514023589987639
035420,2020-05-21,0.2083,5.0,0.3954,0.1062,5.0,6.25,3.0,5.0,88.93641716186063,5.426236887976382,0.06101254200628357,0.18015262760979878,0.891092701715066,4.56273894252084
035420,2020-05-22,0.1414,5.0,0.4693,0.2466,8.0,6.25,3.0,5.0,91.11041847026168,5.558878234126915,0.06101254200628357,0.18015262760979878,0.891092701715066,4.65205042216504
035420,2020-05-23,,,,,0.0,6.25,3.0,5.0,91.11041847026168,5.558878234126915,0.06101254200628357,0.18015262760979878,0.891092701715066,4.65205042216504
035420,2020-05-24,-0.0,3.0,0.0,0.1087,1.0,6.25,3.0,5.0,91.11041847026168,5.558878234126915,0.06101254200628357,0.18015262760979878,0.891092701715066,4.65205042216504
035420,2020-05-25,0.2318,8.0,0.3873,0.2346,13.0,6.25,3.0,5.0,95.26078460448184,5.81210262223248,0.06101254200628357,0.18015262760979878,0.891092701715066,4.822554156031239
035420,2020-05-26,0.0705,4.0,0.1407,0.1529,5.0,6.25,3.0,5.0,94.47023867415419,5.7638694054504676,0.06101254200628357,0.18015262760979878,0.891092701715066,4.790077254342439
035420,2020-05-27,0.2556,6.0,0.3804,0.152,7.0,6.25,3.0,5.0,90.31987253993402,5.510645017344903,0.06101254200628357,0.18015262760979878,0.891092701715066,4.61957352047624
035420,2020-05-28,0.3628,8.0,0.6804,0.1735,12.0,6.25,3.0,5.0,95.06314812189993,5.800044318036977,0.06101254200628357,0.18015262760979878,0.891092701715066,4.81443493060904
035420,2020-05-29,0.2399,6.0,0.4246,0.2112,8.0,6.25,3.0,5.0,89.33169012702446,5.450353496367388,0.06101254200628357,0.18015262760979878,0.891092701715066,4.578977393365239
035420,2020-05-30,0.6881,5.0,0.0,0.38,1.0,6.25,3.0,5.0,89.33169012702446,5.450353496367388,0.06101254200628357,0.18015262760979878,0.891092701715066,4.578977393365239
035420,2020-05-31,-0.01,4.0,0.6176,0.1947,5.0,6.25,3.0,5.0,89.33169012702446,5.450353496367388,0.06101254200628357,0.18015262760979878,0.891092701715066,4.578977393365239
035420,2020-06-01,0.4028,8.0,0.4846,0.2496,15.0,6.25,3.0,6.0,93.67969274382654,5.715636188668455,0.06101254200628357,0.18015262760979878,0.891092701715066,4.757600352653639
035420,2020-06-02,0.2507,6.0,0.4324,0.2153,8.0,6.25,3.0,6.0,92.49387384833506,5.643286363495437,0.06101254200628357,0.18015262760979878,0.891092701715066,4.708885000120439
035420,2020-06-03,0.0158,5.0,0.0368,0.1632,6.0,6.25,3.0,6.0,89.13405364444255,5.438295192171885,0.06101254200628357,0.18015262760979878,0.891092701715066,4.570858167943039
035420,2020-06-04,0.4517,6.0,0.4667,0.1312,8.0,6.25,3.0,6.0,91.90096440058932,5.607111450908928,0.06101254200628357,0.18015262760979878,0.891092701715066,4.68452732385384
035420,2020-06-05,0.3881,5.0,0.4756,0.2973,5.0,6.25,3.0,6.0,91.30805495284359,5.570936538322418,0.06101254200628357,0.18015262760979878,0.891092701715066,4.66016964758724
035420,2020-06-06,0.0,3.0,0.0,0.1429,1.0,6.25,3.0,6.0,91.30805495284359,5.570936538322418,0.06101254200628357,0.18015262760979878,0.891092701715066,4.66016964758724
035420,2020-06-07,0.0,3.0,0.0,0.1421,2.0,6.25,3.0,6.0,91.30805495284359,5.570936538322418,0.06101254200628357,0.18015262760979878,0.891092701715066,4.66016964758724
035420,2020-06-08,0.2073,8.0,0.378,0.1457,18.0,6.25,3.0,6.0,95.06314812189993,5.800044318036977,0.06101254200628357,0.18015262760979878,0.891092701715066,4.81443493060904
035420,2020-06-09,-0.0251,7.0,0.0909,0.2308,14.0,6.25,3.0,6.0,93.87732922640845,5.727694492863958,0.06101254200628357,0.18015262760979878,0.891092701715066,4.7657195780758395
035420,2020-06-10,-0.0013,7.0,0.0049,0.2255,12.0,6.25,3.0,6.0,96.4466034999733,5.884452447405498,0.06101254200628357,0.18015262760979878,0.891092701715066,4.871269508564439
035420,2020-06-11,0.1427,5.0,0.3496,0.3193,7.0,6.25,3.0,6.0,95.06314812189993,5.800044318036977,0.06101254200628357,0.18015262760979878,0.891092701715066,4.81443493060904
035420,2020-06-12,0.0679,7.0,0.1788,0.1325,12.0,6.25,3.0,6.0,95.65605756964565,5.836219230623486,0.06101254200628357,0.18015262760979878,0.891092701715066,4.838792606875639
035420,2020-06-13,-0.6685,5.0,0.0,0.5435,1.0,6.25,3.0,6.0,95.65605756964565,5.836219230623486,0.06101254200628357,0.18015262760979878,0.891092701715066,4.838792606875639
035420,2020-06-14,0.0247,3.0,0.0247,0.1984,2.0,6.25,3.0,6.0,95.65605756964565,5.836219230623486,0.06101254200628357,0.18015262760979878,0.891092701715066,4.838792606875639
035420,2020-06-15,-0.0586,6.0,0.1845,0.2787,9.0,6.25,3.0,6.0,91.5056914354255,5.582994842517921,0.06101254200628357,0.18015262760979878,0.891092701715066,4.668288873009439
035420,2020-06-16,0.1576,4.0,0.3152,0.2064,5.0,6.25,3.0,6.0,96.2489670173914,5.872394143209995,0.06101254200628357,0.18015262760979878,0.891092701715066,4.8631502831422395
035420,2020-06-17,0.0092,5.0,0.0237,0.173,6.0,6.25,3.0,6.0,99.21351425612009,6.053268706142541,0.06101254200628357,0.18015262760979878,0.891092701715066,4.984938664475239
035420,2020-06-18,0.1226,7.0,0.2917,0.1287,12.0,6.25,3.0,6.0,97.8300588780467,5.96886057677402,0.06101254200628357,0.18015262760979878,0.891092701715066,4.9281040865198396
035420,2020-06-19,0.1059,5.0,0.2369,0.2154,6.0,6.25,3.0,6.0,98.62060480837435,6.017093793556032,0.06101254200628357,0.18015262760979878,0.891092701715066,4.96058098820864
035420,2020-06-20,0.0,3.0,0.0,0.1538,1.0,6.25,3.0,6.0,98.62060480837435,6.017093793556032,0.06101254200628357,0.18015262760979878,0.891092701715066,4.96058098820864
035420,2020-06-21,,,,,0.0,6.25,3.0,6.0,98.62060480837435,6.017093793556032,0.06101254200628357,0.18015262760979878,0.891092701715066,4.96058098820864
035420,2020-06-22,0.4414,8.0,0.6017,0.156,15.0,6.25,3.0,6.0,106.72370059423277,6.511484265571658,0.06101254200628357,0.18015262760979878,0.891092701715066,5.293469230518839
035420,2020-06-23,0.1374,7.0,0.3162,0.1718,20.0,6.25,3.0,6.0,109.09533838521571,6.656183915917695,0.06101254200628357,0.18015262760979878,0.891092701715066,5.390899935585239
035420,2020-06-24,0.2144,8.0,0.5214,0.1825,16.0,6.25,3.0,6.0,110.28115728070719,6.728533741090713,0.06101254200628357,0.18015262760979878,0.891092701715066,5.439615288118439
035420,2020-06-25,0.2914,6.0,0.4468,0.1193,7.0,6.25,3.0,6.0,106.52606411165085,6.499425961376155,0.06101254200628357,0.18015262760979878,0.891092701715066,5.285350005096639
035420,2020-06-26,0.1661,7.0,0.3728,0.1638,12.0,6.25,3.0,6.0,106.32842762906894,6.487367657180652,0.06101254200628357,0.18015262760979878,0.891092701715066,5.277230779674439
035420,2020-06-27,,,,,0.0,6.25,3.0,6.0,106.32842762906894,6.487367657180652,0.06101254200628357,0.18015262760979878,0.891092701715066,5.277230779674439
035420,2020-06-28,,,,,0.0,6.25,3.0,6.0,106.32842762906894,6.487367657180652,0.06101254200628357,0.18015262760979878,0.891092701715066,5.277230779674439
035420,2020-06-29,-0.0538,5.0,0.1323,0.1351,7.0,6.25,3.0,6.0,104.35206280324981,6.366784615225621,0.06101254200628357,0.18015262760979878,0.891092701715066,5.196038525452439
035420,2020-06-30,0.0603,7.0,0.22,0.1965,14.0,6.25,3.0,6.0,105.53788169874129,6.4391344403986395,0.06101254200628357,0.18015262760979878,0.891092701715066,5.244753877985639
035420,2020-07-01,0.2821,8.0,0.4414,0.1611,14.0,6.25,3.0,7.0,106.32842762906894,6.487367657180652,0.06101254200628357,0.18015262760979878,0.891092701715066,5.277230779674439
035420,2020-07-02,0.1972,5.0,0.4014,0.1515,5.0,6.25,3.0,7.0,109.49061135037954,6.680300524308701,0.06101254200628357,0.18015262760979878,0.891092701715066,5.407138386429639
035420,2020-07-03,-0.0388,5.0,0.5144,0.1399,7.0,6.25,3.0,7.0,109.68824783296145,6.692358828504204,0.06101254200628357,0.18015262760979878,0.891092701715066,5.415257611851839
035420,2020-07-04,,,,,0.0,6.25,3.0,7.0,109.68824783296145,6.692358828504204,0.06101254200628357,0.18015262760979878,0.891092701715066,5.415257611851839
035420,2020-07-05,0.0,3.0,0.0,0.2667,1.0,6.25,3.0,7.0,109.68824783296145,6.692358828504204,0.06101254200628357,0.18015262760979878,0.891092701715066,5.415257611851839
035420,2020-07-06,0.2069,8.0,0.3784,0.2079,12.0,6.25,3.0,7.0,111.26933969361674,6.788825262068229,0.06101254200628357,0.18015262760979878,0.891092701715066,5.480211415229439
035420,2020-07-07,0.0567,7.0,0.3122,0.2718,23.0,6.25,3.0,7.0,110.4787937632891,6.740592045286216,0.06101254200628357,0.18015262760979878,0.891092701715066,5.447734513540639
035420,2020-07-08,0.0769,7.0,0.2663,0.2018,13.0,6.25,3.0,7.0,111.66461265878057,6.812941870459235,0.06101254200628357,0.18015262760979878,0.891092701715066,5.496449866073839
035420,2020-07-09,0.1405,5.0,0.3267,0.1801,8.0,6.25,3.0,7.0,113.6409774845997,6.933524912414265,0.06101254200628357,0.18015262760979878,0.891092701715066,5.577642120295838
035420,2020-07-10,0.1254,6.0,0.4538,0.1751,9.0,6.25,3.0,7.0,118.18661658398369,7.210865908910836,0.06101254200628357,0.18015262760979878,0.891092701715066,5.7643843050064385
035420,2020-07-11,-0.0,3.0,0.0,0.1556,1.0,6.25,3.0,7.0,118.18661658398369,7.210865908910836,0.06101254200628357,0.18015262760979878,0.891092701715066,5.7643843050064385
035420,2020-07-12,-0.001,3.0,0.001,0.0799,2.0,6.25,3.0,7.0,118.18661658398369,7.210865908910836,0.06101254200628357,0.18015262760979878,0.891092701715066,5.7643843050064385
035420,2020-07-13,0.1167,7.0,0.3019,0.1529,21.0,6.25,3.0,7.0,117.39607065365604,7.162632692128824,0.06101254200628357,0.18015262760979878,0.891092701715066,5.731907403317639
035420,2020-07-14,0.1415,7.0,0.3361,0.2162,15.0,6.25,3.0,7.0,113.44334100201779,6.921466608218762,0.06101254200628357,0.18015262760979878,0.891092701715066,5.569522894873639
035420,2020-07-15,0.0004,4.0,0.0006,0.1398,3.0,6.25,3.0,7.0,113.24570451943588,6.909408304023259,0.06101254200628357,0.18015262760979878,0.891092701715066,5.561403669451439
035420,2020-07-16,-0.0327,6.0,0.3945,0.1557,9.0,6.25,3.0,7.0,107.90951948972423,6.583834090744676,0.06101254200628357,0.18015262760979878,0.891092701715066,5.342184583052039
035420,2020-07-17,0.0,5.0,0.0,0.1709,6.0,6.25,3.0,7.0,109.09533838521571,6.656183915917695,0.06101254200628357,0.18015262760979878,0.891092701715066,5.390899935585239
035420,2020-07-18,,,,,0.0,6.25,3.0,7.0,109.09533838521571,6.656183915917695,0.06101254200628357,0.18015262760979878,0.891092701715066,5.390899935585239
035420,2020-07-19,0.0001,4.0,0.0,0.1893,3.0,6.25,3.0,7.0,109.09533838521571,6.656183915917695,0.06101254200628357,0.18015262760979878,0.891092701715066,5.390899935585239
035420,2020-07-20,0.0,7.0,0.2824,0.2498,25.0,6.25,3.0,7.0,103.95678983808598,6.342668006834615,0.06101254200628357,0.18015262760979878,0.891092701715066,5.179800074608039
035420,2020-07-21,0.2079,8.0,0.4963,0.2187,17.0,6.25,3.0,7.0,106.72370059423277,6.511484265571658,0.06101254200628357,0.18015262760979878,0.891092701715066,5.293469230518839
035420,2020-07-22,0.0007,6.0,0.002,0.2216,10.0,6.25,3.0,7.0,106.72370059423277,6.511484265571658,0.06101254200628357,0.18015262760979878,0.891092701715066,5.293469230518839
035420,2020-07-23,0.3531,7.0,0.6281,0.1869,10.0,6.25,3.0,7.0,112.25752210652631,6.849116783045744,0.06101254200628357,0.18015262760979878,0.891092701715066,5.520807542340439
035420,2020-07-24,0.113,7.0,0.2795,0.1977,14.0,6.25,3.0,7.0,111.07170321103484,6.776766957872725,0.06101254200628357,0.18015262760979878,0.891092701715066,5.472092189807239
035420,2020-07-25,-0.0,3.0,0.0,0.2123,2.0,6.25,3.0,7.0,111.07170321103484,6.776766957872725,0.06101254200628357,0.18015262760979878,0.891092701715066,5.472092189807239
035420,2020-07-26,0.0179,7.0,0.0764,0.1217,25.0,6.25,3.0,7.0,111.07170321103484,6.776766957872725,0.06101254200628357,0.18015262760979878,0.891092701715066,5.472092189807239
035420,2020-07-27,0.0472,6.0,0.1732,0.0265,10.0,6.25,3.0,7.0,112.45515858910822,6.861175087241247,0.06101254200628357,0.18015262760979878,0.891092701715066,5.528926767762639
035420,2020-07-28,0.1816,7.0,0.3632,0.1562,11.0,6.25,3.0,7.0,113.83861396718162,6.945583216609768,0.06101254200628357,0.18015262760979878,0.891092701715066,5.585761345718039
035420,2020-07-29,0.1711,8.0,0.349,0.2371,14.0,6.25,3.0,7.0,115.4197058278369,7.042049650173793,0.06101254200628357,0.18015262760979878,0.891092701715066,5.650715149095639
035420,2020-07-30,0.5631,9.0,0.5336,0.256,29.0,6.25,3.0,7.0,116.21025175816456,7.090282866955805,0.06101254200628357,0.18015262760979878,0.891092701715066,5.683192050784439
035420,2020-07-31,0.3162,6.0,0.6816,0.2124,7.0,6.25,3.0,7.0,118.97716251431133,7.259099125692848,0.06101254200628357,0.18015262760979878,0.891092701715066,5.796861206695239
035420,2020-08-01,-0.503,5.0,0.4054,0.1604,2.0,6.25,3.0,8.0,118.97716251431133,7.259099125692848,0.06101254200628357,0.18015262760979878,0.891092701715066,5.796861206695239
035420,2020-08-02,,,,,0.0,6.25,3.0,8.0,118.97716251431133,7.259099125692848,0.06101254200628357,0.18015262760979878,0.891092701715066,5.796861206695239
035420,2020-08-03,0.1576,7.0,0.3431,0.1789,13.0,6.25,3.0,8.0,124.31334754402297,7.584673338971431,0.06101254200628357,0.18015262760979878,0.891092701715066,6.016080293094638
035420,2020-08-04,0.1415,5.0,0.6374,0.179,7.0,6.25,3.0,8.0,122.92989216594958,7.50026520960291,0.06101254200628357,0.18015262760979878,0.891092701715066,5.959245715139239
035420,2020-08-05,0.1589,6.0,0.3292,0.1812,9.0,6.25,3.0,8.0,123.91807457885915,7.560556730580425,0.06101254200628357,0.18015262760979878,0.891092701715066,5.999841842250238
035420,2020-08-06,0.0012,5.0,0.0023,0.1906,6.0,6.25,3.0,8.0,127.27789478275166,7.765547901903977,0.06101254200628357,0.18015262760979878,0.891092701715066,6.137868674427638
035420,2020-08-07,0.2425,6.0,0.724,0.2501,7.0,6.25,3.0,8.0,124.11571106144106,7.572615034775928,0.06101254200628357,0.18015262760979878,0.891092701715066,6.007961067672438
035420,2020-08-08,-0.0016,3.0,0.0016,0.4103,2.0,6.25,3.0,8.0,124.11571106144106,7.572615034775928,0.06101254200628357,0.18015262760979878,0.891092701715066,6.007961067672438
035420,2020-08-09,0.1195,5.0,0.5428,0.2138,6.0,6.25,3.0,8.0,124.11571106144106,7.572615034775928,0.06101254200628357,0.18015262760979878,0.891092701715066,6.007961067672438
035420,2020-08-10,0.147,7.0,0.5135,0.2821,14.0,6.25,3.0,8.0,123.91807457885915,7.560556730580425,0.06101254200628357,0.18015262760979878,0.891092701715066,5.999841842250238
035420,2020-08-11,0.3656,8.0,0.4674,0.1923,16.0,6.25,3.0,8.0,123.1275286485315,7.512323513798413,0.06101254200628357,0.18015262760979878,0.891092701715066,5.967364940561438
035420,2020-08-12,-0.1284,7.0,0.4907,0.2255,15.0,6.25,3.0,8.0,120.55825437496664,7.355565559256873,0.06101254200628357,0.18015262760979878,0.891092701715066,5.8618150100728394
035420,2020-08-13,-0.4175,6.0,0.7186,0.3299,7.0,6.25,3.0,8.0,121.34880030529429,7.403798776038885,0.06101254200628357,0.18015262760979878,0.891092701715066,5.894291911761639
035420,2020-08-14,-0.2813,6.0,0.4241,0.2139,7.0,6.25,3.0,8.0,120.55825437496664,7.355565559256873,0.06101254200628357,0.18015262760979878,0.891092701715066,5.8618150100728394
035420,2020-08-15,,,,,0.0,6.25,3.0,8.0,120.55825437496664,7.355565559256873,0.06101254200628357,0.18015262760979878,0.891092701715066,5.8618150100728394
035420,2020-08-16,0.0011,3.0,0.0,0.25,1.0,6.25,3.0,8.0,120.55825437496664,7.355565559256873,0.06101254200628357,0.18015262760979878,0.891092701715066,5.8618150100728394
035420,2020-08-17,0.1523,4.0,0.2336,0.2116,4.0,6.25,3.0,8.0,120.55825437496664,7.355565559256873,0.06101254200628357,0.18015262760979878,0.891092701715066,5.8618150100728394
035420,2020-08-18,0.1589,6.0,0.5464,0.2401,11.0,6.25,3.0,8.0,121.5464367878762,7.415857080234388,0.06101254200628357,0.18015262760979878,0.891092701715066,5.902411137183838
035420,2020-08-19,-0.1811,6.0,0.3598,0.1578,6.0,6.25,3.0,8.0,124.51098402660489,7.596731643166934,0.06101254200628357,0.18015262760979878,0.891092701715066,6.024199518516839
035420,2020-08-20,-0.0995,6.0,0.3195,0.1694,11.0,6.25,3.0,8.0,120.75589085754855,7.367623863452376,0.06101254200628357,0.18015262760979878,0.891092701715066,5.869934235495038
035420,2020-08-21,-0.0007,6.0,0.4252,0.2748,11.0,6.25,3.0,8.0,123.52280161369532,7.536440122189419,0.06101254200628357,0.18015262760979878,0.891092701715066,5.983603391405839
035420,2020-08-22,-0.0006,3.0,0.0006,0.1409,2.0,6.25,3.0,8.0,123.52280161369532,7.536440122189419,0.06101254200628357,0.18015262760979878,0.891092701715066,5.983603391405839
035420,2020-08-23,,,,,0.0,6.25,3.0,8.0,123.52280161369532,7.536440122189419,0.06101254200628357,0.18015262760979878,0.891092701715066,5.983603391405839
035420,2020-08-24,-0.0706,7.0,0.2826,0.1473,12.0,6.25,3.0,8.0,126.48734885242402,7.7173146851219645,0.06101254200628357,0.18015262760979878,0.891092701715066,6.105391772738839
035420,2020-08-25,0.0954,7.0,0.2562,0.1616,12.0,6.25,3.0,8.0,128.46371367824315,7.837897727076996,0.06101254200628357,0.18015262760979878,0.891092701715066,6.186584026960838
035420,2020-08-26,-0.2493,5.0,0.4319,0.2434,4.0,6.25,3.0,8.0,132.02117036471756,8.05494720259605,0.06101254200628357,0.18015262760979878,0.891092701715066,6.332730084560438
035420,2020-08-27,0.2143,7.0,0.5433,0.1974,11.0,6.25,3.0,8.0,133.20698926020904,8.12729702776907,0.06101254200628357,0.18015262760979878,0.891092701715066,6.381445437093638
035420,2020-08-28,0.5873,6.0,0.5034,0.2446,5.0,6.25,3.0,8.0,131.62589739955374,8.030830594205044,0.06101254200628357,0.18015262760979878,0.891092701715066,6.316491633716038
035420,2020-08-29,,,,,0.0,6.25,3.0,8.0,131.62589739955374,8.030830594205044,0.06101254200628357,0.18015262760979878,0.891092701715066,6.316491633716038
035420,2020-08-30,-0.0177,4.0,0.031,0.0995,4.0,6.25,3.0,8.0,131.62589739955374,8.030830594205044,0.06101254200628357,0.18015262760979878,0.891092701715066,6.316491633716038
035420,2020-08-31,0.2081,5.0,0.3961,0.1319,5.0,6.25,3.0,8.0,127.47553126533357,7.77760620609948,0.06101254200628357,0.18015262760979878,0.891092701715066,6.145987899849838
035420,2020-09-01,0.3572,5.0,0.5748,0.1392,5.0,6.25,3.0,9.0,128.26607719566124,7.825839422881493,0.06101254200628357,0.18015262760979878,0.891092701715066,6.178464801538639
035420,2020-09-02,0.0,4.0,0.0,0.185,5.0,6.25,3.0,9.0,131.42826091697182,8.018772290009542,0.06101254200628357,0.18015262760979878,0.891092701715066,6.308372408293839
035420,2020-09-03,0.1003,6.0,0.2998,0.1952,10.0,6.25,3.0,9.0,133.9975351905367,8.175530244551082,0.06101254200628357,0.18015262760979878,0.891092701715066,6.413922338782438
035420,2020-09-04,0.2529,6.0,0.4105,0.1446,8.0,6.25,3.0,9.0,129.84716905631652,7.922305856445517,0.06101254200628357,0.18015262760979878,0.891092701715066,6.243418604916239
035420,2020-09-05,0.046,3.0,0.0,0.1463,1.0,6.25,3.0,9.0,129.84716905631652,7.922305856445517,0.06101254200628357,0.18015262760979878,0.891092701715066,6.243418604916239
035420,2020-09-06,-0.2517,7.0,0.6391,0.1411,9.0,6.25,3.0,9.0,129.84716905631652,7.922305856445517,0.06101254200628357,0.18015262760979878,0.891092701715066,6.243418604916239
035420,2020-09-07,0.1109,6.0,0.7349,0.1858,9.0,6.25,3.0,9.0,124.31334754402297,7.584673338971431,0.06101254200628357,0.18015262760979878,0.891092701715066,6.016080293094638
035420,2020-09-08,0.1199,7.0,0.6172,0.1604,15.0,6.25,3.0,9.0,122.92989216594958,7.50026520960291,0.06101254200628357,0.18015262760979878,0.891092701715066,5.959245715139239
035420,2020-09-09,-0.2028,6.0,0.631,0.2733,7.0,6.25,3.0,9.0,120.36061789238472,7.34350725506137,0.06101254200628357,0.18015262760979878,0.891092701715066,5.853695784650639
035420,2020-09-10,0.1667,6.0,0.3726,0.1304,6.0,6.25,3.0,9.0,121.5464367878762,7.415857080234388,0.06101254200628357,0.18015262760979878,0.891092701715066,5.902411137183838
035420,2020-09-11,-0.4735,5.0,0.4398,0.1831,5.0,6.25,3.0,9.0,120.95352734013046,7.3796821676478785,0.06101254200628357,0.18015262760979878,0.891092701715066,5.878053460917238
035420,2020-09-12,0.0038,3.0,0.0,0.1633,1.0,6.25,3.0,9.0,120.95352734013046,7.3796821676478785,0.06101254200628357,0.18015262760979878,0.891092701715066,5.878053460917238
035420,2020-09-13,-0.3331,5.0,0.471,0.1605,3.0,6.25,3.0,9.0,120.95352734013046,7.3796821676478785,0.06101254200628357,0.18015262760979878,0.891092701715066,5.878053460917238
035420,2020-09-14,0.2002,7.0,0.3997,0.1629,10.0,6.25,3.0,9.0,119.76770844463898,7.307332342474861,0.06101254200628357,0.18015262760979878,0.891092701715066,5.8293381083840385
035420,2020-09-15,0.3047,7.0,0.532,0.1087,11.0,6.25,3.0,9.0,123.32516513111341,7.524381817993916,0.06101254200628357,0.18015262760979878,0.891092701715066,5.975484165983639
035420,2020-09-16,0.0001,3.0,0.0,0.1342,2.0,6.25,3.0,9.0,121.34880030529429,7.403798776038885,0.06101254200628357,0.18015262760979878,0.891092701715066,5.894291911761639
035420,2020-09-17,-0.7416,6.0,0.4283,0.203,4.0,6.25,3.0,9.0,118.77952603172943,7.247040821497345,0.06101254200628357,0.18015262760979878,0.891092701715066,5.788741981273039
035420,2020-09-18,0.009,5.0,0.5066,0.1603,7.0,6.25,3.0,9.0,117.79134361881987,7.18674930051983,0.06101254200628357,0.18015262760979878,0.891092701715066,5.748145854162038
035420,2020-09-19,-0.519,5.0,0.4717,0.2585,2.0,6.25,3.0,9.0,117.79134361881987,7.18674930051983,0.06101254200628357,0.18015262760979878,0.891092701715066,5.748145854162038
035420,2020-09-20,-0.2858,5.0,0.404,0.1336,3.0,6.25,3.0,9.0,117.79134361881987,7.18674930051983,0.06101254200628357,0.18015262760979878,0.891092701715066,5.748145854162038
035420,2020-09-21,-0.4227,7.0,0.6691,0.2109,9.0,6.25,3.0,9.0,115.4197058278369,7.042049650173793,0.06101254200628357,0.18015262760979878,0.891092701715066,5.650715149095639
035420,2020-09-22,-0.1862,7.0,0.5503,0.2358,9.0,6.25,3.0,9.0,112.45515858910822,6.861175087241247,0.06101254200628357,0.18015262760979878,0.891092701715066,5.528926767762639
035420,2020-09-23,-0.1106,6.0,0.5252,0.222,9.0,6.25,3.0,9.0,117.19843417107413,7.150574387933321,0.06101254200628357,0.18015262760979878,0.891092701715066,5.723788177895439
035420,2020-09-24,0.0118,6.0,0.4151,0.197,10.0,6.25,3.0,9.0,116.21025175816456,7.090282866955805,0.06101254200628357,0.18015262760979878,0.891092701715066,5.683192050784439
035420,2020-09-25,0.1802,6.0,0.6641,0.1836,6.0,6.25,3.0,9.0,116.60552472332839,7.114399475346811,0.06101254200628357,0.18015262760979878,0.891092701715066,5.6994305016288385
035420,2020-09-26,-0.9997,6.0,0.0,0.4444,1.0,6.25,3.0,9.0,116.60552472332839,7.114399475346811,0.06101254200628357,0.18015262760979878,0.891092701715066,5.6994305016288385
035420,2020-09-27,0.0,4.0,0.0001,0.1828,5.0,6.25,3.0,9.0,116.60552472332839,7.114399475346811,0.06101254200628357,0.18015262760979878,0.891092701715066,5.6994305016288385
035420,2020-09-28,-0.0003,5.0,0.7066,0.1489,8.0,6.25,3.0,9.0,117.98898010140178,7.198807604715333,0.06101254200628357,0.18015262760979878,0.891092701715066,5.756265079584239
035420,2020-09-29,0.1046,6.0,0.5589,0.1734,9.0,6.25,3.0,9.0,117.19843417107413,7.150574387933321,0.06101254200628357,0.18015262760979878,0.891092701715066,5.723788177895439
035420,2020-09-30,0.0,3.0,0.0,0.1269,2.0,6.25,3.0,9.0,117.19843417107413,7.150574387933321,0.06101254200628357,0.18015262760979878,0.891092701715066,5.723788177895439
035420,2020-10-01,-0.1422,3.0,0.0,0.1064,1.0,6.25,3.0,10.0,117.19843417107413,7.150574387933321,0.06101254200628357,0.18015262760979878,0.891092701715066,5.723788177895439
035420,2020-10-02,0.0,3.0,0.0,0.2,1.0,6.25,3.0,10.0,117.19843417107413,7.150574387933321,0.06101254200628357,0.18015262760979878,0.891092701715066,5.723788177895439
035420,2020-10-03,-0.0035,3.0,0.0,0.0833,1.0,6.25,3.0,10.0,117.19843417107413,7.150574387933321,0.06101254200628357,0.18015262760979878,0.891092701715066,5.723788177895439
035420,2020-10-04,-0.0,3.0,0.0,0.275,1.0,6.25,3.0,10.0,117.19843417107413,7.150574387933321,0.06101254200628357,0.18015262760979878,0.891092701715066,5.723788177895439
035420,2020-10-05,0.0,4.0,0.0,0.4071,3.0,6.25,3.0,10.0,117.98898010140178,7.198807604715333,0.06101254200628357,0.18015262760979878,0.891092701715066,5.756265079584239
035420,2020-10-06,-0.6258,9.0,0.5768,0.1552,16.0,6.25,3.0,10.0,120.55825437496664,7.355565559256873,0.06101254200628357,0.18015262760979878,0.891092701715066,5.8618150100728394
035420,2020-10-07,-0.3082,8.0,0.6353,0.2433,20.0,6.25,3.0,10.0,120.55825437496664,7.355565559256873,0.06101254200628357,0.18015262760979878,0.891092701715066,5.8618150100728394
035420,2020-10-08,0.0861,6.0,0.5417,0.2376,10.0,6.25,3.0,10.0,118.97716251431133,7.259099125692848,0.06101254200628357,0.18015262760979878,0.891092701715066,5.796861206695239
035420,2020-10-09,-0.3331,5.0,0.4711,0.1813,3.0,6.25,3.0,10.0,118.97716251431133,7.259099125692848,0.06101254200628357,0.18015262760979878,0.891092701715066,5.796861206695239
035420,2020-10-10,0.0216,7.0,0.1496,0.2923,42.0,6.25,3.0,10.0,118.97716251431133,7.259099125692848,0.06101254200628357,0.18015262760979878,0.891092701715066,5.796861206695239
035420,2020-10-11,0.0795,5.0,0.1989,0.0789,7.0,6.25,3.0,10.0,118.97716251431133,7.259099125692848,0.06101254200628357,0.18015262760979878,0.891092701715066,5.796861206695239
035420,2020-10-12,0.0944,6.0,0.6739,0.168,10.0,6.25,3.0,10.0,115.4197058278369,7.042049650173793,0.06101254200628357,0.18015262760979878,0.891092701715066,5.650715149095639
035420,2020-10-13,0.0705,5.0,0.3844,0.2135,8.0,6.25,3.0,10.0,116.60552472332839,7.114399475346811,0.06101254200628357,0.18015262760979878,0.891092701715066,5.6994305016288385
035420,2020-10-14,0.1219,7.0,0.5003,0.1625,23.0,6.25,3.0,10.0,117.98898010140178,7.198807604715333,0.06101254200628357,0.18015262760979878,0.891092701715066,5.756265079584239
035420,2020-10-15,-0.1903,8.0,0.6458,0.2177,13.0,6.25,3.0,10.0,115.61734231041882,7.054107954369296,0.06101254200628357,0.18015262760979878,0.891092701715066,5.658834374517839
035420,2020-10-16,0.1153,6.0,0.5581,0.207,9.0,6.25,3.0,10.0,116.01261527558265,7.078224562760302,0.06101254200628357,0.18015262760979878,0.891092701715066,5.675072825362238
035420,2020-10-17,-0.0,3.0,0.0,0.1739,1.0,6.25,3.0,10.0,116.01261527558265,7.078224562760302,0.06101254200628357,0.18015262760979878,0.891092701715066,5.675072825362238
035420,2020-10-18,-0.1312,4.0,0.1776,0.1395,3.0,6.25,3.0,10.0,116.01261527558265,7.078224562760302,0.06101254200628357,0.18015262760979878,0.891092701715066,5.675072825362238
035420,2020-10-19,0.2234,7.0,0.4931,0.1842,11.0,6.25,3.0,10.0,113.04806803685396,6.897349999827756,0.06101254200628357,0.18015262760979878,0.891092701715066,5.553284444029239
035420,2020-10-20,0.3412,8.0,0.5464,0.1547,15.0,6.25,3.0,10.0,114.62915989750927,6.993816433391781,0.06101254200628357,0.18015262760979878,0.891092701715066,5.618238247406839
035420,2020-10-21,0.232,8.0,0.5762,0.1478,12.0,6.25,3.0,10.0,117.59370713623795,7.174690996324327,0.06101254200628357,0.18015262760979878,0.891092701715066,5.740026628739838
035420,2020-10-22,-0.4498,5.0,0.4469,0.2376,4.0,6.25,3.0,10.0,115.81497879300073,7.066166258564799,0.06101254200628357,0.18015262760979878,0.891092701715066,5.666953599940038
035420,2020-10-23,0.062,6.0,0.5813,0.1358,9.0,6.25,3.0,10.0,113.24570451943588,6.909408304023259,0.06101254200628357,0.18015262760979878,0.891092701715066,5.561403669451439
035420,2020-10-24,0.3333,5.0,0.4713,0.0685,3.0,6.25,3.0,10.0,113.24570451943588,6.909408304023259,0.06101254200628357,0.18015262760979878,0.891092701715066,5.561403669451439
035420,2020-10-25,,,,,0.0,6.25,3.0,10.0,113.24570451943588,6.909408304023259,0.06101254200628357,0.18015262760979878,0.891092701715066,5.561403669451439
035420,2020-10-26,0.2311,8.0,0.3715,0.1484,14.0,6.25,3.0,10.0,111.26933969361674,6.788825262068229,0.06101254200628357,0.18015262760979878,0.891092701715066,5.480211415229439
035420,2020-10-27,0.2286,8.0,0.667,0.2079,14.0,6.25,3.0,10.0,112.0598856239444,6.837058478850241,0.06101254200628357,0.18015262760979878,0.891092701715066,5.512688316918239
035420,2020-10-28,0.1242,5.0,0.3281,0.1919,8.0,6.25,3.0,10.0,117.98898010140178,7.198807604715333,0.06101254200628357,0.18015262760979878,0.891092701715066,5.756265079584239
035420,2020-10-29,0.5036,9.0,0.5438,0.2382,16.0,6.25,3.0,10.0,117.98898010140178,7.198807604715333,0.06101254200628357,0.18015262760979878,0.891092701715066,5.756265079584239
035420,2020-10-30,0.1475,4.0,0.6867,0.194,5.0,6.25,3.0,10.0,114.62915989750927,6.993816433391781,0.06101254200628357,0.18015262760979878,0.891092701715066,5.618238247406839
035420,2020-10-31,0.991,6.0,0.0,0.2766,1.0,6.25,3.0,10.0,114.62915989750927,6.993816433391781,0.06101254200628357,0.18015262760979878,0.891092701715066,5.618238247406839
035420,2020-11-01,0.3329,5.0,0.4711,0.1944,3.0,6.25,3.0,11.0,114.62915989750927,6.993816433391781,0.06101254200628357,0.18015262760979878,0.891092701715066,5.618238247406839
035420,2020-11-02,0.4391,8.0,0.4761,0.1365,14.0,6.25,3.0,11.0,112.85043155427205,6.885291695632253,0.06101254200628357,0.18015262760979878,0.891092701715066,5.545165218607038
035420,2020-11-03,-0.0516,6.0,0.1583,0.1868,9.0,6.25,3.0,11.0,111.86224914136248,6.825000174654738,0.06101254200628357,0.18015262760979878,0.891092701715066,5.504569091496039
035420,2020-11-04,0.2856,6.0,0.4515,0.1833,7.0,6.25,3.0,11.0,117.98898010140178,7.198807604715333,0.06101254200628357,0.18015262760979878,0.891092701715066,5.756265079584239
035420,2020-11-05,0.4814,4.0,0.4811,0.2489,2.0,6.25,3.0,11.0,118.18661658398369,7.210865908910836,0.06101254200628357,0.18015262760979878,0.891092701715066,5.7643843050064385
035420,2020-11-06,-0.1402,7.0,0.742,0.2115,14.0,6.25,3.0,11.0,118.97716251431133,7.259099125692848,0.06101254200628357,0.18015262760979878,0.891092701715066,5.796861206695239
035420,2020-11-07,,,,,0.0,6.25,3.0,11.0,118.97716251431133,7.259099125692848,0.06101254200628357,0.18015262760979878,0.891092701715066,5.796861206695239
035420,2020-11-08,,,,,0.0,6.25,3.0,11.0,118.97716251431133,7.259099125692848,0.06101254200628357,0.18015262760979878,0.891092701715066,5.796861206695239
035420,2020-11-09,0.1099,6.0,0.3139,0.1566,9.0,6.25,3.0,11.0,117.79134361881987,7.18674930051983,0.06101254200628357,0.18015262760979878,0.891092701715066,5.748145854162038
035420,2020-11-10,0.1151,7.0,0.6605,0.202,16.0,6.25,3.0,11.0,111.86224914136248,6.825000174654738,0.06101254200628357,0.18015262760979878,0.891092701715066,5.504569091496039
035420,2020-11-11,-0.0093,4.0,0.0132,0.2509,3.0,6.25,3.0,11.0,110.67643024587102,6.752650349481719,0.06101254200628357,0.18015262760979878,0.891092701715066,5.455853738962839
035420,2020-11-12,0.3328,5.0,0.4706,0.134,3.0,6.25,3.0,11.0,110.28115728070719,6.728533741090713,0.06101254200628357,0.18015262760979878,0.891092701715066,5.439615288118439
035420,2020-11-13,0.1229,5.0,0.3317,0.1772,8.0,6.25,3.0,11.0,111.07170321103484,6.776766957872725,0.06101254200628357,0.18015262760979878,0.891092701715066,5.472092189807239
035420,2020-11-14,0.0377,3.0,0.0378,0.2,2.0,6.25,3.0,11.0,111.07170321103484,6.776766957872725,0.06101254200628357,0.18015262760979878,0.891092701715066,5.472092189807239
035420,2020-11-15,-0.0265,3.0,0.0,0.1163,1.0,6.25,3.0,11.0,111.07170321103484,6.776766957872725,0.06101254200628357,0.18015262760979878,0.891092701715066,5.472092189807239
035420,2020-11-16,0.4048,8.0,0.4955,0.1665,12.0,6.25,3.0,11.0,109.88588431554336,6.704417132699707,0.06101254200628357,0.18015262760979878,0.891092701715066,5.423376837274039
035420,2020-11-17,0.0583,5.0,0.2201,0.1474,8.0,6.25,3.0,11.0,108.70006542005189,6.632067307526689,0.06101254200628357,0.18015262760979878,0.891092701715066,5.374661484740839
035420,2020-11-18,0.1116,5.0,0.3389,0.2249,8.0,6.25,3.0,11.0,111.07170321103484,6.776766957872725,0.06101254200628357,0.18015262760979878,0.891092701715066,5.472092189807239
035420,2020-11-19,0.3287,6.0,0.4648,0.1798,6.0,6.25,3.0,11.0,110.87406672845293,6.764708653677222,0.06101254200628357,0.18015262760979878,0.891092701715066,5.4639729643850385
035420,2020-11-20,0.9991,7.0,0.0006,0.1809,3.0,6.25,3.0,11.0,111.07170321103484,6.776766957872725,0.06101254200628357,0.18015262760979878,0.891092701715066,5.472092189807239
035420,2020-11-21,,,,,0.0,6.25,3.0,11.0,111.07170321103484,6.776766957872725,0.06101254200628357,0.18015262760979878,0.891092701715066,5.472092189807239
035420,2020-11-22,0.4974,5.0,0.4931,0.1386,4.0,6.25,3.0,11.0,111.07170321103484,6.776766957872725,0.06101254200628357,0.18015262760979878,0.891092701715066,5.472092189807239
035420,2020-11-23,0.1206,5.0,0.6304,0.1327,7.0,6.25,3.0,11.0,111.26933969361674,6.788825262068229,0.06101254200628357,0.18015262760979878,0.891092701715066,5.480211415229439
035420,2020-11-24,-0.0247,7.0,0.4883,0.1786,13.0,6.25,3.0,11.0,111.66461265878057,6.812941870459235,0.06101254200628357,0.18015262760979878,0.891092701715066,5.496449866073839
035420,2020-11-25,0.2535,5.0,0.3839,0.1913,5.0,6.25,3.0,11.0,110.08352079812528,6.71647543689521,0.06101254200628357,0.18015262760979878,0.891092701715066,5.4314960626962385
035420,2020-11-26,0.2856,6.0,0.4146,0.185,8.0,6.25,3.0,11.0,112.85043155427205,6.885291695632253,0.06101254200628357,0.18015262760979878,0.891092701715066,5.545165218607038
035420,2020-11-27,0.0945,5.0,0.5559,0.1229,8.0,6.25,3.0,11.0,112.45515858910822,6.861175087241247,0.06101254200628357,0.18015262760979878,0.891092701715066,5.528926767762639
035420,2020-11-28,,,,,0.0,6.25,3.0,11.0,112.45515858910822,6.861175087241247,0.06101254200628357,0.18015262760979878,0.891092701715066,5.528926767762639
035420,2020-11-29,0.2003,7.0,0.3969,0.1228,10.0,6.25,3.0,11.0,112.45515858910822,6.861175087241247,0.06101254200628357,0.18015262760979878,0.891092701715066,5.528926767762639
035420,2020-11-30,0.2704,6.0,0.5114,0.2686,7.0,6.25,3.0,11.0,109.68824783296145,6.692358828504204,0.06101254200628357,0.18015262760979878,0.891092701715066,5.415257611851839
035420,2020-12-01,0.2995,8.0,0.4712,0.1772,13.0,6.25,3.0,12.0,112.85043155427205,6.885291695632253,0.06101254200628357,0.18015262760979878,0.891092701715066,5.545165218607038
035420,2020-12-02,0.0471,5.0,0.1246,0.1809,8.0,6.25,3.0,12.0,112.0598856239444,6.837058478850241,0.06101254200628357,0.18015262760979878,0.891092701715066,5.512688316918239
035420,2020-12-03,0.0967,7.0,0.5369,0.1199,14.0,6.25,3.0,12.0,113.44334100201779,6.921466608218762,0.06101254200628357,0.18015262760979878,0.891092701715066,5.569522894873639
035420,2020-12-04,0.3801,6.0,0.5384,0.2667,7.0,6.25,3.0,12.0,116.21025175816456,7.090282866955805,0.06101254200628357,0.18015262760979878,0.891092701715066,5.683192050784439
035420,2020-12-05,0.0,3.0,0.0,0.1837,1.0,6.25,3.0,12.0,116.21025175816456,7.090282866955805,0.06101254200628357,0.18015262760979878,0.891092701715066,5.683192050784439
035420,2020-12-06,0.0089,3.0,0.0043,0.2045,2.0,6.25,3.0,12.0,116.21025175816456,7.090282866955805,0.06101254200628357,0.18015262760979878,0.891092701715066,5.683192050784439
035420,2020-12-07,0.402,6.0,0.4649,0.1383,8.0,6.25,3.0,12.0,114.43152341492736,6.981758129196278,0.06101254200628357,0.18015262760979878,0.891092701715066,5.610119021984638
035420,2020-12-08,0.3335,5.0,0.4712,0.203,3.0,6.25,3.0,12.0,112.65279507169014,6.87323339143675,0.06101254200628357,0.18015262760979878,0.891092701715066,5.537045993184839
035420,2020-12-09,0.5556,7.0,0.3949,0.1752,7.0,6.25,3.0,12.0,113.83861396718162,6.945583216609768,0.06101254200628357,0.18015262760979878,0.891092701715066,5.585761345718039
035420,2020-12-10,0.0018,5.0,0.0026,0.154,6.0,6.25,3.0,12.0,113.04806803685396,6.897349999827756,0.06101254200628357,0.18015262760979878,0.891092701715066,5.553284444029239
035420,2020-12-11,0.2033,6.0,0.4419,0.1817,8.0,6.25,3.0,12.0,114.62915989750927,6.993816433391781,0.06101254200628357,0.18015262760979878,0.891092701715066,5.618238247406839
035420,2020-12-12,0.0,3.0,0.0,0.0612,1.0,6.25,3.0,12.0,114.62915989750927,6.993816433391781,0.06101254200628357,0.18015262760979878,0.891092701715066,5.618238247406839
035420,2020-12-13,0.0,3.0,0.0,0.234,1.0,6.25,3.0,12.0,114.62915989750927,6.993816433391781,0.06101254200628357,0.18015262760979878,0.891092701715066,5.618238247406839
035420,2020-12-14,0.0315,4.0,0.0623,0.1476,5.0,6.25,3.0,12.0,113.04806803685396,6.897349999827756,0.06101254200628357,0.18015262760979878,0.891092701715066,5.553284444029239
035420,2020-12-15,-0.0027,4.0,0.0057,0.1649,5.0,6.25,3.0,12.0,111.86224914136248,6.825000174654738,0.06101254200628357,0.18015262760979878,0.891092701715066,5.504569091496039
035420,2020-12-16,-0.0017,4.0,0.0021,0.1415,5.0,6.25,3.0,12.0,112.85043155427205,6.885291695632253,0.06101254200628357,0.18015262760979878,0.891092701715066,5.545165218607038
035420,2020-12-17,0.3542,5.0,0.3981,0.1682,4.0,6.25,3.0,12.0,112.65279507169014,6.87323339143675,0.06101254200628357,0.18015262760979878,0.891092701715066,5.537045993184839
035420,2020-12-18,0.3999,5.0,0.4898,0.1297,5.0,6.25,3.0,12.0,111.66461265878057,6.812941870459235,0.06101254200628357,0.18015262760979878,0.891092701715066,5.496449866073839
035420,2020-12-19,0.0003,3.0,0.0,0.1176,1.0,6.25,3.0,12.0,111.66461265878057,6.812941870459235,0.06101254200628357,0.18015262760979878,0.891092701715066,5.496449866073839
035420,2020-12-20,-0.0,3.0,0.0,0.1,1.0,6.25,3.0,12.0,111.66461265878057,6.812941870459235,0.06101254200628357,0.18015262760979878,0.891092701715066,5.496449866073839
035420,2020-12-21,0.4999,4.0,0.4999,0.1442,2.0,6.25,3.0,12.0,112.25752210652631,6.849116783045744,0.06101254200628357,0.18015262760979878,0.891092701715066,5.520807542340439
035420,2020-12-22,0.0431,5.0,0.4693,0.1372,7.0,6.25,3.0,12.0,112.25752210652631,6.849116783045744,0.06101254200628357,0.18015262760979878,0.891092701715066,5.520807542340439
035420,2020-12-23,0.3109,7.0,0.4487,0.1703,9.0,6.25,3.0,12.0,112.25752210652631,6.849116783045744,0.06101254200628357,0.18015262760979878,0.891092701715066,5.520807542340439
035420,2020-12-24,0.3335,7.0,0.4712,0.1868,9.0,6.25,3.0,12.0,111.46697617619866,6.800883566263732,0.06101254200628357,0.18015262760979878,0.891092701715066,5.488330640651639
035420,2020-12-25,,,,,0.0,6.25,3.0,12.0,111.46697617619866,6.800883566263732,0.06101254200628357,0.18015262760979878,0.891092701715066,5.488330640651639
035420,2020-12-26,-0.0,3.0,0.0,0.1556,1.0,6.25,3.0,12.0,111.46697617619866,6.800883566263732,0.06101254200628357,0.18015262760979878,0.891092701715066,5.488330640651639
035420,2020-12-27,0.4998,4.0,0.4998,0.225,2.0,6.25,3.0,12.0,111.46697617619866,6.800883566263732,0.06101254200628357,0.18015262760979878,0.891092701715066,5.488330640651639
035420,2020-12-28,0.1085,7.0,0.4288,0.2501,15.0,6.25,3.0,12.0,111.07170321103484,6.776766957872725,0.06101254200628357,0.18015262760979878,0.891092701715066,5.472092189807239
035420,2020-12-29,0.2765,5.0,0.4198,0.1866,4.0,6.25,3.0,12.0,111.86224914136248,6.825000174654738,0.06101254200628357,0.18015262760979878,0.891092701715066,5.504569091496039
035420,2020-12-30,0.2343,6.0,0.3554,0.1396,7.0,6.25,3.0,12.0,115.61734231041882,7.054107954369296,0.06101254200628357,0.18015262760979878,0.891092701715066,5.658834374517839
035420,2020-12-31,0.0002,3.0,0.0002,0.1661,2.0,6.25,3.0,12.0,115.61734231041882,7.054107954369296,0.06101254200628357,0.18015262760979878,0.891092701715066,5.658834374517839
035420,2021-01-01,-0.2955,7.0,0.4178,0.1605,9.0,6.25,3.0,13.0,115.61734231041882,7.054107954369296,0.06101254200628357,0.18015262760979878,0.891092701715066,5.658834374517839
035420,2021-01-02,,,,,0.0,6.25,3.0,13.0,115.61734231041882,7.054107954369296,0.06101254200628357,0.18015262760979878,0.891092701715066,5.658834374517839
035420,2021-01-03,0.0002,4.0,0.0004,0.2331,4.0,6.25,3.0,13.0,115.61734231041882,7.054107954369296,0.06101254200628357,0.18015262760979878,0.891092701715066,5.658834374517839
035420,2021-01-04,0.1428,5.0,0.3499,0.3745,7.0,6.25,3.0,13.0,115.81497879300073,7.066166258564799,0.06101254200628357,0.18015262760979878,0.891092701715066,5.666953599940038
035420,2021-01-05,0.2012,5.0,0.3983,0.1341,5.0,6.25,3.0,13.0,115.61734231041882,7.054107954369296,0.06101254200628357,0.18015262760979878,0.891092701715066,5.658834374517839
035420,2021-01-06,-0.1415,4.0,0.4355,0.2006,5.0,6.25,3.0,13.0,114.62915989750927,6.993816433391781,0.06101254200628357,0.18015262760979878,0.891092701715066,5.618238247406839
035420,2021-01-07,0.1107,6.0,0.3405,0.182,11.0,6.25,3.0,13.0,114.43152341492736,6.981758129196278,0.06101254200628357,0.18015262760979878,0.891092701715066,5.610119021984638
035420,2021-01-08,0.4397,7.0,0.6833,0.1846,9.0,6.25,3.0,13.0,123.32516513111341,7.524381817993916,0.06101254200628357,0.18015262760979878,0.891092701715066,5.975484165983639
035420,2021-01-09,0.0,3.0,0.0,0.1364,1.0,6.25,3.0,13.0,123.32516513111341,7.524381817993916,0.06101254200628357,0.18015262760979878,0.891092701715066,5.975484165983639
035420,2021-01-10,,,,,0.0,6.25,3.0,13.0,123.32516513111341,7.524381817993916,0.06101254200628357,0.18015262760979878,0.891092701715066,5.975484165983639
035420,2021-01-11,0.8475,10.0,0.359,0.2467,20.0,6.25,3.0,13.0,122.13934623562194,7.452031992820897,0.06101254200628357,0.18015262760979878,0.891092701715066,5.926768813450438
035420,2021-01-12,0.1737,6.0,0.3781,0.0797,6.0,6.25,3.0,13.0,120.16298140980281,7.331448950865867,0.06101254200628357,0.18015262760979878,0.891092701715066,5.845576559228439
035420,2021-01-13,0.0044,5.0,0.5697,0.1345,6.0,6.25,3.0,13.0,124.11571106144106,7.572615034775928,0.06101254200628357,0.18015262760979878,0.891092701715066,6.007961067672438
035420,2021-01-14,-0.0,3.0,0.0,0.22,1.0,6.25,3.0,13.0,125.69680292209637,7.669081468339953,0.06101254200628357,0.18015262760979878,0.891092701715066,6.072914871050038
035420,2021-01-15,0.2826,6.0,0.4469,0.1018,7.0,6.25,3.0,13.0,120.95352734013046,7.3796821676478785,0.06101254200628357,0.18015262760979878,0.891092701715066,5.878053460917238
035420,2021-01-16,,,,,0.0,6.25,3.0,13.0,120.95352734013046,7.3796821676478785,0.06101254200628357,0.18015262760979878,0.891092701715066,5.878053460917238
035420,2021-01-17,0.0011,3.0,0.0011,0.1957,2.0,6.25,3.0,13.0,120.95352734013046,7.3796821676478785,0.06101254200628357,0.18015262760979878,0.891092701715066,5.878053460917238
035420,2021-01-18,0.2128,5.0,0.3943,0.1597,5.0,6.25,3.0,13.0,118.77952603172943,7.247040821497345,0.06101254200628357,0.18015262760979878,0.891092701715066,5.788741981273039
035420,2021-01-19,-0.0041,6.0,0.6563,0.1888,9.0,6.25,3.0,13.0,121.74407327045812,7.427915384429891,0.06101254200628357,0.18015262760979878,0.891092701715066,5.910530362606039
035420,2021-01-20,0.3167,8.0,0.6483,0.3198,14.0,6.25,3.0,13.0,121.74407327045812,7.427915384429891,0.06101254200628357,0.18015262760979878,0.891092701715066,5.910530362606039
035420,2021-01-21,0.4113,8.0,0.634,0.2131,13.0,6.25,3.0,13.0,127.47553126533357,7.77760620609948,0.06101254200628357,0.18015262760979878,0.891092701715066,6.145987899849838
035420,2021-01-22,0.3934,7.0,0.4426,0.265,9.0,6.25,3.0,13.0,135.7762635337739,8.284054982310609,0.06101254200628357,0.18015262760979878,0.891092701715066,6.486995367582239
035420,2021-01-23,,,,,0.0,6.25,3.0,13.0,135.7762635337739,8.284054982310609,0.06101254200628357,0.18015262760979878,0.891092701715066,6.486995367582239
035420,2021-01-24,0.3327,5.0,0.4702,0.2319,3.0,6.25,3.0,13.0,135.7762635337739,8.284054982310609,0.06101254200628357,0.18015262760979878,0.891092701715066,6.486995367582239
035420,2021-01-25,0.4986,5.0,0.4985,0.1419,4.0,6.25,3.0,13.0,137.95026484217493,8.416696328461143,0.06101254200628357,0.18015262760979878,0.891092701715066,6.576306847226438
035420,2021-01-26,0.1239,5.0,0.5966,0.1476,8.0,6.25,3.0,13.0,135.18335408602817,8.2478800697241,0.06101254200628357,0.18015262760979878,0.891092701715066,6.4626376913156385
035420,2021-01-27,0.1288,7.0,0.3325,0.2523,23.0,6.25,3.0,13.0,134.98571760344626,8.235821765528597,0.06101254200628357,0.18015262760979878,0.891092701715066,6.454518465893438
035420,2021-01-28,0.3254,8.0,0.594,0.1921,19.0,6.25,3.0,13.0,140.3219026331579,8.56139597880718,0.06101254200628357,0.18015262760979878,0.891092701715066,6.673737552292838
035420,2021-01-29,0.5354,8.0,0.4795,0.2427,9.0,6.25,3.0,13.0,135.578627051192,8.271996678115107,0.06101254200628357,0.18015262760979878,0.891092701715066,6.478876142160038
035420,2021-01-30,,,,,0.0,6.25,3.0,13.0,135.578627051192,8.271996678115107,0.06101254200628357,0.18015262760979878,0.891092701715066,6.478876142160038
035420,2021-01-31,0.0001,4.0,0.0003,0.1559,5.0,6.25,3.0,13.0,135.578627051192,8.271996678115107,0.06101254200628357,0.18015262760979878,0.891092701715066,6.478876142160038
035420,2021-02-01,0.3309,6.0,0.468,0.2302,6.0,6.25,3.0,14.0,137.5549918770111,8.392579720070136,0.06101254200628357,0.18015262760979878,0.891092701715066,6.5600683963820385
035420,2021-02-02,0.4237,6.0,0.4893,0.1634,7.0,6.25,3.0,14.0,143.2864498718866,8.742270541739726,0.06101254200628357,0.18015262760979878,0.891092701715066,6.7955259336258385
035420,2021-02-03,0.187,6.0,0.3479,0.2689,7.0,6.25,3.0,14.0,146.44863359319717,8.935203408867775,0.06101254200628357,0.18015262760979878,0.891092701715066,6.9254335403810385
035420,2021-02-04,-0.0049,7.0,0.5745,0.1205,16.0,6.25,3.0,14.0,141.50772152864937,8.633745803980199,0.06101254200628357,0.18015262760979878,0.891092701715066,6.722452904826038
035420,2021-02-05,0.0075,5.0,0.5644,0.2433,6.0,6.25,3.0,14.0,143.2864498718866,8.742270541739726,0.06101254200628357,0.18015262760979878,0.891092701715066,6.7955259336258385
035420,2021-02-06,0.0045,3.0,0.0,0.1562,1.0,6.25,3.0,14.0,143.2864498718866,8.742270541739726,0.06101254200628357,0.18015262760979878,0.891092701715066,6.7955259336258385
035420,2021-02-07,-0.0,3.0,0.0,0.0851,1.0,6.25,3.0,14.0,143.2864498718866,8.742270541739726,0.06101254200628357,0.18015262760979878,0.891092701715066,6.7955259336258385
035420,2021-02-08,-0.0002,5.0,0.0005,0.1361,6.0,6.25,3.0,14.0,141.31008504606746,8.621687499784695,0.06101254200628357,0.18015262760979878,0.891092701715066,6.714333679403838
035420,2021-02-09,-0.1308,5.0,0.3555,0.1391,7.0,6.25,3.0,14.0,141.70535801123128,8.645804108175701,0.06101254200628357,0.18015262760979878,0.891092701715066,6.730572130248238
035420,2021-02-10,0.0199,5.0,0.0443,0.2062,6.0,6.25,3.0,14.0,144.86754173254187,8.83873697530375,0.06101254200628357,0.18015262760979878,0.891092701715066,6.8604797370034385
035420,2021-02-11,0.0002,4.0,0.0002,0.1523,3.0,6.25,3.0,14.0,144.86754173254187,8.83873697530375,0.06101254200628357,0.18015262760979878,0.891092701715066,6.8604797370034385
035420,2021-02-12,,,,,0.0,6.25,3.0,14.0,144.86754173254187,8.83873697530375,0.06101254200628357,0.18015262760979878,0.891092701715066,6.8604797370034385
035420,2021-02-13,0.0,3.0,0.0,0.1042,1.0,6.25,3.0,14.0,144.86754173254187,8.83873697530375,0.06101254200628357,0.18015262760979878,0.891092701715066,6.8604797370034385
035420,2021-02-14,0.0543,3.0,0.0543,0.1233,2.0,6.25,3.0,14.0,144.86754173254187,8.83873697530375,0.06101254200628357,0.18015262760979878,0.891092701715066,6.8604797370034385
035420,2021-02-15,0.3993,7.0,0.4899,0.1804,10.0,6.25,3.0,14.0,152.37772807065454,9.296952534732867,0.06101254200628357,0.18015262760979878,0.891092701715066,7.169010303047038
035420,2021-02-16,0.4303,8.0,0.455,0.2415,16.0,6.25,3.0,14.0,155.73754827454707,9.50194370605642,0.06101254200628357,0.18015262760979878,0.891092701715066,7.307037135224438
035420,2021-02-17,0.1055,7.0,0.4463,0.1268,16.0,6.25,3.0,14.0,154.9470023442194,9.453710489274407,0.06101254200628357,0.18015262760979878,0.891092701715066,7.274560233535637
035420,2021-02-18,-0.2715,6.0,0.4599,0.2104,7.0,6.25,3.0,14.0,153.3659104835641,9.357244055710382,0.06101254200628357,0.18015262760979878,0.891092701715066,7.209606430158037
035420,2021-02-19,0.163,6.0,0.4684,0.1761,10.0,6.25,3.0,14.0,157.31864013520237,9.598410139620444,0.06101254200628357,0.18015262760979878,0.891092701715066,7.371990938602038
035420,2021-02-20,0.0001,4.0,0.0001,0.1462,3.0,6.25,3.0,14.0,157.31864013520237,9.598410139620444,0.06101254200628357,0.18015262760979878,0.891092701715066,7.371990938602038
035420,2021-02-21,-0.0096,4.0,0.6671,0.1542,4.0,6.25,3.0,14.0,157.31864013520237,9.598410139620444,0.06101254200628357,0.18015262760979878,0.891092701715066,7.371990938602038
035420,2021-02-22,0.0936,4.0,0.1032,0.1298,4.0,6.25,3.0,14.0,152.77300103581837,9.321069143123873,0.06101254200628357,0.18015262760979878,0.891092701715066,7.185248753891438
035420,2021-02-23,0.2257,5.0,0.6849,0.1697,5.0,6.25,3.0,14.0,154.35409289647367,9.417535576687898,0.06101254200628357,0.18015262760979878,0.891092701715066,7.250202557269038
035420,2021-02-24,0.114,6.0,0.5366,0.1576,10.0,6.25,3.0,14.0,147.83208897127057,9.019611538236296,0.06101254200628357,0.18015262760979878,0.891092701715066,6.982268118336438
035420,2021-02-25,0.0218,7.0,0.5311,0.1893,19.0,6.25,3.0,14.0,151.389545657745,9.236661013755352,0.06101254200628357,0.18015262760979878,0.891092701715066,7.128414175936038
035420,2021-02-26,0.1321,5.0,0.3305,0.2315,8.0,6.25,3.0,14.0,148.2273619364344,9.043728146627302,0.06101254200628357,0.18015262760979878,0.891092701715066,6.998506569180838
035420,2021-02-27,-0.0001,3.0,0.0001,0.3277,2.0,6.25,3.0,14.0,148.2273619364344,9.043728146627302,0.06101254200628357,0.18015262760979878,0.891092701715066,6.998506569180838
035420,2021-02-28,-0.1429,3.0,0.0,0.093,1.0,6.25,3.0,14.0,148.2273619364344,9.043728146627302,0.06101254200628357,0.18015262760979878,0.891092701715066,6.998506569180838
035420,2021-03-01,0.2427,7.0,0.3427,0.1303,10.0,6.25,3.0,15.0,148.2273619364344,9.043728146627302,0.06101254200628357,0.18015262760979878,0.891092701715066,6.998506569180838
035420,2021-03-02,0.2596,8.0,0.4324,0.2122,19.0,6.25,3.0,15.0,149.21554434934396,9.104019667604819,0.06101254200628357,0.18015262760979878,0.891092701715066,7.039102696291838
035420,2021-03-03,0.2726,8.0,0.4176,0.1959,19.0,6.25,3.0,15.0,157.9115495829481,9.634585052206953,0.06101254200628357,0.18015262760979878,0.891092701715066,7.396348614868638
035420,2021-03-04,0.4677,7.0,0.4738,0.1671,9.0,6.25,3.0,15.0,154.7493658616375,9.441652185078905,0.06101254200628357,0.18015262760979878,0.891092701715066,7.266441008113438
035420,2021-03-05,-0.0313,6.0,0.6191,0.2349,9.0,6.25,3.0,15.0,149.21554434934396,9.104019667604819,0.06101254200628357,0.18015262760979878,0.891092701715066,7.039102696291838
035420,2021-03-06,0.0142,3.0,0.0,0.1304,1.0,6.25,3.0,15.0,149.21554434934396,9.104019667604819,0.06101254200628357,0.18015262760979878,0.891092701715066,7.039102696291838
035420,2021-03-07,-0.9992,6.0,0.0,0.0444,1.0,6.25,3.0,15.0,149.21554434934396,9.104019667604819,0.06101254200628357,0.18015262760979878,0.891092701715066,7.039102696291838
035420,2021-03-08,-0.0,4.0,0.0,0.1343,4.0,6.25,3.0,15.0,145.65808766286952,8.886970192085762,0.06101254200628357,0.18015262760979878,0.891092701715066,6.892956638692238
035420,2021-03-09,0.226,7.0,0.5958,0.1558,10.0,6.25,3.0,15.0,142.89117690672276,8.71815393334872,0.06101254200628357,0.18015262760979878,0.891092701715066,6.779287482781438
035420,2021-03-10,0.2362,8.0,0.4063,0.2103,14.0,6.25,3.0,15.0,147.0415430409429,8.971378321454285,0.06101254200628357,0.18015262760979878,0.891092701715066,6.949791216647639
035420,2021-03-11,0.2655,8.0,0.499,0.2032,22.0,6.25,3.0,15.0,147.63445248868865,9.007553234040794,0.06101254200628357,0.18015262760979878,0.891092701715066,6.974148892914238
035420,2021-03-12,0.2608,7.0,0.431,0.1676,11.0,6.25,3.0,15.0,150.40136324483544,9.176369492777836,0.06101254200628357,0.18015262760979878,0.891092701715066,7.087818048825038
035420,2021-03-13,,,,,0.0,6.25,3.0,15.0,150.40136324483544,9.176369492777836,0.06101254200628357,0.18015262760979878,0.891092701715066,7.087818048825038
035420,2021-03-14,0.2001,5.0,0.3996,0.1642,5.0,6.25,3.0,15.0,150.40136324483544,9.176369492777836,0.06101254200628357,0.18015262760979878,0.891092701715066,7.087818048825038
035420,2021-03-15,0.3366,8.0,0.4689,0.1514,12.0,6.25,3.0,15.0,151.389545657745,9.236661013755352,0.06101254200628357,0.18015262760979878,0.891092701715066,7.128414175936038
035420,2021-03-16,0.1336,7.0,0.3179,0.2178,18.0,6.25,3.0,15.0,152.37772807065454,9.296952534732867,0.06101254200628357,0.18015262760979878,0.891092701715066,7.169010303047038
035420,2021-03-17,0.2796,8.0,0.5825,0.2265,12.0,6.25,3.0,15.0,151.58718214032692,9.248719317950854,0.06101254200628357,0.18015262760979878,0.891092701715066,7.136533401358238
035420,2021-03-18,0.4696,7.0,0.4644,0.1932,9.0,6.25,3.0,15.0,159.49264144360342,9.731051485770978,0.06101254200628357,0.18015262760979878,0.891092701715066,7.461302418246238
035420,2021-03-19,0.322,7.0,0.4328,0.192,9.0,6.25,3.0,15.0,158.89973199585768,9.694876573184468,0.06101254200628357,0.18015262760979878,0.891092701715066,7.436944741979638
035420,2021-03-20,0.1634,4.0,0.2311,0.2052,3.0,6.25,3.0,15.0,158.89973199585768,9.694876573184468,0.06101254200628357,0.18015262760979878,0.891092701715066,7.436944741979638
035420,2021-03-21,0.0593,5.0,0.1301,0.1356,8.0,6.25,3.0,15.0,158.89973199585768,9.694876573184468,0.06101254200628357,0.18015262760979878,0.891092701715066,7.436944741979638
035420,2021-03-22,-0.0039,5.0,0.5704,0.1437,6.0,6.25,3.0,15.0,156.72573068745663,9.562235227033934,0.06101254200628357,0.18015262760979878,0.891092701715066,7.347633262335438
035420,2021-03-23,-0.0882,7.0,0.4183,0.1927,13.0,6.25,3.0,15.0,152.57536455323645,9.309010838928371,0.06101254200628357,0.18015262760979878,0.891092701715066,7.177129528469238
035420,2021-03-24,-0.1113,7.0,0.537,0.1703,28.0,6.25,3.0,15.0,152.97063751840028,9.333127447319375,0.06101254200628357,0.18015262760979878,0.891092701715066,7.1933679793136385
035420,2021-03-25,0.08,6.0,0.6708,0.2398,10.0,6.25,3.0,15.0,150.20372676225352,9.164311188582333,0.06101254200628357,0.18015262760979878,0.891092701715066,7.079698823402839
035420,2021-03-26,0.1755,6.0,0.3382,0.1592,8.0,6.25,3.0,15.0,151.389545657745,9.236661013755352,0.06101254200628357,0.18015262760979878,0.891092701715066,7.128414175936038
035420,2021-03-27,0.0034,3.0,0.0059,0.1122,2.0,6.25,3.0,15.0,151.389545657745,9.236661013755352,0.06101254200628357,0.18015262760979878,0.891092701715066,7.128414175936038
035420,2021-03-28,-0.0009,4.0,0.0029,0.1121,5.0,6.25,3.0,15.0,151.389545657745,9.236661013755352,0.06101254200628357,0.18015262760979878,0.891092701715066,7.128414175936038
035420,2021-03-29,-0.204,8.0,0.4028,0.1553,12.0,6.25,3.0,15.0,147.0415430409429,8.971378321454285,0.06101254200628357,0.18015262760979878,0.891092701715066,6.949791216647639
035420,2021-03-30,0.4167,8.0,0.4922,0.2062,12.0,6.25,3.0,15.0,148.82027138418013,9.079903059213812,0.06101254200628357,0.18015262760979878,0.891092701715066,7.022864245447438
035420,2021-03-31,-0.1967,5.0,0.4014,0.1382,5.0,6.25,3.0,15.0,149.01790786676204,9.091961363409315,0.06101254200628357,0.18015262760979878,0.891092701715066,7.0309834708696375
035420,2021-04-01,0.1066,7.0,0.5351,0.1941,16.0,6.25,5.0,4.0,70.25909569914519,7.191735181188797,0.10236020133228521,0.2175973558041061,1.0610498525274037,4.799931897065696
035420,2021-04-02,0.2056,8.0,0.38,0.1785,13.0,6.25,5.0,4.0,70.4447207868576,7.210735802539362,0.10236020133228521,0.2175973558041061,1.0610498525274037,4.810676324184915
035420,2021-04-03,-0.0003,3.0,0.0003,0.0918,2.0,6.25,5.0,4.0,70.4447207868576,7.210735802539362,0.10236020133228521,0.2175973558041061,1.0610498525274037,4.810676324184915
035420,2021-04-04,0.2496,5.0,0.4323,0.2075,4.0,6.25,5.0,4.0,70.4447207868576,7.210735802539362,0.10236020133228521,0.2175973558041061,1.0610498525274037,4.810676324184915
035420,2021-04-05,0.2597,7.0,0.3775,0.2137,9.0,6.25,5.0,4.0,69.98065806757658,7.163234249162949,0.10236020133228521,0.2175973558041061,1.0610498525274037,4.783815256386867
035420,2021-04-06,0.2187,7.0,0.4153,0.1652,9.0,6.25,5.0,4.0,72.11534657626925,7.381741394694445,0.10236020133228521,0.2175973558041061,1.0610498525274037,4.907376168257888
035420,2021-04-07,0.4524,6.0,0.4391,0.1992,6.0,6.25,5.0,4.0,71.37284622541962,7.305738909292185,0.10236020133228521,0.2175973558041061,1.0610498525274037,4.864398459781011
035420,2021-04-08,0.0834,7.0,0.4925,0.1691,12.0,6.25,5.0,4.0,70.8159709622824,7.248737045240491,0.10236020133228521,0.2175973558041061,1.0610498525274037,4.832165178423353
035420,2021-04-09,0.3329,6.0,0.6854,0.1787,7.0,6.25,5.0,4.0,71.18722113770721,7.2867382879416205,0.10236020133228521,0.2175973558041061,1.0610498525274037,4.853654032661791
035420,2021-04-10,,,,,0.0,6.25,5.0,4.0,71.18722113770721,7.2867382879416205,0.10236020133228521,0.2175973558041061,1.0610498525274037,4.853654032661791
035420,2021-04-11,0.329,5.0,0.4698,0.1611,3.0,6.25,5.0,4.0,71.18722113770721,7.2867382879416205,0.10236020133228521,0.2175973558041061,1.0610498525274037,4.853654032661791
035420,2021-04-12,0.141,5.0,0.556,0.2599,7.0,6.25,5.0,4.0,71.55847131313203,7.32473953064275,0.10236020133228521,0.2175973558041061,1.0610498525274037,4.87514288690023
035420,2021-04-13,0.1669,6.0,0.3725,0.162,6.0,6.25,5.0,4.0,72.11534657626925,7.381741394694445,0.10236020133228521,0.2175973558041061,1.0610498525274037,4.907376168257888
035420,2021-04-14,0.2058,6.0,0.5999,0.1599,8.0,6.25,5.0,4.0,72.67222183940646,7.43874325874614,0.10236020133228521,0.2175973558041061,1.0610498525274037,4.939609449615545
035420,2021-04-15,0.1395,7.0,0.3373,0.1915,14.0,6.25,5.0,4.0,72.57940929555025,7.429242948070857,0.10236020133228521,0.2175973558041061,1.0610498525274037,4.934237236055935
035420,2021-04-16,-0.1233,5.0,0.3257,0.176,8.0,6.25,5.0,4.0,72.67222183940646,7.43874325874614,0.10236020133228521,0.2175973558041061,1.0610498525274037,4.939609449615545
035420,2021-04-17,-0.332,5.0,0.4695,0.2122,3.0,6.25,5.0,4.0,72.67222183940646,7.43874325874614,0.10236020133228521,0.2175973558041061,1.0610498525274037,4.939609449615545
035420,2021-04-18,0.9998,6.0,0.0,0.15,1.0,6.25,5.0,4.0,72.67222183940646,7.43874325874614,0.10236020133228521,0.2175973558041061,1.0610498525274037,4.939609449615545
035420,2021-04-19,0.0621,6.0,0.5254,0.1505,11.0,6.25,5.0,4.0,72.39378420783785,7.410242326720292,0.10236020133228521,0.2175973558041061,1.0610498525274037,4.923492808936716
035420,2021-04-20,0.0,5.0,0.5344,0.1221,7.0,6.25,5.0,4.0,72.57940929555025,7.429242948070857,0.10236020133228521,0.2175973558041061,1.0610498525274037,4.934237236055935
035420,2021-04-21,0.1921,8.0,0.3694,0.1423,14.0,6.25,5.0,4.0,70.63034587457001,7.229736423889926,0.10236020133228521,0.2175973558041061,1.0610498525274037,4.821420751304134
035420,2021-04-22,0.1818,7.0,0.3855,0.1531,11.0,6.25,5.0,4.0,70.63034587457001,7.229736423889926,0.10236020133228521,0.2175973558041061,1.0610498525274037,4.821420751304134
035420,2021-04-23,0.1415,5.0,0.3846,0.1153,6.0,6.25,5.0,4.0,70.166283155289,7.182234870513514,0.10236020133228521,0.2175973558041061,1.0610498525274037,4.794559683506087
035420,2021-04-24,-0.4991,4.0,0.4992,0.0766,2.0,6.25,5.0,4.0,70.166283155289,7.182234870513514,0.10236020133228521,0.2175973558041061,1.0610498525274037,4.794559683506087
035420,2021-04-25,-0.0,4.0,0.0,0.1233,3.0,6.25,5.0,4.0,70.166283155289,7.182234870513514,0.10236020133228521,0.2175973558041061,1.0610498525274037,4.794559683506087
035420,2021-04-26,0.0012,6.0,0.0033,0.1968,9.0,6.25,5.0,4.0,70.0734706114328,7.172734559838232,0.10236020133228521,0.2175973558041061,1.0610498525274037,4.7891874699464765
035420,2021-04-27,0.4821,7.0,0.4702,0.1387,9.0,6.25,5.0,4.0,70.5375333307138,7.220236113214644,0.10236020133228521,0.2175973558041061,1.0610498525274037,4.816048537744525
035420,2021-04-28,0.1201,5.0,0.3213,0.2315,8.0,6.25,5.0,4.0,69.33097026058317,7.096732074435972,0.10236020133228521,0.2175973558041061,1.0610498525274037,4.746209761469601
035420,2021-04-29,-0.1326,7.0,0.6452,0.1782,20.0,6.25,5.0,4.0,68.03159464659633,6.963727724982018,0.10236020133228521,0.2175973558041061,1.0610498525274037,4.670998771635067
035420,2021-04-30,0.1342,5.0,0.3283,0.1152,8.0,6.25,5.0,4.0,66.7322190326095,6.8307233755280645,0.10236020133228521,0.2175973558041061,1.0610498525274037,4.595787781800532
035420,2021-05-01,0.0865,3.0,0.0865,0.1109,2.0,6.25,5.0,5.0,66.7322190326095,6.8307233755280645,0.10236020133228521,0.2175973558041061,1.0610498525274037,4.595787781800532
035420,2021-05-02,0.1931,5.0,0.3358,0.2201,4.0,6.25,5.0,5.0,66.7322190326095,6.8307233755280645,0.10236020133228521,0.2175973558041061,1.0610498525274037,4.595787781800532
035420,2021-05-03,-0.1663,5.0,0.372,0.2828,6.0,6.25,5.0,5.0,67.38190683960292,6.897225550255041,0.10236020133228521,0.2175973558041061,1.0610498525274037,4.6333932767178
035420,2021-05-04,0.0081,7.0,0.3632,0.1869,16.0,6.25,5.0,5.0,67.66034447117153,6.925726482280888,0.10236020133228521,0.2175973558041061,1.0610498525274037,4.649509917396628
035420,2021-05-05,0.4317,5.0,0.4242,0.2504,4.0,6.25,5.0,5.0,67.66034447117153,6.925726482280888,0.10236020133228521,0.2175973558041061,1.0610498525274037,4.649509917396628
035420,2021-05-06,0.2107,6.0,0.5553,0.16,8.0,6.25,5.0,5.0,67.10346920803431,6.868724618229194,0.10236020133228521,0.2175973558041061,1.0610498525274037,4.61727663603897
035420,2021-05-07,0.2482,7.0,0.5681,0.1637,11.0,6.25,5.0,5.0,67.01065666417811,6.859224307553911,0.10236020133228521,0.2175973558041061,1.0610498525274037,4.611904422479361
035420,2021-05-08,0.0,4.0,0.0,0.1899,3.0,6.25,5.0,5.0,67.01065666417811,6.859224307553911,0.10236020133228521,0.2175973558041061,1.0610498525274037,4.611904422479361
035420,2021-05-09,0.9988,6.0,0.0,0.1622,1.0,6.25,5.0,5.0,67.01065666417811,6.859224307553911,0.10236020133228521,0.2175973558041061,1.0610498525274037,4.611904422479361
035420,2021-05-10,-0.2137,8.0,0.4357,0.1743,12.0,6.25,5.0,5.0,67.19628175189052,6.878224928904476,0.10236020133228521,0.2175973558041061,1.0610498525274037,4.62264884959858
035420,2021-05-11,0.4042,8.0,0.4728,0.3048,13.0,6.25,5.0,5.0,64.78315561162925,6.6312168513471335,0.10236020133228521,0.2175973558041061,1.0610498525274037,4.482971297048731
035420,2021-05-12,0.125,5.0,0.5991,0.2971,8.0,6.25,5.0,5.0,63.669405085354825,6.517213123243744,0.10236020133228521,0.2175973558041061,1.0610498525274037,4.418504734333417
035420,2021-05-13,-0.0339,7.0,0.3306,0.1381,12.0,6.25,5.0,5.0,62.6484671029366,6.4127097058156375,0.10236020133228521,0.2175973558041061,1.0610498525274037,4.3594103851777115
035420,2021-05-14,0.1781,8.0,0.3707,0.1566,12.0,6.25,5.0,5.0,63.57659254149863,6.507712812568462,0.10236020133228521,0.2175973558041061,1.0610498525274037,4.413132520773807
035420,2021-05-15,0.0091,3.0,0.0097,0.5247,2.0,6.25,5.0,5.0,63.57659254149863,6.507712812568462,0.10236020133228521,0.2175973558041061,1.0610498525274037,4.413132520773807
035420,2021-05-16,,,,,0.0,6.25,5.0,5.0,63.57659254149863,6.507712812568462,0.10236020133228521,0.2175973558041061,1.0610498525274037,4.413132520773807
035420,2021-05-17,0.0,5.0,0.0001,0.137,6.0,6.25,5.0,5.0,63.855030173067235,6.536213744594309,0.10236020133228521,0.2175973558041061,1.0610498525274037,4.429249161452636
035420,2021-05-18,0.1244,6.0,0.4055,0.2124,10.0,6.25,5.0,5.0,64.87596815548545,6.6407171620224155,0.10236020133228521,0.2175973558041061,1.0610498525274037,4.488343510608341
035420,2021-05-19,0.1522,5.0,0.3467,0.1363,6.0,6.25,5.0,5.0,64.87596815548545,6.6407171620224155,0.10236020133228521,0.2175973558041061,1.0610498525274037,4.488343510608341
035420,2021-05-20,0.0939,6.0,0.2815,0.1527,10.0,6.25,5.0,5.0,65.15440578705406,6.669218094048263,0.10236020133228521,0.2175973558041061,1.0610498525274037,4.50446015128717
035420,2021-05-21,-0.0755,4.0,0.5992,0.1537,4.0,6.25,5.0,5.0,66.8250315764657,6.8402236862033465,0.10236020133228521,0.2175973558041061,1.0610498525274037,4.601159995360142
035420,2021-05-22,,,,,0.0,6.25,5.0,5.0,66.8250315764657,6.8402236862033465,0.10236020133228521,0.2175973558041061,1.0610498525274037,4.601159995360142
035420,2021-05-23,-0.0281,4.0,0.0509,0.0979,5.0,6.25,5.0,5.0,66.8250315764657,6.8402236862033465,0.10236020133228521,0.2175973558041061,1.0610498525274037,4.601159995360142
035420,2021-05-24,0.4402,7.0,0.4917,0.2668,9.0,6.25,5.0,5.0,65.98971868175988,6.754720890125805,0.10236020133228521,0.2175973558041061,1.0610498525274037,4.552810073323656
035420,2021-05-25,0.0837,7.0,0.2357,0.2338,17.0,6.25,5.0,5.0,66.4537814010409,6.802222443502217,0.10236020133228521,0.2175973558041061,1.0610498525274037,4.579671141121704
035420,2021-05-26,0.1375,7.0,0.5907,0.1966,16.0,6.25,5.0,5.0,67.38190683960292,6.897225550255041,0.10236020133228521,0.2175973558041061,1.0610498525274037,4.6333932767178
035420,2021-05-27,-0.0044,7.0,0.4372,0.1531,32.0,6.25,5.0,5.0,66.4537814010409,6.802222443502217,0.10236020133228521,0.2175973558041061,1.0610498525274037,4.579671141121704
035420,2021-05-28,-0.0678,7.0,0.5872,0.219,20.0,6.25,5.0,5.0,66.4537814010409,6.802222443502217,0.10236020133228521,0.2175973558041061,1.0610498525274037,4.579671141121704
035420,2021-05-29,-0.0007,5.0,0.5654,0.1699,6.0,6.25,5.0,5.0,66.4537814010409,6.802222443502217,0.10236020133228521,0.2175973558041061,1.0610498525274037,4.579671141121704
035420,2021-05-30,0.4997,4.0,0.4999,0.2204,2.0,6.25,5.0,5.0,66.4537814010409,6.802222443502217,0.10236020133228521,0.2175973558041061,1.0610498525274037,4.579671141121704
035420,2021-05-31,0.2608,8.0,0.5574,0.1602,12.0,6.25,5.0,5.0,67.28909429574672,6.887725239579759,0.10236020133228521,0.2175973558041061,1.0610498525274037,4.628021063158189
035420,2021-06-01,-0.1684,6.0,0.6401,0.2097,7.0,6.25,5.0,6.0,68.12440719045254,6.973228035657301,0.10236020133228521,0.2175973558041061,1.0610498525274037,4.676370985194676
035420,2021-06-02,-0.0055,4.0,0.0128,0.1737,5.0,6.25,5.0,6.0,67.38190683960292,6.897225550255041,0.10236020133228521,0.2175973558041061,1.0610498525274037,4.6333932767178
035420,2021-06-03,-0.0932,6.0,0.5393,0.1769,11.0,6.25,5.0,6.0,67.19628175189052,6.878224928904476,0.10236020133228521,0.2175973558041061,1.0610498525274037,4.62264884959858
035420,2021-06-04,-0.0851,6.0,0.4736,0.2608,9.0,6.25,5.0,6.0,66.26815631332849,6.783221822151652,0.10236020133228521,0.2175973558041061,1.0610498525274037,4.568926714002485
035420,2021-06-05,0.0,3.0,0.0,0.0408,1.0,6.25,5.0,6.0,66.26815631332849,6.783221822151652,0.10236020133228521,0.2175973558041061,1.0610498525274037,4.568926714002485
035420,2021-06-06,-0.4975,5.0,0.4975,0.1343,4.0,6.25,5.0,6.0,66.26815631332849,6.783221822151652,0.10236020133228521,0.2175973558041061,1.0610498525274037,4.568926714002485
035420,2021-06-07,-0.2153,8.0,0.4069,0.151,14.0,6.25,5.0,6.0,67.28909429574672,6.887725239579759,0.10236020133228521,0.2175973558041061,1.0610498525274037,4.628021063158189
035420,2021-06-08,-0.0351,7.0,0.5154,0.1896,12.0,6.25,5.0,6.0,67.28909429574672,6.887725239579759,0.10236020133228521,0.2175973558041061,1.0610498525274037,4.628021063158189
035420,2021-06-09,-0.1571,5.0,0.3376,0.1954,7.0,6.25,5.0,6.0,66.5465939448971,6.8117227541775,0.10236020133228521,0.2175973558041061,1.0610498525274037,4.585043354681313
035420,2021-06-10,0.4997,6.0,0.4996,0.1803,8.0,6.25,5.0,6.0,69.33097026058317,7.096732074435972,0.10236020133228521,0.2175973558041061,1.0610498525274037,4.746209761469601
035420,2021-06-11,0.3321,6.0,0.4626,0.119,6.0,6.25,5.0,6.0,69.14534517287076,7.077731453085407,0.10236020133228521,0.2175973558041061,1.0610498525274037,4.735465334350382
035420,2021-06-12,-0.1092,4.0,0.1531,0.3511,4.0,6.25,5.0,6.0,69.14534517287076,7.077731453085407,0.10236020133228521,0.2175973558041061,1.0610498525274037,4.735465334350382
035420,2021-06-13,0.7595,6.0,0.2752,0.2051,3.0,6.25,5.0,6.0,69.14534517287076,7.077731453085407,0.10236020133228521,0.2175973558041061,1.0610498525274037,4.735465334350382
035420,2021-06-14,0.2757,7.0,0.593,0.2023,10.0,6.25,5.0,6.0,71.83690894470064,7.353240462668598,0.10236020133228521,0.2175973558041061,1.0610498525274037,4.8912595275790585
035420,2021-06-15,0.2968,8.0,0.4244,0.2777,21.0,6.25,5.0,6.0,71.83690894470064,7.353240462668598,0.10236020133228521,0.2175973558041061,1.0610498525274037,4.8912595275790585
035420,2021-06-16,0.3074,8.0,0.4401,0.2143,14.0,6.25,5.0,6.0,72.57940929555025,7.429242948070857,0.10236020133228521,0.2175973558041061,1.0610498525274037,4.934237236055935
035420,2021-06-17,-0.0956,7.0,0.4745,0.1932,15.0,6.25,5.0,6.0,72.30097166398164,7.40074201604501,0.10236020133228521,0.2175973558041061,1.0610498525274037,4.918120595377107
035420,2021-06-18,0.3637,7.0,0.424,0.1534,9.0,6.25,5.0,6.0,73.87878490953709,7.562247297524811,0.10236020133228521,0.2175973558041061,1.0610498525274037,5.009448225890469
035420,2021-06-19,0.4019,5.0,0.4036,0.1822,3.0,6.25,5.0,6.0,73.87878490953709,7.562247297524811,0.10236020133228521,0.2175973558041061,1.0610498525274037,5.009448225890469
035420,2021-06-20,-0.0119,5.0,0.0384,0.1606,7.0,6.25,5.0,6.0,73.87878490953709,7.562247297524811,0.10236020133228521,0.2175973558041061,1.0610498525274037,5.009448225890469
035420,2021-06-21,-0.1021,6.0,0.537,0.2279,10.0,6.25,5.0,6.0,73.69315982182468,7.543246676174246,0.10236020133228521,0.2175973558041061,1.0610498525274037,4.99870379877125
035420,2021-06-22,0.2392,8.0,0.5531,0.2344,14.0,6.25,5.0,6.0,72.57940929555025,7.429242948070857,0.10236020133228521,0.2175973558041061,1.0610498525274037,4.934237236055935
035420,2021-06-23,0.3116,8.0,0.6398,0.173,21.0,6.25,5.0,6.0,78.61222464620342,8.046763141964215,0.10236020133228521,0.2175973558041061,1.0610498525274037,5.283431117430558
035420,2021-06-24,0.0509,7.0,0.4509,0.1905,24.0,6.25,5.0,6.0,77.86972429535379,7.970760656561955,0.10236020133228521,0.2175973558041061,1.0610498525274037,5.240453408953681
035420,2021-06-25,-0.1965,8.0,0.5282,0.2028,20.0,6.25,5.0,6.0,76.10628596208595,7.790254753731589,0.10236020133228521,0.2175973558041061,1.0610498525274037,5.138381351321099
035420,2021-06-26,0.0,3.0,0.0,0.0539,2.0,6.25,5.0,6.0,76.10628596208595,7.790254753731589,0.10236020133228521,0.2175973558041061,1.0610498525274037,5.138381351321099
035420,2021-06-27,0.2087,5.0,0.3533,0.1204,4.0,6.25,5.0,6.0,76.10628596208595,7.790254753731589,0.10236020133228521,0.2175973558041061,1.0610498525274037,5.138381351321099
035420,2021-06-28,0.0119,7.0,0.3002,0.1377,16.0,6.25,5.0,6.0,75.73503578666113,7.752253511030459,0.10236020133228521,0.2175973558041061,1.0610498525274037,5.11689249708266
035420,2021-06-29,0.4199,8.0,0.4638,0.145,13.0,6.25,5.0,6.0,76.38472359365456,7.818755685757437,0.10236020133228521,0.2175973558041061,1.0610498525274037,5.154497991999928
035420,2021-06-30,0.0783,6.0,0.6455,0.1792,11.0,6.25,5.0,6.0,77.49847411992899,7.9327594138608255,0.10236020133228521,0.2175973558041061,1.0610498525274037,5.218964554715243
035420,2021-07-01,-0.0369,5.0,0.1114,0.2027,8.0,6.25,5.0,7.0,76.66316122522316,7.847256617783284,0.10236020133228521,0.2175973558041061,1.0610498525274037,5.170614632678756
035420,2021-07-02,0.0913,6.0,0.2784,0.1664,10.0,6.25,5.0,7.0,76.84878631293556,7.866257239133849,0.10236020133228521,0.2175973558041061,1.0610498525274037,5.181359059797975
035420,2021-07-03,-0.0,4.0,0.0001,0.109,3.0,6.25,5.0,7.0,76.84878631293556,7.866257239133849,0.10236020133228521,0.2175973558041061,1.0610498525274037,5.181359059797975
035420,2021-07-04,0.5005,5.0,0.4994,0.1893,2.0,6.25,5.0,7.0,76.84878631293556,7.866257239133849,0.10236020133228521,0.2175973558041061,1.0610498525274037,5.181359059797975
035420,2021-07-05,0.1958,8.0,0.4019,0.1293,15.0,6.25,5.0,7.0,76.10628596208595,7.790254753731589,0.10236020133228521,0.2175973558041061,1.0610498525274037,5.138381351321099
035420,2021-07-06,0.0695,7.0,0.2414,0.1491,16.0,6.25,5.0,7.0,76.01347341822974,7.780754443056307,0.10236020133228521,0.2175973558041061,1.0610498525274037,5.13300913776149
035420,2021-07-07,0.2503,5.0,0.4328,0.1789,4.0,6.25,5.0,7.0,77.49847411992899,7.9327594138608255,0.10236020133228521,0.2175973558041061,1.0610498525274037,5.218964554715243
035420,2021-07-08,0.0445,6.0,0.1173,0.135,11.0,6.25,5.0,7.0,78.33378701463481,8.018262209938367,0.10236020133228521,0.2175973558041061,1.0610498525274037,5.267314476751729
035420,2021-07-09,0.2218,8.0,0.5562,0.3072,13.0,6.25,5.0,7.0,77.12722394450417,7.894758171159696,0.10236020133228521,0.2175973558041061,1.0610498525274037,5.197475700476804
035420,2021-07-10,0.0,4.0,0.0,0.1545,3.0,6.25,5.0,7.0,77.12722394450417,7.894758171159696,0.10236020133228521,0.2175973558041061,1.0610498525274037,5.197475700476804
035420,2021-07-11,0.1999,5.0,0.3997,0.1539,5.0,6.25,5.0,7.0,77.12722394450417,7.894758171159696,0.10236020133228521,0.2175973558041061,1.0610498525274037,5.197475700476804
035420,2021-07-12,0.0881,5.0,0.1969,0.1295,7.0,6.25,5.0,7.0,77.68409920764138,7.95176003521139,0.10236020133228521,0.2175973558041061,1.0610498525274037,5.229708981834462
035420,2021-07-13,0.0538,4.0,0.5517,0.1923,5.0,6.25,5.0,7.0,81.8606636811705,8.3792740155991,0.10236020133228521,0.2175973558041061,1.0610498525274037,5.4714585920168926
035420,2021-07-14,0.0825,7.0,0.6341,0.2339,12.0,6.25,5.0,7.0,82.41753894430771,8.436275879650795,0.10236020133228521,0.2175973558041061,1.0610498525274037,5.5036918733745495
035420,2021-07-15,-0.0001,4.0,0.0003,0.1954,4.0,6.25,5.0,7.0,83.34566438286973,8.531278986403619,0.10236020133228521,0.2175973558041061,1.0610498525274037,5.557414008970646
035420,2021-07-16,-0.0034,5.0,0.4914,0.1842,8.0,6.25,5.0,7.0,82.97441420744492,8.493277743702489,0.10236020133228521,0.2175973558041061,1.0610498525274037,5.535925154732208
035420,2021-07-17,0.0,3.0,0.0,0.2273,1.0,6.25,5.0,7.0,82.97441420744492,8.493277743702489,0.10236020133228521,0.2175973558041061,1.0610498525274037,5.535925154732208
035420,2021-07-18,-0.3273,5.0,0.4277,0.1895,3.0,6.25,5.0,7.0,82.97441420744492,8.493277743702489,0.10236020133228521,0.2175973558041061,1.0610498525274037,5.535925154732208
035420,2021-07-19,0.0221,7.0,0.4013,0.2308,12.0,6.25,5.0,7.0,82.2319138565953,8.41727525830023,0.10236020133228521,0.2175973558041061,1.0610498525274037,5.4929474462553305
035420,2021-07-20,0.2486,6.0,0.432,0.1585,8.0,6.25,5.0,7.0,81.48941350574569,8.34127277289797,0.10236020133228521,0.2175973558041061,1.0610498525274037,5.449969737778455
035420,2021-07-21,-0.0425,7.0,0.6468,0.0935,12.0,6.25,5.0,7.0,79.44753754090922,8.132265938041757,0.10236020133228521,0.2175973558041061,1.0610498525274037,5.331781039467043
035420,2021-07-22,0.4214,8.0,0.5715,0.2098,22.0,6.25,5.0,7.0,81.67503859345808,8.360273394248535,0.10236020133228521,0.2175973558041061,1.0610498525274037,5.460714164897674
035420,2021-07-23,0.2455,6.0,0.4244,0.1804,8.0,6.25,5.0,7.0,83.90253964600694,8.588280850455313,0.10236020133228521,0.2175973558041061,1.0610498525274037,5.589647290328303
035420,2021-07-24,0.0,4.0,0.0,0.3554,3.0,6.25,5.0,7.0,83.90253964600694,8.588280850455313,0.10236020133228521,0.2175973558041061,1.0610498525274037,5.589647290328303
035420,2021-07-25,0.0,4.0,0.0,0.1545,3.0,6.25,5.0,7.0,83.90253964600694,8.588280850455313,0.10236020133228521,0.2175973558041061,1.0610498525274037,5.589647290328303
035420,2021-07-26,0.1673,8.0,0.3723,0.2629,12.0,6.25,5.0,7.0,83.90253964600694,8.588280850455313,0.10236020133228521,0.2175973558041061,1.0610498525274037,5.589647290328303
035420,2021-07-27,-0.3931,7.0,0.4952,0.1586,10.0,6.25,5.0,7.0,83.90253964600694,8.588280850455313,0.10236020133228521,0.2175973558041061,1.0610498525274037,5.589647290328303
035420,2021-07-28,-0.1492,5.0,0.3475,0.1704,7.0,6.25,5.0,7.0,82.0462887688829,8.398274636949665,0.10236020133228521,0.2175973558041061,1.0610498525274037,5.4822030191361115
035420,2021-07-29,0.094,6.0,0.2955,0.1478,10.0,6.25,5.0,7.0,81.58222604960189,8.350773083573252,0.10236020133228521,0.2175973558041061,1.0610498525274037,5.455341951338064
035420,2021-07-30,0.2475,7.0,0.5787,0.1867,11.0,6.25,5.0,7.0,80.46847552332746,8.236769355469864,0.10236020133228521,0.2175973558041061,1.0610498525274037,5.390875388622749
035420,2021-07-31,-0.0,3.0,0.0,0.0476,1.0,6.25,5.0,7.0,80.46847552332746,8.236769355469864,0.10236020133228521,0.2175973558041061,1.0610498525274037,5.390875388622749
035420,2021-08-01,,,,,0.0,6.25,5.0,8.0,80.46847552332746,8.236769355469864,0.10236020133228521,0.2175973558041061,1.0610498525274037,5.390875388622749
035420,2021-08-02,-0.0321,5.0,0.3915,0.1357,8.0,6.25,5.0,8.0,80.46847552332746,8.236769355469864,0.10236020133228521,0.2175973558041061,1.0610498525274037,5.390875388622749
035420,2021-08-03,0.273,6.0,0.3995,0.1357,6.0,6.25,5.0,8.0,79.44753754090922,8.132265938041757,0.10236020133228521,0.2175973558041061,1.0610498525274037,5.331781039467043
035420,2021-08-04,0.4995,6.0,0.499,0.1747,8.0,6.25,5.0,8.0,80.37566297947126,8.22726904479458,0.10236020133228521,0.2175973558041061,1.0610498525274037,5.38550317506314
035420,2021-08-05,0.0003,7.0,0.0014,0.0958,13.0,6.25,5.0,8.0,82.1391013127391,8.407774947624947,0.10236020133228521,0.2175973558041061,1.0610498525274037,5.487575232695721
035420,2021-08-06,0.2497,5.0,0.4327,0.1562,4.0,6.25,5.0,8.0,82.5103514881639,8.445776190326077,0.10236020133228521,0.2175973558041061,1.0610498525274037,5.509064086934159
035420,2021-08-07,0.0103,3.0,0.0103,0.1125,2.0,6.25,5.0,8.0,82.5103514881639,8.445776190326077,0.10236020133228521,0.2175973558041061,1.0610498525274037,5.509064086934159
035420,2021-08-08,,,,,0.0,6.25,5.0,8.0,82.5103514881639,8.445776190326077,0.10236020133228521,0.2175973558041061,1.0610498525274037,5.509064086934159
035420,2021-08-09,0.0628,7.0,0.2419,0.1064,16.0,6.25,5.0,8.0,83.06722675130112,8.502778054377771,0.10236020133228521,0.2175973558041061,1.0610498525274037,5.541297368291817
035420,2021-08-10,0.3702,8.0,0.4575,0.2008,14.0,6.25,5.0,8.0,82.88160166358871,8.483777433027207,0.10236020133228521,0.2175973558041061,1.0610498525274037,5.530552941172598
035420,2021-08-11,0.2847,7.0,0.4607,0.1472,10.0,6.25,5.0,8.0,82.6031640320201,8.455276501001359,0.10236020133228521,0.2175973558041061,1.0610498525274037,5.514436300493769
035420,2021-08-12,0.0989,7.0,0.5014,0.1842,19.0,6.25,5.0,8.0,81.7678511373143,8.369773704923817,0.10236020133228521,0.2175973558041061,1.0610498525274037,5.466086378457283
035420,2021-08-13,0.1727,6.0,0.492,0.212,8.0,6.25,5.0,8.0,81.02535078646467,8.293771219521558,0.10236020133228521,0.2175973558041061,1.0610498525274037,5.423108669980406
035420,2021-08-14,-0.0,3.0,0.0,0.12,1.0,6.25,5.0,8.0,81.02535078646467,8.293771219521558,0.10236020133228521,0.2175973558041061,1.0610498525274037,5.423108669980406
035420,2021-08-15,-0.9992,6.0,0.0,0.2,1.0,6.25,5.0,8.0,81.02535078646467,8.293771219521558,0.10236020133228521,0.2175973558041061,1.0610498525274037,5.423108669980406
035420,2021-08-16,0.0005,4.0,0.0006,0.1976,3.0,6.25,5.0,8.0,81.02535078646467,8.293771219521558,0.10236020133228521,0.2175973558041061,1.0610498525274037,5.423108669980406
035420,2021-08-17,-0.127,6.0,0.3021,0.2428,10.0,6.25,5.0,8.0,79.54035008476544,8.141766248717039,0.10236020133228521,0.2175973558041061,1.0610498525274037,5.337153253026653
035420,2021-08-18,0.0247,7.0,0.5203,0.1854,23.0,6.25,5.0,8.0,79.63316262862163,8.151266559392322,0.10236020133228521,0.2175973558041061,1.0610498525274037,5.342525466586262
035420,2021-08-19,0.4585,5.0,0.4737,0.1924,4.0,6.25,5.0,8.0,78.79784973391581,8.065763763314779,0.10236020133228521,0.2175973558041061,1.0610498525274037,5.294175544549777
035420,2021-08-20,0.0035,4.0,0.0056,0.1339,5.0,6.25,5.0,8.0,78.426599558491,8.02776252061365,0.10236020133228521,0.2175973558041061,1.0610498525274037,5.272686690311338
035420,2021-08-21,-0.0,3.0,0.0,0.1429,1.0,6.25,5.0,8.0,78.426599558491,8.02776252061365,0.10236020133228521,0.2175973558041061,1.0610498525274037,5.272686690311338
035420,2021-08-22,0.0013,3.0,0.0013,0.1066,2.0,6.25,5.0,8.0,78.426599558491,8.02776252061365,0.10236020133228521,0.2175973558041061,1.0610498525274037,5.272686690311338
035420,2021-08-23,0.1292,5.0,0.3261,0.1644,8.0,6.25,5.0,8.0,79.72597517247783,8.160766870067604,0.10236020133228521,0.2175973558041061,1.0610498525274037,5.347897680145872
035420,2021-08-24,0.3315,5.0,0.42,0.1376,5.0,6.25,5.0,8.0,81.21097587417708,8.312771840872124,0.10236020133228521,0.2175973558041061,1.0610498525274037,5.433853097099625
035420,2021-08-25,0.3313,8.0,0.5888,0.1199,13.0,6.25,5.0,8.0,79.91160026019024,8.179767491418168,0.10236020133228521,0.2175973558041061,1.0610498525274037,5.358642107265092
035420,2021-08-26,0.2508,6.0,0.4324,0.2044,8.0,6.25,5.0,8.0,78.61222464620342,8.046763141964215,0.10236020133228521,0.2175973558041061,1.0610498525274037,5.283431117430558
035420,2021-08-27,0.0029,4.0,0.0041,0.1774,3.0,6.25,5.0,8.0,77.96253683920999,7.980260967237238,0.10236020133228521,0.2175973558041061,1.0610498525274037,5.245825622513291
035420,2021-08-28,-0.001,3.0,0.0,0.125,1.0,6.25,5.0,8.0,77.96253683920999,7.980260967237238,0.10236020133228521,0.2175973558041061,1.0610498525274037,5.245825622513291
035420,2021-08-29,0.0001,4.0,0.0002,0.1089,4.0,6.25,5.0,8.0,77.96253683920999,7.980260967237238,0.10236020133228521,0.2175973558041061,1.0610498525274037,5.245825622513291
035420,2021-08-30,0.0909,6.0,0.2872,0.1204,11.0,6.25,5.0,8.0,79.44753754090922,8.132265938041757,0.10236020133228521,0.2175973558041061,1.0610498525274037,5.331781039467043
035420,2021-08-31,0.3161,8.0,0.46,0.1529,16.0,6.25,5.0,8.0,81.48941350574569,8.34127277289797,0.10236020133228521,0.2175973558041061,1.0610498525274037,5.449969737778455
035420,2021-09-01,-0.0035,6.0,0.4712,0.1611,9.0,6.25,5.0,9.0,82.6031640320201,8.455276501001359,0.10236020133228521,0.2175973558041061,1.0610498525274037,5.514436300493769
035420,2021-09-02,0.0,4.0,0.0,0.1752,5.0,6.25,5.0,9.0,82.1391013127391,8.407774947624947,0.10236020133228521,0.2175973558041061,1.0610498525274037,5.487575232695721
035420,2021-09-03,-0.2987,5.0,0.4975,0.1658,3.0,6.25,5.0,9.0,83.99535218986314,8.597781161130596,0.10236020133228521,0.2175973558041061,1.0610498525274037,5.5950195038879125
035420,2021-09-04,-0.0,3.0,0.0,0.0789,2.0,6.25,5.0,9.0,83.99535218986314,8.597781161130596,0.10236020133228521,0.2175973558041061,1.0610498525274037,5.5950195038879125
035420,2021-09-05,-0.4996,4.0,0.4996,0.1325,2.0,6.25,5.0,9.0,83.99535218986314,8.597781161130596,0.10236020133228521,0.2175973558041061,1.0610498525274037,5.5950195038879125
035420,2021-09-06,0.2856,6.0,0.4516,0.1671,7.0,6.25,5.0,9.0,84.27378982143175,8.626282093156442,0.10236020133228521,0.2175973558041061,1.0610498525274037,5.611136144566742
035420,2021-09-07,-0.0323,7.0,0.2593,0.1736,16.0,6.25,5.0,9.0,82.5103514881639,8.445776190326077,0.10236020133228521,0.2175973558041061,1.0610498525274037,5.509064086934159
035420,2021-09-08,-0.4026,8.0,0.6438,0.1394,28.0,6.25,5.0,9.0,76.01347341822974,7.780754443056307,0.10236020133228521,0.2175973558041061,1.0610498525274037,5.13300913776149
035420,2021-09-09,-0.4019,8.0,0.5601,0.2438,24.0,6.25,5.0,9.0,74.0644099972495,7.581247918875376,0.10236020133228521,0.2175973558041061,1.0610498525274037,5.020192653009688
035420,2021-09-10,-0.0749,7.0,0.5518,0.175,21.0,6.25,5.0,9.0,76.10628596208595,7.790254753731589,0.10236020133228521,0.2175973558041061,1.0610498525274037,5.138381351321099
035420,2021-09-11,-0.3932,5.0,0.4817,0.1514,5.0,6.25,5.0,9.0,76.10628596208595,7.790254753731589,0.10236020133228521,0.2175973558041061,1.0610498525274037,5.138381351321099
035420,2021-09-12,0.0044,5.0,0.5717,0.3477,6.0,6.25,5.0,9.0,76.10628596208595,7.790254753731589,0.10236020133228521,0.2175973558041061,1.0610498525274037,5.138381351321099
035420,2021-09-13,-0.2298,8.0,0.4425,0.2145,16.0,6.25,5.0,9.0,75.73503578666113,7.752253511030459,0.10236020133228521,0.2175973558041061,1.0610498525274037,5.11689249708266
035420,2021-09-14,-0.1633,7.0,0.4508,0.2131,23.0,6.25,5.0,9.0,74.71409780424291,7.647750093602353,0.10236020133228521,0.2175973558041061,1.0610498525274037,5.057798147926956
035420,2021-09-15,0.049,7.0,0.5606,0.1758,21.0,6.25,5.0,9.0,74.3428476288181,7.609748850901223,0.10236020133228521,0.2175973558041061,1.0610498525274037,5.036309293688517
035420,2021-09-16,0.048,7.0,0.5717,0.2351,15.0,6.25,5.0,9.0,74.62128526038671,7.638249782927071,0.10236020133228521,0.2175973558041061,1.0610498525274037,5.052425934367346
035420,2021-09-17,0.0016,6.0,0.6253,0.275,10.0,6.25,5.0,9.0,74.80691034809911,7.657250404277636,0.10236020133228521,0.2175973558041061,1.0610498525274037,5.0631703614865655
035420,2021-09-18,-0.2085,5.0,0.4608,0.1997,4.0,6.25,5.0,9.0,74.80691034809911,7.657250404277636,0.10236020133228521,0.2175973558041061,1.0610498525274037,5.0631703614865655
035420,2021-09-19,-0.0,3.0,0.0,0.163,2.0,6.25,5.0,9.0,74.80691034809911,7.657250404277636,0.10236020133228521,0.2175973558041061,1.0610498525274037,5.0631703614865655
035420,2021-09-20,-0.3467,5.0,0.4522,0.2484,3.0,6.25,5.0,9.0,74.80691034809911,7.657250404277636,0.10236020133228521,0.2175973558041061,1.0610498525274037,5.0631703614865655
035420,2021-09-21,0.0,4.0,0.0,0.1527,3.0,6.25,5.0,9.0,74.80691034809911,7.657250404277636,0.10236020133228521,0.2175973558041061,1.0610498525274037,5.0631703614865655
035420,2021-09-22,0.3333,5.0,0.4713,0.2301,3.0,6.25,5.0,9.0,74.80691034809911,7.657250404277636,0.10236020133228521,0.2175973558041061,1.0610498525274037,5.0631703614865655
035420,2021-09-23,0.1385,6.0,0.4755,0.1766,9.0,6.25,5.0,9.0,74.2500350849619,7.600248540225941,0.10236020133228521,0.2175973558041061,1.0610498525274037,5.030937080128908
035420,2021-09-24,0.0002,5.0,0.0007,0.1288,6.0,6.25,5.0,9.0,75.27097306738013,7.7047519576540475,0.10236020133228521,0.2175973558041061,1.0610498525274037,5.090031429284613
035420,2021-09-25,-0.1342,4.0,0.2552,0.2576,5.0,6.25,5.0,9.0,75.27097306738013,7.7047519576540475,0.10236020133228521,0.2175973558041061,1.0610498525274037,5.090031429284613
035420,2021-09-26,0.983,6.0,0.0,0.1707,1.0,6.25,5.0,9.0,75.27097306738013,7.7047519576540475,0.10236020133228521,0.2175973558041061,1.0610498525274037,5.090031429284613
035420,2021-09-27,-0.271,8.0,0.344,0.1496,15.0,6.25,5.0,9.0,74.80691034809911,7.657250404277636,0.10236020133228521,0.2175973558041061,1.0610498525274037,5.0631703614865655
035420,2021-09-28,0.0169,7.0,0.3268,0.2853,14.0,6.25,5.0,9.0,72.85784692711886,7.457743880096705,0.10236020133228521,0.2175973558041061,1.0610498525274037,4.950353876734764
035420,2021-09-29,-0.16,7.0,0.3519,0.1467,30.0,6.25,5.0,9.0,71.83690894470064,7.353240462668598,0.10236020133228521,0.2175973558041061,1.0610498525274037,4.8912595275790585
035420,2021-09-30,0.3384,6.0,0.4385,0.1785,8.0,6.25,5.0,9.0,72.02253403241303,7.372241084019163,0.10236020133228521,0.2175973558041061,1.0610498525274037,4.902003954698278
035420,2021-10-01,-0.3447,5.0,0.4195,0.2572,3.0,6.25,5.0,10.0,70.90878350613862,7.258237355915774,0.10236020133228521,0.2175973558041061,1.0610498525274037,4.837537391982963
035420,2021-10-02,-0.2006,5.0,0.3994,0.1469,5.0,6.25,5.0,10.0,70.90878350613862,7.258237355915774,0.10236020133228521,0.2175973558041061,1.0610498525274037,4.837537391982963
035420,2021-10-03,0.0,3.0,0.0,0.1633,1.0,6.25,5.0,10.0,70.90878350613862,7.258237355915774,0.10236020133228521,0.2175973558041061,1.0610498525274037,4.837537391982963
035420,2021-10-04,0.0005,4.0,0.0008,0.1617,4.0,6.25,5.0,10.0,70.90878350613862,7.258237355915774,0.10236020133228521,0.2175973558041061,1.0610498525274037,4.837537391982963
035420,2021-10-05,0.1485,5.0,0.2784,0.1421,8.0,6.25,5.0,10.0,68.77409499744596,7.039730210384278,0.10236020133228521,0.2175973558041061,1.0610498525274037,4.713976480111943
035420,2021-10-06,-0.1656,7.0,0.5759,0.212,17.0,6.25,5.0,10.0,69.23815771672697,7.087231763760689,0.10236020133228521,0.2175973558041061,1.0610498525274037,4.740837547909991
035420,2021-10-07,0.231,8.0,0.5694,0.2127,12.0,6.25,5.0,10.0,73.04347201483127,7.4767445014472695,0.10236020133228521,0.2175973558041061,1.0610498525274037,4.9610983038539835
035420,2021-10-08,0.1387,5.0,0.3273,0.1365,8.0,6.25,5.0,10.0,72.11534657626925,7.381741394694445,0.10236020133228521,0.2175973558041061,1.0610498525274037,4.907376168257888
035420,2021-10-09,-0.0012,4.0,0.0017,0.3765,3.0,6.25,5.0,10.0,72.11534657626925,7.381741394694445,0.10236020133228521,0.2175973558041061,1.0610498525274037,4.907376168257888
035420,2021-10-10,,,,,0.0,6.25,5.0,10.0,72.11534657626925,7.381741394694445,0.10236020133228521,0.2175973558041061,1.0610498525274037,4.907376168257888
035420,2021-10-11,-0.012,3.0,0.0121,0.1402,2.0,6.25,5.0,10.0,72.11534657626925,7.381741394694445,0.10236020133228521,0.2175973558041061,1.0610498525274037,4.907376168257888
035420,2021-10-12,0.2485,5.0,0.4336,0.1569,4.0,6.25,5.0,10.0,69.05253262901456,7.068231142410125,0.10236020133228521,0.2175973558041061,1.0610498525274037,4.730093120790772
035420,2021-10-13,0.0949,7.0,0.4472,0.101,13.0,6.25,5.0,10.0,70.90878350613862,7.258237355915774,0.10236020133228521,0.2175973558041061,1.0610498525274037,4.837537391982963
035420,2021-10-14,0.1387,7.0,0.7605,0.1513,13.0,6.25,5.0,10.0,73.32190964639987,7.5052454334731165,0.10236020133228521,0.2175973558041061,1.0610498525274037,4.977214944532812
035420,2021-10-15,0.6649,6.0,0.4698,0.4255,3.0,6.25,5.0,10.0,73.04347201483127,7.4767445014472695,0.10236020133228521,0.2175973558041061,1.0610498525274037,4.9610983038539835
035420,2021-10-16,-0.0,4.0,0.0,0.3448,3.0,6.25,5.0,10.0,73.04347201483127,7.4767445014472695,0.10236020133228521,0.2175973558041061,1.0610498525274037,4.9610983038539835
035420,2021-10-17,0.0,4.0,0.8941,0.105,5.0,6.25,5.0,10.0,73.04347201483127,7.4767445014472695,0.10236020133228521,0.2175973558041061,1.0610498525274037,4.9610983038539835
035420,2021-10-18,0.1366,7.0,0.3162,0.1683,17.0,6.25,5.0,10.0,73.60034727796848,7.533746365498964,0.10236020133228521,0.2175973558041061,1.0610498525274037,4.9933315852116404
035420,2021-10-19,-0.2223,6.0,0.6324,0.1441,8.0,6.25,5.0,10.0,75.64222324280493,7.742753200355177,0.10236020133228521,0.2175973558041061,1.0610498525274037,5.111520283523051
035420,2021-10-20,0.1517,7.0,0.3491,0.1403,12.0,6.25,5.0,10.0,75.64222324280493,7.742753200355177,0.10236020133228521,0.2175973558041061,1.0610498525274037,5.111520283523051
035420,2021-10-21,0.3194,8.0,0.6836,0.1944,25.0,6.25,5.0,10.0,76.19909850594215,7.799755064406872,0.10236020133228521,0.2175973558041061,1.0610498525274037,5.143753564880709
035420,2021-10-22,0.0416,6.0,0.5371,0.1505,11.0,6.25,5.0,10.0,75.64222324280493,7.742753200355177,0.10236020133228521,0.2175973558041061,1.0610498525274037,5.111520283523051
035420,2021-10-23,0.1761,4.0,0.1762,0.2439,2.0,6.25,5.0,10.0,75.64222324280493,7.742753200355177,0.10236020133228521,0.2175973558041061,1.0610498525274037,5.111520283523051
035420,2021-10-24,0.0002,4.0,0.0003,0.1793,4.0,6.25,5.0,10.0,75.64222324280493,7.742753200355177,0.10236020133228521,0.2175973558041061,1.0610498525274037,5.111520283523051
035420,2021-10-25,-0.3997,5.0,0.4896,0.1875,5.0,6.25,5.0,10.0,74.71409780424291,7.647750093602353,0.10236020133228521,0.2175973558041061,1.0610498525274037,5.057798147926956
035420,2021-10-26,0.0449,4.0,0.7647,0.2012,3.0,6.25,5.0,10.0,76.57034868136695,7.837756307108002,0.10236020133228521,0.2175973558041061,1.0610498525274037,5.165242419119147
035420,2021-10-27,0.125,5.0,0.3306,0.1792,8.0,6.25,5.0,10.0,76.94159885679177,7.875757549809131,0.10236020133228521,0.2175973558041061,1.0610498525274037,5.186731273357585
035420,2021-10-28,0.264,6.0,0.4193,0.1672,7.0,6.25,5.0,10.0,76.66316122522316,7.847256617783284,0.10236020133228521,0.2175973558041061,1.0610498525274037,5.170614632678756
035420,2021-10-29,0.0,4.0,0.0,0.1416,4.0,6.25,5.0,10.0,75.54941069894873,7.733252889679894,0.10236020133228521,0.2175973558041061,1.0610498525274037,5.106148069963441
035420,2021-10-30,-0.0,3.0,0.0,0.0909,1.0,6.25,5.0,10.0,75.54941069894873,7.733252889679894,0.10236020133228521,0.2175973558041061,1.0610498525274037,5.106148069963441
035420,2021-10-31,-0.0,3.0,0.0,0.2563,2.0,6.25,5.0,10.0,75.54941069894873,7.733252889679894,0.10236020133228521,0.2175973558041061,1.0610498525274037,5.106148069963441
035420,2021-11-01,0.1117,6.0,0.314,0.1387,9.0,6.25,5.0,11.0,75.82784833051734,7.761753821705742,0.10236020133228521,0.2175973558041061,1.0610498525274037,5.122264710642271
035420,2021-11-02,-0.0004,5.0,0.5294,0.135,7.0,6.25,5.0,11.0,76.10628596208595,7.790254753731589,0.10236020133228521,0.2175973558041061,1.0610498525274037,5.138381351321099
035420,2021-11-03,-0.0,4.0,0.0,0.1424,4.0,6.25,5.0,11.0,74.71409780424291,7.647750093602353,0.10236020133228521,0.2175973558041061,1.0610498525274037,5.057798147926956
035420,2021-11-04,0.7774,8.0,0.3911,0.196,10.0,6.25,5.0,11.0,76.38472359365456,7.818755685757437,0.10236020133228521,0.2175973558041061,1.0610498525274037,5.154497991999928
035420,2021-11-05,0.0234,4.0,0.6928,0.2905,4.0,6.25,5.0,11.0,76.19909850594215,7.799755064406872,0.10236020133228521,0.2175973558041061,1.0610498525274037,5.143753564880709
035420,2021-11-06,-0.0,3.0,0.0,0.14,1.0,6.25,5.0,11.0,76.19909850594215,7.799755064406872,0.10236020133228521,0.2175973558041061,1.0610498525274037,5.143753564880709
035420,2021-11-07,-0.2283,5.0,0.3873,0.0858,4.0,6.25,5.0,11.0,76.19909850594215,7.799755064406872,0.10236020133228521,0.2175973558041061,1.0610498525274037,5.143753564880709
035420,2021-11-08,0.1992,5.0,0.3984,0.1906,5.0,6.25,5.0,11.0,75.73503578666113,7.752253511030459,0.10236020133228521,0.2175973558041061,1.0610498525274037,5.11689249708266
035420,2021-11-09,0.0049,5.0,0.0109,0.1139,6.0,6.25,5.0,11.0,77.49847411992899,7.9327594138608255,0.10236020133228521,0.2175973558041061,1.0610498525274037,5.218964554715243
035420,2021-11-10,-0.0815,5.0,0.2156,0.1947,8.0,6.25,5.0,11.0,76.94159885679177,7.875757549809131,0.10236020133228521,0.2175973558041061,1.0610498525274037,5.186731273357585
035420,2021-11-11,-0.0,4.0,0.0,0.1778,3.0,6.25,5.0,11.0,75.54941069894873,7.733252889679894,0.10236020133228521,0.2175973558041061,1.0610498525274037,5.106148069963441
035420,2021-11-12,-0.0009,5.0,0.002,0.2092,6.0,6.25,5.0,11.0,75.92066087437354,7.771254132381024,0.10236020133228521,0.2175973558041061,1.0610498525274037,5.12763692420188
035420,2021-11-13,-0.0,3.0,0.0,0.4058,2.0,6.25,5.0,11.0,75.92066087437354,7.771254132381024,0.10236020133228521,0.2175973558041061,1.0610498525274037,5.12763692420188
035420,2021-11-14,0.0007,3.0,0.0,0.0465,1.0,6.25,5.0,11.0,75.92066087437354,7.771254132381024,0.10236020133228521,0.2175973558041061,1.0610498525274037,5.12763692420188
035420,2021-11-15,0.2647,6.0,0.466,0.1179,7.0,6.25,5.0,11.0,76.29191104979834,7.809255375082154,0.10236020133228521,0.2175973558041061,1.0610498525274037,5.149125778440318
035420,2021-11-16,-0.0001,5.0,0.5344,0.1526,7.0,6.25,5.0,11.0,75.27097306738013,7.7047519576540475,0.10236020133228521,0.2175973558041061,1.0610498525274037,5.090031429284613
035420,2021-11-17,0.1616,7.0,0.4565,0.1706,20.0,6.25,5.0,11.0,74.4356601726743,7.619249161576506,0.10236020133228521,0.2175973558041061,1.0610498525274037,5.041681507248127
035420,2021-11-18,0.0666,7.0,0.2494,0.231,15.0,6.25,5.0,11.0,75.54941069894873,7.733252889679894,0.10236020133228521,0.2175973558041061,1.0610498525274037,5.106148069963441
035420,2021-11-19,0.1108,6.0,0.3135,0.1969,9.0,6.25,5.0,11.0,74.99253543581152,7.676251025628201,0.10236020133228521,0.2175973558041061,1.0610498525274037,5.0739147886057845
035420,2021-11-20,0.0,4.0,0.0,0.0871,4.0,6.25,5.0,11.0,74.99253543581152,7.676251025628201,0.10236020133228521,0.2175973558041061,1.0610498525274037,5.0739147886057845
035420,2021-11-21,0.1978,5.0,0.3421,0.1259,4.0,6.25,5.0,11.0,74.99253543581152,7.676251025628201,0.10236020133228521,0.2175973558041061,1.0610498525274037,5.0739147886057845
035420,2021-11-22,0.3733,6.0,0.482,0.1553,8.0,6.25,5.0,11.0,76.10628596208595,7.790254753731589,0.10236020133228521,0.2175973558041061,1.0610498525274037,5.138381351321099
035420,2021-11-23,0.0088,6.0,0.4622,0.1734,9.0,6.25,5.0,11.0,74.2500350849619,7.600248540225941,0.10236020133228521,0.2175973558041061,1.0610498525274037,5.030937080128908
035420,2021-11-24,0.1664,7.0,0.533,0.1844,12.0,6.25,5.0,11.0,73.32190964639987,7.5052454334731165,0.10236020133228521,0.2175973558041061,1.0610498525274037,4.977214944532812
035420,2021-11-25,0.1175,5.0,0.3339,0.1812,8.0,6.25,5.0,11.0,73.69315982182468,7.543246676174246,0.10236020133228521,0.2175973558041061,1.0610498525274037,4.99870379877125
035420,2021-11-26,0.0011,5.0,0.0023,0.0791,6.0,6.25,5.0,11.0,72.30097166398164,7.40074201604501,0.10236020133228521,0.2175973558041061,1.0610498525274037,4.918120595377107
035420,2021-11-27,0.001,4.0,0.0015,0.1031,3.0,6.25,5.0,11.0,72.30097166398164,7.40074201604501,0.10236020133228521,0.2175973558041061,1.0610498525274037,4.918120595377107
035420,2021-11-28,-0.1425,5.0,0.3493,0.1434,7.0,6.25,5.0,11.0,72.30097166398164,7.40074201604501,0.10236020133228521,0.2175973558041061,1.0610498525274037,4.918120595377107
035420,2021-11-29,-0.1646,5.0,0.368,0.1309,6.0,6.25,5.0,11.0,71.74409640084443,7.343740151993315,0.10236020133228521,0.2175973558041061,1.0610498525274037,4.885887314019449
035420,2021-11-30,0.0935,5.0,0.4127,0.1468,6.0,6.25,5.0,11.0,70.72315841842621,7.239236734565209,0.10236020133228521,0.2175973558041061,1.0610498525274037,4.826792964863744
035420,2021-12-01,0.396,8.0,0.4847,0.164,15.0,6.25,5.0,12.0,72.39378420783785,7.410242326720292,0.10236020133228521,0.2175973558041061,1.0610498525274037,4.923492808936716
035420,2021-12-02,0.0099,4.0,0.0193,0.182,5.0,6.25,5.0,12.0,73.97159745339329,7.571747608200093,0.10236020133228521,0.2175973558041061,1.0610498525274037,5.014820439450078
035420,2021-12-03,0.1426,5.0,0.3494,0.1828,7.0,6.25,5.0,12.0,74.62128526038671,7.638249782927071,0.10236020133228521,0.2175973558041061,1.0610498525274037,5.052425934367346
035420,2021-12-04,-0.1167,4.0,0.2352,0.1084,5.0,6.25,5.0,12.0,74.62128526038671,7.638249782927071,0.10236020133228521,0.2175973558041061,1.0610498525274037,5.052425934367346
035420,2021-12-05,0.4709,4.0,0.4748,0.0988,2.0,6.25,5.0,12.0,74.62128526038671,7.638249782927071,0.10236020133228521,0.2175973558041061,1.0610498525274037,5.052425934367346
035420,2021-12-06,-0.01,6.0,0.4175,0.1775,10.0,6.25,5.0,12.0,72.76503438326266,7.448243569421422,0.10236020133228521,0.2175973558041061,1.0610498525274037,4.944981663175154
035420,2021-12-07,0.1547,5.0,0.3458,0.1501,7.0,6.25,5.0,12.0,72.57940929555025,7.429242948070857,0.10236020133228521,0.2175973558041061,1.0610498525274037,4.934237236055935
035420,2021-12-08,0.0127,7.0,0.3649,0.1331,15.0,6.25,5.0,12.0,73.32190964639987,7.5052454334731165,0.10236020133228521,0.2175973558041061,1.0610498525274037,4.977214944532812
035420,2021-12-09,-0.0005,4.0,0.0006,0.1346,3.0,6.25,5.0,12.0,74.1572225411057,7.590748229550658,0.10236020133228521,0.2175973558041061,1.0610498525274037,5.025564866569298
035420,2021-12-10,-0.127,5.0,0.3014,0.165,8.0,6.25,5.0,12.0,73.32190964639987,7.5052454334731165,0.10236020133228521,0.2175973558041061,1.0610498525274037,4.977214944532812
035420,2021-12-11,0.3039,4.0,0.3072,0.1848,2.0,6.25,5.0,12.0,73.32190964639987,7.5052454334731165,0.10236020133228521,0.2175973558041061,1.0610498525274037,4.977214944532812
035420,2021-12-12,0.0,3.0,0.0,0.1054,2.0,6.25,5.0,12.0,73.32190964639987,7.5052454334731165,0.10236020133228521,0.2175973558041061,1.0610498525274037,4.977214944532812
035420,2021-12-13,-0.1033,6.0,0.3029,0.2052,10.0,6.25,5.0,12.0,72.48659675169405,7.419742637395575,0.10236020133228521,0.2175973558041061,1.0610498525274037,4.928865022496326
035420,2021-12-14,-0.0146,7.0,0.3065,0.2227,18.0,6.25,5.0,12.0,72.76503438326266,7.448243569421422,0.10236020133228521,0.2175973558041061,1.0610498525274037,4.944981663175154
035420,2021-12-15,0.0997,6.0,0.2978,0.1707,10.0,6.25,5.0,12.0,71.92972148855684,7.36274077334388,0.10236020133228521,0.2175973558041061,1.0610498525274037,4.896631741138669
035420,2021-12-16,0.1103,7.0,0.2963,0.1566,21.0,6.25,5.0,12.0,71.92972148855684,7.36274077334388,0.10236020133228521,0.2175973558041061,1.0610498525274037,4.896631741138669
035420,2021-12-17,0.5385,7.0,0.4725,0.1883,7.0,6.25,5.0,12.0,71.37284622541962,7.305738909292185,0.10236020133228521,0.2175973558041061,1.0610498525274037,4.864398459781011
035420,2021-12-18,0.4997,4.0,0.4997,0.247,2.0,6.25,5.0,12.0,71.37284622541962,7.305738909292185,0.10236020133228521,0.2175973558041061,1.0610498525274037,4.864398459781011
035420,2021-12-19,-0.0,4.0,0.0,0.2949,3.0,6.25,5.0,12.0,71.37284622541962,7.305738909292185,0.10236020133228521,0.2175973558041061,1.0610498525274037,4.864398459781011
035420,2021-12-20,-0.0001,4.0,0.0002,0.0792,3.0,6.25,5.0,12.0,69.23815771672697,7.087231763760689,0.10236020133228521,0.2175973558041061,1.0610498525274037,4.740837547909991
035420,2021-12-21,0.1628,6.0,0.4413,0.1594,9.0,6.25,5.0,12.0,69.60940789215178,7.125233006461819,0.10236020133228521,0.2175973558041061,1.0610498525274037,4.762326402148429
035420,2021-12-22,-0.0002,5.0,0.0006,0.1686,7.0,6.25,5.0,12.0,70.25909569914519,7.191735181188797,0.10236020133228521,0.2175973558041061,1.0610498525274037,4.799931897065696
035420,2021-12-23,0.2188,7.0,0.4111,0.1601,9.0,6.25,5.0,12.0,70.166283155289,7.182234870513514,0.10236020133228521,0.2175973558041061,1.0610498525274037,4.794559683506087
035420,2021-12-24,0.1752,7.0,0.5696,0.1592,10.0,6.25,5.0,12.0,71.28003368156342,7.296238598616903,0.10236020133228521,0.2175973558041061,1.0610498525274037,4.859026246221401
035420,2021-12-25,0.9384,6.0,0.0,0.2245,1.0,6.25,5.0,12.0,71.28003368156342,7.296238598616903,0.10236020133228521,0.2175973558041061,1.0610498525274037,4.859026246221401
035420,2021-12-26,-0.0601,7.0,0.2198,0.119,20.0,6.25,5.0,12.0,71.28003368156342,7.296238598616903,0.10236020133228521,0.2175973558041061,1.0610498525274037,4.859026246221401
035420,2021-12-27,0.1246,5.0,0.3302,0.0366,8.0,6.25,5.0,12.0,70.63034587457001,7.229736423889926,0.10236020133228521,0.2175973558041061,1.0610498525274037,4.821420751304134
035420,2021-12-28,0.3177,8.0,0.4354,0.1815,14.0,6.25,5.0,12.0,71.37284622541962,7.305738909292185,0.10236020133228521,0.2175973558041061,1.0610498525274037,4.864398459781011
035420,2021-12-29,0.0434,5.0,0.4199,0.1279,8.0,6.25,5.0,12.0,70.90878350613862,7.258237355915774,0.10236020133228521,0.2175973558041061,1.0610498525274037,4.837537391982963
035420,2021-12-30,0.0356,5.0,0.0521,0.2333,6.0,6.25,5.0,12.0,70.25909569914519,7.191735181188797,0.10236020133228521,0.2175973558041061,1.0610498525274037,4.799931897065696
035420,2021-12-31,-0.003,5.0,0.0076,0.1752,7.0,6.25,5.0,12.0,70.25909569914519,7.191735181188797,0.10236020133228521,0.2175973558041061,1.0610498525274037,4.799931897065696
035420,2022-01-01,-0.0001,4.0,0.0002,0.2734,4.0,6.25,5.0,13.0,70.25909569914519,7.191735181188797,0.10236020133228521,0.2175973558041061,1.0610498525274037,4.799931897065696
035420,2022-01-02,0.2466,5.0,0.4272,0.2939,4.0,6.25,5.0,13.0,70.25909569914519,7.191735181188797,0.10236020133228521,0.2175973558041061,1.0610498525274037,4.799931897065696
035420,2022-01-03,-0.0072,5.0,0.5338,0.1675,7.0,6.25,5.0,13.0,69.79503297986419,7.144233627812384,0.10236020133228521,0.2175973558041061,1.0610498525274037,4.773070829267648
035420,2022-01-04,-0.0352,7.0,0.4897,0.1625,13.0,6.25,5.0,13.0,67.84596955888394,6.944727103631453,0.10236020133228521,0.2175973558041061,1.0610498525274037,4.660254344515847
035420,2022-01-05,-0.2009,5.0,0.3994,0.1619,5.0,6.25,5.0,13.0,65.89690613790368,6.745220579450523,0.10236020133228521,0.2175973558041061,1.0610498525274037,4.547437859764046
035420,2022-01-06,-0.1,7.0,0.2776,0.1651,12.0,6.25,5.0,13.0,62.834092190649,6.431710327166202,0.10236020133228521,0.2175973558041061,1.0610498525274037,4.3701548122969305
035420,2022-01-07,-0.0447,7.0,0.4196,0.1407,13.0,6.25,5.0,13.0,62.741279646792805,6.42221001649092,0.10236020133228521,0.2175973558041061,1.0610498525274037,4.364782598737321
035420,2022-01-08,0.16,5.0,0.3727,0.2347,6.0,6.25,5.0,13.0,62.741279646792805,6.42221001649092,0.10236020133228521,0.2175973558041061,1.0610498525274037,4.364782598737321
035420,2022-01-09,0.1994,5.0,0.3986,0.4824,5.0,6.25,5.0,13.0,62.741279646792805,6.42221001649092,0.10236020133228521,0.2175973558041061,1.0610498525274037,4.364782598737321
035420,2022-01-10,0.2891,8.0,0.4483,0.1616,21.0,6.25,5.0,13.0,62.18440438365559,6.365208152439226,0.10236020133228521,0.2175973558041061,1.0610498525274037,4.332549317379663
035420,2022-01-11,0.1101,6.0,0.3114,0.0387,9.0,6.25,5.0,13.0,62.18440438365559,6.365208152439226,0.10236020133228521,0.2175973558041061,1.0610498525274037,4.332549317379663
035420,2022-01-12,0.1987,7.0,0.5925,0.2167,10.0,6.25,5.0,13.0,64.13346780463584,6.564714676620157,0.10236020133228521,0.2175973558041061,1.0610498525274037,4.445365802131464
035420,2022-01-13,0.0,5.0,0.0001,0.1915,7.0,6.25,5.0,13.0,64.59753052391684,6.6122162299965686,0.10236020133228521,0.2175973558041061,1.0610498525274037,4.4722268699295125
035420,2022-01-14,-0.1135,6.0,0.5369,0.2536,9.0,6.25,5.0,13.0,63.48377999764242,6.498212501893179,0.10236020133228521,0.2175973558041061,1.0610498525274037,4.407760307214198
035420,2022-01-15,-0.0006,4.0,0.0009,0.2417,3.0,6.25,5.0,13.0,63.48377999764242,6.498212501893179,0.10236020133228521,0.2175973558041061,1.0610498525274037,4.407760307214198
035420,2022-01-16,-0.1854,5.0,0.3701,0.1784,5.0,6.25,5.0,13.0,63.48377999764242,6.498212501893179,0.10236020133228521,0.2175973558041061,1.0610498525274037,4.407760307214198
035420,2022-01-17,-0.0001,4.0,0.0001,0.1542,5.0,6.25,5.0,13.0,63.76221762921103,6.526713433919027,0.10236020133228521,0.2175973558041061,1.0610498525274037,4.423876947893026
035420,2022-01-18,0.077,7.0,0.2664,0.138,13.0,6.25,5.0,13.0,62.741279646792805,6.42221001649092,0.10236020133228521,0.2175973558041061,1.0610498525274037,4.364782598737321
035420,2022-01-19,-0.1666,5.0,0.3725,0.2798,6.0,6.25,5.0,13.0,61.72034166437458,6.317706599062813,0.10236020133228521,0.2175973558041061,1.0610498525274037,4.305688249581616
035420,2022-01-20,0.2453,6.0,0.4249,0.2017,8.0,6.25,5.0,13.0,62.18440438365559,6.365208152439226,0.10236020133228521,0.2175973558041061,1.0610498525274037,4.332549317379663
035420,2022-01-21,0.0002,5.0,0.0005,0.1544,6.0,6.25,5.0,13.0,61.81315420823078,6.327206909738096,0.10236020133228521,0.2175973558041061,1.0610498525274037,4.311060463141225
035420,2022-01-22,0.2951,4.0,0.0,0.2,1.0,6.25,5.0,13.0,61.81315420823078,6.327206909738096,0.10236020133228521,0.2175973558041061,1.0610498525274037,4.311060463141225
035420,2022-01-23,-0.0186,4.0,0.7927,0.1274,3.0,6.25,5.0,13.0,61.81315420823078,6.327206909738096,0.10236020133228521,0.2175973558041061,1.0610498525274037,4.311060463141225
035420,2022-01-24,0.022,5.0,0.0348,0.1796,6.0,6.25,5.0,13.0,60.977841313524955,6.241704113660554,0.10236020133228521,0.2175973558041061,1.0610498525274037,4.262710541104739
035420,2022-01-25,-0.0173,6.0,0.4343,0.1235,9.0,6.25,5.0,13.0,59.77127824339433,6.118200074881883,0.10236020133228521,0.2175973558041061,1.0610498525274037,4.192871764829815
035420,2022-01-26,-0.2748,7.0,0.4438,0.1957,11.0,6.25,5.0,13.0,58.10065245398268,5.947194482726799,0.10236020133228521,0.2175973558041061,1.0610498525274037,4.096171920756842
035420,2022-01-27,0.2664,8.0,0.4975,0.1762,17.0,6.25,5.0,13.0,56.244401576858635,5.7571882692211505,0.10236020133228521,0.2175973558041061,1.0610498525274037,3.9887276495646513
035420,2022-01-28,-0.2293,8.0,0.4199,0.1632,13.0,6.25,5.0,13.0,57.54377719084547,5.890192618675104,0.10236020133228521,0.2175973558041061,1.0610498525274037,4.0639386393991845
035420,2022-01-29,0.0049,3.0,0.0,0.1351,1.0,6.25,5.0,13.0,57.54377719084547,5.890192618675104,0.10236020133228521,0.2175973558041061,1.0610498525274037,4.0639386393991845
035420,2022-01-30,0.0,3.0,0.0,0.0783,2.0,6.25,5.0,13.0,57.54377719084547,5.890192618675104,0.10236020133228521,0.2175973558041061,1.0610498525274037,4.0639386393991845
035420,2022-01-31,-0.9996,6.0,0.0,0.1739,1.0,6.25,5.0,13.0,57.54377719084547,5.890192618675104,0.10236020133228521,0.2175973558041061,1.0610498525274037,4.0639386393991845
035420,2022-02-01,,,,,0.0,6.25,5.0,14.0,57.54377719084547,5.890192618675104,0.10236020133228521,0.2175973558041061,1.0610498525274037,4.0639386393991845
035420,2022-02-02,-0.34,5.0,0.4308,0.2537,5.0,6.25,5.0,14.0,57.54377719084547,5.890192618675104,0.10236020133228521,0.2175973558041061,1.0610498525274037,4.0639386393991845
035420,2022-02-03,0.1453,4.0,0.2902,0.146,5.0,6.25,5.0,14.0,59.49284061182572,6.089699142856035,0.10236020133228521,0.2175973558041061,1.0610498525274037,4.176755124150986
035420,2022-02-04,-0.1281,5.0,0.5867,0.1885,8.0,6.25,5.0,14.0,60.79221622581255,6.222703492309989,0.10236020133228521,0.2175973558041061,1.0610498525274037,4.25196611398552
035420,2022-02-05,-0.0175,4.0,0.0254,0.2192,3.0,6.25,5.0,14.0,60.79221622581255,6.222703492309989,0.10236020133228521,0.2175973558041061,1.0610498525274037,4.25196611398552
035420,2022-02-06,-0.1804,5.0,0.361,0.1201,5.0,6.25,5.0,14.0,60.79221622581255,6.222703492309989,0.10236020133228521,0.2175973558041061,1.0610498525274037,4.25196611398552
035420,2022-02-07,0.0127,5.0,0.4704,0.2322,8.0,6.25,5.0,14.0,60.69940368195635,6.213203181634706,0.10236020133228521,0.2175973558041061,1.0610498525274037,4.246593900425911
035420,2022-02-08,0.2346,8.0,0.4066,0.1248,12.0,6.25,5.0,14.0,59.77127824339433,6.118200074881883,0.10236020133228521,0.2175973558041061,1.0610498525274037,4.192871764829815
035420,2022-02-09,0.0003,6.0,0.4706,0.1667,9.0,6.25,5.0,14.0,60.513778594243945,6.1942025602841415,0.10236020133228521,0.2175973558041061,1.0610498525274037,4.235849473306691
035420,2022-02-10,0.127,5.0,0.3299,0.1807,8.0,6.25,5.0,14.0,61.53471657666217,6.298705977712248,0.10236020133228521,0.2175973558041061,1.0610498525274037,4.294943822462397
035420,2022-02-11,0.3997,5.0,0.4899,0.2446,5.0,6.25,5.0,14.0,60.79221622581255,6.222703492309989,0.10236020133228521,0.2175973558041061,1.0610498525274037,4.25196611398552
035420,2022-02-12,,,,,0.0,6.25,5.0,14.0,60.79221622581255,6.222703492309989,0.10236020133228521,0.2175973558041061,1.0610498525274037,4.25196611398552
035420,2022-02-13,-0.9989,6.0,0.0,0.1154,1.0,6.25,5.0,14.0,60.79221622581255,6.222703492309989,0.10236020133228521,0.2175973558041061,1.0610498525274037,4.25196611398552
035420,2022-02-14,0.0642,6.0,0.4274,0.1474,11.0,6.25,5.0,14.0,59.77127824339433,6.118200074881883,0.10236020133228521,0.2175973558041061,1.0610498525274037,4.192871764829815
035420,2022-02-15,0.164,5.0,0.3669,0.2025,6.0,6.25,5.0,14.0,59.12159043640091,6.051697900154905,0.10236020133228521,0.2175973558041061,1.0610498525274037,4.1552662699125475
035420,2022-02-16,0.2127,5.0,0.3559,0.1172,4.0,6.25,5.0,14.0,60.23534096267534,6.165701628258295,0.10236020133228521,0.2175973558041061,1.0610498525274037,4.219732832627862
035420,2022-02-17,0.0002,4.0,0.0003,0.1399,3.0,6.25,5.0,14.0,60.23534096267534,6.165701628258295,0.10236020133228521,0.2175973558041061,1.0610498525274037,4.219732832627862
035420,2022-02-18,0.1121,5.0,0.2936,0.218,8.0,6.25,5.0,14.0,59.02877789254471,6.042197589479623,0.10236020133228521,0.2175973558041061,1.0610498525274037,4.149894056352938
035420,2022-02-19,,,,,0.0,6.25,5.0,14.0,59.02877789254471,6.042197589479623,0.10236020133228521,0.2175973558041061,1.0610498525274037,4.149894056352938
035420,2022-02-20,0.4999,4.0,0.4999,0.173,2.0,6.25,5.0,14.0,59.02877789254471,6.042197589479623,0.10236020133228521,0.2175973558041061,1.0610498525274037,4.149894056352938
035420,2022-02-21,0.051,6.0,0.4217,0.1701,9.0,6.25,5.0,14.0,59.02877789254471,6.042197589479623,0.10236020133228521,0.2175973558041061,1.0610498525274037,4.149894056352938
035420,2022-02-22,-0.1676,6.0,0.3579,0.2685,6.0,6.25,5.0,14.0,58.10065245398268,5.947194482726799,0.10236020133228521,0.2175973558041061,1.0610498525274037,4.096171920756842
035420,2022-02-23,0.2004,5.0,0.3997,0.2027,5.0,6.25,5.0,14.0,57.358152103133065,5.871191997324539,0.10236020133228521,0.2175973558041061,1.0610498525274037,4.053194212279966
035420,2022-02-24,0.1254,5.0,0.3304,0.1851,8.0,6.25,5.0,14.0,56.15158903300244,5.747687958545868,0.10236020133228521,0.2175973558041061,1.0610498525274037,3.983355436005042
035420,2022-02-25,0.1517,7.0,0.3557,0.0643,13.0,6.25,5.0,14.0,58.37909008555129,5.9756954147526455,0.10236020133228521,0.2175973558041061,1.0610498525274037,4.112288561435672
035420,2022-02-26,,,,,0.0,6.25,5.0,14.0,58.37909008555129,5.9756954147526455,0.10236020133228521,0.2175973558041061,1.0610498525274037,4.112288561435672
035420,2022-02-27,-0.0,3.0,0.0,0.1504,2.0,6.25,5.0,14.0,58.37909008555129,5.9756954147526455,0.10236020133228521,0.2175973558041061,1.0610498525274037,4.112288561435672
035420,2022-02-28,0.0004,5.0,0.0008,0.1735,6.0,6.25,5.0,14.0,59.02877789254471,6.042197589479623,0.10236020133228521,0.2175973558041061,1.0610498525274037,4.149894056352938
035420,2022-03-01,0.9773,6.0,0.0,0.0667,1.0,6.25,5.0,15.0,59.02877789254471,6.042197589479623,0.10236020133228521,0.2175973558041061,1.0610498525274037,4.149894056352938
035420,2022-03-02,0.0024,4.0,0.0036,0.1447,3.0,6.25,5.0,15.0,58.8431528048323,6.023196968129058,0.10236020133228521,0.2175973558041061,1.0610498525274037,4.139149629233719
035420,2022-03-03,0.2684,8.0,0.4387,0.1931,15.0,6.25,5.0,15.0,60.42096605038775,6.1847022496088595,0.10236020133228521,0.2175973558041061,1.0610498525274037,4.230477259747081
035420,2022-03-04,0.2016,7.0,0.3954,0.2153,11.0,6.25,5.0,15.0,58.935965348688505,6.03269727880434,0.10236020133228521,0.2175973558041061,1.0610498525274037,4.144521842793329
035420,2022-03-05,,,,,0.0,6.25,5.0,15.0,58.935965348688505,6.03269727880434,0.10236020133228521,0.2175973558041061,1.0610498525274037,4.144521842793329
035420,2022-03-06,0.2858,6.0,0.6984,0.1637,7.0,6.25,5.0,15.0,58.935965348688505,6.03269727880434,0.10236020133228521,0.2175973558041061,1.0610498525274037,4.144521842793329
035420,2022-03-07,0.0837,5.0,0.4118,0.2352,8.0,6.25,5.0,15.0,56.98690192770825,5.833190754623409,0.10236020133228521,0.2175973558041061,1.0610498525274037,4.031705358041528
035420,2022-03-08,0.0642,7.0,0.4383,0.1836,15.0,6.25,5.0,15.0,56.52283920842724,5.785689201246997,0.10236020133228521,0.2175973558041061,1.0610498525274037,4.004844290243479
035420,2022-03-09,0.0,3.0,0.0,0.1607,1.0,6.25,5.0,15.0,56.52283920842724,5.785689201246997,0.10236020133228521,0.2175973558041061,1.0610498525274037,4.004844290243479
035420,2022-03-10,0.37,7.0,0.4746,0.1746,11.0,6.25,5.0,15.0,61.34909148894977,6.279705356361684,0.10236020133228521,0.2175973558041061,1.0610498525274037,4.284199395343178
035420,2022-03-11,0.0674,5.0,0.1863,0.2021,8.0,6.25,5.0,15.0,61.07065385738116,6.251204424335836,0.10236020133228521,0.2175973558041061,1.0610498525274037,4.2680827546643485
035420,2022-03-12,,,,,0.0,6.25,5.0,15.0,61.07065385738116,6.251204424335836,0.10236020133228521,0.2175973558041061,1.0610498525274037,4.2680827546643485
035420,2022-03-13,0.0001,4.0,0.0001,0.1251,3.0,6.25,5.0,15.0,61.07065385738116,6.251204424335836,0.10236020133228521,0.2175973558041061,1.0610498525274037,4.2680827546643485
035420,2022-03-14,0.1094,6.0,0.3145,0.2174,9.0,6.25,5.0,15.0,61.07065385738116,6.251204424335836,0.10236020133228521,0.2175973558041061,1.0610498525274037,4.2680827546643485
035420,2022-03-15,0.0135,6.0,0.0384,0.1933,9.0,6.25,5.0,15.0,60.79221622581255,6.222703492309989,0.10236020133228521,0.2175973558041061,1.0610498525274037,4.25196611398552
035420,2022-03-16,0.2089,7.0,0.3901,0.2156,9.0,6.25,5.0,15.0,61.34909148894977,6.279705356361684,0.10236020133228521,0.2175973558041061,1.0610498525274037,4.284199395343178
035420,2022-03-17,0.1667,6.0,0.3726,0.1919,6.0,6.25,5.0,15.0,63.94784271692343,6.545714055269592,0.10236020133228521,0.2175973558041061,1.0610498525274037,4.434621375012245
035420,2022-03-18,0.0007,5.0,0.5343,0.1434,7.0,6.25,5.0,15.0,63.94784271692343,6.545714055269592,0.10236020133228521,0.2175973558041061,1.0610498525274037,4.434621375012245
035420,2022-03-19,0.0004,3.0,0.0,0.2292,1.0,6.25,5.0,15.0,63.94784271692343,6.545714055269592,0.10236020133228521,0.2175973558041061,1.0610498525274037,4.434621375012245
035420,2022-03-20,0.9926,6.0,0.0,0.18,1.0,6.25,5.0,15.0,63.94784271692343,6.545714055269592,0.10236020133228521,0.2175973558041061,1.0610498525274037,4.434621375012245
035420,2022-03-21,0.1738,6.0,0.3346,0.1148,8.0,6.25,5.0,15.0,62.92690473450521,6.441210637841484,0.10236020133228521,0.2175973558041061,1.0610498525274037,4.37552702585654
035420,2022-03-22,0.0889,6.0,0.6651,0.1613,11.0,6.25,5.0,15.0,63.01971727836141,6.450710948516767,0.10236020133228521,0.2175973558041061,1.0610498525274037,4.3808992394161494
035420,2022-03-23,-0.0,4.0,0.0,0.1096,5.0,6.25,5.0,15.0,64.13346780463584,6.564714676620157,0.10236020133228521,0.2175973558041061,1.0610498525274037,4.445365802131464
035420,2022-03-24,0.2078,6.0,0.3729,0.1524,8.0,6.25,5.0,15.0,63.11252982221761,6.460211259192049,0.10236020133228521,0.2175973558041061,1.0610498525274037,4.386271452975759
035420,2022-03-25,0.0,5.0,0.5344,0.1927,7.0,6.25,5.0,15.0,61.81315420823078,6.327206909738096,0.10236020133228521,0.2175973558041061,1.0610498525274037,4.311060463141225
035420,2022-03-26,,,,,0.0,6.25,5.0,15.0,61.81315420823078,6.327206909738096,0.10236020133228521,0.2175973558041061,1.0610498525274037,4.311060463141225
035420,2022-03-27,0.4999,4.0,0.4997,0.1161,2.0,6.25,5.0,15.0,61.81315420823078,6.327206909738096,0.10236020133228521,0.2175973558041061,1.0610498525274037,4.311060463141225
035420,2022-03-28,0.2447,6.0,0.435,0.1304,8.0,6.25,5.0,15.0,61.53471657666217,6.298705977712248,0.10236020133228521,0.2175973558041061,1.0610498525274037,4.294943822462397
035420,2022-03-29,0.2279,7.0,0.4128,0.1556,9.0,6.25,5.0,15.0,61.99877929594319,6.346207531088661,0.10236020133228521,0.2175973558041061,1.0610498525274037,4.321804890260444
035420,2022-03-30,0.1491,5.0,0.3476,0.1927,7.0,6.25,5.0,15.0,62.92690473450521,6.441210637841484,0.10236020133228521,0.2175973558041061,1.0610498525274037,4.37552702585654
035420,2022-03-31,0.0036,5.0,0.5343,0.1654,7.0,6.25,5.0,15.0,63.205342366073815,6.469711569867332,0.10236020133228521,0.2175973558041061,1.0610498525274037,4.391643666535368
035420,2022-04-01,-0.1395,5.0,0.3225,0.1607,6.0,8.5,7.33,4.0,3.1936676712620815,2.190170881915198,0.6857854690465276,0.28533412075898235,0.40219249356605635,4.6157699719015115
035420,2022-04-02,0.1259,3.0,0.1259,0.15,2.0,8.5,7.33,4.0,3.1936676712620815,2.190170881915198,0.6857854690465276,0.28533412075898235,0.40219249356605635,4.6157699719015115
035420,2022-04-03,0.2786,5.0,0.3918,0.1648,3.0,8.5,7.33,4.0,3.1936676712620815,2.190170881915198,0.6857854690465276,0.28533412075898235,0.40219249356605635,4.6157699719015115
035420,2022-04-04,-0.305,6.0,0.4322,0.1704,6.0,8.5,7.33,4.0,3.2174654929555397,2.2064910822275317,0.6857854690465276,0.28533412075898235,0.40219249356605635,4.6401168215917625
035420,2022-04-05,-0.1126,5.0,0.5814,0.1607,8.0,8.5,7.33,4.0,3.2603015720037645,2.2358674427897327,0.6857854690465276,0.28533412075898235,0.40219249356605635,4.683941151034216
035420,2022-04-06,0.1208,5.0,0.2961,0.1641,7.0,8.5,7.33,4.0,3.1413124635364738,2.1542664412280637,0.6857854690465276,0.28533412075898235,0.40219249356605635,4.5622069025829575
035420,2022-04-07,0.1066,6.0,0.3163,0.1323,9.0,8.5,7.33,4.0,3.0556403054400243,2.095513720103662,0.6857854690465276,0.28533412075898235,0.40219249356605635,4.474558243698052
035420,2022-04-08,-0.1426,5.0,0.3492,0.1082,7.0,8.5,7.33,4.0,3.0128042263917996,2.066137359541461,0.6857854690465276,0.28533412075898235,0.40219249356605635,4.430733914255599
035420,2022-04-09,0.0,3.0,0.0,0.1533,2.0,8.5,7.33,4.0,3.0128042263917996,2.066137359541461,0.6857854690465276,0.28533412075898235,0.40219249356605635,4.430733914255599
035420,2022-04-10,0.7471,6.0,0.4318,0.1273,4.0,8.5,7.33,4.0,3.0128042263917996,2.066137359541461,0.6857854690465276,0.28533412075898235,0.40219249356605635,4.430733914255599
035420,2022-04-11,0.1697,6.0,0.658,0.1524,6.0,8.5,7.33,4.0,2.9794872760209583,2.0432890791041936,0.6857854690465276,0.28533412075898235,0.40219249356605635,4.396648324689247
035420,2022-04-12,-0.1597,7.0,0.3626,0.196,12.0,8.5,7.33,4.0,2.9366511969727336,2.013912718541993,0.6857854690465276,0.28533412075898235,0.40219249356605635,4.352823995246793
035420,2022-04-13,0.2784,8.0,0.5799,0.1983,13.0,8.5,7.33,4.0,2.9556894543275,2.02696887879186,0.6857854690465276,0.28533412075898235,0.40219249356605635,4.372301474998995
035420,2022-04-14,0.2784,8.0,0.5751,0.171,13.0,8.5,7.33,4.0,2.9794872760209583,2.0432890791041936,0.6857854690465276,0.28533412075898235,0.40219249356605635,4.396648324689247
035420,2022-04-15,0.4113,5.0,0.5861,0.1669,4.0,8.5,7.33,4.0,2.9366511969727336,2.013912718541993,0.6857854690465276,0.28533412075898235,0.40219249356605635,4.352823995246793
035420,2022-04-16,,,,,0.0,8.5,7.33,4.0,2.9366511969727336,2.013912718541993,0.6857854690465276,0.28533412075898235,0.40219249356605635,4.352823995246793
035420,2022-04-17,0.0,3.0,0.0,0.1875,1.0,8.5,7.33,4.0,2.9366511969727336,2.013912718541993,0.6857854690465276,0.28533412075898235,0.40219249356605635,4.352823995246793
035420,2022-04-18,-0.0851,6.0,0.5052,0.1556,11.0,8.5,7.33,4.0,2.917612939617967,2.0008565582921256,0.6857854690465276,0.28533412075898235,0.40219249356605635,4.333346515494592
035420,2022-04-19,0.0773,5.0,0.1892,0.1142,7.0,8.5,7.33,4.0,2.9699681473435753,2.03676099897926,0.6857854690465276,0.28533412075898235,0.40219249356605635,4.386909584813146
035420,2022-04-20,0.1009,6.0,0.2988,0.0942,10.0,8.5,7.33,4.0,3.0032850977144165,2.0596092794165273,0.6857854690465276,0.28533412075898235,0.40219249356605635,4.420995174379498
035420,2022-04-21,-0.1633,7.0,0.6407,0.1503,22.0,8.5,7.33,4.0,2.946170325650117,2.020440798666926,0.6857854690465276,0.28533412075898235,0.40219249356605635,4.362562735122894
035420,2022-04-22,-0.1323,7.0,0.5912,0.1429,18.0,8.5,7.33,4.0,2.855738603214976,1.9584240374800579,0.6857854690465276,0.28533412075898235,0.40219249356605635,4.270044706299938
035420,2022-04-23,,,,,0.0,8.5,7.33,4.0,2.855738603214976,1.9584240374800579,0.6857854690465276,0.28533412075898235,0.40219249356605635,4.270044706299938
035420,2022-04-24,-0.3226,5.0,0.4563,0.1343,3.0,8.5,7.33,4.0,2.855738603214976,1.9584240374800579,0.6857854690465276,0.28533412075898235,0.40219249356605635,4.270044706299938
035420,2022-04-25,-0.5931,7.0,0.4625,0.1894,8.0,8.5,7.33,4.0,2.7462686234250686,1.8833511160433223,0.6857854690465276,0.28533412075898235,0.40219249356605635,4.15804919772478
035420,2022-04-26,0.1284,7.0,0.3252,0.1421,23.0,8.5,7.33,4.0,2.731989930408994,1.873558995855922,0.6857854690465276,0.28533412075898235,0.40219249356605635,4.143441087910628
035420,2022-04-27,0.0933,6.0,0.5402,0.1445,9.0,8.5,7.33,4.0,2.6701155940060026,1.831126475043854,0.6857854690465276,0.28533412075898235,0.40219249356605635,4.080139278715974
035420,2022-04-28,0.0909,6.0,0.2872,0.142,11.0,8.5,7.33,4.0,2.6701155940060026,1.831126475043854,0.6857854690465276,0.28533412075898235,0.40219249356605635,4.080139278715974
035420,2022-04-29,0.2369,8.0,0.4121,0.1801,12.0,8.5,7.33,4.0,2.727230366070302,1.8702949557934552,0.6857854690465276,0.28533412075898235,0.40219249356605635,4.138571717972578
035420,2022-04-30,-0.2454,5.0,0.425,0.1565,4.0,8.5,7.33,4.0,2.727230366070302,1.8702949557934552,0.6857854690465276,0.28533412075898235,0.40219249356605635,4.138571717972578
035420,2022-05-01,-0.0015,4.0,0.6174,0.1446,5.0,8.5,7.33,5.0,2.727230366070302,1.8702949557934552,0.6857854690465276,0.28533412075898235,0.40219249356605635,4.138571717972578
035420,2022-05-02,-0.0274,6.0,0.6244,0.163,9.0,8.5,7.33,5.0,2.6748751583446944,1.834390515106321,0.6857854690465276,0.28533412075898235,0.40219249356605635,4.085008648654025
035420,2022-05-03,0.0041,5.0,0.534,0.1943,7.0,8.5,7.33,5.0,2.6843942870220774,1.8409185952312543,0.6857854690465276,0.28533412075898235,0.40219249356605635,4.094747388530125
035420,2022-05-04,0.0684,7.0,0.2514,0.1297,14.0,8.5,7.33,5.0,2.6843942870220774,1.8409185952312543,0.6857854690465276,0.28533412075898235,0.40219249356605635,4.094747388530125
035420,2022-05-05,-0.0528,5.0,0.5487,0.1777,7.0,8.5,7.33,5.0,2.6843942870220774,1.8409185952312543,0.6857854690465276,0.28533412075898235,0.40219249356605635,4.094747388530125
035420,2022-05-06,-0.3747,6.0,0.448,0.1631,7.0,8.5,7.33,5.0,2.589203000248245,1.775637793981919,0.6857854690465276,0.28533412075898235,0.40219249356605635,3.997359989769119
035420,2022-05-07,,,,,0.0,8.5,7.33,5.0,2.589203000248245,1.775637793981919,0.6857854690465276,0.28533412075898235,0.40219249356605635,3.997359989769119
035420,2022-05-08,0.1795,5.0,0.4021,0.1472,5.0,8.5,7.33,5.0,2.589203000248245,1.775637793981919,0.6857854690465276,0.28533412075898235,0.40219249356605635,3.997359989769119
035420,2022-05-09,-0.0265,4.0,0.0374,0.3649,3.0,8.5,7.33,5.0,2.617760386280395,1.7952220343567196,0.6857854690465276,0.28533412075898235,0.40219249356605635,4.026576209397421
035420,2022-05-10,0.1676,6.0,0.3722,0.1961,6.0,8.5,7.33,5.0,2.627279514957778,1.8017501144816532,0.6857854690465276,0.28533412075898235,0.40219249356605635,4.036314949273521
035420,2022-05-11,0.1444,6.0,0.3042,0.1176,10.0,8.5,7.33,5.0,2.655836900989928,1.8213343548564538,0.6857854690465276,0.28533412075898235,0.40219249356605635,4.065531168901823
035420,2022-05-12,-0.1025,5.0,0.4252,0.1948,6.0,8.5,7.33,5.0,2.5701647428934784,1.762581633732052,0.6857854690465276,0.28533412075898235,0.40219249356605635,3.9778825100169173
035420,2022-05-13,0.2474,5.0,0.4344,0.1882,4.0,8.5,7.33,5.0,2.613000821941703,1.791957994294253,0.6857854690465276,0.28533412075898235,0.40219249356605635,4.0217068394593705
035420,2022-05-14,-0.0014,4.0,0.0024,0.2086,3.0,8.5,7.33,5.0,2.613000821941703,1.791957994294253,0.6857854690465276,0.28533412075898235,0.40219249356605635,4.0217068394593705
035420,2022-05-15,-0.2411,5.0,0.4179,0.171,4.0,8.5,7.33,5.0,2.613000821941703,1.791957994294253,0.6857854690465276,0.28533412075898235,0.40219249356605635,4.0217068394593705
035420,2022-05-16,-0.0049,4.0,0.0133,0.3092,5.0,8.5,7.33,5.0,2.6034816932643197,1.7854299141693193,0.6857854690465276,0.28533412075898235,0.40219249356605635,4.01196809958327
035420,2022-05-17,-0.0207,3.0,0.0,0.0952,1.0,8.5,7.33,5.0,2.622519950619086,1.7984860744191864,0.6857854690465276,0.28533412075898235,0.40219249356605635,4.031445579335471
035420,2022-05-18,0.9996,6.0,0.0,0.0652,1.0,8.5,7.33,5.0,2.6320390792964696,1.8050141545441198,0.6857854690465276,0.28533412075898235,0.40219249356605635,4.041184319211571
035420,2022-05-19,-0.1247,6.0,0.619,0.0791,11.0,8.5,7.33,5.0,2.584443435909553,1.7723737539194524,0.6857854690465276,0.28533412075898235,0.40219249356605635,3.9924906198310683
035420,2022-05-20,-0.0586,4.0,0.1173,0.222,5.0,8.5,7.33,5.0,2.617760386280395,1.7952220343567196,0.6857854690465276,0.28533412075898235,0.40219249356605635,4.026576209397421
035420,2022-05-21,,,,,0.0,8.5,7.33,5.0,2.617760386280395,1.7952220343567196,0.6857854690465276,0.28533412075898235,0.40219249356605635,4.026576209397421
035420,2022-05-22,0.0022,3.0,0.0,0.1915,1.0,8.5,7.33,5.0,2.617760386280395,1.7952220343567196,0.6857854690465276,0.28533412075898235,0.40219249356605635,4.026576209397421
035420,2022-05-23,-0.091,6.0,0.2873,0.1828,11.0,8.5,7.33,5.0,2.6415582079738527,1.8115422346690535,0.6857854690465276,0.28533412075898235,0.40219249356605635,4.050923059087673
035420,2022-05-24,0.3702,6.0,0.4781,0.1248,8.0,8.5,7.33,5.0,2.5320882281839454,1.736469313232318,0.6857854690465276,0.28533412075898235,0.40219249356605635,3.9389275505125148
035420,2022-05-25,-0.2126,5.0,0.7651,0.1272,4.0,8.5,7.33,5.0,2.5320882281839454,1.736469313232318,0.6857854690465276,0.28533412075898235,0.40219249356605635,3.9389275505125148
035420,2022-05-26,0.1624,5.0,0.3702,0.1329,6.0,8.5,7.33,5.0,2.5320882281839454,1.736469313232318,0.6857854690465276,0.28533412075898235,0.40219249356605635,3.9389275505125148
035420,2022-05-27,0.428,6.0,0.4942,0.1285,7.0,8.5,7.33,5.0,2.5701647428934784,1.762581633732052,0.6857854690465276,0.28533412075898235,0.40219249356605635,3.9778825100169173
035420,2022-05-28,0.0,3.0,0.0,0.1633,1.0,8.5,7.33,5.0,2.5701647428934784,1.762581633732052,0.6857854690465276,0.28533412075898235,0.40219249356605635,3.9778825100169173
035420,2022-05-29,0.0238,5.0,0.4669,0.1227,7.0,8.5,7.33,5.0,2.5701647428934784,1.762581633732052,0.6857854690465276,0.28533412075898235,0.40219249356605635,3.9778825100169173
035420,2022-05-30,0.2761,6.0,0.4369,0.3128,7.0,8.5,7.33,5.0,2.6748751583446944,1.834390515106321,0.6857854690465276,0.28533412075898235,0.40219249356605635,4.085008648654025
035420,2022-05-31,-0.0013,5.0,0.027,0.1606,8.0,8.5,7.33,5.0,2.741509059086377,1.8800870759808554,0.6857854690465276,0.28533412075898235,0.40219249356605635,4.15317982778673
035420,2022-06-01,,,,,0.0,8.5,7.33,6.0,2.741509059086377,1.8800870759808554,0.6857854690465276,0.28533412075898235,0.40219249356605635,4.15317982778673
035420,2022-06-02,0.2351,8.0,0.8653,0.1478,13.0,8.5,7.33,6.0,2.7605473164411434,1.8931432362307226,0.6857854690465276,0.28533412075898235,0.40219249356605635,4.172657307538931
035420,2022-06-03,0.0916,7.0,0.4319,0.1839,12.0,8.5,7.33,6.0,2.7367494947476856,1.8768230359183886,0.6857854690465276,0.28533412075898235,0.40219249356605635,4.148310457848679
035420,2022-06-04,-0.0231,3.0,0.0231,0.1157,2.0,8.5,7.33,6.0,2.7367494947476856,1.8768230359183886,0.6857854690465276,0.28533412075898235,0.40219249356605635,4.148310457848679
035420,2022-06-05,0.498,4.0,0.4985,0.1434,2.0,8.5,7.33,6.0,2.7367494947476856,1.8768230359183886,0.6857854690465276,0.28533412075898235,0.40219249356605635,4.148310457848679
035420,2022-06-06,0.4999,4.0,0.4999,0.1613,2.0,8.5,7.33,6.0,2.7367494947476856,1.8768230359183886,0.6857854690465276,0.28533412075898235,0.40219249356605635,4.148310457848679
035420,2022-06-07,0.4932,6.0,0.4933,0.1635,6.0,8.5,7.33,6.0,2.6463177723125444,1.8148062747315201,0.6857854690465276,0.28533412075898235,0.40219249356605635,4.055792429025723
035420,2022-06-08,0.4772,7.0,0.475,0.1536,9.0,8.5,7.33,6.0,2.6463177723125444,1.8148062747315201,0.6857854690465276,0.28533412075898235,0.40219249356605635,4.055792429025723
035420,2022-06-09,0.0189,4.0,0.0275,0.1473,4.0,8.5,7.33,6.0,2.5987221289256284,1.7821658741068527,0.6857854690465276,0.28533412075898235,0.40219249356605635,4.00709872964522
035420,2022-06-10,-0.3073,4.0,0.2042,0.1007,2.0,8.5,7.33,6.0,2.5701647428934784,1.762581633732052,0.6857854690465276,0.28533412075898235,0.40219249356605635,3.9778825100169173
035420,2022-06-11,-0.0,3.0,0.0,0.0749,2.0,8.5,7.33,6.0,2.5701647428934784,1.762581633732052,0.6857854690465276,0.28533412075898235,0.40219249356605635,3.9778825100169173
035420,2022-06-12,0.0001,3.0,0.0,0.0652,1.0,8.5,7.33,6.0,2.5701647428934784,1.762581633732052,0.6857854690465276,0.28533412075898235,0.40219249356605635,3.9778825100169173
035420,2022-06-13,-0.5987,6.0,0.4887,0.15,5.0,8.5,7.33,6.0,2.4178586840553464,1.6581323517331157,0.6857854690465276,0.28533412075898235,0.40219249356605635,3.8220626719993067
035420,2022-06-14,-0.3974,6.0,0.5228,0.2232,8.0,8.5,7.33,6.0,2.408339555377963,1.651604271608182,0.6857854690465276,0.28533412075898235,0.40219249356605635,3.812323932123206
035420,2022-06-15,0.0758,5.0,0.2518,0.0572,7.0,8.5,7.33,6.0,2.3274269616202057,1.5961155905462472,0.6857854690465276,0.28533412075898235,0.40219249356605635,3.7295446431763506
035420,2022-06-16,0.2733,6.0,0.4327,0.1326,7.0,8.5,7.33,6.0,2.284590882571981,1.5667392299840461,0.6857854690465276,0.28533412075898235,0.40219249356605635,3.6857203137338974
035420,2022-06-17,-0.0492,5.0,0.6977,0.0986,7.0,8.5,7.33,6.0,2.2607930608785227,1.5504190296717124,0.6857854690465276,0.28533412075898235,0.40219249356605635,3.6613734640436455
035420,2022-06-18,-0.1665,5.0,0.3723,0.1189,6.0,8.5,7.33,6.0,2.2607930608785227,1.5504190296717124,0.6857854690465276,0.28533412075898235,0.40219249356605635,3.6613734640436455
035420,2022-06-19,-0.3867,5.0,0.4678,0.1411,5.0,8.5,7.33,6.0,2.2607930608785227,1.5504190296717124,0.6857854690465276,0.28533412075898235,0.40219249356605635,3.6613734640436455
035420,2022-06-20,-0.0201,5.0,0.5342,0.1806,6.0,8.5,7.33,6.0,2.2274761105076815,1.527570749234445,0.6857854690465276,0.28533412075898235,0.40219249356605635,3.627287874477293
035420,2022-06-21,0.075,5.0,0.7346,0.1621,7.0,8.5,7.33,6.0,2.279831318233289,1.5634751899215795,0.6857854690465276,0.28533412075898235,0.40219249356605635,3.6808509437958468
035420,2022-06-22,-0.1516,6.0,0.311,0.1494,9.0,8.5,8.33,6.0,2.179880467120765,1.4949303486097774,0.6857854690465276,0.28533412075898235,0.40219249356605635,3.57859417509679
035420,2022-06-23,-0.0725,5.0,0.4605,0.2031,6.0,8.5,7.33,6.0,2.2274761105076815,1.527570749234445,0.6857854690465276,0.28533412075898235,0.40219249356605635,3.627287874477293
035420,2022-06-24,0.0082,4.0,0.6325,0.1443,5.0,8.5,7.33,6.0,2.355984347652355,1.6156998309210477,0.6857854690465276,0.28533412075898235,0.40219249356605635,3.7587608628046523
035420,2022-06-25,0.0,3.0,0.0,0.0833,1.0,8.5,7.33,6.0,2.355984347652355,1.6156998309210477,0.6857854690465276,0.28533412075898235,0.40219249356605635,3.7587608628046523
035420,2022-06-26,0.2444,5.0,0.4263,0.1169,4.0,8.5,7.33,6.0,2.355984347652355,1.6156998309210477,0.6857854690465276,0.28533412075898235,0.40219249356605635,3.7587608628046523
035420,2022-06-27,-0.499,5.0,0.499,0.1207,4.0,8.5,7.33,6.0,2.37026304066843,1.625491951108448,0.6857854690465276,0.28533412075898235,0.40219249356605635,3.7733689726188033
035420,2022-06-28,0.1843,5.0,0.4088,0.108,5.0,8.5,7.33,6.0,2.4035799910392717,1.6483402315457154,0.6857854690465276,0.28533412075898235,0.40219249356605635,3.8074545621851557
035420,2022-06-29,0.2495,6.0,0.431,0.0885,8.0,8.5,7.33,6.0,2.346465218974972,1.609171750796114,0.6857854690465276,0.28533412075898235,0.40219249356605635,3.7490221229285514
035420,2022-06-30,-0.1621,5.0,0.3746,0.2537,6.0,8.5,7.33,6.0,2.284590882571981,1.5667392299840461,0.6857854690465276,0.28533412075898235,0.40219249356605635,3.6857203137338974
035420,2022-07-01,-0.068,5.0,0.1631,0.1339,7.0,8.5,7.33,7.0,2.256033496539831,1.5471549896092456,0.6857854690465276,0.28533412075898235,0.40219249356605635,3.6565040941055953
035420,2022-07-02,,,,,0.0,8.5,7.33,7.0,2.256033496539831,1.5471549896092456,0.6857854690465276,0.28533412075898235,0.40219249356605635,3.6565040941055953
035420,2022-07-03,0.0,3.0,0.0,0.0698,1.0,8.5,7.33,7.0,2.256033496539831,1.5471549896092456,0.6857854690465276,0.28533412075898235,0.40219249356605635,3.6565040941055953
035420,2022-07-04,-0.0579,4.0,0.5413,0.1711,5.0,8.5,7.33,7.0,2.2369952391850645,1.5340988293593787,0.6857854690465276,0.28533412075898235,0.40219249356605635,3.637026614353394
035420,2022-07-05,-0.4317,5.0,0.5719,0.1605,4.0,8.5,7.33,7.0,2.3131482686041305,1.586323470358847,0.6857854690465276,0.28533412075898235,0.40219249356605635,3.7149365333621995
035420,2022-07-06,-0.0092,6.0,0.4456,0.1536,9.0,8.5,7.33,7.0,2.317907832942822,1.5895875104213135,0.6857854690465276,0.28533412075898235,0.40219249356605635,3.7198059033002497
035420,2022-07-07,-0.499,5.0,0.4991,0.205,4.0,8.5,7.33,7.0,2.332186525958897,1.5993796306087138,0.6857854690465276,0.28533412075898235,0.40219249356605635,3.734414013114401
035420,2022-07-08,-0.4995,5.0,0.4995,0.1426,4.0,8.5,7.33,7.0,2.37026304066843,1.625491951108448,0.6857854690465276,0.28533412075898235,0.40219249356605635,3.7733689726188033
035420,2022-07-09,,,,,0.0,8.5,7.33,7.0,2.37026304066843,1.625491951108448,0.6857854690465276,0.28533412075898235,0.40219249356605635,3.7733689726188033
035420,2022-07-10,0.0,3.0,0.0,0.0435,1.0,8.5,7.33,7.0,2.37026304066843,1.625491951108448,0.6857854690465276,0.28533412075898235,0.40219249356605635,3.7733689726188033
035420,2022-07-11,-0.2122,5.0,0.4583,0.1148,4.0,8.5,7.33,7.0,2.2893504469106722,1.570003270046513,0.6857854690465276,0.28533412075898235,0.40219249356605635,3.6905896836719476
035420,2022-07-12,-0.6846,7.0,0.4385,0.1767,7.0,8.5,7.33,7.0,2.2227165461689897,1.5243067091719784,0.6857854690465276,0.28533412075898235,0.40219249356605635,3.622418504539243
035420,2022-07-13,0.3974,7.0,0.6646,0.1833,10.0,8.5,7.33,7.0,2.2607930608785227,1.5504190296717124,0.6857854690465276,0.28533412075898235,0.40219249356605635,3.6613734640436455
035420,2022-07-14,0.2692,5.0,0.7959,0.1956,4.0,8.5,7.33,7.0,2.2227165461689897,1.5243067091719784,0.6857854690465276,0.28533412075898235,0.40219249356605635,3.622418504539243
035420,2022-07-15,-0.4646,5.0,0.4673,0.2683,4.0,8.5,7.33,7.0,2.1989187244755315,1.5079865088596445,0.6857854690465276,0.28533412075898235,0.40219249356605635,3.598071654848991
035420,2022-07-16,0.0,3.0,0.0,0.1364,1.0,8.5,7.33,7.0,2.1989187244755315,1.5079865088596445,0.6857854690465276,0.28533412075898235,0.40219249356605635,3.598071654848991
035420,2022-07-17,0.4998,4.0,0.4997,0.1739,2.0,8.5,7.33,7.0,2.1989187244755315,1.5079865088596445,0.6857854690465276,0.28533412075898235,0.40219249356605635,3.598071654848991
035420,2022-07-18,0.1006,7.0,0.64,0.2337,12.0,8.5,7.33,7.0,2.346465218974972,1.609171750796114,0.6857854690465276,0.28533412075898235,0.40219249356605635,3.7490221229285514
035420,2022-07-19,-0.0,6.0,0.0003,0.1691,11.0,8.5,7.33,7.0,2.317907832942822,1.5895875104213135,0.6857854690465276,0.28533412075898235,0.40219249356605635,3.7198059033002497
035420,2022-07-20,-0.0759,5.0,0.5342,0.2569,8.0,8.5,7.33,7.0,2.3417056546362804,1.6059077107336475,0.6857854690465276,0.28533412075898235,0.40219249356605635,3.744152752990501
035420,2022-07-21,0.1376,5.0,0.6819,0.1765,6.0,8.5,7.33,7.0,2.384541733684505,1.6352840712958483,0.6857854690465276,0.28533412075898235,0.40219249356605635,3.7879770824329544
035420,2022-07-22,0.0001,3.0,0.0,0.1937,2.0,8.5,7.33,7.0,2.3797821693458134,1.6320200312333815,0.6857854690465276,0.28533412075898235,0.40219249356605635,3.783107712494904
035420,2022-07-23,0.0001,3.0,0.0,0.102,1.0,8.5,7.33,7.0,2.3797821693458134,1.6320200312333815,0.6857854690465276,0.28533412075898235,0.40219249356605635,3.783107712494904
035420,2022-07-24,0.0009,3.0,0.0,0.08,1.0,8.5,7.33,7.0,2.3797821693458134,1.6320200312333815,0.6857854690465276,0.28533412075898235,0.40219249356605635,3.783107712494904
035420,2022-07-25,0.1297,3.0,0.0,0.0851,1.0,8.5,7.33,7.0,2.360743911991047,1.6189638709835144,0.6857854690465276,0.28533412075898235,0.40219249356605635,3.7636302327427025
035420,2022-07-26,-0.2852,5.0,0.7357,0.0939,5.0,8.5,7.33,7.0,2.332186525958897,1.5993796306087138,0.6857854690465276,0.28533412075898235,0.40219249356605635,3.734414013114401
035420,2022-07-27,0.2533,5.0,0.4176,0.1903,4.0,8.5,7.33,7.0,2.3417056546362804,1.6059077107336475,0.6857854690465276,0.28533412075898235,0.40219249356605635,3.744152752990501
035420,2022-07-28,0.333,5.0,0.4705,0.157,3.0,8.5,7.33,7.0,2.3512247833136635,1.612435790858581,0.6857854690465276,0.28533412075898235,0.40219249356605635,3.753891492866602
035420,2022-07-29,0.2219,7.0,0.4158,0.2287,9.0,8.5,7.33,7.0,2.4654543274422624,1.6907727523577831,0.6857854690465276,0.28533412075898235,0.40219249356605635,3.87075637137981
035420,2022-07-30,,,,,0.0,8.5,7.33,7.0,2.4654543274422624,1.6907727523577831,0.6857854690465276,0.28533412075898235,0.40219249356605635,3.87075637137981
035420,2022-07-31,-0.9976,6.0,0.0,0.1522,1.0,8.5,7.33,7.0,2.4654543274422624,1.6907727523577831,0.6857854690465276,0.28533412075898235,0.40219249356605635,3.87075637137981
035420,2022-08-01,0.0,3.0,0.0,0.093,1.0,8.5,7.33,8.0,2.4654543274422624,1.6907727523577831,0.6857854690465276,0.28533412075898235,0.40219249356605635,3.87075637137981
035420,2022-08-02,-0.166,5.0,0.3324,0.1722,8.0,8.5,7.33,8.0,2.4654543274422624,1.6907727523577831,0.6857854690465276,0.28533412075898235,0.40219249356605635,3.87075637137981
035420,2022-08-03,0.2317,5.0,0.4014,0.1937,4.0,8.5,7.33,8.0,2.5606456142160954,1.7560535536071185,0.6857854690465276,0.28533412075898235,0.40219249356605635,3.9681437701408164
035420,2022-08-04,0.3801,7.0,0.4033,0.1837,9.0,8.5,7.33,8.0,2.6034816932643197,1.7854299141693193,0.6857854690465276,0.28533412075898235,0.40219249356605635,4.01196809958327
035420,2022-08-05,0.7109,9.0,0.4116,0.2523,13.0,8.5,7.33,8.0,2.541607356861329,1.7429973933572513,0.6857854690465276,0.28533412075898235,0.40219249356605635,3.9486662903886156
035420,2022-08-06,0.8082,5.0,0.0,0.2,1.0,8.5,7.33,8.0,2.541607356861329,1.7429973933572513,0.6857854690465276,0.28533412075898235,0.40219249356605635,3.9486662903886156
035420,2022-08-07,-0.3067,5.0,0.9238,0.3348,3.0,8.5,7.33,8.0,2.541607356861329,1.7429973933572513,0.6857854690465276,0.28533412075898235,0.40219249356605635,3.9486662903886156
035420,2022-08-08,-0.3934,7.0,0.7949,0.2192,10.0,8.5,7.33,8.0,2.460694763103571,1.6875087122953165,0.6857854690465276,0.28533412075898235,0.40219249356605635,3.8658870014417595
035420,2022-08-09,-0.3898,5.0,0.4975,0.1597,5.0,8.5,7.33,8.0,2.5225690995065624,1.7299412331073845,0.6857854690465276,0.28533412075898235,0.40219249356605635,3.929188810636414
035420,2022-08-10,-0.3399,7.0,0.5716,0.2071,9.0,8.5,7.33,8.0,2.4940117134744124,1.710356992732584,0.6857854690465276,0.28533412075898235,0.40219249356605635,3.899972591008112
035420,2022-08-11,0.0001,3.0,0.0001,0.2057,2.0,8.5,7.33,8.0,2.54636692120002,1.7462614334197182,0.6857854690465276,0.28533412075898235,0.40219249356605635,3.953535660326666
035420,2022-08-12,-0.1213,7.0,0.7139,0.1676,12.0,8.5,7.33,8.0,2.5273286638452537,1.733205273169851,0.6857854690465276,0.28533412075898235,0.40219249356605635,3.9340581805744645
035420,2022-08-13,-0.4998,4.0,0.4998,0.2236,2.0,8.5,7.33,8.0,2.5273286638452537,1.733205273169851,0.6857854690465276,0.28533412075898235,0.40219249356605635,3.9340581805744645
035420,2022-08-14,,,,,0.0,8.5,7.33,8.0,2.5273286638452537,1.733205273169851,0.6857854690465276,0.28533412075898235,0.40219249356605635,3.9340581805744645
035420,2022-08-15,0.8766,6.0,0.0,0.1538,1.0,8.5,7.33,8.0,2.5273286638452537,1.733205273169851,0.6857854690465276,0.28533412075898235,0.40219249356605635,3.9340581805744645
035420,2022-08-16,0.2234,5.0,0.3283,0.1362,5.0,8.5,7.33,8.0,2.470213891780954,1.69403679242025,0.6857854690465276,0.28533412075898235,0.40219249356605635,3.8756257413178603
035420,2022-08-17,-0.277,6.0,0.6109,0.1472,8.0,8.5,7.33,8.0,2.4559351987648794,1.6842446722328497,0.6857854690465276,0.28533412075898235,0.40219249356605635,3.8610176315037092
035420,2022-08-18,-0.1394,5.0,0.6384,0.2081,7.0,8.5,7.33,8.0,2.3797821693458134,1.6320200312333815,0.6857854690465276,0.28533412075898235,0.40219249356605635,3.783107712494904
035420,2022-08-19,-0.3246,5.0,0.475,0.1469,3.0,8.5,7.33,8.0,2.360743911991047,1.6189638709835144,0.6857854690465276,0.28533412075898235,0.40219249356605635,3.7636302327427025
035420,2022-08-20,0.0,3.0,0.0,0.1288,2.0,8.5,7.33,8.0,2.360743911991047,1.6189638709835144,0.6857854690465276,0.28533412075898235,0.40219249356605635,3.7636302327427025
035420,2022-08-21,-0.3815,4.0,0.6161,0.156,2.0,8.5,7.33,8.0,2.360743911991047,1.6189638709835144,0.6857854690465276,0.28533412075898235,0.40219249356605635,3.7636302327427025
035420,2022-08-22,-0.0998,6.0,0.538,0.1758,10.0,8.5,7.33,8.0,2.3369460902975887,1.6026436706711806,0.6857854690465276,0.28533412075898235,0.40219249356605635,3.739283383052451
035420,2022-08-23,0.1665,5.0,0.3724,0.155,6.0,8.5,7.33,8.0,2.294110011249364,1.5732673101089798,0.6857854690465276,0.28533412075898235,0.40219249356605635,3.6954590536099983
035420,2022-08-24,-0.0229,4.0,0.0398,0.2022,4.0,8.5,7.33,8.0,2.2988695755880557,1.5765313501714464,0.6857854690465276,0.28533412075898235,0.40219249356605635,3.7003284235480485
035420,2022-08-25,-0.026,6.0,0.2198,0.1239,9.0,8.5,7.33,8.0,2.3274269616202057,1.5961155905462472,0.6857854690465276,0.28533412075898235,0.40219249356605635,3.7295446431763506
035420,2022-08-26,0.0018,3.0,0.0018,0.122,2.0,8.5,7.33,8.0,2.3036291399267474,1.5797953902339132,0.6857854690465276,0.28533412075898235,0.40219249356605635,3.7051977934860987
035420,2022-08-27,,,,,0.0,8.5,7.33,8.0,2.3036291399267474,1.5797953902339132,0.6857854690465276,0.28533412075898235,0.40219249356605635,3.7051977934860987
035420,2022-08-28,-0.3555,4.0,0.3554,0.1899,2.0,8.5,7.33,8.0,2.3036291399267474,1.5797953902339132,0.6857854690465276,0.28533412075898235,0.40219249356605635,3.7051977934860987
035420,2022-08-29,-0.3332,5.0,0.4713,0.1946,3.0,8.5,7.33,8.0,2.2274761105076815,1.527570749234445,0.6857854690465276,0.28533412075898235,0.40219249356605635,3.627287874477293
035420,2022-08-30,0.9579,6.0,0.0419,0.2035,2.0,8.5,7.33,8.0,2.2655526252172145,1.5536830697341792,0.6857854690465276,0.28533412075898235,0.40219249356605635,3.666242833981696
035420,2022-08-31,-0.0121,4.0,0.0262,0.2324,5.0,8.5,7.33,8.0,2.284590882571981,1.5667392299840461,0.6857854690465276,0.28533412075898235,0.40219249356605635,3.6857203137338974
035420,2022-09-01,0.1599,7.0,0.5028,0.1612,18.0,8.5,7.33,9.0,2.246514367862448,1.5406269094843121,0.6857854690465276,0.28533412075898235,0.40219249356605635,3.646765354229495
035420,2022-09-02,0.0,4.0,0.0,0.1155,3.0,8.5,7.33,9.0,2.2274761105076815,1.527570749234445,0.6857854690465276,0.28533412075898235,0.40219249356605635,3.627287874477293
035420,2022-09-03,-0.9949,6.0,0.0,0.1429,1.0,8.5,7.33,9.0,2.2274761105076815,1.527570749234445,0.6857854690465276,0.28533412075898235,0.40219249356605635,3.627287874477293
035420,2022-09-04,-0.0001,3.0,0.0002,0.1324,2.0,8.5,7.33,9.0,2.2274761105076815,1.527570749234445,0.6857854690465276,0.28533412075898235,0.40219249356605635,3.627287874477293
035420,2022-09-05,-0.0404,4.0,0.7023,0.1345,4.0,8.5,7.33,9.0,2.246514367862448,1.5406269094843121,0.6857854690465276,0.28533412075898235,0.40219249356605635,3.646765354229495
035420,2022-09-06,-0.0461,4.0,0.0798,0.0955,4.0,8.5,7.33,9.0,2.2369952391850645,1.5340988293593787,0.6857854690465276,0.28533412075898235,0.40219249356605635,3.637026614353394
035420,2022-09-07,0.364,5.0,0.4512,0.1514,3.0,8.5,7.33,9.0,2.2036782888142232,1.5112505489221113,0.6857854690465276,0.28533412075898235,0.40219249356605635,3.6029410247870417
035420,2022-09-08,-0.2221,7.0,0.6284,0.1141,9.0,8.5,7.33,9.0,2.2036782888142232,1.5112505489221113,0.6857854690465276,0.28533412075898235,0.40219249356605635,3.6029410247870417
035420,2022-09-09,-0.0004,3.0,0.0,0.08,1.0,8.5,7.33,9.0,2.2036782888142232,1.5112505489221113,0.6857854690465276,0.28533412075898235,0.40219249356605635,3.6029410247870417
035420,2022-09-10,,,,,0.0,8.5,7.33,9.0,2.2036782888142232,1.5112505489221113,0.6857854690465276,0.28533412075898235,0.40219249356605635,3.6029410247870417
035420,2022-09-11,-0.003,3.0,0.003,0.0709,2.0,8.5,7.33,9.0,2.2036782888142232,1.5112505489221113,0.6857854690465276,0.28533412075898235,0.40219249356605635,3.6029410247870417
035420,2022-09-12,0.5485,5.0,0.0,0.2128,1.0,8.5,7.33,9.0,2.2036782888142232,1.5112505489221113,0.6857854690465276,0.28533412075898235,0.40219249356605635,3.6029410247870417
035420,2022-09-13,0.4993,4.0,0.4993,0.1643,2.0,8.5,7.33,9.0,2.2703121895559057,1.5569471097966459,0.6857854690465276,0.28533412075898235,0.40219249356605635,3.6711122039197464
035420,2022-09-14,-0.6798,8.0,0.4523,0.2674,10.0,8.5,7.33,9.0,2.1893995957981485,1.501458428734711,0.6857854690465276,0.28533412075898235,0.40219249356605635,3.5883329149728906
035420,2022-09-15,0.4002,5.0,0.4896,0.1015,5.0,8.5,8.33,9.0,2.1465635167499237,1.4720820681725102,0.6857854690465276,0.28533412075898235,0.40219249356605635,3.5445085855304375
035420,2022-09-16,-0.3976,5.0,0.4916,0.1843,5.0,8.5,8.33,9.0,2.0942083090243155,1.4361776274853757,0.6857854690465276,0.28533412075898235,0.40219249356605635,3.490945516211884
035420,2022-09-17,,,,,0.0,8.5,8.33,9.0,2.0942083090243155,1.4361776274853757,0.6857854690465276,0.28533412075898235,0.40219249356605635,3.490945516211884
035420,2022-09-18,0.0,3.0,0.0,0.26,1.0,8.5,8.33,9.0,2.0942083090243155,1.4361776274853757,0.6857854690465276,0.28533412075898235,0.40219249356605635,3.490945516211884
035420,2022-09-19,0.0003,5.0,0.5343,0.1519,7.0,8.5,8.33,9.0,2.075170051669549,1.4231214672355086,0.6857854690465276,0.28533412075898235,0.40219249356605635,3.4714680364596826
035420,2022-09-20,-0.0,5.0,0.0004,0.1941,6.0,8.5,8.33,9.0,2.075170051669549,1.4231214672355086,0.6857854690465276,0.28533412075898235,0.40219249356605635,3.4714680364596826
035420,2022-09-21,-0.2578,7.0,0.6417,0.1697,9.0,8.5,8.33,9.0,2.027574408282633,1.390481066610841,0.6857854690465276,0.28533412075898235,0.40219249356605635,3.422774337079179
035420,2022-09-22,-0.2501,6.0,0.6562,0.2518,8.0,8.5,8.33,9.0,1.9657000718796418,1.3480485457987732,0.6857854690465276,0.28533412075898235,0.40219249356605635,3.3594725278845248
035420,2022-09-23,-0.666,6.0,0.4709,0.1731,3.0,8.5,8.33,9.0,2.003776586589175,1.3741608662985072,0.6857854690465276,0.28533412075898235,0.40219249356605635,3.3984274873889277
035420,2022-09-24,,,,,0.0,8.5,8.33,9.0,2.003776586589175,1.3741608662985072,0.6857854690465276,0.28533412075898235,0.40219249356605635,3.3984274873889277
035420,2022-09-25,0.0005,3.0,0.0005,0.0985,2.0,8.5,8.33,9.0,2.003776586589175,1.3741608662985072,0.6857854690465276,0.28533412075898235,0.40219249356605635,3.3984274873889277
035420,2022-09-26,-0.7958,7.0,0.5391,0.1659,8.0,8.5,8.33,9.0,1.9466618145248753,1.334992385548906,0.6857854690465276,0.28533412075898235,0.40219249356605635,3.3399950481323235
035420,2022-09-27,-0.1146,5.0,0.4082,0.1429,6.0,8.5,8.33,9.0,1.9466618145248753,1.334992385548906,0.6857854690465276,0.28533412075898235,0.40219249356605635,3.3399950481323235
035420,2022-09-28,-0.6669,8.0,0.4105,0.2774,9.0,8.5,8.33,9.0,1.9085852998153423,1.3088800650491719,0.6857854690465276,0.28533412075898235,0.40219249356605635,3.3010400886279205
035420,2022-09-29,-0.6664,6.0,0.4712,0.1937,3.0,8.5,8.33,9.0,1.8705087851058093,1.2827677445494379,0.6857854690465276,0.28533412075898235,0.40219249356605635,3.262085129123518
035420,2022-09-30,-0.0,4.0,0.0001,0.1403,3.0,8.5,8.33,9.0,1.8419513990736596,1.2631835041746373,0.6857854690465276,0.28533412075898235,0.40219249356605635,3.2328689094952163
035420,2022-10-01,-0.0,3.0,0.0,0.1522,1.0,8.5,8.33,10.0,1.8419513990736596,1.2631835041746373,0.6857854690465276,0.28533412075898235,0.40219249356605635,3.2328689094952163
035420,2022-10-02,0.9998,6.0,0.0,0.098,1.0,8.5,8.33,10.0,1.8419513990736596,1.2631835041746373,0.6857854690465276,0.28533412075898235,0.40219249356605635,3.2328689094952163
035420,2022-10-03,-0.1796,5.0,0.3121,0.1627,4.0,8.5,8.33,10.0,1.8419513990736596,1.2631835041746373,0.6857854690465276,0.28533412075898235,0.40219249356605635,3.2328689094952163
035420,2022-10-04,-0.0975,7.0,0.7905,0.1868,19.0,8.5,8.33,10.0,1.6801262115581441,1.1522061420507674,0.6857854690465276,0.28533412075898235,0.40219249356605635,3.067310331601505
035420,2022-10-05,-0.1376,7.0,0.6605,0.2798,13.0,7.5,8.33,10.0,1.5611371030908536,1.0706051404890982,0.6857854690465276,0.28533412075898235,0.40219249356605635,2.9455760831502467
035420,2022-10-06,0.0607,7.0,0.7404,0.2182,16.0,7.5,8.33,10.0,1.5896944891230034,1.090189380863899,0.6857854690465276,0.28533412075898235,0.40219249356605635,2.9747923027785483
035420,2022-10-07,0.055,4.0,0.5314,0.1921,5.0,7.5,8.33,10.0,1.5230605883813206,1.0444928199893642,0.6857854690465276,0.28533412075898235,0.40219249356605635,2.9066211236458432
035420,2022-10-08,-0.7375,6.0,0.3707,0.2101,3.0,7.5,8.33,10.0,1.5230605883813206,1.0444928199893642,0.6857854690465276,0.28533412075898235,0.40219249356605635,2.9066211236458432
035420,2022-10-09,0.0151,3.0,0.0151,0.1791,2.0,7.5,8.33,10.0,1.5230605883813206,1.0444928199893642,0.6857854690465276,0.28533412075898235,0.40219249356605635,2.9066211236458432
035420,2022-10-10,0.2756,5.0,0.4203,0.1625,4.0,7.5,8.33,10.0,1.5230605883813206,1.0444928199893642,0.6857854690465276,0.28533412075898235,0.40219249356605635,2.9066211236458432
035420,2022-10-11,-0.4048,6.0,0.7385,0.3355,8.0,7.5,8.33,10.0,1.5087818953652457,1.0347006998019639,0.6857854690465276,0.28533412075898235,0.40219249356605635,2.8920130138316926
035420,2022-10-12,-0.1055,5.0,0.6533,0.2002,7.0,7.5,8.33,10.0,1.5420988457360871,1.0575489802392313,0.6857854690465276,0.28533412075898235,0.40219249356605635,2.926098603398045
035420,2022-10-13,-0.3176,8.0,0.5494,0.1815,19.0,7.5,8.33,10.0,1.5087818953652457,1.0347006998019639,0.6857854690465276,0.28533412075898235,0.40219249356605635,2.8920130138316926
035420,2022-10-14,-0.166,7.0,0.6603,0.1557,16.0,7.5,8.33,10.0,1.5754157961069284,1.0803972606764984,0.6857854690465276,0.28533412075898235,0.40219249356605635,2.9601841929643973
035420,2022-10-15,-0.7914,9.0,0.3664,0.1412,15.0,7.5,8.33,10.0,1.5754157961069284,1.0803972606764984,0.6857854690465276,0.28533412075898235,0.40219249356605635,2.9601841929643973
035420,2022-10-16,-0.5739,8.0,0.3256,0.2563,11.0,7.5,8.33,10.0,1.5754157961069284,1.0803972606764984,0.6857854690465276,0.28533412075898235,0.40219249356605635,2.9601841929643973
035420,2022-10-17,-0.5005,9.0,0.563,0.295,17.0,7.5,8.33,10.0,1.5896944891230034,1.090189380863899,0.6857854690465276,0.28533412075898235,0.40219249356605635,2.9747923027785483
035420,2022-10-18,-0.7338,6.0,0.4242,0.1897,4.0,8.5,8.33,10.0,1.6420496968486111,1.1260938215510332,0.6857854690465276,0.28533412075898235,0.40219249356605635,3.028355372097102
035420,2022-10-19,-0.1371,5.0,0.633,0.1721,7.0,7.5,8.33,10.0,1.6039731821390781,1.0999815010512992,0.6857854690465276,0.28533412075898235,0.40219249356605635,2.9894004125926994
035420,2022-10-20,-0.0446,3.0,0.0462,0.1304,2.0,7.5,8.33,10.0,1.6039731821390781,1.0999815010512992,0.6857854690465276,0.28533412075898235,0.40219249356605635,2.9894004125926994
035420,2022-10-21,-0.4349,5.0,0.4636,0.1522,5.0,7.5,8.33,10.0,1.5801753604456201,1.0836613007389653,0.6857854690465276,0.28533412075898235,0.40219249356605635,2.9650535629024475
035420,2022-10-22,,,,,0.0,7.5,8.33,10.0,1.5801753604456201,1.0836613007389653,0.6857854690465276,0.28533412075898235,0.40219249356605635,2.9650535629024475
035420,2022-10-23,-0.499,4.0,0.4992,0.2351,2.0,7.5,8.33,10.0,1.5801753604456201,1.0836613007389653,0.6857854690465276,0.28533412075898235,0.40219249356605635,2.9650535629024475
035420,2022-10-24,-0.5553,8.0,0.4887,0.2732,10.0,7.5,8.33,10.0,1.5611371030908536,1.0706051404890982,0.6857854690465276,0.28533412075898235,0.40219249356605635,2.9455760831502467
035420,2022-10-25,-0.2984,6.0,0.3936,0.1151,7.0,7.5,8.33,10.0,1.5754157961069284,1.0803972606764984,0.6857854690465276,0.28533412075898235,0.40219249356605635,2.9601841929643973
035420,2022-10-26,-0.4023,6.0,0.7089,0.1665,7.0,7.5,8.33,10.0,1.518301024042629,1.0412287799268973,0.6857854690465276,0.28533412075898235,0.40219249356605635,2.9017517537077935
035420,2022-10-27,0.2001,5.0,0.748,0.2087,5.0,7.5,8.33,10.0,1.5325797170587039,1.0510209001142976,0.6857854690465276,0.28533412075898235,0.40219249356605635,2.9163598635219445
035420,2022-10-28,0.0225,4.0,0.6755,0.3287,4.0,7.5,8.33,10.0,1.5230605883813206,1.0444928199893642,0.6857854690465276,0.28533412075898235,0.40219249356605635,2.9066211236458432
035420,2022-10-29,-0.3331,5.0,0.4712,0.1112,3.0,7.5,8.33,10.0,1.5230605883813206,1.0444928199893642,0.6857854690465276,0.28533412075898235,0.40219249356605635,2.9066211236458432
035420,2022-10-30,0.7351,5.0,0.2616,0.1145,2.0,7.5,8.33,10.0,1.5230605883813206,1.0444928199893642,0.6857854690465276,0.28533412075898235,0.40219249356605635,2.9066211236458432
035420,2022-10-31,0.2265,7.0,0.4132,0.1755,9.0,8.5,8.33,10.0,1.6134923108164614,1.1065095811762327,0.6857854690465276,0.28533412075898235,0.40219249356605635,2.9991391524688
035420,2022-11-01,0.2222,7.0,0.6259,0.1921,9.0,8.5,8.33,11.0,1.6230114394938446,1.113037661301166,0.6857854690465276,0.28533412075898235,0.40219249356605635,3.008877892344901
035420,2022-11-02,0.0017,5.0,0.5291,0.1936,7.0,8.5,8.33,11.0,1.6563283898646861,1.1358859417384335,0.6857854690465276,0.28533412075898235,0.40219249356605635,3.042963481911253
035420,2022-11-03,-0.018,5.0,0.0478,0.1842,8.0,8.5,8.33,11.0,1.6087327464777699,1.1032455411137658,0.6857854690465276,0.28533412075898235,0.40219249356605635,2.9942697825307496
035420,2022-11-04,0.2903,5.0,0.4318,0.1791,5.0,8.5,8.33,11.0,1.6563283898646861,1.1358859417384335,0.6857854690465276,0.28533412075898235,0.40219249356605635,3.042963481911253
035420,2022-11-05,0.7675,5.0,0.0,0.1304,1.0,8.5,8.33,11.0,1.6563283898646861,1.1358859417384335,0.6857854690465276,0.28533412075898235,0.40219249356605635,3.042963481911253
035420,2022-11-06,-0.4969,4.0,0.5028,0.1071,2.0,8.5,8.33,11.0,1.6563283898646861,1.1358859417384335,0.6857854690465276,0.28533412075898235,0.40219249356605635,3.042963481911253
035420,2022-11-07,-0.5149,9.0,0.5997,0.1691,14.0,8.5,8.33,11.0,1.6087327464777699,1.1032455411137658,0.6857854690465276,0.28533412075898235,0.40219249356605635,2.9942697825307496
035420,2022-11-08,0.5271,8.0,0.5216,0.2729,9.0,8.5,8.33,11.0,1.6896453402355276,1.1587342221757009,0.6857854690465276,0.28533412075898235,0.40219249356605635,3.0770490714776053
035420,2022-11-09,0.4004,5.0,0.4235,0.1812,4.0,8.5,8.33,11.0,1.7134431619289856,1.1750544224880346,0.6857854690465276,0.28533412075898235,0.40219249356605635,3.101395921167857
035420,2022-11-10,0.4998,4.0,0.4999,0.0782,2.0,8.5,8.33,11.0,1.6753666472194526,1.1489421019883006,0.6857854690465276,0.28533412075898235,0.40219249356605635,3.0624409616634543
035420,2022-11-11,0.2064,4.0,0.1903,0.1567,2.0,8.5,8.33,11.0,1.8419513990736596,1.2631835041746373,0.6857854690465276,0.28533412075898235,0.40219249356605635,3.2328689094952163
035420,2022-11-12,-0.0002,5.0,0.0008,0.1323,6.0,8.5,8.33,11.0,1.8419513990736596,1.2631835041746373,0.6857854690465276,0.28533412075898235,0.40219249356605635,3.2328689094952163
035420,2022-11-13,0.0001,3.0,0.0,0.2197,2.0,8.5,8.33,11.0,1.8419513990736596,1.2631835041746373,0.6857854690465276,0.28533412075898235,0.40219249356605635,3.2328689094952163
035420,2022-11-14,,,,,0.0,8.5,8.33,11.0,1.7943557556867433,1.2305431035499697,0.6857854690465276,0.28533412075898235,0.40219249356605635,3.184175210114713
035420,2022-11-15,0.1692,6.0,0.6825,0.1568,6.0,8.5,8.33,11.0,1.8276727060575846,1.253391383987237,0.6857854690465276,0.28533412075898235,0.40219249356605635,3.2182607996810653
035420,2022-11-16,-0.0012,7.0,0.4712,0.0843,18.0,8.5,8.33,11.0,1.8038748843641266,1.237071183674903,0.6857854690465276,0.28533412075898235,0.40219249356605635,3.1939139499908134
035420,2022-11-17,0.1633,5.0,0.3649,0.1231,6.0,8.5,8.33,11.0,1.7895961913480516,1.2272790634875028,0.6857854690465276,0.28533412075898235,0.40219249356605635,3.1793058401766627
035420,2022-11-18,0.133,5.0,0.5975,0.1667,8.0,8.5,8.33,11.0,1.7657983696545936,1.210958863175169,0.6857854690465276,0.28533412075898235,0.40219249356605635,3.154958990486411
035420,2022-11-19,,,,,0.0,8.5,8.33,11.0,1.7657983696545936,1.210958863175169,0.6857854690465276,0.28533412075898235,0.40219249356605635,3.154958990486411
035420,2022-11-20,0.0281,4.0,0.0561,0.1362,5.0,8.5,8.33,11.0,1.7657983696545936,1.210958863175169,0.6857854690465276,0.28533412075898235,0.40219249356605635,3.154958990486411
035420,2022-11-21,0.0,3.0,0.0,0.1111,1.0,8.5,8.33,11.0,1.7372409836224438,1.1913746228003685,0.6857854690465276,0.28533412075898235,0.40219249356605635,3.1257427708581087
035420,2022-11-22,0.001,3.0,0.0009,0.1239,2.0,8.5,8.33,11.0,1.7182027262676773,1.1783184625505014,0.6857854690465276,0.28533412075898235,0.40219249356605635,3.1062652911059074
035420,2022-11-23,0.2415,6.0,0.6468,0.1618,8.0,8.5,8.33,11.0,1.7277218549450606,1.1848465426754349,0.6857854690465276,0.28533412075898235,0.40219249356605635,3.1160040309820083
035420,2022-11-24,0.0001,4.0,0.0001,0.1444,3.0,8.5,8.33,11.0,1.7895961913480516,1.2272790634875028,0.6857854690465276,0.28533412075898235,0.40219249356605635,3.1793058401766627
035420,2022-11-25,-0.1461,5.0,0.3308,0.1859,6.0,8.5,8.33,11.0,1.7610388053159018,1.2076948231127023,0.6857854690465276,0.28533412075898235,0.40219249356605635,3.1500896205483606
035420,2022-11-26,,,,,0.0,8.5,8.33,11.0,1.7610388053159018,1.2076948231127023,0.6857854690465276,0.28533412075898235,0.40219249356605635,3.1500896205483606
035420,2022-11-27,-0.1259,3.0,0.0,0.1915,1.0,8.5,8.33,11.0,1.7610388053159018,1.2076948231127023,0.6857854690465276,0.28533412075898235,0.40219249356605635,3.1500896205483606
035420,2022-11-28,0.0026,3.0,0.0026,0.1238,2.0,8.5,8.33,11.0,1.7182027262676773,1.1783184625505014,0.6857854690465276,0.28533412075898235,0.40219249356605635,3.1062652911059074
035420,2022-11-29,0.4024,5.0,0.4856,0.1414,5.0,8.5,8.33,11.0,1.7372409836224438,1.1913746228003685,0.6857854690465276,0.28533412075898235,0.40219249356605635,3.1257427708581087
035420,2022-11-30,0.124,5.0,0.3153,0.133,7.0,8.5,8.33,11.0,1.7800770626706683,1.2207509833625694,0.6857854690465276,0.28533412075898235,0.40219249356605635,3.169567100300562
035420,2022-12-01,0.1928,7.0,0.5637,0.1621,10.0,8.5,8.33,12.0,1.78483662700936,1.2240150234250362,0.6857854690465276,0.28533412075898235,0.40219249356605635,3.174436470238612
035420,2022-12-02,0.0003,3.0,0.0003,0.0598,2.0,8.5,8.33,12.0,1.7657983696545936,1.210958863175169,0.6857854690465276,0.28533412075898235,0.40219249356605635,3.154958990486411
035420,2022-12-03,,,,,0.0,8.5,8.33,12.0,1.7657983696545936,1.210958863175169,0.6857854690465276,0.28533412075898235,0.40219249356605635,3.154958990486411
035420,2022-12-04,0.0,4.0,0.0,0.1849,3.0,8.5,8.33,12.0,1.7657983696545936,1.210958863175169,0.6857854690465276,0.28533412075898235,0.40219249356605635,3.154958990486411
035420,2022-12-05,0.0026,3.0,0.0026,0.125,2.0,8.5,8.33,12.0,1.822913141718893,1.2501273439247702,0.6857854690465276,0.28533412075898235,0.40219249356605635,3.2133914297430146
035420,2022-12-06,0.5022,8.0,0.4541,0.1728,11.0,8.5,8.33,12.0,1.7657983696545936,1.210958863175169,0.6857854690465276,0.28533412075898235,0.40219249356605635,3.154958990486411
035420,2022-12-07,0.9893,7.0,0.0107,0.0788,4.0,8.5,8.33,12.0,1.746760112299827,1.197902702925302,0.6857854690465276,0.28533412075898235,0.40219249356605635,3.135481510734209
035420,2022-12-08,0.5048,7.0,0.4949,0.1521,6.0,8.5,8.33,12.0,1.7657983696545936,1.210958863175169,0.6857854690465276,0.28533412075898235,0.40219249356605635,3.154958990486411
035420,2022-12-09,0.2448,5.0,0.4242,0.1127,4.0,8.5,8.33,12.0,1.8562300920897343,1.2729756243620376,0.6857854690465276,0.28533412075898235,0.40219249356605635,3.2474770193093674
035420,2022-12-10,,,,,0.0,8.5,8.33,12.0,1.8562300920897343,1.2729756243620376,0.6857854690465276,0.28533412075898235,0.40219249356605635,3.2474770193093674
035420,2022-12-11,,,,,0.0,8.5,8.33,12.0,1.8562300920897343,1.2729756243620376,0.6857854690465276,0.28533412075898235,0.40219249356605635,3.2474770193093674
035420,2022-12-12,0.1602,5.0,0.3757,0.1438,6.0,8.5,8.33,12.0,1.8371918347349678,1.2599194641121705,0.6857854690465276,0.28533412075898235,0.40219249356605635,3.2279995395571657
035420,2022-12-13,0.0172,4.0,0.0298,0.0897,4.0,8.5,8.33,12.0,1.8371918347349678,1.2599194641121705,0.6857854690465276,0.28533412075898235,0.40219249356605635,3.2279995395571657
035420,2022-12-14,-0.2238,7.0,0.6252,0.1477,9.0,8.5,8.33,12.0,1.8419513990736596,1.2631835041746373,0.6857854690465276,0.28533412075898235,0.40219249356605635,3.2328689094952163
035420,2022-12-15,-0.1217,7.0,0.6213,0.1492,15.0,8.5,8.33,12.0,1.7372409836224438,1.1913746228003685,0.6857854690465276,0.28533412075898235,0.40219249356605635,3.1257427708581087
035420,2022-12-16,-0.0131,5.0,0.0347,0.1495,8.0,8.5,8.33,12.0,1.7182027262676773,1.1783184625505014,0.6857854690465276,0.28533412075898235,0.40219249356605635,3.1062652911059074
035420,2022-12-17,-0.3302,4.0,0.279,0.2472,2.0,8.5,8.33,12.0,1.7182027262676773,1.1783184625505014,0.6857854690465276,0.28533412075898235,0.40219249356605635,3.1062652911059074
035420,2022-12-18,-0.24,7.0,0.5086,0.1182,9.0,8.5,8.33,12.0,1.7182027262676773,1.1783184625505014,0.6857854690465276,0.28533412075898235,0.40219249356605635,3.1062652911059074
035420,2022-12-19,-0.0705,4.0,0.0998,0.4742,3.0,8.5,8.33,12.0,1.746760112299827,1.197902702925302,0.6857854690465276,0.28533412075898235,0.40219249356605635,3.135481510734209
035420,2022-12-20,0.182,7.0,0.3855,0.2579,11.0,8.5,8.33,12.0,1.7182027262676773,1.1783184625505014,0.6857854690465276,0.28533412075898235,0.40219249356605635,3.1062652911059074
035420,2022-12-21,0.1173,6.0,0.3038,0.2487,9.0,8.5,8.33,12.0,1.7134431619289856,1.1750544224880346,0.6857854690465276,0.28533412075898235,0.40219249356605635,3.101395921167857
035420,2022-12-22,0.2932,5.0,0.6087,0.1572,5.0,8.5,8.33,12.0,1.7562792409772103,1.2044307830502354,0.6857854690465276,0.28533412075898235,0.40219249356605635,3.1452202506103104
035420,2022-12-23,0.0063,5.0,0.5474,0.1578,6.0,8.5,8.33,12.0,1.694404904574219,1.1619982622381677,0.6857854690465276,0.28533412075898235,0.40219249356605635,3.081918441415656
035420,2022-12-24,,,,,0.0,8.5,8.33,12.0,1.694404904574219,1.1619982622381677,0.6857854690465276,0.28533412075898235,0.40219249356605635,3.081918441415656
035420,2022-12-25,-0.171,4.0,0.1912,0.0827,2.0,8.5,8.33,12.0,1.694404904574219,1.1619982622381677,0.6857854690465276,0.28533412075898235,0.40219249356605635,3.081918441415656
035420,2022-12-26,-0.0,3.0,0.0001,0.1938,2.0,8.5,8.33,12.0,1.6991644689129108,1.1652623023006343,0.6857854690465276,0.28533412075898235,0.40219249356605635,3.086787811353706
035420,2022-12-27,0.0659,5.0,0.5,0.1508,8.0,8.5,8.33,12.0,1.7229622906063689,1.1815825026129683,0.6857854690465276,0.28533412075898235,0.40219249356605635,3.111134661043958
035420,2022-12-28,0.4438,7.0,0.4967,0.2104,9.0,8.5,8.33,12.0,1.7134431619289856,1.1750544224880346,0.6857854690465276,0.28533412075898235,0.40219249356605635,3.101395921167857
035420,2022-12-29,-0.1243,5.0,0.3309,0.1202,8.0,8.5,8.33,12.0,1.6896453402355276,1.1587342221757009,0.6857854690465276,0.28533412075898235,0.40219249356605635,3.0770490714776053
035420,2022-12-30,0.1755,6.0,0.7394,0.2373,6.0,8.5,8.33,12.0,1.6896453402355276,1.1587342221757009,0.6857854690465276,0.28533412075898235,0.40219249356605635,3.0770490714776053
035420,2022-12-31,,,,,0.0,8.5,8.33,12.0,1.6896453402355276,1.1587342221757009,0.6857854690465276,0.28533412075898235,0.40219249356605635,3.0770490714776053
035420,2023-01-01,0.4998,4.0,0.5,0.4605,2.0,8.5,8.33,13.0,1.6896453402355276,1.1587342221757009,0.6857854690465276,0.28533412075898235,0.40219249356605635,3.0770490714776053
035420,2023-01-02,-0.1279,4.0,0.731,0.2214,4.0,8.5,8.33,13.0,1.708683597590294,1.171790382425568,0.6857854690465276,0.28533412075898235,0.40219249356605635,3.0965265512298066
035420,2023-01-03,0.2018,5.0,0.4386,0.2159,4.0,8.5,8.33,13.0,1.6991644689129108,1.1652623023006343,0.6857854690465276,0.28533412075898235,0.40219249356605635,3.086787811353706
035420,2023-01-04,0.3338,6.0,0.4705,0.131,8.0,8.5,8.33,13.0,1.7372409836224438,1.1913746228003685,0.6857854690465276,0.28533412075898235,0.40219249356605635,3.1257427708581087
035420,2023-01-05,-0.2988,6.0,0.4717,0.1695,8.0,8.5,8.33,13.0,1.770557933993285,1.214222903237636,0.6857854690465276,0.28533412075898235,0.40219249356605635,3.159828360424461
035420,2023-01-06,0.3271,6.0,0.4608,0.2019,6.0,8.5,8.33,13.0,1.7610388053159018,1.2076948231127023,0.6857854690465276,0.28533412075898235,0.40219249356605635,3.1500896205483606
035420,2023-01-07,0.9998,6.0,0.0,0.1111,1.0,8.5,8.33,13.0,1.7610388053159018,1.2076948231127023,0.6857854690465276,0.28533412075898235,0.40219249356605635,3.1500896205483606
035420,2023-01-08,0.1071,4.0,0.2107,0.1064,5.0,8.5,8.33,13.0,1.7610388053159018,1.2076948231127023,0.6857854690465276,0.28533412075898235,0.40219249356605635,3.1500896205483606
035420,2023-01-09,0.1825,7.0,0.5325,0.1813,10.0,8.5,8.33,13.0,1.8705087851058093,1.2827677445494379,0.6857854690465276,0.28533412075898235,0.40219249356605635,3.262085129123518
035420,2023-01-10,-0.2278,7.0,0.4311,0.2382,10.0,8.5,8.33,13.0,1.8371918347349678,1.2599194641121705,0.6857854690465276,0.28533412075898235,0.40219249356605635,3.2279995395571657
035420,2023-01-11,0.0309,6.0,0.4153,0.0865,9.0,8.5,8.33,13.0,1.8562300920897343,1.2729756243620376,0.6857854690465276,0.28533412075898235,0.40219249356605635,3.2474770193093674
035420,2023-01-12,-0.2404,8.0,0.4753,0.1792,14.0,8.5,8.33,13.0,1.846710963412351,1.266447544237104,0.6857854690465276,0.28533412075898235,0.40219249356605635,3.237738279433266
035420,2023-01-13,0.4996,5.0,0.4996,0.193,4.0,8.5,8.33,13.0,1.8562300920897343,1.2729756243620376,0.6857854690465276,0.28533412075898235,0.40219249356605635,3.2474770193093674
035420,2023-01-14,,,,,0.0,8.5,8.33,13.0,1.8562300920897343,1.2729756243620376,0.6857854690465276,0.28533412075898235,0.40219249356605635,3.2474770193093674
035420,2023-01-15,0.027,6.0,0.0458,0.131,10.0,8.5,8.33,13.0,1.8562300920897343,1.2729756243620376,0.6857854690465276,0.28533412075898235,0.40219249356605635,3.2474770193093674
035420,2023-01-16,-0.1999,5.0,0.3993,0.2145,5.0,8.5,8.33,13.0,1.9085852998153423,1.3088800650491719,0.6857854690465276,0.28533412075898235,0.40219249356605635,3.3010400886279205
035420,2023-01-17,0.3186,6.0,0.5466,0.1083,8.0,8.5,8.33,13.0,1.8419513990736596,1.2631835041746373,0.6857854690465276,0.28533412075898235,0.40219249356605635,3.2328689094952163
035420,2023-01-18,0.2333,7.0,0.348,0.1663,9.0,8.5,8.33,13.0,1.860989656428426,1.2762396644245044,0.6857854690465276,0.28533412075898235,0.40219249356605635,3.2523463892474176
035420,2023-01-19,0.0009,4.0,0.0013,0.2484,3.0,8.5,8.33,13.0,1.8657492207671176,1.279503704486971,0.6857854690465276,0.28533412075898235,0.40219249356605635,3.257215759185468
035420,2023-01-20,-0.0071,4.0,0.0124,0.1259,4.0,8.5,8.33,13.0,1.8657492207671176,1.279503704486971,0.6857854690465276,0.28533412075898235,0.40219249356605635,3.257215759185468
035420,2023-01-21,-0.0,3.0,0.0,0.1098,2.0,8.5,8.33,13.0,1.8657492207671176,1.279503704486971,0.6857854690465276,0.28533412075898235,0.40219249356605635,3.257215759185468
035420,2023-01-22,-0.9495,6.0,0.0437,0.0784,2.0,8.5,8.33,13.0,1.8657492207671176,1.279503704486971,0.6857854690465276,0.28533412075898235,0.40219249356605635,3.257215759185468
035420,2023-01-23,,,,,0.0,8.5,8.33,13.0,1.8657492207671176,1.279503704486971,0.6857854690465276,0.28533412075898235,0.40219249356605635,3.257215759185468
035420,2023-01-24,,,,,0.0,8.5,8.33,13.0,1.8657492207671176,1.279503704486971,0.6857854690465276,0.28533412075898235,0.40219249356605635,3.257215759185468
035420,2023-01-25,-0.2012,4.0,0.2011,0.1812,2.0,8.5,8.33,13.0,1.9228639928314173,1.3186721852365721,0.6857854690465276,0.28533412075898235,0.40219249356605635,3.315648198442072
035420,2023-01-26,-0.0773,5.0,0.5669,0.1816,7.0,8.5,8.33,13.0,1.9419022501861838,1.3317283454864393,0.6857854690465276,0.28533412075898235,0.40219249356605635,3.3351256781942733
035420,2023-01-27,0.0001,4.0,0.8155,0.2175,3.0,8.5,8.33,13.0,2.0132957152665583,1.3806889464234406,0.6857854690465276,0.28533412075898235,0.40219249356605635,3.408166227265028
035420,2023-01-28,,,,,0.0,8.5,8.33,13.0,2.0132957152665583,1.3806889464234406,0.6857854690465276,0.28533412075898235,0.40219249356605635,3.408166227265028
035420,2023-01-29,0.0,4.0,0.0,0.1113,3.0,8.5,8.33,13.0,2.0132957152665583,1.3806889464234406,0.6857854690465276,0.28533412075898235,0.40219249356605635,3.408166227265028
035420,2023-01-30,0.1647,5.0,0.3735,0.128,6.0,8.5,8.33,13.0,1.9704596362183335,1.3513125858612398,0.6857854690465276,0.28533412075898235,0.40219249356605635,3.3643418978225754
035420,2023-01-31,0.5775,6.0,0.5241,0.119,5.0,8.5,8.33,13.0,1.9276235571701088,1.321936225299039,0.6857854690465276,0.28533412075898235,0.40219249356605635,3.3205175683801222
035420,2023-02-01,0.6262,5.0,0.3736,0.2436,2.0,8.5,8.33,14.0,1.9561809432022585,1.3415204656738395,0.6857854690465276,0.28533412075898235,0.40219249356605635,3.349733788008424
035420,2023-02-02,0.2505,6.0,0.6594,0.2037,8.0,8.5,8.33,14.0,2.0132957152665583,1.3806889464234406,0.6857854690465276,0.28533412075898235,0.40219249356605635,3.408166227265028
035420,2023-02-03,0.0882,7.0,0.8779,0.1964,18.0,8.5,8.33,14.0,2.1275252593951572,1.459025907922643,0.6857854690465276,0.28533412075898235,0.40219249356605635,3.525031105778236
035420,2023-02-04,-0.9727,6.0,0.0,0.2745,1.0,8.5,8.33,14.0,2.1275252593951572,1.459025907922643,0.6857854690465276,0.28533412075898235,0.40219249356605635,3.525031105778236
035420,2023-02-05,0.252,5.0,0.4317,0.2599,4.0,8.5,8.33,14.0,2.1275252593951572,1.459025907922643,0.6857854690465276,0.28533412075898235,0.40219249356605635,3.525031105778236
035420,2023-02-06,0.4418,7.0,0.4803,0.2137,9.0,8.5,8.33,14.0,2.0513722299760913,1.4068012669231749,0.6857854690465276,0.28533412075898235,0.40219249356605635,3.447121186769431
035420,2023-02-07,-0.2961,5.0,0.7618,0.057,5.0,8.5,8.33,14.0,2.0894487446856242,1.4329135874229089,0.6857854690465276,0.28533412075898235,0.40219249356605635,3.4860761462738337
035420,2023-02-08,0.3331,5.0,0.4711,0.1206,3.0,8.5,7.33,14.0,2.1941591601368398,1.5047224687971776,0.6857854690465276,0.28533412075898235,0.40219249356605635,3.593202284910941
035420,2023-02-09,-0.3416,6.0,0.6985,0.1303,7.0,8.5,7.33,14.0,2.1893995957981485,1.501458428734711,0.6857854690465276,0.28533412075898235,0.40219249356605635,3.5883329149728906
035420,2023-02-10,-0.0002,3.0,0.0,0.0816,1.0,8.5,7.33,14.0,2.1893995957981485,1.501458428734711,0.6857854690465276,0.28533412075898235,0.40219249356605635,3.5883329149728906
035420,2023-02-11,,,,,0.0,8.5,7.33,14.0,2.1893995957981485,1.501458428734711,0.6857854690465276,0.28533412075898235,0.40219249356605635,3.5883329149728906
035420,2023-02-12,-0.2501,5.0,0.3536,0.1846,3.0,8.5,7.33,14.0,2.1893995957981485,1.501458428734711,0.6857854690465276,0.28533412075898235,0.40219249356605635,3.5883329149728906
035420,2023-02-13,0.2899,8.0,0.6456,0.1717,12.0,8.5,8.33,14.0,2.1227656950564655,1.4557618678601763,0.6857854690465276,0.28533412075898235,0.40219249356605635,3.520161735840186
035420,2023-02-14,0.1421,5.0,0.3501,0.2217,7.0,8.5,8.33,14.0,2.132284823733849,1.46228994798511,0.6857854690465276,0.28533412075898235,0.40219249356605635,3.529900475716287
035420,2023-02-15,-0.2499,5.0,0.4329,0.152,4.0,8.5,8.33,14.0,2.0513722299760913,1.4068012669231749,0.6857854690465276,0.28533412075898235,0.40219249356605635,3.447121186769431
035420,2023-02-16,0.3307,5.0,0.4677,0.1736,3.0,8.5,8.33,14.0,2.0989678733630073,1.4394416675478425,0.6857854690465276,0.28533412075898235,0.40219249356605635,3.495814886149934
035420,2023-02-17,-0.1205,5.0,0.7752,0.2471,8.0,8.5,8.33,14.0,2.0513722299760913,1.4068012669231749,0.6857854690465276,0.28533412075898235,0.40219249356605635,3.447121186769431
035420,2023-02-18,,,,,0.0,8.5,8.33,14.0,2.0513722299760913,1.4068012669231749,0.6857854690465276,0.28533412075898235,0.40219249356605635,3.447121186769431
035420,2023-02-19,0.0,3.0,0.0,0.2128,1.0,8.5,8.33,14.0,2.0513722299760913,1.4068012669231749,0.6857854690465276,0.28533412075898235,0.40219249356605635,3.447121186769431
035420,2023-02-20,0.4966,4.0,0.4919,0.137,2.0,8.5,8.33,14.0,2.0846891803469325,1.4296495473604423,0.6857854690465276,0.28533412075898235,0.40219249356605635,3.4812067763357835
035420,2023-02-21,0.1578,5.0,0.3211,0.3662,7.0,8.5,8.33,14.0,2.0513722299760913,1.4068012669231749,0.6857854690465276,0.28533412075898235,0.40219249356605635,3.447121186769431
035420,2023-02-22,-0.0007,5.0,0.5745,0.1987,6.0,8.5,8.33,14.0,2.0132957152665583,1.3806889464234406,0.6857854690465276,0.28533412075898235,0.40219249356605635,3.408166227265028
035420,2023-02-23,0.0119,5.0,0.0227,0.159,6.0,8.5,8.33,14.0,2.0323339726213248,1.3937451066733078,0.6857854690465276,0.28533412075898235,0.40219249356605635,3.4276437070172294
035420,2023-02-24,,,,,0.0,8.5,8.33,14.0,1.9799787648957168,1.3578406659861735,0.6857854690465276,0.28533412075898235,0.40219249356605635,3.374080637698676
035420,2023-02-25,,,,,0.0,8.5,8.33,14.0,1.9799787648957168,1.3578406659861735,0.6857854690465276,0.28533412075898235,0.40219249356605635,3.374080637698676
035420,2023-02-26,0.0,3.0,0.0,0.087,1.0,8.5,8.33,14.0,1.9799787648957168,1.3578406659861735,0.6857854690465276,0.28533412075898235,0.40219249356605635,3.374080637698676
035420,2023-02-27,0.1422,5.0,0.3439,0.1388,7.0,8.5,8.33,14.0,1.9799787648957168,1.3578406659861735,0.6857854690465276,0.28533412075898235,0.40219249356605635,3.374080637698676
035420,2023-02-28,0.0013,4.0,0.002,0.2267,5.0,8.5,8.33,14.0,1.9847383292344083,1.36110470604864,0.6857854690465276,0.28533412075898235,0.40219249356605635,3.378950007636726
035420,2023-03-01,0.3582,5.0,0.4103,0.2399,4.0,8.5,8.33,15.0,1.9847383292344083,1.36110470604864,0.6857854690465276,0.28533412075898235,0.40219249356605635,3.378950007636726
035420,2023-03-02,0.248,5.0,0.4261,0.1741,4.0,8.5,8.33,15.0,1.9609405075409503,1.3447845057363064,0.6857854690465276,0.28533412075898235,0.40219249356605635,3.3546031579464746
035420,2023-03-03,,,,,0.0,8.5,8.33,15.0,1.9561809432022585,1.3415204656738395,0.6857854690465276,0.28533412075898235,0.40219249356605635,3.349733788008424
035420,2023-03-04,0.0,3.0,0.0,0.0889,1.0,8.5,8.33,15.0,1.9561809432022585,1.3415204656738395,0.6857854690465276,0.28533412075898235,0.40219249356605635,3.349733788008424
035420,2023-03-05,-0.0,3.0,0.0,0.0455,1.0,8.5,8.33,15.0,1.9561809432022585,1.3415204656738395,0.6857854690465276,0.28533412075898235,0.40219249356605635,3.349733788008424
035420,2023-03-06,0.6828,5.0,0.1705,0.1543,2.0,8.5,8.33,15.0,2.041853101298708,1.4002731867982414,0.6857854690465276,0.28533412075898235,0.40219249356605635,3.4373824468933303
035420,2023-03-07,,,,,0.0,8.5,8.33,15.0,2.0085361509278665,1.377424906360974,0.6857854690465276,0.28533412075898235,0.40219249356605635,3.403296857326978
035420,2023-03-08,,,,,0.0,8.5,8.33,15.0,1.9276235571701088,1.321936225299039,0.6857854690465276,0.28533412075898235,0.40219249356605635,3.3205175683801222
035420,2023-03-09,0.0,4.0,0.0,0.107,3.0,8.5,8.33,15.0,1.9228639928314173,1.3186721852365721,0.6857854690465276,0.28533412075898235,0.40219249356605635,3.315648198442072
035420,2023-03-10,-0.2283,5.0,0.3959,0.1809,4.0,8.5,8.33,15.0,1.9019219097411741,1.3043104089617186,0.6857854690465276,0.28533412075898235,0.40219249356605635,3.2942229707146504
035420,2023-03-11,0.0,3.0,0.0,0.0286,1.0,8.5,8.33,15.0,1.9019219097411741,1.3043104089617186,0.6857854690465276,0.28533412075898235,0.40219249356605635,3.2942229707146504
035420,2023-03-12,-0.9791,6.0,0.0,0.1154,1.0,8.5,8.33,15.0,1.9019219097411741,1.3043104089617186,0.6857854690465276,0.28533412075898235,0.40219249356605635,3.2942229707146504
035420,2023-03-13,-0.1054,5.0,0.2367,0.1276,6.0,8.5,8.33,15.0,1.9276235571701088,1.321936225299039,0.6857854690465276,0.28533412075898235,0.40219249356605635,3.3205175683801222
035420,2023-03-14,-0.0389,4.0,0.0777,0.1427,5.0,8.5,8.33,15.0,1.8657492207671176,1.279503704486971,0.6857854690465276,0.28533412075898235,0.40219249356605635,3.257215759185468
035420,2023-03-15,-0.0072,5.0,0.5745,0.2609,6.0,8.5,8.33,15.0,1.8695568722380709,1.2821149365369444,0.6857854690465276,0.28533412075898235,0.40219249356605635,3.261111255135908
035420,2023-03-16,0.0002,4.0,0.0003,0.167,3.0,8.5,8.33,15.0,1.8762202623122393,1.286684592624398,0.6857854690465276,0.28533412075898235,0.40219249356605635,3.2679283730491786
035420,2023-03-17,-0.0176,4.0,0.0134,0.1982,3.0,8.5,8.33,15.0,1.884787478121884,1.2925598647368381,0.6857854690465276,0.28533412075898235,0.40219249356605635,3.276693238937669
035420,2023-03-18,,,,,0.0,8.5,8.33,15.0,1.884787478121884,1.2925598647368381,0.6857854690465276,0.28533412075898235,0.40219249356605635,3.276693238937669
035420,2023-03-19,0.0003,4.0,0.0004,0.1692,3.0,8.5,8.33,15.0,1.884787478121884,1.2925598647368381,0.6857854690465276,0.28533412075898235,0.40219249356605635,3.276693238937669
035420,2023-03-20,-0.1808,5.0,0.3616,0.1105,5.0,8.5,8.33,15.0,1.9181044284927256,1.3154081451741055,0.6857854690465276,0.28533412075898235,0.40219249356605635,3.310778828504022
035420,2023-03-21,0.3827,6.0,0.4481,0.1247,6.0,8.5,8.33,15.0,1.9085852998153423,1.3088800650491719,0.6857854690465276,0.28533412075898235,0.40219249356605635,3.3010400886279205
035420,2023-03-22,0.1547,6.0,0.6149,0.2073,11.0,8.5,8.33,15.0,1.9704596362183335,1.3513125858612398,0.6857854690465276,0.28533412075898235,0.40219249356605635,3.3643418978225754
035420,2023-03-23,0.1995,7.0,0.3975,0.1956,10.0,8.5,8.33,15.0,1.9419022501861838,1.3317283454864393,0.6857854690465276,0.28533412075898235,0.40219249356605635,3.3351256781942733
035420,2023-03-24,0.0007,3.0,0.0,0.1429,1.0,8.5,8.33,15.0,1.9276235571701088,1.321936225299039,0.6857854690465276,0.28533412075898235,0.40219249356605635,3.3205175683801222
035420,2023-03-25,,,,,0.0,8.5,8.33,15.0,1.9276235571701088,1.321936225299039,0.6857854690465276,0.28533412075898235,0.40219249356605635,3.3205175683801222
035420,2023-03-26,-0.0,3.0,0.0,0.1321,1.0,8.5,8.33,15.0,1.9276235571701088,1.321936225299039,0.6857854690465276,0.28533412075898235,0.40219249356605635,3.3205175683801222
035420,2023-03-27,0.2052,5.0,0.7427,0.1323,5.0,8.5,8.33,15.0,1.8971623454024824,1.3010463688992517,0.6857854690465276,0.28533412075898235,0.40219249356605635,3.2893536007766
035420,2023-03-28,-0.4979,7.0,0.474,0.1466,10.0,8.5,8.33,15.0,1.899066171137959,1.3023519849242384,0.6857854690465276,0.28533412075898235,0.40219249356605635,3.29130134875182
035420,2023-03-29,0.1668,8.0,0.3725,0.1135,12.0,8.5,8.33,15.0,1.8952585196670058,1.299740752874265,0.6857854690465276,0.28533412075898235,0.40219249356605635,3.28740585280138
035420,2023-03-30,-0.1214,5.0,0.6386,0.1828,7.0,8.5,8.33,15.0,1.913344864154034,1.3121441051116387,0.6857854690465276,0.28533412075898235,0.40219249356605635,3.305909458565971
035420,2023-03-31,0.1971,5.0,0.3941,0.2837,5.0,8.5,8.33,15.0,1.9228639928314173,1.3186721852365721,0.6857854690465276,0.28533412075898235,0.40219249356605635,3.315648198442072
035420,2023-04-01,0.2318,5.0,0.3266,0.3825,3.0,7.0,4.5,4.0,47.06648853495151,1.351121414317994,0.028706654275146383,0.2057144833640746,0.44556830369370887,3.1993977993533895
035420,2023-04-02,-0.0019,3.0,0.0,0.16,1.0,7.0,4.5,4.0,47.06648853495151,1.351121414317994,0.028706654275146383,0.2057144833640746,0.44556830369370887,3.1993977993533895
035420,2023-04-03,0.4413,5.0,0.5597,0.1678,5.0,7.0,4.5,4.0,46.18107934469005,1.3257042788011206,0.028706654275146383,0.2057144833640746,0.44556830369370887,3.165171214599266
035420,2023-04-04,0.0,3.0,0.0,0.1042,1.0,7.0,4.5,4.0,46.83348611646165,1.3444326944451326,0.028706654275146383,0.2057144833640746,0.44556830369370887,3.1903908033654624
035420,2023-04-05,0.5003,6.0,0.4988,0.0931,4.0,7.0,4.5,4.0,46.4140817631799,1.332392998673982,0.028706654275146383,0.2057144833640746,0.44556830369370887,3.1741782105871934
035420,2023-04-06,0.0324,6.0,0.6341,0.1452,10.0,7.0,4.5,4.0,44.713164108203934,1.2835653436020942,0.028706654275146383,0.2057144833640746,0.44556830369370887,3.108427139875324
035420,2023-04-07,0.4243,5.0,0.4335,0.2703,4.0,7.0,4.5,4.0,45.062667735938724,1.2935984234113862,0.028706654275146383,0.2057144833640746,0.44556830369370887,3.121937633857215
035420,2023-04-08,,,,,0.0,7.0,4.5,4.0,45.062667735938724,1.2935984234113862,0.028706654275146383,0.2057144833640746,0.44556830369370887,3.121937633857215
035420,2023-04-09,0.0001,4.0,0.7069,0.1403,4.0,7.0,4.5,4.0,45.062667735938724,1.2935984234113862,0.028706654275146383,0.2057144833640746,0.44556830369370887,3.121937633857215
035420,2023-04-10,0.9998,7.0,0.0001,0.2274,3.0,7.0,4.5,4.0,44.96946676854278,1.2909229354622416,0.028706654275146383,0.2057144833640746,0.44556830369370887,3.118334835462044
035420,2023-04-11,0.7081,6.0,0.4145,0.3325,4.0,7.0,4.5,4.0,46.5771834561228,1.337075102584985,0.028706654275146383,0.2057144833640746,0.44556830369370887,3.1804831077787425
035420,2023-04-12,-0.1298,5.0,0.6697,0.1385,6.0,7.0,4.5,4.0,46.134478860992076,1.3243665348265483,0.028706654275146383,0.2057144833640746,0.44556830369370887,3.1633698154016803
035420,2023-04-13,-0.0003,4.0,0.5904,0.2032,5.0,7.0,4.5,4.0,45.7616749914083,1.3136645830299702,0.028706654275146383,0.2057144833640746,0.44556830369370887,3.148958621820997
035420,2023-04-14,0.4907,6.0,0.5025,0.1361,6.0,7.0,4.5,4.0,46.36748127948193,1.3310552546994097,0.028706654275146383,0.2057144833640746,0.44556830369370887,3.172376811389608
035420,2023-04-15,,,,,0.0,7.0,4.5,4.0,46.36748127948193,1.3310552546994097,0.028706654275146383,0.2057144833640746,0.44556830369370887,3.172376811389608
035420,2023-04-16,,,,,0.0,7.0,4.5,4.0,46.36748127948193,1.3310552546994097,0.028706654275146383,0.2057144833640746,0.44556830369370887,3.172376811389608
035420,2023-04-17,0.0976,5.0,0.3483,0.1531,8.0,7.0,4.5,4.0,45.901476442502215,1.317677814953687,0.028706654275146383,0.2057144833640746,0.44556830369370887,3.154362819413753
035420,2023-04-18,-0.0088,4.0,0.6022,0.1135,5.0,7.0,4.5,4.0,44.92286628484481,1.2895851914876693,0.028706654275146383,0.2057144833640746,0.44556830369370887,3.1165334362644583
035420,2023-04-19,0.1467,4.0,0.7512,0.1329,4.0,7.0,4.5,4.0,44.596662898959,1.2802209836656635,0.028706654275146383,0.2057144833640746,0.44556830369370887,3.10392364188136
035420,2023-04-20,-0.1539,5.0,0.5184,0.1797,8.0,7.0,4.5,4.0,44.643263382656976,1.2815587276402358,0.028706654275146383,0.2057144833640746,0.44556830369370887,3.1057250410789456
035420,2023-04-21,0.1685,6.0,0.3436,0.2515,7.0,7.0,4.5,4.0,44.34036023862016,1.2728633918055159,0.028706654275146383,0.2057144833640746,0.44556830369370887,3.09401594629464
035420,2023-04-22,0.0001,3.0,0.0001,0.0883,2.0,7.0,4.5,4.0,44.34036023862016,1.2728633918055159,0.028706654275146383,0.2057144833640746,0.44556830369370887,3.09401594629464
035420,2023-04-23,0.0,3.0,0.0,0.2245,1.0,7.0,4.5,4.0,44.34036023862016,1.2728633918055159,0.028706654275146383,0.2057144833640746,0.44556830369370887,3.09401594629464
035420,2023-04-24,-0.0073,3.0,0.0,0.1277,1.0,7.0,4.5,4.0,44.2704595130732,1.2708567758436575,0.028706654275146383,0.2057144833640746,0.44556830369370887,3.0913138474982618
035420,2023-04-25,0.0133,6.0,0.6372,0.2278,9.0,7.0,4.5,4.0,43.36175008096275,1.2447707683394982,0.028706654275146383,0.2057144833640746,0.44556830369370887,3.0561865631453453
035420,2023-04-26,0.1071,6.0,0.7131,0.168,9.0,7.0,4.5,4.0,43.82775491794247,1.258148208085221,0.028706654275146383,0.2057144833640746,0.44556830369370887,3.0742005551212004
035420,2023-04-27,-0.9916,6.0,0.0,0.8235,1.0,7.0,4.5,4.0,43.85105515979146,1.2588170800725071,0.028706654275146383,0.2057144833640746,0.44556830369370887,3.0751012547199927
035420,2023-04-28,0.9996,6.0,0.0,0.1282,1.0,7.0,4.5,4.0,44.80636507559988,1.2862408315512386,0.028706654275146383,0.2057144833640746,0.44556830369370887,3.112029938270495
035420,2023-04-29,-0.9997,6.0,0.0,0.1618,2.0,7.0,4.5,4.0,44.80636507559988,1.2862408315512386,0.028706654275146383,0.2057144833640746,0.44556830369370887,3.112029938270495
035420,2023-04-30,-0.4985,4.0,0.4985,0.1435,2.0,7.0,4.5,4.0,44.80636507559988,1.2862408315512386,0.028706654275146383,0.2057144833640746,0.44556830369370887,3.112029938270495
035420,2023-05-01,-0.0,3.0,0.0,0.1137,2.0,7.0,4.5,5.0,44.80636507559988,1.2862408315512386,0.028706654275146383,0.2057144833640746,0.44556830369370887,3.112029938270495
035420,2023-05-02,-0.3332,5.0,0.4713,0.182,3.0,7.0,4.5,5.0,45.01606725224075,1.2922606794368139,0.028706654275146383,0.2057144833640746,0.44556830369370887,3.1201362346596295
035420,2023-05-03,0.0,3.0,0.0,0.1218,2.0,7.0,4.5,5.0,44.876265801146836,1.2882474475130972,0.028706654275146383,0.2057144833640746,0.44556830369370887,3.1147320370668727
035420,2023-05-04,0.2102,8.0,0.3954,0.2558,13.0,7.0,4.5,5.0,45.69177426586134,1.3116579670681119,0.028706654275146383,0.2057144833640746,0.44556830369370887,3.146256523024619
035420,2023-05-05,,,,,0.0,7.0,4.5,5.0,45.69177426586134,1.3116579670681119,0.028706654275146383,0.2057144833640746,0.44556830369370887,3.146256523024619
035420,2023-05-06,0.0,3.0,0.0,0.0698,1.0,7.0,4.5,5.0,45.69177426586134,1.3116579670681119,0.028706654275146383,0.2057144833640746,0.44556830369370887,3.146256523024619
035420,2023-05-07,0.0018,4.0,0.0026,0.1646,3.0,7.0,4.5,5.0,45.69177426586134,1.3116579670681119,0.028706654275146383,0.2057144833640746,0.44556830369370887,3.146256523024619
035420,2023-05-08,0.5877,9.0,0.5994,0.206,15.0,7.0,4.5,5.0,48.231500627400806,1.3845650136823007,0.028706654275146383,0.2057144833640746,0.44556830369370887,3.2444327792930263
035420,2023-05-09,0.6247,7.0,0.484,0.2825,8.0,7.0,4.5,5.0,49.16351030136024,1.411319893173746,0.028706654275146383,0.2057144833640746,0.44556830369370887,3.2804607632447356
035420,2023-05-10,0.2485,6.0,0.6545,0.2087,7.0,7.0,4.5,5.0,48.93050788287038,1.4046311733008847,0.028706654275146383,0.2057144833640746,0.44556830369370887,3.271453767256808
035420,2023-05-11,0.2314,6.0,0.4025,0.1369,8.0,7.0,4.5,5.0,49.16351030136024,1.411319893173746,0.028706654275146383,0.2057144833640746,0.44556830369370887,3.2804607632447356
035420,2023-05-12,0.3783,5.0,0.4466,0.1499,5.0,7.0,4.5,5.0,49.746016347584884,1.4280416928558994,0.028706654275146383,0.2057144833640746,0.44556830369370887,3.3029782532145537
035420,2023-05-13,,,,,0.0,7.0,4.5,5.0,49.746016347584884,1.4280416928558994,0.028706654275146383,0.2057144833640746,0.44556830369370887,3.3029782532145537
035420,2023-05-14,-0.1905,5.0,0.2662,0.163,3.0,7.0,4.5,5.0,49.746016347584884,1.4280416928558994,0.028706654275146383,0.2057144833640746,0.44556830369370887,3.3029782532145537
035420,2023-05-15,-0.6481,6.0,0.4593,0.1754,3.0,7.0,4.5,5.0,49.3965127198501,1.4180086130466074,0.028706654275146383,0.2057144833640746,0.44556830369370887,3.289467759232663
035420,2023-05-16,-0.3287,5.0,0.4649,0.1224,3.0,7.0,4.5,5.0,48.348001836645736,1.3879093736187313,0.028706654275146383,0.2057144833640746,0.44556830369370887,3.24893627728699
035420,2023-05-17,-0.0018,4.0,0.0023,0.1919,5.0,7.0,4.5,5.0,49.629515138339954,1.4246973329194688,0.028706654275146383,0.2057144833640746,0.44556830369370887,3.29847475522059
035420,2023-05-18,0.1475,5.0,0.3252,0.3516,6.0,7.0,4.5,5.0,49.51301392909503,1.421352972983038,0.028706654275146383,0.2057144833640746,0.44556830369370887,3.293971257226626
035420,2023-05-19,0.1252,5.0,0.2769,0.1379,8.0,7.0,4.5,5.0,50.445023603054466,1.4481078524744835,0.028706654275146383,0.2057144833640746,0.44556830369370887,3.3299992411783355
035420,2023-05-20,0.0,3.0,0.0,0.2444,1.0,7.0,4.5,5.0,50.445023603054466,1.4481078524744835,0.028706654275146383,0.2057144833640746,0.44556830369370887,3.3299992411783355
035420,2023-05-21,0.9068,6.0,0.0,0.2391,1.0,7.0,4.5,5.0,50.445023603054466,1.4481078524744835,0.028706654275146383,0.2057144833640746,0.44556830369370887,3.3299992411783355
035420,2023-05-22,-0.228,7.0,0.7792,0.128,9.0,7.0,4.5,5.0,50.095519975319675,1.4380747726651915,0.028706654275146383,0.2057144833640746,0.44556830369370887,3.316488747196445
035420,2023-05-23,-0.2418,7.0,0.3928,0.1706,10.0,7.0,4.5,5.0,49.3965127198501,1.4180086130466074,0.028706654275146383,0.2057144833640746,0.44556830369370887,3.289467759232663
035420,2023-05-24,0.1728,6.0,0.5897,0.1777,7.0,7.0,4.5,5.0,47.29949095344137,1.3578101341908553,0.028706654275146383,0.2057144833640746,0.44556830369370887,3.208404795341317
035420,2023-05-25,-0.0703,5.0,0.2,0.1961,7.0,7.0,4.5,5.0,47.998498208910945,1.3778762938094393,0.028706654275146383,0.2057144833640746,0.44556830369370887,3.235425783305099
035420,2023-05-26,-0.0002,4.0,0.0027,0.1424,3.0,7.0,4.5,5.0,47.18298974419644,1.3544657742544246,0.028706654275146383,0.2057144833640746,0.44556830369370887,3.2039012973473535
035420,2023-05-27,-0.9098,6.0,0.0807,0.1458,2.0,7.0,4.5,5.0,47.18298974419644,1.3544657742544246,0.028706654275146383,0.2057144833640746,0.44556830369370887,3.2039012973473535
035420,2023-05-28,0.0,3.0,0.0,0.1556,1.0,7.0,4.5,5.0,47.18298974419644,1.3544657742544246,0.028706654275146383,0.2057144833640746,0.44556830369370887,3.2039012973473535
035420,2023-05-29,0.1566,3.0,0.1565,0.1667,2.0,7.0,4.5,5.0,47.18298974419644,1.3544657742544246,0.028706654275146383,0.2057144833640746,0.44556830369370887,3.2039012973473535
035420,2023-05-30,-0.5697,7.0,0.4934,0.1528,7.0,7.0,4.5,5.0,46.94998732570658,1.3477770543815633,0.028706654275146383,0.2057144833640746,0.44556830369370887,3.194894301359426
035420,2023-05-31,-0.6042,9.0,0.6043,0.2215,15.0,7.0,4.5,5.0,46.48398248872686,1.3343996146358403,0.028706654275146383,0.2057144833640746,0.44556830369370887,3.1768803093835714
035420,2023-06-01,0.2837,6.0,0.4514,0.1586,7.0,7.0,4.5,6.0,47.532493371931224,1.3644988540637166,0.028706654275146383,0.2057144833640746,0.44556830369370887,3.2174117913292446
035420,2023-06-02,0.0002,4.0,0.0003,0.2496,3.0,7.0,4.5,6.0,47.648994581176154,1.3678432140001473,0.028706654275146383,0.2057144833640746,0.44556830369370887,3.2219152893232077
035420,2023-06-03,-0.0,3.0,0.0,0.4286,1.0,7.0,4.5,6.0,47.648994581176154,1.3678432140001473,0.028706654275146383,0.2057144833640746,0.44556830369370887,3.2219152893232077
035420,2023-06-04,-0.3794,5.0,0.4697,0.1301,5.0,7.0,4.5,6.0,47.648994581176154,1.3678432140001473,0.028706654275146383,0.2057144833640746,0.44556830369370887,3.2219152893232077
035420,2023-06-05,0.4678,6.0,0.4699,0.2156,8.0,7.0,4.5,6.0,47.648994581176154,1.3678432140001473,0.028706654275146383,0.2057144833640746,0.44556830369370887,3.2219152893232077
035420,2023-06-06,0.0,4.0,0.0,0.3147,3.0,7.0,4.5,6.0,47.648994581176154,1.3678432140001473,0.028706654275146383,0.2057144833640746,0.44556830369370887,3.2219152893232077
035420,2023-06-07,0.1445,5.0,0.3492,0.1531,7.0,7.0,4.5,6.0,47.765495790421085,1.371187573936578,0.028706654275146383,0.2057144833640746,0.44556830369370887,3.2264187873171717
035420,2023-06-08,-0.1731,7.0,0.571,0.1522,10.0,7.0,4.5,6.0,46.71698490721672,1.341088334508702,0.028706654275146383,0.2057144833640746,0.44556830369370887,3.185887305371499
035420,2023-06-09,0.617,6.0,0.4404,0.2105,3.0,7.0,4.5,6.0,46.71698490721672,1.341088334508702,0.028706654275146383,0.2057144833640746,0.44556830369370887,3.185887305371499
035420,2023-06-10,-0.3527,4.0,0.3527,0.1154,2.0,7.0,4.5,6.0,46.71698490721672,1.341088334508702,0.028706654275146383,0.2057144833640746,0.44556830369370887,3.185887305371499
035420,2023-06-11,0.0656,3.0,0.066,0.2033,2.0,7.0,4.5,6.0,46.71698490721672,1.341088334508702,0.028706654275146383,0.2057144833640746,0.44556830369370887,3.185887305371499
035420,2023-06-12,0.3457,6.0,0.3939,0.1802,8.0,7.0,4.5,6.0,46.71698490721672,1.341088334508702,0.028706654275146383,0.2057144833640746,0.44556830369370887,3.185887305371499
035420,2023-06-13,0.0085,5.0,0.4828,0.1549,8.0,7.0,4.5,6.0,46.83348611646165,1.3444326944451326,0.028706654275146383,0.2057144833640746,0.44556830369370887,3.1903908033654624
035420,2023-06-14,-0.3488,6.0,0.6146,0.1715,8.0,7.0,4.5,6.0,46.4140817631799,1.332392998673982,0.028706654275146383,0.2057144833640746,0.44556830369370887,3.1741782105871934
035420,2023-06-15,-0.1024,6.0,0.6959,0.1976,10.0,7.0,4.5,6.0,46.71698490721672,1.341088334508702,0.028706654275146383,0.2057144833640746,0.44556830369370887,3.185887305371499
035420,2023-06-16,0.1722,6.0,0.3704,0.1907,6.0,7.0,4.5,6.0,47.18298974419644,1.3544657742544246,0.028706654275146383,0.2057144833640746,0.44556830369370887,3.2039012973473535
035420,2023-06-17,,,,,0.0,7.0,4.5,6.0,47.18298974419644,1.3544657742544246,0.028706654275146383,0.2057144833640746,0.44556830369370887,3.2039012973473535
035420,2023-06-18,-0.0005,3.0,0.0007,0.1748,2.0,7.0,4.5,6.0,47.18298974419644,1.3544657742544246,0.028706654275146383,0.2057144833640746,0.44556830369370887,3.2039012973473535
035420,2023-06-19,0.4264,6.0,0.4908,0.1395,7.0,7.0,4.5,6.0,46.274280312085985,1.3283797667502653,0.028706654275146383,0.2057144833640746,0.44556830369370887,3.168774012994437
035420,2023-06-20,0.3074,5.0,0.4346,0.134,3.0,7.0,4.5,6.0,46.250980070237006,1.327710894762979,0.028706654275146383,0.2057144833640746,0.44556830369370887,3.1678733133956443
035420,2023-06-21,0.214,7.0,0.4206,0.1927,9.0,7.0,4.5,6.0,44.24715927122421,1.2701879038563715,0.028706654275146383,0.2057144833640746,0.44556830369370887,3.090413147899469
035420,2023-06-22,-0.0582,5.0,0.625,0.1923,6.0,7.0,4.5,6.0,44.57336265711002,1.2795521116783772,0.028706654275146383,0.2057144833640746,0.44556830369370887,3.1030229422825677
035420,2023-06-23,0.2379,6.0,0.4792,0.1935,7.0,7.0,4.5,6.0,44.01415685273436,1.2634991839835101,0.028706654275146383,0.2057144833640746,0.44556830369370887,3.081406151911542
035420,2023-06-24,-0.9805,6.0,0.0,0.0962,1.0,7.0,4.5,6.0,44.01415685273436,1.2634991839835101,0.028706654275146383,0.2057144833640746,0.44556830369370887,3.081406151911542
035420,2023-06-25,0.0001,3.0,0.0,0.1944,1.0,7.0,4.5,6.0,44.01415685273436,1.2634991839835101,0.028706654275146383,0.2057144833640746,0.44556830369370887,3.081406151911542
035420,2023-06-26,0.0348,5.0,0.0757,0.1285,6.0,7.0,4.5,6.0,44.01415685273436,1.2634991839835101,0.028706654275146383,0.2057144833640746,0.44556830369370887,3.081406151911542
035420,2023-06-27,0.0141,6.0,0.029,0.1776,9.0,7.0,4.5,6.0,43.31514959726478,1.243433024364926,0.028706654275146383,0.2057144833640746,0.44556830369370887,3.0543851639477597
035420,2023-06-28,0.1483,5.0,0.3282,0.174,6.0,7.0,4.5,6.0,43.05884693692593,1.2360754325047785,0.028706654275146383,0.2057144833640746,0.44556830369370887,3.04447746836104
035420,2023-06-29,0.199,7.0,0.3987,0.1823,10.0,7.0,4.5,6.0,42.732643551040134,1.2267112246827727,0.028706654275146383,0.2057144833640746,0.44556830369370887,3.0318676739779415
035420,2023-06-30,0.2044,7.0,0.5668,0.1652,10.0,7.0,4.5,6.0,42.59284209994622,1.2226979927590558,0.028706654275146383,0.2057144833640746,0.44556830369370887,3.0264634763851856
035420,2023-07-01,,,,,0.0,7.0,4.5,7.0,42.59284209994622,1.2226979927590558,0.028706654275146383,0.2057144833640746,0.44556830369370887,3.0264634763851856
035420,2023-07-02,-0.0243,4.0,0.6685,0.2227,4.0,7.0,4.5,7.0,42.59284209994622,1.2226979927590558,0.028706654275146383,0.2057144833640746,0.44556830369370887,3.0264634763851856
035420,2023-07-03,0.437,7.0,0.6789,0.1647,9.0,7.0,4.5,7.0,44.1073578201303,1.2661746719326545,0.028706654275146383,0.2057144833640746,0.44556830369370887,3.085008950306713
035420,2023-07-04,-0.3318,5.0,0.9413,0.0957,3.0,7.0,4.5,7.0,43.96755636903639,1.2621614400089378,0.028706654275146383,0.2057144833640746,0.44556830369370887,3.0796047527139563
035420,2023-07-05,0.2853,6.0,0.4519,0.1274,7.0,7.0,4.5,7.0,43.454951048358694,1.2474462562886428,0.028706654275146383,0.2057144833640746,0.44556830369370887,3.0597893615405165
035420,2023-07-06,-0.4827,4.0,0.4826,0.1543,2.0,7.0,4.5,7.0,45.551972814767424,1.307644735144395,0.028706654275146383,0.2057144833640746,0.44556830369370887,3.140852325431862
035420,2023-07-07,0.0,4.0,0.0,0.1596,3.0,7.0,4.5,7.0,45.435471605522494,1.3043003752079643,0.028706654275146383,0.2057144833640746,0.44556830369370887,3.1363488274378986
035420,2023-07-08,0.0347,3.0,0.034,0.1506,2.0,7.0,4.5,7.0,45.435471605522494,1.3043003752079643,0.028706654275146383,0.2057144833640746,0.44556830369370887,3.1363488274378986
035420,2023-07-09,0.0008,3.0,0.0,0.1458,1.0,7.0,4.5,7.0,45.435471605522494,1.3043003752079643,0.028706654275146383,0.2057144833640746,0.44556830369370887,3.1363488274378986
035420,2023-07-10,0.3618,6.0,0.467,0.2536,8.0,7.0,4.5,7.0,45.01606725224075,1.2922606794368139,0.028706654275146383,0.2057144833640746,0.44556830369370887,3.1201362346596295
035420,2023-07-11,-0.0007,4.0,0.0016,0.1221,5.0,7.0,4.5,7.0,45.99467740989816,1.3203533029028316,0.028706654275146383,0.2057144833640746,0.44556830369370887,3.1579656178089244
035420,2023-07-12,-0.2845,7.0,0.4195,0.1354,9.0,7.0,4.5,7.0,47.06648853495151,1.351121414317994,0.028706654275146383,0.2057144833640746,0.44556830369370887,3.1993977993533895
035420,2023-07-13,0.0006,3.0,0.0,0.125,1.0,7.0,4.5,7.0,46.53058297242483,1.3357373586104127,0.028706654275146383,0.2057144833640746,0.44556830369370887,3.178681708581157
035420,2023-07-14,0.2103,5.0,0.3953,0.219,5.0,7.0,4.5,7.0,47.648994581176154,1.3678432140001473,0.028706654275146383,0.2057144833640746,0.44556830369370887,3.2219152893232077
035420,2023-07-15,-0.0,3.0,0.0,0.1707,1.0,7.0,4.5,7.0,47.648994581176154,1.3678432140001473,0.028706654275146383,0.2057144833640746,0.44556830369370887,3.2219152893232077
035420,2023-07-16,-0.2496,5.0,0.4327,0.1143,4.0,7.0,4.5,7.0,47.648994581176154,1.3678432140001473,0.028706654275146383,0.2057144833640746,0.44556830369370887,3.2219152893232077
035420,2023-07-17,0.5038,6.0,0.3683,0.2826,3.0,7.0,4.5,7.0,48.114999418155875,1.38122065374587,0.028706654275146383,0.2057144833640746,0.44556830369370887,3.2399292812990628
035420,2023-07-18,0.7076,7.0,0.4477,0.1964,7.0,7.0,4.5,7.0,48.69750546438052,1.3979424534280234,0.028706654275146383,0.2057144833640746,0.44556830369370887,3.262446771268881
035420,2023-07-19,0.0575,4.0,0.6283,0.186,4.0,7.0,4.5,7.0,47.648994581176154,1.3678432140001473,0.028706654275146383,0.2057144833640746,0.44556830369370887,3.2219152893232077
035420,2023-07-20,0.3228,6.0,0.4426,0.1661,6.0,7.0,4.5,7.0,47.648994581176154,1.3678432140001473,0.028706654275146383,0.2057144833640746,0.44556830369370887,3.2219152893232077
035420,2023-07-21,-0.0094,5.0,0.4432,0.1605,8.0,7.0,4.5,7.0,47.998498208910945,1.3778762938094393,0.028706654275146383,0.2057144833640746,0.44556830369370887,3.235425783305099
035420,2023-07-22,-0.9917,6.0,0.0041,0.2321,2.0,7.0,4.5,7.0,47.998498208910945,1.3778762938094393,0.028706654275146383,0.2057144833640746,0.44556830369370887,3.235425783305099
035420,2023-07-23,0.1261,4.0,0.8348,0.2864,3.0,7.0,4.5,7.0,47.998498208910945,1.3778762938094393,0.028706654275146383,0.2057144833640746,0.44556830369370887,3.235425783305099
035420,2023-07-24,0.3229,5.0,0.4109,0.1552,5.0,7.0,4.5,7.0,47.29949095344137,1.3578101341908553,0.028706654275146383,0.2057144833640746,0.44556830369370887,3.208404795341317
035420,2023-07-25,0.4022,6.0,0.4508,0.1771,8.0,7.0,4.5,7.0,46.83348611646165,1.3444326944451326,0.028706654275146383,0.2057144833640746,0.44556830369370887,3.1903908033654624
035420,2023-07-26,0.1113,6.0,0.3141,0.1432,9.0,7.0,4.5,7.0,46.06457813544512,1.32235991886469,0.028706654275146383,0.2057144833640746,0.44556830369370887,3.1606677166053028
035420,2023-07-27,0.1411,5.0,0.3506,0.2426,7.0,7.0,4.5,7.0,49.28001151060517,1.4146642531101767,0.028706654275146383,0.2057144833640746,0.44556830369370887,3.284964261238699
035420,2023-07-28,-0.0026,4.0,0.0039,0.1253,5.0,7.0,4.5,7.0,49.16351030136024,1.411319893173746,0.028706654275146383,0.2057144833640746,0.44556830369370887,3.2804607632447356
035420,2023-07-29,0.0,3.0,0.0,0.1778,1.0,7.0,4.5,7.0,49.16351030136024,1.411319893173746,0.028706654275146383,0.2057144833640746,0.44556830369370887,3.2804607632447356
035420,2023-07-30,,,,,0.0,7.0,4.5,7.0,49.16351030136024,1.411319893173746,0.028706654275146383,0.2057144833640746,0.44556830369370887,3.2804607632447356
035420,2023-07-31,-0.4273,6.0,0.7274,0.1566,7.0,7.0,3.0,7.0,52.89154899719798,1.5183394111395276,0.028706654275146383,0.2057144833640746,0.44556830369370887,3.4245726990515726
035420,2023-08-01,0.6443,8.0,0.4248,0.2517,9.0,7.0,3.0,8.0,54.289563508137135,1.558471730376696,0.028706654275146383,0.2057144833640746,0.44556830369370887,3.4786146749791365
035420,2023-08-02,0.3664,6.0,0.6881,0.1772,8.0,7.0,3.0,8.0,53.00805020644291,1.5216837710759583,0.028706654275146383,0.2057144833640746,0.44556830369370887,3.429076197045536
035420,2023-08-03,-0.0581,3.0,0.0581,0.0945,2.0,7.0,4.5,8.0,51.959539323238545,1.4915845316480822,0.028706654275146383,0.2057144833640746,0.44556830369370887,3.3885447150998633
035420,2023-08-04,0.6338,9.0,0.4588,0.2254,18.0,7.0,4.5,8.0,52.076040532483475,1.494928891584513,0.028706654275146383,0.2057144833640746,0.44556830369370887,3.393048213093827
035420,2023-08-05,-0.0003,4.0,0.0003,0.1713,3.0,7.0,4.5,8.0,52.076040532483475,1.494928891584513,0.028706654275146383,0.2057144833640746,0.44556830369370887,3.393048213093827
035420,2023-08-06,0.2445,5.0,0.4027,0.2326,4.0,7.0,4.5,8.0,52.076040532483475,1.494928891584513,0.028706654275146383,0.2057144833640746,0.44556830369370887,3.393048213093827
035420,2023-08-07,0.4583,8.0,0.6126,0.2348,13.0,7.0,3.0,8.0,54.639067135871926,1.568504810185988,0.028706654275146383,0.2057144833640746,0.44556830369370887,3.492125168961027
035420,2023-08-08,0.0018,4.0,0.0024,0.2429,3.0,7.0,4.5,8.0,51.959539323238545,1.4915845316480822,0.028706654275146383,0.2057144833640746,0.44556830369370887,3.3885447150998633
035420,2023-08-09,0.2409,5.0,0.4172,0.1983,4.0,7.0,3.0,8.0,53.00805020644291,1.5216837710759583,0.028706654275146383,0.2057144833640746,0.44556830369370887,3.429076197045536
035420,2023-08-10,0.1667,6.0,0.3726,0.1663,6.0,7.0,3.0,8.0,52.425544160218266,1.504961971393805,0.028706654275146383,0.2057144833640746,0.44556830369370887,3.406558707075718
035420,2023-08-11,0.4116,5.0,0.7776,0.2013,5.0,7.0,4.5,8.0,51.726536904748684,1.484895811775221,0.028706654275146383,0.2057144833640746,0.44556830369370887,3.379537719111936
035420,2023-08-12,,,,,0.0,7.0,4.5,8.0,51.726536904748684,1.484895811775221,0.028706654275146383,0.2057144833640746,0.44556830369370887,3.379537719111936
035420,2023-08-13,,,,,0.0,7.0,4.5,8.0,51.726536904748684,1.484895811775221,0.028706654275146383,0.2057144833640746,0.44556830369370887,3.379537719111936
035420,2023-08-14,-0.0002,3.0,0.0002,0.3681,2.0,7.0,4.5,8.0,51.49353448625883,1.4782070919023595,0.028706654275146383,0.2057144833640746,0.44556830369370887,3.3705307231240087
035420,2023-08-15,,,,,0.0,7.0,4.5,8.0,51.49353448625883,1.4782070919023595,0.028706654275146383,0.2057144833640746,0.44556830369370887,3.3705307231240087
035420,2023-08-16,0.1201,6.0,0.3116,0.1371,9.0,7.0,4.5,8.0,51.843038113993615,1.4882401717116516,0.028706654275146383,0.2057144833640746,0.44556830369370887,3.3840412171058993
035420,2023-08-17,0.0024,4.0,0.0038,0.215,5.0,7.0,4.5,8.0,50.79452723078925,1.4581409322837755,0.028706654275146383,0.2057144833640746,0.44556830369370887,3.3435097351602265
035420,2023-08-18,-0.1365,6.0,0.444,0.177,11.0,7.0,4.5,8.0,49.51301392909503,1.421352972983038,0.028706654275146383,0.2057144833640746,0.44556830369370887,3.293971257226626
035420,2023-08-19,-0.0,3.0,0.0,0.2105,1.0,7.0,4.5,8.0,49.51301392909503,1.421352972983038,0.028706654275146383,0.2057144833640746,0.44556830369370887,3.293971257226626
035420,2023-08-20,0.3305,5.0,0.4674,0.1423,3.0,7.0,4.5,8.0,49.51301392909503,1.421352972983038,0.028706654275146383,0.2057144833640746,0.44556830369370887,3.293971257226626
035420,2023-08-21,0.2444,5.0,0.4296,0.2103,4.0,7.0,4.5,8.0,49.979018766074745,1.4347304127287608,0.028706654275146383,0.2057144833640746,0.44556830369370887,3.3119852492024813
035420,2023-08-22,0.0024,5.0,0.0054,0.191,6.0,7.0,4.5,8.0,51.49353448625883,1.4782070919023595,0.028706654275146383,0.2057144833640746,0.44556830369370887,3.3705307231240087
035420,2023-08-23,0.2945,7.0,0.4226,0.1425,9.0,7.0,4.5,8.0,50.212021184564605,1.4414191326016221,0.028706654275146383,0.2057144833640746,0.44556830369370887,3.3209922451904084
035420,2023-08-24,0.2317,8.0,0.4283,0.223,22.0,7.0,3.0,8.0,53.3575538341777,1.5317168508852503,0.028706654275146383,0.2057144833640746,0.44556830369370887,3.442586691027427
035420,2023-08-25,-0.1843,8.0,0.5279,0.1772,16.0,7.0,4.5,8.0,49.16351030136024,1.411319893173746,0.028706654275146383,0.2057144833640746,0.44556830369370887,3.2804607632447356
035420,2023-08-26,-0.0,4.0,0.0,0.1336,3.0,7.0,4.5,8.0,49.16351030136024,1.411319893173746,0.028706654275146383,0.2057144833640746,0.44556830369370887,3.2804607632447356
035420,2023-08-27,0.9075,6.0,0.0924,0.2508,2.0,7.0,4.5,8.0,49.16351030136024,1.411319893173746,0.028706654275146383,0.2057144833640746,0.44556830369370887,3.2804607632447356
035420,2023-08-28,-0.2388,7.0,0.5969,0.1721,10.0,7.0,4.5,8.0,49.746016347584884,1.4280416928558994,0.028706654275146383,0.2057144833640746,0.44556830369370887,3.3029782532145537
035420,2023-08-29,0.0192,4.0,0.6324,0.102,5.0,7.0,4.5,8.0,50.79452723078925,1.4581409322837755,0.028706654275146383,0.2057144833640746,0.44556830369370887,3.3435097351602265
035420,2023-08-30,-0.1799,6.0,0.3678,0.1429,6.0,7.0,4.5,8.0,50.67802602154432,1.4547965723473448,0.028706654275146383,0.2057144833640746,0.44556830369370887,3.339006237166263
035420,2023-08-31,0.1101,5.0,0.5755,0.2444,8.0,7.0,4.5,8.0,49.979018766074745,1.4347304127287608,0.028706654275146383,0.2057144833640746,0.44556830369370887,3.3119852492024813
035420,2023-09-01,-0.3194,5.0,0.4517,0.1692,3.0,7.0,4.5,9.0,49.979018766074745,1.4347304127287608,0.028706654275146383,0.2057144833640746,0.44556830369370887,3.3119852492024813
035420,2023-09-02,-0.0,3.0,0.0,0.0926,1.0,7.0,4.5,9.0,49.979018766074745,1.4347304127287608,0.028706654275146383,0.2057144833640746,0.44556830369370887,3.3119852492024813
035420,2023-09-03,-0.0003,3.0,0.0003,0.1184,2.0,7.0,4.5,9.0,49.979018766074745,1.4347304127287608,0.028706654275146383,0.2057144833640746,0.44556830369370887,3.3119852492024813
035420,2023-09-04,0.2226,5.0,0.3059,0.1329,3.0,7.0,4.5,9.0,49.28001151060517,1.4146642531101767,0.028706654275146383,0.2057144833640746,0.44556830369370887,3.284964261238699
035420,2023-09-05,0.0203,4.0,0.0201,0.2144,3.0,7.0,4.5,9.0,49.3965127198501,1.4180086130466074,0.028706654275146383,0.2057144833640746,0.44556830369370887,3.289467759232663
035420,2023-09-06,0.0049,4.0,0.6218,0.1769,5.0,7.0,4.5,9.0,49.862517556829815,1.43138605279233,0.028706654275146383,0.2057144833640746,0.44556830369370887,3.3074817512085173
035420,2023-09-07,0.1061,6.0,0.4964,0.1556,9.0,7.0,4.5,9.0,50.445023603054466,1.4481078524744835,0.028706654275146383,0.2057144833640746,0.44556830369370887,3.3299992411783355
035420,2023-09-08,-0.5475,5.0,0.4475,0.1261,2.0,7.0,4.5,9.0,50.095519975319675,1.4380747726651915,0.028706654275146383,0.2057144833640746,0.44556830369370887,3.316488747196445
035420,2023-09-09,,,,,0.0,7.0,4.5,9.0,50.095519975319675,1.4380747726651915,0.028706654275146383,0.2057144833640746,0.44556830369370887,3.316488747196445
035420,2023-09-10,0.1841,5.0,0.2604,0.1556,3.0,7.0,4.5,9.0,50.095519975319675,1.4380747726651915,0.028706654275146383,0.2057144833640746,0.44556830369370887,3.316488747196445
035420,2023-09-11,0.3062,4.0,0.3062,0.114,2.0,7.0,4.5,9.0,49.28001151060517,1.4146642531101767,0.028706654275146383,0.2057144833640746,0.44556830369370887,3.284964261238699
035420,2023-09-12,-0.2236,6.0,0.3942,0.1884,8.0,7.0,4.5,9.0,51.14403085852404,1.4681740120930675,0.028706654275146383,0.2057144833640746,0.44556830369370887,3.3570202291421176
035420,2023-09-13,0.1427,5.0,0.3494,0.2054,7.0,7.0,4.5,9.0,51.726536904748684,1.484895811775221,0.028706654275146383,0.2057144833640746,0.44556830369370887,3.379537719111936
035420,2023-09-14,0.2286,5.0,0.4203,0.1502,4.0,7.0,3.0,9.0,52.542045369463196,1.5083063313302356,0.028706654275146383,0.2057144833640746,0.44556830369370887,3.4110622050696815
035420,2023-09-15,0.0402,4.0,0.0414,0.2186,3.0,7.0,3.0,9.0,53.47405504342263,1.535061210821681,0.028706654275146383,0.2057144833640746,0.44556830369370887,3.4470901890213907
035420,2023-09-16,,,,,0.0,7.0,3.0,9.0,53.47405504342263,1.535061210821681,0.028706654275146383,0.2057144833640746,0.44556830369370887,3.4470901890213907
035420,2023-09-17,-0.0425,3.0,0.0423,0.1031,2.0,7.0,3.0,9.0,53.47405504342263,1.535061210821681,0.028706654275146383,0.2057144833640746,0.44556830369370887,3.4470901890213907
035420,2023-09-18,0.4453,7.0,0.4958,0.1742,9.0,7.0,4.5,9.0,51.61003569550376,1.4815514518387902,0.028706654275146383,0.2057144833640746,0.44556830369370887,3.3750342211179722
035420,2023-09-19,0.206,5.0,0.3565,0.1674,4.0,7.0,4.5,9.0,51.14403085852404,1.4681740120930675,0.028706654275146383,0.2057144833640746,0.44556830369370887,3.3570202291421176
035420,2023-09-20,0.0848,6.0,0.7665,0.168,11.0,7.0,4.5,9.0,50.67802602154432,1.4547965723473448,0.028706654275146383,0.2057144833640746,0.44556830369370887,3.339006237166263
035420,2023-09-21,0.1629,7.0,0.5384,0.1531,12.0,7.0,4.5,9.0,48.93050788287038,1.4046311733008847,0.028706654275146383,0.2057144833640746,0.44556830369370887,3.271453767256808
035420,2023-09-22,0.1607,4.0,0.1824,0.4069,3.0,7.0,4.5,9.0,48.46450304589066,1.391253733555162,0.028706654275146383,0.2057144833640746,0.44556830369370887,3.253439775280954
035420,2023-09-23,,,,,0.0,7.0,4.5,9.0,48.46450304589066,1.391253733555162,0.028706654275146383,0.2057144833640746,0.44556830369370887,3.253439775280954
035420,2023-09-24,-0.333,5.0,0.471,0.1041,3.0,7.0,4.5,9.0,48.46450304589066,1.391253733555162,0.028706654275146383,0.2057144833640746,0.44556830369370887,3.253439775280954
035420,2023-09-25,-0.499,6.0,0.7067,0.2064,8.0,7.0,4.5,9.0,48.114999418155875,1.38122065374587,0.028706654275146383,0.2057144833640746,0.44556830369370887,3.2399292812990628
035420,2023-09-26,0.1216,5.0,0.332,0.2396,8.0,7.0,4.5,9.0,46.83348611646165,1.3444326944451326,0.028706654275146383,0.2057144833640746,0.44556830369370887,3.1903908033654624
035420,2023-09-27,-0.4414,5.0,0.404,0.2292,3.0,7.0,4.5,9.0,46.94998732570658,1.3477770543815633,0.028706654275146383,0.2057144833640746,0.44556830369370887,3.194894301359426
035420,2023-09-28,0.0051,3.0,0.0,0.2619,1.0,7.0,4.5,9.0,46.94998732570658,1.3477770543815633,0.028706654275146383,0.2057144833640746,0.44556830369370887,3.194894301359426
035420,2023-09-29,,,,,0.0,7.0,4.5,9.0,46.94998732570658,1.3477770543815633,0.028706654275146383,0.2057144833640746,0.44556830369370887,3.194894301359426
035420,2023-09-30,,,,,0.0,7.0,4.5,9.0,46.94998732570658,1.3477770543815633,0.028706654275146383,0.2057144833640746,0.44556830369370887,3.194894301359426
035420,2023-10-01,-0.9989,6.0,0.0007,0.1588,2.0,7.0,4.5,10.0,46.94998732570658,1.3477770543815633,0.028706654275146383,0.2057144833640746,0.44556830369370887,3.194894301359426
035420,2023-10-02,0.0001,3.0,0.0001,0.0458,2.0,7.0,4.5,10.0,46.94998732570658,1.3477770543815633,0.028706654275146383,0.2057144833640746,0.44556830369370887,3.194894301359426
035420,2023-10-03,,,,,0.0,7.0,4.5,10.0,46.94998732570658,1.3477770543815633,0.028706654275146383,0.2057144833640746,0.44556830369370887,3.194894301359426
035420,2023-10-04,0.4376,6.0,0.4569,0.1767,7.0,7.0,4.5,10.0,44.55006241526103,1.2788832396910912,0.028706654275146383,0.2057144833640746,0.44556830369370887,3.102122242683775
035420,2023-10-05,-0.0,3.0,0.0,0.1429,1.0,7.0,4.5,10.0,44.13065806197928,1.2668435439199408,0.028706654275146383,0.2057144833640746,0.44556830369370887,3.085909649905506
035420,2023-10-06,-0.9996,6.0,0.0,0.1702,1.0,7.0,4.5,10.0,44.48016168971407,1.2768766237292328,0.028706654275146383,0.2057144833640746,0.44556830369370887,3.099420143887397
035420,2023-10-07,,,,,0.0,7.0,4.5,10.0,44.48016168971407,1.2768766237292328,0.028706654275146383,0.2057144833640746,0.44556830369370887,3.099420143887397
035420,2023-10-08,-0.5115,5.0,0.4882,0.1789,2.0,7.0,4.5,10.0,44.48016168971407,1.2768766237292328,0.028706654275146383,0.2057144833640746,0.44556830369370887,3.099420143887397
035420,2023-10-09,-0.2203,5.0,0.3913,0.1834,5.0,7.0,4.5,10.0,44.48016168971407,1.2768766237292328,0.028706654275146383,0.2057144833640746,0.44556830369370887,3.099420143887397
035420,2023-10-10,0.1669,6.0,0.3725,0.1618,6.0,7.0,4.5,10.0,44.55006241526103,1.2788832396910912,0.028706654275146383,0.2057144833640746,0.44556830369370887,3.102122242683775
035420,2023-10-11,-0.3424,4.0,0.3424,0.1861,2.0,7.0,4.5,10.0,44.96946676854278,1.2909229354622416,0.028706654275146383,0.2057144833640746,0.44556830369370887,3.118334835462044
035420,2023-10-12,-0.0015,4.0,0.0021,0.2027,3.0,7.0,4.5,10.0,45.1092682196367,1.2949361673859585,0.028706654275146383,0.2057144833640746,0.44556830369370887,3.1237390330548007
035420,2023-10-13,-0.0,4.0,0.0,0.1544,5.0,7.0,4.5,10.0,44.68986386635495,1.282896471614808,0.028706654275146383,0.2057144833640746,0.44556830369370887,3.1075264402765312
035420,2023-10-14,,,,,0.0,7.0,4.5,10.0,44.68986386635495,1.282896471614808,0.028706654275146383,0.2057144833640746,0.44556830369370887,3.1075264402765312
035420,2023-10-15,-0.998,6.0,0.0,0.1765,1.0,7.0,4.5,10.0,44.68986386635495,1.282896471614808,0.028706654275146383,0.2057144833640746,0.44556830369370887,3.1075264402765312
035420,2023-10-16,-0.3269,5.0,0.4987,0.3127,5.0,7.0,4.5,10.0,44.20055878752624,1.2688501598817992,0.028706654275146383,0.2057144833640746,0.44556830369370887,3.0886117487018843
035420,2023-10-17,-0.3312,6.0,0.7058,0.213,6.0,7.0,4.5,10.0,43.920955885338415,1.2608236960343655,0.028706654275146383,0.2057144833640746,0.44556830369370887,3.077803353516371
035420,2023-10-18,-0.2093,5.0,0.3956,0.1641,5.0,7.0,4.5,10.0,43.40835056466072,1.2461085123140705,0.028706654275146383,0.2057144833640746,0.44556830369370887,3.057987962342931
035420,2023-10-19,-0.0083,4.0,0.0976,0.1587,3.0,7.0,4.5,10.0,42.26663871406041,1.2133337849370498,0.028706654275146383,0.2057144833640746,0.44556830369370887,3.0138536820020874
035420,2023-10-20,0.3266,6.0,0.4745,0.1607,6.0,7.0,4.5,10.0,41.98703581187258,1.2053073210896164,0.028706654275146383,0.2057144833640746,0.44556830369370887,3.0030452868165747
035420,2023-10-21,,,,,0.0,7.0,4.5,10.0,41.98703581187258,1.2053073210896164,0.028706654275146383,0.2057144833640746,0.44556830369370887,3.0030452868165747
035420,2023-10-22,0.0001,3.0,0.0001,0.1556,2.0,7.0,4.5,10.0,41.98703581187258,1.2053073210896164,0.028706654275146383,0.2057144833640746,0.44556830369370887,3.0030452868165747
035420,2023-10-23,-0.0002,3.0,0.0003,0.1496,2.0,6.0,4.5,10.0,41.54433121674185,1.1925987533311797,0.028706654275146383,0.2057144833640746,0.44556830369370887,2.9859319944395124
035420,2023-10-24,0.8436,8.0,0.3451,0.2467,7.0,7.0,4.5,10.0,43.571452257603625,1.2507906162250735,0.028706654275146383,0.2057144833640746,0.44556830369370887,3.06429285953448
035420,2023-10-25,0.4509,6.0,0.4603,0.2273,6.0,7.0,4.5,10.0,44.06075733643233,1.2648369279580824,0.028706654275146383,0.2057144833640746,0.44556830369370887,3.0832075511091275
035420,2023-10-26,-0.334,5.0,0.7002,0.1698,4.0,7.0,4.5,10.0,42.38313992330534,1.2166781448734807,0.028706654275146383,0.2057144833640746,0.44556830369370887,3.0183571799960505
035420,2023-10-27,0.1789,7.0,0.3703,0.1143,11.0,7.0,4.5,10.0,43.19864838801985,1.2400886644284954,0.028706654275146383,0.2057144833640746,0.44556830369370887,3.0498816659537966
035420,2023-10-28,-0.0,3.0,0.0,0.8,1.0,7.0,4.5,10.0,43.19864838801985,1.2400886644284954,0.028706654275146383,0.2057144833640746,0.44556830369370887,3.0498816659537966
035420,2023-10-29,-0.1233,4.0,0.531,0.1533,3.0,7.0,4.5,10.0,43.19864838801985,1.2400886644284954,0.028706654275146383,0.2057144833640746,0.44556830369370887,3.0498816659537966
035420,2023-10-30,0.2541,6.0,0.436,0.2122,8.0,7.0,4.5,10.0,43.36175008096275,1.2447707683394982,0.028706654275146383,0.2057144833640746,0.44556830369370887,3.0561865631453453
035420,2023-10-31,0.234,5.0,0.6941,0.1727,5.0,7.0,4.5,10.0,43.66465322499957,1.253466104174218,0.028706654275146383,0.2057144833640746,0.44556830369370887,3.067895657929651
035420,2023-11-01,0.3982,5.0,0.4899,0.1465,5.0,7.0,4.5,11.0,43.73455395054653,1.2554727201360765,0.028706654275146383,0.2057144833640746,0.44556830369370887,3.070597756726029
035420,2023-11-02,0.3114,5.0,0.4092,0.1533,4.0,7.0,4.5,11.0,44.45686144786509,1.2762077517419466,0.028706654275146383,0.2057144833640746,0.44556830369370887,3.098519444288604
035420,2023-11-03,0.6182,9.0,0.487,0.2328,16.0,7.0,4.5,11.0,46.71698490721672,1.341088334508702,0.028706654275146383,0.2057144833640746,0.44556830369370887,3.185887305371499
035420,2023-11-04,,,,,0.0,7.0,4.5,11.0,46.71698490721672,1.341088334508702,0.028706654275146383,0.2057144833640746,0.44556830369370887,3.185887305371499
035420,2023-11-05,,,,,0.0,7.0,4.5,11.0,46.71698490721672,1.341088334508702,0.028706654275146383,0.2057144833640746,0.44556830369370887,3.185887305371499
035420,2023-11-06,0.3275,6.0,0.4733,0.1249,6.0,7.0,4.5,11.0,47.881996999666015,1.3745319338730086,0.028706654275146383,0.2057144833640746,0.44556830369370887,3.2309222853111352
035420,2023-11-07,-0.0001,4.0,0.0008,0.1958,4.0,7.0,4.5,11.0,46.71698490721672,1.341088334508702,0.028706654275146383,0.2057144833640746,0.44556830369370887,3.185887305371499
035420,2023-11-08,0.4999,5.0,0.4998,0.1382,4.0,7.0,4.5,11.0,45.99467740989816,1.3203533029028316,0.028706654275146383,0.2057144833640746,0.44556830369370887,3.1579656178089244
035420,2023-11-09,-0.0285,5.0,0.5676,0.2624,6.0,7.0,4.5,11.0,46.18107934469005,1.3257042788011206,0.028706654275146383,0.2057144833640746,0.44556830369370887,3.165171214599266
035420,2023-11-10,0.0459,3.0,0.0,0.2439,1.0,7.0,4.5,11.0,45.365570879975536,1.302293759246106,0.028706654275146383,0.2057144833640746,0.44556830369370887,3.1336467286415206
035420,2023-11-11,,,,,0.0,7.0,4.5,11.0,45.365570879975536,1.302293759246106,0.028706654275146383,0.2057144833640746,0.44556830369370887,3.1336467286415206
035420,2023-11-12,0.3469,4.0,0.0,0.0392,1.0,7.0,4.5,11.0,45.365570879975536,1.302293759246106,0.028706654275146383,0.2057144833640746,0.44556830369370887,3.1336467286415206
035420,2023-11-13,0.4252,5.0,0.471,0.1936,5.0,7.0,4.5,11.0,44.876265801146836,1.2882474475130972,0.028706654275146383,0.2057144833640746,0.44556830369370887,3.1147320370668727
035420,2023-11-14,-0.4938,4.0,0.5003,0.1495,2.0,7.0,4.5,11.0,46.274280312085985,1.3283797667502653,0.028706654275146383,0.2057144833640746,0.44556830369370887,3.168774012994437
035420,2023-11-15,0.5955,6.0,0.4948,0.1598,5.0,7.0,4.5,11.0,47.881996999666015,1.3745319338730086,0.028706654275146383,0.2057144833640746,0.44556830369370887,3.2309222853111352
035420,2023-11-16,,,,,0.0,7.0,4.5,11.0,47.29949095344137,1.3578101341908553,0.028706654275146383,0.2057144833640746,0.44556830369370887,3.208404795341317
035420,2023-11-17,0.0308,5.0,0.0668,0.1027,6.0,7.0,4.5,11.0,47.06648853495151,1.351121414317994,0.028706654275146383,0.2057144833640746,0.44556830369370887,3.1993977993533895
035420,2023-11-18,,,,,0.0,7.0,4.5,11.0,47.06648853495151,1.351121414317994,0.028706654275146383,0.2057144833640746,0.44556830369370887,3.1993977993533895
035420,2023-11-19,0.0,3.0,0.0,0.1476,2.0,7.0,4.5,11.0,47.06648853495151,1.351121414317994,0.028706654275146383,0.2057144833640746,0.44556830369370887,3.1993977993533895
035420,2023-11-20,-0.0877,5.0,0.5507,0.2795,8.0,7.0,4.5,11.0,47.18298974419644,1.3544657742544246,0.028706654275146383,0.2057144833640746,0.44556830369370887,3.2039012973473535
035420,2023-11-21,0.2,5.0,0.748,0.2198,5.0,7.0,4.5,11.0,47.648994581176154,1.3678432140001473,0.028706654275146383,0.2057144833640746,0.44556830369370887,3.2219152893232077
035420,2023-11-22,0.0003,3.0,0.0,0.1837,1.0,7.0,4.5,11.0,48.348001836645736,1.3879093736187313,0.028706654275146383,0.2057144833640746,0.44556830369370887,3.24893627728699
035420,2023-11-23,-0.0565,6.0,0.3266,0.2332,10.0,7.0,4.5,11.0,47.881996999666015,1.3745319338730086,0.028706654275146383,0.2057144833640746,0.44556830369370887,3.2309222853111352
035420,2023-11-24,-0.0708,4.0,0.1153,0.2314,5.0,7.0,4.5,11.0,47.881996999666015,1.3745319338730086,0.028706654275146383,0.2057144833640746,0.44556830369370887,3.2309222853111352
035420,2023-11-25,0.0,3.0,0.0,0.2609,1.0,7.0,4.5,11.0,47.881996999666015,1.3745319338730086,0.028706654275146383,0.2057144833640746,0.44556830369370887,3.2309222853111352
035420,2023-11-26,0.0005,3.0,0.0,0.0526,1.0,7.0,4.5,11.0,47.881996999666015,1.3745319338730086,0.028706654275146383,0.2057144833640746,0.44556830369370887,3.2309222853111352
035420,2023-11-27,0.1284,5.0,0.818,0.1235,7.0,7.0,4.5,11.0,47.998498208910945,1.3778762938094393,0.028706654275146383,0.2057144833640746,0.44556830369370887,3.235425783305099
035420,2023-11-28,-0.4976,4.0,0.4976,0.1809,2.0,7.0,4.5,11.0,48.348001836645736,1.3879093736187313,0.028706654275146383,0.2057144833640746,0.44556830369370887,3.24893627728699
035420,2023-11-29,0.4336,4.0,0.4336,0.1304,2.0,7.0,4.5,11.0,48.348001836645736,1.3879093736187313,0.028706654275146383,0.2057144833640746,0.44556830369370887,3.24893627728699
035420,2023-11-30,0.2222,7.0,0.4153,0.1777,9.0,7.0,4.5,11.0,48.46450304589066,1.391253733555162,0.028706654275146383,0.2057144833640746,0.44556830369370887,3.253439775280954
035420,2023-12-01,0.1983,5.0,0.3971,0.2277,5.0,7.0,4.5,12.0,47.998498208910945,1.3778762938094393,0.028706654275146383,0.2057144833640746,0.44556830369370887,3.235425783305099
035420,2023-12-02,,,,,0.0,7.0,4.5,12.0,47.998498208910945,1.3778762938094393,0.028706654275146383,0.2057144833640746,0.44556830369370887,3.235425783305099
035420,2023-12-03,-0.0048,4.0,0.7665,0.0296,3.0,7.0,4.5,12.0,47.998498208910945,1.3778762938094393,0.028706654275146383,0.2057144833640746,0.44556830369370887,3.235425783305099
035420,2023-12-04,0.0008,3.0,0.0,0.2143,1.0,7.0,4.5,12.0,49.04700909211531,1.4079755332373154,0.028706654275146383,0.2057144833640746,0.44556830369370887,3.275957265250772
035420,2023-12-05,0.3297,5.0,0.4737,0.1096,3.0,7.0,4.5,12.0,49.629515138339954,1.4246973329194688,0.028706654275146383,0.2057144833640746,0.44556830369370887,3.29847475522059
035420,2023-12-06,0.1928,5.0,0.7377,0.1704,5.0,7.0,4.5,12.0,49.746016347584884,1.4280416928558994,0.028706654275146383,0.2057144833640746,0.44556830369370887,3.3029782532145537
035420,2023-12-07,0.4779,7.0,0.6588,0.1798,9.0,7.0,4.5,12.0,49.51301392909503,1.421352972983038,0.028706654275146383,0.2057144833640746,0.44556830369370887,3.293971257226626
035420,2023-12-08,0.0001,4.0,0.0001,0.2504,4.0,7.0,4.5,12.0,50.67802602154432,1.4547965723473448,0.028706654275146383,0.2057144833640746,0.44556830369370887,3.339006237166263
035420,2023-12-09,0.1158,3.0,0.1163,0.2326,2.0,7.0,4.5,12.0,50.67802602154432,1.4547965723473448,0.028706654275146383,0.2057144833640746,0.44556830369370887,3.339006237166263
035420,2023-12-10,0.0009,4.0,0.0013,0.1644,3.0,7.0,4.5,12.0,50.67802602154432,1.4547965723473448,0.028706654275146383,0.2057144833640746,0.44556830369370887,3.339006237166263
035420,2023-12-11,0.0329,5.0,0.5784,0.1559,6.0,7.0,4.5,12.0,50.67802602154432,1.4547965723473448,0.028706654275146383,0.2057144833640746,0.44556830369370887,3.339006237166263
035420,2023-12-12,0.6674,6.0,0.4701,0.1475,3.0,7.0,4.5,12.0,49.746016347584884,1.4280416928558994,0.028706654275146383,0.2057144833640746,0.44556830369370887,3.3029782532145537
035420,2023-12-13,0.2018,5.0,0.7415,0.1739,5.0,7.0,4.5,12.0,49.746016347584884,1.4280416928558994,0.028706654275146383,0.2057144833640746,0.44556830369370887,3.3029782532145537
035420,2023-12-14,0.2511,5.0,0.4323,0.2048,4.0,7.0,4.5,12.0,51.959539323238545,1.4915845316480822,0.028706654275146383,0.2057144833640746,0.44556830369370887,3.3885447150998633
035420,2023-12-15,0.6314,7.0,0.4525,0.1673,6.0,7.0,3.0,12.0,52.658546578708126,1.5116506912666663,0.028706654275146383,0.2057144833640746,0.44556830369370887,3.415565703063645
035420,2023-12-16,,,,,0.0,7.0,3.0,12.0,52.658546578708126,1.5116506912666663,0.028706654275146383,0.2057144833640746,0.44556830369370887,3.415565703063645
035420,2023-12-17,0.0029,5.0,0.5558,0.3344,6.0,7.0,3.0,12.0,52.658546578708126,1.5116506912666663,0.028706654275146383,0.2057144833640746,0.44556830369370887,3.415565703063645
035420,2023-12-18,0.3648,8.0,0.4243,0.1556,16.0,7.0,4.5,12.0,51.959539323238545,1.4915845316480822,0.028706654275146383,0.2057144833640746,0.44556830369370887,3.3885447150998633
035420,2023-12-19,0.2141,8.0,0.3953,0.1124,15.0,7.0,4.5,12.0,51.843038113993615,1.4882401717116516,0.028706654275146383,0.2057144833640746,0.44556830369370887,3.3840412171058993
035420,2023-12-20,0.0033,6.0,0.6622,0.2135,9.0,7.0,4.5,12.0,51.3770332770139,1.4748627319659289,0.028706654275146383,0.2057144833640746,0.44556830369370887,3.3660272251300447
035420,2023-12-21,0.2496,5.0,0.4322,0.1819,4.0,7.0,4.5,12.0,50.445023603054466,1.4481078524744835,0.028706654275146383,0.2057144833640746,0.44556830369370887,3.3299992411783355
035420,2023-12-22,-0.0024,4.0,0.0067,0.2162,5.0,7.0,4.5,12.0,50.095519975319675,1.4380747726651915,0.028706654275146383,0.2057144833640746,0.44556830369370887,3.316488747196445
035420,2023-12-23,,,,,0.0,7.0,4.5,12.0,50.095519975319675,1.4380747726651915,0.028706654275146383,0.2057144833640746,0.44556830369370887,3.316488747196445
035420,2023-12-24,0.0,3.0,0.0,0.1136,1.0,7.0,4.5,12.0,50.095519975319675,1.4380747726651915,0.028706654275146383,0.2057144833640746,0.44556830369370887,3.316488747196445
035420,2023-12-25,0.9998,6.0,0.0,0.2955,1.0,7.0,4.5,12.0,50.095519975319675,1.4380747726651915,0.028706654275146383,0.2057144833640746,0.44556830369370887,3.316488747196445
035420,2023-12-26,,,,,0.0,7.0,4.5,12.0,50.212021184564605,1.4414191326016221,0.028706654275146383,0.2057144833640746,0.44556830369370887,3.3209922451904084
035420,2023-12-27,,,,,0.0,7.0,4.5,12.0,51.959539323238545,1.4915845316480822,0.028706654275146383,0.2057144833640746,0.44556830369370887,3.3885447150998633
035420,2023-12-28,0.3206,5.0,0.4534,0.1256,3.0,7.0,4.5,12.0,52.192541741728405,1.4982732515209436,0.028706654275146383,0.2057144833640746,0.44556830369370887,3.397551711087791
035420,2023-12-29,0.4904,4.0,0.4874,0.1816,2.0,7.0,4.5,12.0,52.192541741728405,1.4982732515209436,0.028706654275146383,0.2057144833640746,0.44556830369370887,3.397551711087791
035420,2023-12-30,0.9998,6.0,0.0,0.225,1.0,7.0,4.5,12.0,52.192541741728405,1.4982732515209436,0.028706654275146383,0.2057144833640746,0.44556830369370887,3.397551711087791
035420,2023-12-31,,,,,0.0,7.0,4.5,12.0,52.192541741728405,1.4982732515209436,0.028706654275146383,0.2057144833640746,0.44556830369370887,3.397551711087791
035420,2024-01-01,0.4999,4.0,0.4999,0.1465,2.0,7.0,4.5,13.0,52.192541741728405,1.4982732515209436,0.028706654275146383,0.2057144833640746,0.44556830369370887,3.397551711087791
035420,2024-01-02,0.2459,5.0,0.4257,0.2339,4.0,7.0,3.0,13.0,53.00805020644291,1.5216837710759583,0.028706654275146383,0.2057144833640746,0.44556830369370887,3.429076197045536
035420,2024-01-03,0.5613,6.0,0.3867,0.2129,5.0,7.0,4.5,13.0,51.726536904748684,1.484895811775221,0.028706654275146383,0.2057144833640746,0.44556830369370887,3.379537719111936
035420,2024-01-04,0.1553,6.0,0.5504,0.1591,10.0,7.0,4.5,13.0,51.959539323238545,1.4915845316480822,0.028706654275146383,0.2057144833640746,0.44556830369370887,3.3885447150998633
035420,2024-01-05,0.9668,6.0,0.0329,0.3114,2.0,7.0,4.5,13.0,51.3770332770139,1.4748627319659289,0.028706654275146383,0.2057144833640746,0.44556830369370887,3.3660272251300447
035420,2024-01-06,,,,,0.0,7.0,4.5,13.0,51.3770332770139,1.4748627319659289,0.028706654275146383,0.2057144833640746,0.44556830369370887,3.3660272251300447
035420,2024-01-07,-0.9761,7.0,0.0223,0.1276,4.0,7.0,4.5,13.0,51.3770332770139,1.4748627319659289,0.028706654275146383,0.2057144833640746,0.44556830369370887,3.3660272251300447
035420,2024-01-08,0.3858,7.0,0.4597,0.1745,10.0,7.0,3.0,13.0,52.775047787953056,1.514995051203097,0.028706654275146383,0.2057144833640746,0.44556830369370887,3.4200692010576086
035420,2024-01-09,0.2818,5.0,0.3926,0.1794,5.0,7.0,3.0,13.0,53.47405504342263,1.535061210821681,0.028706654275146383,0.2057144833640746,0.44556830369370887,3.4470901890213907
035420,2024-01-10,-0.0001,4.0,0.8161,0.2257,3.0,7.0,3.0,13.0,53.82355867115742,1.5450942906309733,0.028706654275146383,0.2057144833640746,0.44556830369370887,3.460600683003282
035420,2024-01-11,0.4856,5.0,0.486,0.1366,4.0,7.0,3.0,13.0,53.940059880402345,1.548438650567404,0.028706654275146383,0.2057144833640746,0.44556830369370887,3.4651041809972454
035420,2024-01-12,0.0003,4.0,0.0007,0.0865,5.0,7.0,3.0,13.0,53.70705746191249,1.5417499306945424,0.028706654275146383,0.2057144833640746,0.44556830369370887,3.456097185009318
035420,2024-01-13,0.0536,4.0,0.0811,0.4707,3.0,7.0,3.0,13.0,53.70705746191249,1.5417499306945424,0.028706654275146383,0.2057144833640746,0.44556830369370887,3.456097185009318
035420,2024-01-14,-0.2476,5.0,0.4289,0.1885,4.0,7.0,3.0,13.0,53.70705746191249,1.5417499306945424,0.028706654275146383,0.2057144833640746,0.44556830369370887,3.456097185009318
035420,2024-01-15,0.1702,6.0,0.6359,0.2518,7.0,7.0,3.0,13.0,53.47405504342263,1.535061210821681,0.028706654275146383,0.2057144833640746,0.44556830369370887,3.4470901890213907
035420,2024-01-16,0.3461,8.0,0.467,0.2011,12.0,7.0,3.0,13.0,53.59055625266756,1.5384055707581117,0.028706654275146383,0.2057144833640746,0.44556830369370887,3.4515936870153543
035420,2024-01-17,0.3333,5.0,0.4713,0.1493,3.0,7.0,4.5,13.0,51.02752964927911,1.4648296521566369,0.028706654275146383,0.2057144833640746,0.44556830369370887,3.352516731148154
035420,2024-01-18,0.0001,6.0,0.0006,0.2092,10.0,7.0,4.5,13.0,50.445023603054466,1.4481078524744835,0.028706654275146383,0.2057144833640746,0.44556830369370887,3.3299992411783355
035420,2024-01-19,0.0,4.0,0.0,0.2517,3.0,7.0,4.5,13.0,50.212021184564605,1.4414191326016221,0.028706654275146383,0.2057144833640746,0.44556830369370887,3.3209922451904084
035420,2024-01-20,0.0001,4.0,0.0001,0.2843,3.0,7.0,4.5,13.0,50.212021184564605,1.4414191326016221,0.028706654275146383,0.2057144833640746,0.44556830369370887,3.3209922451904084
035420,2024-01-21,0.0,3.0,0.0,0.1667,1.0,7.0,4.5,13.0,50.212021184564605,1.4414191326016221,0.028706654275146383,0.2057144833640746,0.44556830369370887,3.3209922451904084
035420,2024-01-22,-0.005,5.0,0.6989,0.1559,8.0,7.0,4.5,13.0,50.561524812299396,1.4514522124109142,0.028706654275146383,0.2057144833640746,0.44556830369370887,3.3345027391722994
035420,2024-01-23,0.146,5.0,0.3486,0.2087,7.0,7.0,4.5,13.0,50.79452723078925,1.4581409322837755,0.028706654275146383,0.2057144833640746,0.44556830369370887,3.3435097351602265
035420,2024-01-24,0.0741,6.0,0.1861,0.1816,11.0,7.0,4.5,13.0,50.79452723078925,1.4581409322837755,0.028706654275146383,0.2057144833640746,0.44556830369370887,3.3435097351602265
035420,2024-01-25,-0.0046,4.0,0.695,0.1159,4.0,7.0,4.5,13.0,49.746016347584884,1.4280416928558994,0.028706654275146383,0.2057144833640746,0.44556830369370887,3.3029782532145537
035420,2024-01-26,0.2498,5.0,0.4327,0.1382,4.0,7.0,4.5,13.0,50.445023603054466,1.4481078524744835,0.028706654275146383,0.2057144833640746,0.44556830369370887,3.3299992411783355
035420,2024-01-27,0.0001,3.0,0.0,0.1304,1.0,7.0,4.5,13.0,50.445023603054466,1.4481078524744835,0.028706654275146383,0.2057144833640746,0.44556830369370887,3.3299992411783355
035420,2024-01-28,0.014,3.0,0.014,0.1407,2.0,7.0,4.5,13.0,50.445023603054466,1.4481078524744835,0.028706654275146383,0.2057144833640746,0.44556830369370887,3.3299992411783355
035420,2024-01-29,-0.041,5.0,0.5071,0.1741,6.0,7.0,4.5,13.0,49.3965127198501,1.4180086130466074,0.028706654275146383,0.2057144833640746,0.44556830369370887,3.289467759232663
035420,2024-01-30,0.1249,6.0,0.2905,0.1891,9.0,7.0,4.5,13.0,48.81400667362545,1.401286813364454,0.028706654275146383,0.2057144833640746,0.44556830369370887,3.2669502692628445
035420,2024-01-31,0.1738,7.0,0.3658,0.1471,11.0,7.0,4.5,13.0,46.71698490721672,1.341088334508702,0.028706654275146383,0.2057144833640746,0.44556830369370887,3.185887305371499
035420,2024-02-01,0.0119,7.0,0.4093,0.2236,12.0,7.0,4.5,14.0,47.18298974419644,1.3544657742544246,0.028706654275146383,0.2057144833640746,0.44556830369370887,3.2039012973473535
035420,2024-02-02,0.6591,9.0,0.5443,0.2122,20.0,7.0,4.5,14.0,51.61003569550376,1.4815514518387902,0.028706654275146383,0.2057144833640746,0.44556830369370887,3.3750342211179722
035420,2024-02-03,0.4855,4.0,0.5136,0.2141,2.0,7.0,4.5,14.0,51.61003569550376,1.4815514518387902,0.028706654275146383,0.2057144833640746,0.44556830369370887,3.3750342211179722
035420,2024-02-04,0.9998,6.0,0.0,0.2157,1.0,7.0,4.5,14.0,51.61003569550376,1.4815514518387902,0.028706654275146383,0.2057144833640746,0.44556830369370887,3.3750342211179722
035420,2024-02-05,0.4621,6.0,0.6815,0.211,6.0,7.0,4.5,14.0,48.46450304589066,1.391253733555162,0.028706654275146383,0.2057144833640746,0.44556830369370887,3.253439775280954
035420,2024-02-06,0.0003,5.0,0.0006,0.1394,6.0,7.0,4.5,14.0,47.881996999666015,1.3745319338730086,0.028706654275146383,0.2057144833640746,0.44556830369370887,3.2309222853111352
035420,2024-02-07,0.1073,6.0,0.3149,0.1343,9.0,7.0,4.5,14.0,47.648994581176154,1.3678432140001473,0.028706654275146383,0.2057144833640746,0.44556830369370887,3.2219152893232077
035420,2024-02-08,0.9998,6.0,0.0,0.2041,1.0,7.0,4.5,14.0,47.998498208910945,1.3778762938094393,0.028706654275146383,0.2057144833640746,0.44556830369370887,3.235425783305099
035420,2024-02-09,0.0,3.0,0.0,0.1489,1.0,7.0,4.5,14.0,47.998498208910945,1.3778762938094393,0.028706654275146383,0.2057144833640746,0.44556830369370887,3.235425783305099
035420,2024-02-10,,,,,0.0,7.0,4.5,14.0,47.998498208910945,1.3778762938094393,0.028706654275146383,0.2057144833640746,0.44556830369370887,3.235425783305099
035420,2024-02-11,0.0,3.0,0.0,0.0814,2.0,7.0,4.5,14.0,47.998498208910945,1.3778762938094393,0.028706654275146383,0.2057144833640746,0.44556830369370887,3.235425783305099
035420,2024-02-12,-0.7659,5.0,0.2219,0.1129,2.0,7.0,4.5,14.0,47.998498208910945,1.3778762938094393,0.028706654275146383,0.2057144833640746,0.44556830369370887,3.235425783305099
035420,2024-02-13,0.0002,4.0,0.0002,0.119,3.0,7.0,4.5,14.0,47.765495790421085,1.371187573936578,0.028706654275146383,0.2057144833640746,0.44556830369370887,3.2264187873171717
035420,2024-02-14,0.4944,6.0,0.4947,0.1332,8.0,7.0,4.5,14.0,47.18298974419644,1.3544657742544246,0.028706654275146383,0.2057144833640746,0.44556830369370887,3.2039012973473535
035420,2024-02-15,0.4341,6.0,0.473,0.1328,8.0,7.0,4.5,14.0,47.415992162686294,1.361154494127286,0.028706654275146383,0.2057144833640746,0.44556830369370887,3.2129082933352806
035420,2024-02-16,0.4932,4.0,0.4927,0.18,2.0,7.0,4.5,14.0,47.765495790421085,1.371187573936578,0.028706654275146383,0.2057144833640746,0.44556830369370887,3.2264187873171717
035420,2024-02-17,0.9917,6.0,0.0,0.1842,1.0,7.0,4.5,14.0,47.765495790421085,1.371187573936578,0.028706654275146383,0.2057144833640746,0.44556830369370887,3.2264187873171717
035420,2024-02-18,-0.4958,4.0,0.4979,0.1652,2.0,7.0,4.5,14.0,47.765495790421085,1.371187573936578,0.028706654275146383,0.2057144833640746,0.44556830369370887,3.2264187873171717
035420,2024-02-19,0.237,7.0,0.5793,0.214,10.0,7.0,4.5,14.0,47.415992162686294,1.361154494127286,0.028706654275146383,0.2057144833640746,0.44556830369370887,3.2129082933352806
035420,2024-02-20,0.2095,7.0,0.5997,0.1692,9.0,7.0,4.5,14.0,47.18298974419644,1.3544657742544246,0.028706654275146383,0.2057144833640746,0.44556830369370887,3.2039012973473535
035420,2024-02-21,-0.1449,5.0,0.225,0.2144,8.0,7.0,4.5,14.0,47.18298974419644,1.3544657742544246,0.028706654275146383,0.2057144833640746,0.44556830369370887,3.2039012973473535
035420,2024-02-22,0.4973,4.0,0.5025,0.4516,2.0,7.0,4.5,14.0,47.06648853495151,1.351121414317994,0.028706654275146383,0.2057144833640746,0.44556830369370887,3.1993977993533895
035420,2024-02-23,0.3224,5.0,0.4135,0.1648,5.0,7.0,4.5,14.0,46.71698490721672,1.341088334508702,0.028706654275146383,0.2057144833640746,0.44556830369370887,3.185887305371499
035420,2024-02-24,0.9989,6.0,0.0,0.0816,1.0,7.0,4.5,14.0,46.71698490721672,1.341088334508702,0.028706654275146383,0.2057144833640746,0.44556830369370887,3.185887305371499
035420,2024-02-25,0.2897,5.0,0.5091,0.182,3.0,7.0,4.5,14.0,46.71698490721672,1.341088334508702,0.028706654275146383,0.2057144833640746,0.44556830369370887,3.185887305371499
035420,2024-02-26,0.1423,4.0,0.2844,0.1713,5.0,7.0,4.5,14.0,46.5771834561228,1.337075102584985,0.028706654275146383,0.2057144833640746,0.44556830369370887,3.1804831077787425
035420,2024-02-27,-0.1945,7.0,0.5167,0.17,11.0,7.0,4.5,14.0,46.60048369797179,1.337743974572271,0.028706654275146383,0.2057144833640746,0.44556830369370887,3.1813838073775353
035420,2024-02-28,0.4319,5.0,0.5906,0.1641,3.0,7.0,4.5,14.0,47.532493371931224,1.3644988540637166,0.028706654275146383,0.2057144833640746,0.44556830369370887,3.2174117913292446
035420,2024-02-29,-0.2497,5.0,0.8287,0.2508,4.0,7.0,4.5,14.0,45.435471605522494,1.3043003752079643,0.028706654275146383,0.2057144833640746,0.44556830369370887,3.1363488274378986
035420,2024-03-01,,,,,0.0,7.0,4.5,15.0,45.435471605522494,1.3043003752079643,0.028706654275146383,0.2057144833640746,0.44556830369370887,3.1363488274378986
035420,2024-03-02,0.931,6.0,0.0,0.2128,1.0,7.0,4.5,15.0,45.435471605522494,1.3043003752079643,0.028706654275146383,0.2057144833640746,0.44556830369370887,3.1363488274378986
035420,2024-03-03,,,,,0.0,7.0,4.5,15.0,45.435471605522494,1.3043003752079643,0.028706654275146383,0.2057144833640746,0.44556830369370887,3.1363488274378986
035420,2024-03-04,-0.34,5.0,0.4615,0.29,3.0,7.0,4.5,15.0,44.73646435005292,1.2842342155893802,0.028706654275146383,0.2057144833640746,0.44556830369370887,3.109327839474117
035420,2024-03-05,0.3804,7.0,0.5,0.1779,10.0,7.0,4.5,15.0,43.96755636903639,1.2621614400089378,0.028706654275146383,0.2057144833640746,0.44556830369370887,3.0796047527139563
035420,2024-03-06,0.6575,7.0,0.4232,0.3245,7.0,7.0,4.5,15.0,44.22385902937523,1.2695190318690852,0.028706654275146383,0.2057144833640746,0.44556830369370887,3.089512448300676
035420,2024-03-07,-0.0001,4.0,0.7068,0.2934,4.0,7.0,4.5,15.0,44.037457094583345,1.2641680559707962,0.028706654275146383,0.2057144833640746,0.44556830369370887,3.0823068515103347
035420,2024-03-08,0.2266,5.0,0.3927,0.1967,4.0,7.0,4.5,15.0,43.804454676093485,1.2574793360979348,0.028706654275146383,0.2057144833640746,0.44556830369370887,3.0732998555224076
035420,2024-03-09,,,,,0.0,7.0,4.5,15.0,43.804454676093485,1.2574793360979348,0.028706654275146383,0.2057144833640746,0.44556830369370887,3.0732998555224076
035420,2024-03-10,-0.1352,4.0,0.4473,0.216,5.0,7.0,4.5,15.0,43.804454676093485,1.2574793360979348,0.028706654275146383,0.2057144833640746,0.44556830369370887,3.0732998555224076
035420,2024-03-11,0.1197,6.0,0.4526,0.1701,10.0,7.0,4.5,15.0,44.24715927122421,1.2701879038563715,0.028706654275146383,0.2057144833640746,0.44556830369370887,3.090413147899469
035420,2024-03-12,-0.3314,5.0,0.5318,0.1799,5.0,7.0,4.5,15.0,44.38696072231813,1.2742011357800882,0.028706654275146383,0.2057144833640746,0.44556830369370887,3.0958173454922258
035420,2024-03-13,-0.0379,4.0,0.6352,0.1902,4.0,7.0,4.5,15.0,43.89765564348943,1.2601548240470795,0.028706654275146383,0.2057144833640746,0.44556830369370887,3.0769026539175783
035420,2024-03-14,0.8344,6.0,0.0,0.16,1.0,7.0,4.5,15.0,43.52485177390565,1.2494528722505012,0.028706654275146383,0.2057144833640746,0.44556830369370887,3.062491460336895
035420,2024-03-15,0.0021,5.0,0.7038,0.1908,8.0,7.0,4.5,15.0,43.36175008096275,1.2447707683394982,0.028706654275146383,0.2057144833640746,0.44556830369370887,3.0561865631453453
035420,2024-03-16,0.0,3.0,0.0,0.2292,1.0,7.0,4.5,15.0,43.36175008096275,1.2447707683394982,0.028706654275146383,0.2057144833640746,0.44556830369370887,3.0561865631453453
035420,2024-03-17,0.5182,5.0,0.4469,0.185,2.0,7.0,4.5,15.0,43.36175008096275,1.2447707683394982,0.028706654275146383,0.2057144833640746,0.44556830369370887,3.0561865631453453
035420,2024-03-18,0.0032,5.0,0.007,0.2017,6.0,7.0,4.5,15.0,42.895745243983036,1.2313933285937755,0.028706654275146383,0.2057144833640746,0.44556830369370887,3.038172571169491
035420,2024-03-19,0.159,5.0,0.3552,0.3276,6.0,7.0,4.5,15.0,42.546241616248246,1.2213602487844835,0.028706654275146383,0.2057144833640746,0.44556830369370887,3.0246620771876
035420,2024-03-20,-0.495,4.0,0.5008,0.2195,2.0,7.0,4.5,15.0,42.662742825493176,1.2247046087209141,0.028706654275146383,0.2057144833640746,0.44556830369370887,3.0291655751815636
035420,2024-03-21,0.215,6.0,0.4582,0.1348,8.0,7.0,4.5,15.0,42.965645969529994,1.233399944555634,0.028706654275146383,0.2057144833640746,0.44556830369370887,3.040874669965869
035420,2024-03-22,0.25,5.0,0.4329,0.3808,4.0,7.0,4.5,15.0,44.01415685273436,1.2634991839835101,0.028706654275146383,0.2057144833640746,0.44556830369370887,3.081406151911542
035420,2024-03-23,,,,,0.0,7.0,4.5,15.0,44.01415685273436,1.2634991839835101,0.028706654275146383,0.2057144833640746,0.44556830369370887,3.081406151911542
035420,2024-03-24,-0.0,4.0,0.0,0.0867,4.0,7.0,4.5,15.0,44.01415685273436,1.2634991839835101,0.028706654275146383,0.2057144833640746,0.44556830369370887,3.081406151911542
035420,2024-03-25,-0.2238,5.0,0.8634,0.1133,3.0,7.0,4.5,15.0,43.804454676093485,1.2574793360979348,0.028706654275146383,0.2057144833640746,0.44556830369370887,3.0732998555224076
035420,2024-03-26,0.15,6.0,0.5289,0.1913,10.0,7.0,4.5,15.0,44.01415685273436,1.2634991839835101,0.028706654275146383,0.2057144833640746,0.44556830369370887,3.081406151911542
035420,2024-03-27,0.1881,5.0,0.3484,0.2464,5.0,7.0,4.5,15.0,44.1073578201303,1.2661746719326545,0.028706654275146383,0.2057144833640746,0.44556830369370887,3.085008950306713
035420,2024-03-28,0.1984,5.0,0.3963,0.1295,5.0,7.0,4.5,15.0,43.59475249945261,1.2514594882123595,0.028706654275146383,0.2057144833640746,0.44556830369370887,3.065193559133273
035420,2024-03-29,0.4357,5.0,0.4087,0.1335,5.0,7.0,4.5,15.0,43.66465322499957,1.253466104174218,0.028706654275146383,0.2057144833640746,0.44556830369370887,3.067895657929651
035420,2024-03-30,,,,,0.0,7.0,4.5,15.0,43.66465322499957,1.253466104174218,0.028706654275146383,0.2057144833640746,0.44556830369370887,3.067895657929651
035420,2024-03-31,-0.0011,3.0,0.0,0.1667,1.0,7.0,4.5,15.0,43.66465322499957,1.253466104174218,0.028706654275146383,0.2057144833640746,0.44556830369370887,3.067895657929651
035420,2024-04-01,-0.1623,5.0,0.6795,0.194,6.0,6.0,6.0,4.0,30.940018265525012,1.2573838209713877,0.04063940137916565,0.17646605575933647,0.4744545222711542,2.9839417235732575
035420,2024-04-02,0.2412,6.0,0.6957,0.3086,7.0,6.0,6.0,4.0,30.573769979314473,1.242499709863646,0.04063940137916565,0.17646605575933647,0.4744545222711542,2.9651191257362806
035420,2024-04-03,0.2028,7.0,0.5868,0.2532,10.0,6.0,6.0,4.0,30.796703718746976,1.2515596035814018,0.04063940137916565,0.17646605575933647,0.4744545222711542,2.9765763592022667
035420,2024-04-04,-0.1831,5.0,0.3784,0.2128,5.0,6.0,6.0,4.0,30.940018265525012,1.2573838209713877,0.04063940137916565,0.17646605575933647,0.4744545222711542,2.9839417235732575
035420,2024-04-05,0.0001,4.0,0.0003,0.3481,3.0,6.0,6.0,4.0,30.748932203154297,1.2496181977847398,0.04063940137916565,0.17646605575933647,0.4744545222711542,2.9741212377452695
035420,2024-04-06,-0.0031,3.0,0.0,0.1538,1.0,6.0,6.0,4.0,30.748932203154297,1.2496181977847398,0.04063940137916565,0.17646605575933647,0.4744545222711542,2.9741212377452695
035420,2024-04-07,-0.3897,4.0,0.3897,0.1262,2.0,6.0,6.0,4.0,30.748932203154297,1.2496181977847398,0.04063940137916565,0.17646605575933647,0.4744545222711542,2.9741212377452695
035420,2024-04-08,-0.1801,6.0,0.7644,0.3059,8.0,6.0,6.0,4.0,30.239369370165722,1.2289098692870124,0.04063940137916565,0.17646605575933647,0.4744545222711542,2.947933275537302
035420,2024-04-09,0.0008,5.0,0.4993,0.2573,8.0,6.0,6.0,4.0,30.096054823387686,1.2230856518970266,0.04063940137916565,0.17646605575933647,0.4744545222711542,2.9405679111663106
035420,2024-04-10,0.0002,3.0,0.0003,0.1935,2.0,6.0,6.0,4.0,30.096054823387686,1.2230856518970266,0.04063940137916565,0.17646605575933647,0.4744545222711542,2.9405679111663106
035420,2024-04-11,0.2514,5.0,0.432,0.2954,4.0,6.0,6.0,4.0,29.236167542719468,1.1881403475571115,0.04063940137916565,0.17646605575933647,0.4744545222711542,2.896375724940365
035420,2024-04-12,-0.0262,4.0,0.7842,0.192,3.0,6.0,6.0,4.0,29.602415828930006,1.203024458664853,0.04063940137916565,0.17646605575933647,0.4744545222711542,2.9151983227773415
035420,2024-04-13,0.0002,3.0,0.0,0.4681,1.0,6.0,6.0,4.0,29.602415828930006,1.203024458664853,0.04063940137916565,0.17646605575933647,0.4744545222711542,2.9151983227773415
035420,2024-04-14,-0.0653,3.0,0.0653,0.1081,2.0,6.0,6.0,4.0,29.602415828930006,1.203024458664853,0.04063940137916565,0.17646605575933647,0.4744545222711542,2.9151983227773415
035420,2024-04-15,0.1126,6.0,0.566,0.2077,9.0,6.0,6.0,4.0,29.108776834472323,1.1829632654326798,0.04063940137916565,0.17646605575933647,0.4744545222711542,2.889828734388373
035420,2024-04-16,0.0,4.0,0.0,0.2412,3.0,6.0,6.0,4.0,28.583290162952856,1.1616078016693983,0.04063940137916565,0.17646605575933647,0.4744545222711542,2.862822398361406
035420,2024-04-17,0.1731,5.0,0.2474,0.1989,3.0,6.0,6.0,4.0,28.599214001483748,1.1622549369349522,0.04063940137916565,0.17646605575933647,0.4744545222711542,2.8636407721804047
035420,2024-04-18,0.0136,6.0,0.1039,0.1945,11.0,6.0,6.0,4.0,28.77437622532357,1.1693734248560461,0.04063940137916565,0.17646605575933647,0.4744545222711542,2.872642884189394
035420,2024-04-19,0.33,5.0,0.4668,0.3776,3.0,6.0,6.0,4.0,29.045081480348752,1.1803747243704639,0.04063940137916565,0.17646605575933647,0.4744545222711542,2.886555239112377
035420,2024-04-20,,,,,0.0,6.0,6.0,4.0,29.045081480348752,1.1803747243704639,0.04063940137916565,0.17646605575933647,0.4744545222711542,2.886555239112377
035420,2024-04-21,0.8959,6.0,0.0,0.0698,1.0,6.0,6.0,4.0,29.045081480348752,1.1803747243704639,0.04063940137916565,0.17646605575933647,0.4744545222711542,2.886555239112377
035420,2024-04-22,-0.0371,4.0,0.1276,0.1399,5.0,6.0,6.0,4.0,28.806223902385355,1.170667695387154,0.04063940137916565,0.17646605575933647,0.4744545222711542,2.874279631827392
035420,2024-04-23,0.0003,4.0,0.6299,0.2663,5.0,6.0,6.0,4.0,28.678833194138214,1.1654906132627223,0.04063940137916565,0.17646605575933647,0.4744545222711542,2.8677326412754
035420,2024-04-24,-0.0165,4.0,0.6331,0.2829,5.0,6.0,6.0,4.0,29.25209138125036,1.1887874828226657,0.04063940137916565,0.17646605575933647,0.4744545222711542,2.8971940987593636
035420,2024-04-25,-0.4294,6.0,0.4407,0.1911,6.0,6.0,6.0,4.0,29.09285299594143,1.1823161301671257,0.04063940137916565,0.17646605575933647,0.4744545222711542,2.8890103605693738
035420,2024-04-26,0.115,4.0,0.6984,0.1505,4.0,6.0,6.0,4.0,28.901766933570716,1.174550506980478,0.04063940137916565,0.17646605575933647,0.4744545222711542,2.8791898747413858
035420,2024-04-27,-0.4973,4.0,0.4946,0.1633,2.0,6.0,6.0,4.0,28.901766933570716,1.174550506980478,0.04063940137916565,0.17646605575933647,0.4744545222711542,2.8791898747413858
035420,2024-04-28,-0.9514,6.0,0.0199,0.2976,2.0,6.0,6.0,4.0,28.901766933570716,1.174550506980478,0.04063940137916565,0.17646605575933647,0.4744545222711542,2.8791898747413858
035420,2024-04-29,0.2509,6.0,0.4703,0.1757,7.0,6.0,6.0,4.0,29.411329766559287,1.1952588354782054,0.04063940137916565,0.17646605575933647,0.4744545222711542,2.905377836949354
035420,2024-04-30,0.2786,6.0,0.3776,0.1873,6.0,6.0,6.0,4.0,29.36355825096661,1.1933174296815434,0.04063940137916565,0.17646605575933647,0.4744545222711542,2.9029227154923567
035420,2024-05-01,-0.0404,4.0,0.0568,0.1718,3.0,6.0,6.0,5.0,29.36355825096661,1.1933174296815434,0.04063940137916565,0.17646605575933647,0.4744545222711542,2.9029227154923567
035420,2024-05-02,-0.3177,6.0,0.4742,0.2678,6.0,6.0,6.0,5.0,30.0642071463259,1.2217913813659187,0.04063940137916565,0.17646605575933647,0.4744545222711542,2.938931163528313
035420,2024-05-03,0.4055,8.0,0.6814,0.2444,15.0,6.0,6.0,5.0,30.98778978111769,1.2593252267680497,0.04063940137916565,0.17646605575933647,0.4744545222711542,2.9863968450302543
035420,2024-05-04,0.7093,5.0,0.0,0.7292,1.0,6.0,6.0,5.0,30.98778978111769,1.2593252267680497,0.04063940137916565,0.17646605575933647,0.4744545222711542,2.9863968450302543
035420,2024-05-05,-0.407,7.0,0.4601,0.2084,9.0,6.0,6.0,5.0,30.98778978111769,1.2593252267680497,0.04063940137916565,0.17646605575933647,0.4744545222711542,2.9863968450302543
035420,2024-05-06,0.0505,6.0,0.6291,0.255,9.0,6.0,6.0,5.0,30.98778978111769,1.2593252267680497,0.04063940137916565,0.17646605575933647,0.4744545222711542,2.9863968450302543
035420,2024-05-07,0.1785,8.0,0.6254,0.2105,17.0,6.0,6.0,5.0,31.019637458179478,1.2606194972991576,0.04063940137916565,0.17646605575933647,0.4744545222711542,2.9880335926682524
035420,2024-05-08,-0.2942,8.0,0.5068,0.2703,19.0,6.0,6.0,5.0,30.398607755474654,1.2353812219425524,0.04063940137916565,0.17646605575933647,0.4744545222711542,2.9561170137272916
035420,2024-05-09,-0.0858,7.0,0.6633,0.2883,21.0,6.0,6.0,5.0,29.984587953671436,1.2185557050381488,0.04063940137916565,0.17646605575933647,0.4744545222711542,2.9348392944333175
035420,2024-05-10,-0.3276,8.0,0.546,0.3194,15.0,6.0,6.0,5.0,30.032359469264115,1.2204971108348106,0.04063940137916565,0.17646605575933647,0.4744545222711542,2.937294415890315
035420,2024-05-11,-0.3553,4.0,0.3553,0.2288,2.0,6.0,6.0,5.0,30.032359469264115,1.2204971108348106,0.04063940137916565,0.17646605575933647,0.4744545222711542,2.937294415890315
035420,2024-05-12,-0.3706,6.0,0.2987,0.2713,7.0,6.0,6.0,5.0,30.032359469264115,1.2204971108348106,0.04063940137916565,0.17646605575933647,0.4744545222711542,2.937294415890315
035420,2024-05-13,-0.6467,9.0,0.4429,0.3263,26.0,6.0,6.0,5.0,29.347634412435717,1.1926702944159895,0.04063940137916565,0.17646605575933647,0.4744545222711542,2.902104341673358
035420,2024-05-14,-0.3763,8.0,0.4251,0.3389,19.0,6.0,6.0,5.0,29.36355825096661,1.1933174296815434,0.04063940137916565,0.17646605575933647,0.4744545222711542,2.9029227154923567
035420,2024-05-15,-0.0587,4.0,0.5924,0.3896,4.0,6.0,6.0,5.0,29.36355825096661,1.1933174296815434,0.04063940137916565,0.17646605575933647,0.4744545222711542,2.9029227154923567
035420,2024-05-16,-0.1377,5.0,0.2411,0.2345,6.0,6.0,6.0,5.0,30.01643563073322,1.2198499755692567,0.04063940137916565,0.17646605575933647,0.4744545222711542,2.9364760420713156
035420,2024-05-17,0.1886,5.0,0.4025,0.1858,5.0,6.0,6.0,5.0,29.825349568362505,1.212084352382609,0.04063940137916565,0.17646605575933647,0.4744545222711542,2.9266555562433276
035420,2024-05-18,-0.2859,4.0,0.0,0.6,1.0,6.0,6.0,5.0,29.825349568362505,1.212084352382609,0.04063940137916565,0.17646605575933647,0.4744545222711542,2.9266555562433276
035420,2024-05-19,-0.2586,5.0,0.2118,0.2564,3.0,6.0,6.0,5.0,29.825349568362505,1.212084352382609,0.04063940137916565,0.17646605575933647,0.4744545222711542,2.9266555562433276
035420,2024-05-20,0.0011,4.0,0.7062,0.1255,4.0,6.0,6.0,5.0,29.299862896843038,1.1907288886193275,0.04063940137916565,0.17646605575933647,0.4744545222711542,2.8996492202163613
035420,2024-05-21,-0.0056,5.0,0.5517,0.2019,6.0,6.0,6.0,5.0,29.172472188595894,1.1855518064948956,0.04063940137916565,0.17646605575933647,0.4744545222711542,2.8931022296643687
035420,2024-05-22,-0.0,5.0,0.0005,0.2008,7.0,6.0,6.0,5.0,29.076929157410536,1.1816689949015717,0.04063940137916565,0.17646605575933647,0.4744545222711542,2.888191986750375
035420,2024-05-23,-0.3256,6.0,0.4607,0.303,6.0,6.0,6.0,5.0,28.997309964756074,1.1784333185738018,0.04063940137916565,0.17646605575933647,0.4744545222711542,2.88410011765538
035420,2024-05-24,-0.1452,5.0,0.6329,0.3011,7.0,6.0,6.0,5.0,28.50367097029839,1.1583721253416284,0.04063940137916565,0.17646605575933647,0.4744545222711542,2.858730529266411
035420,2024-05-25,0.0,3.0,0.0,0.2955,1.0,6.0,6.0,5.0,28.50367097029839,1.1583721253416284,0.04063940137916565,0.17646605575933647,0.4744545222711542,2.858730529266411
035420,2024-05-26,-0.2544,5.0,0.6958,0.1792,5.0,6.0,6.0,5.0,28.50367097029839,1.1583721253416284,0.04063940137916565,0.17646605575933647,0.4744545222711542,2.858730529266411
035420,2024-05-27,0.1223,5.0,0.6044,0.241,7.0,6.0,6.0,5.0,28.50367097029839,1.1583721253416284,0.04063940137916565,0.17646605575933647,0.4744545222711542,2.858730529266411
035420,2024-05-28,0.0236,5.0,0.3387,0.2308,6.0,6.0,6.0,5.0,28.248889553804105,1.1480179610927648,0.04063940137916565,0.17646605575933647,0.4744545222711542,2.845636548162427
035420,2024-05-29,0.0469,5.0,0.1143,0.1847,7.0,6.0,6.0,5.0,27.91448894465535,1.134428120516131,0.04063940137916565,0.17646605575933647,0.4744545222711542,2.8284506979634485
035420,2024-05-30,-0.4624,6.0,0.434,0.2162,8.0,6.0,6.0,5.0,27.134220856641598,1.102718492503986,0.04063940137916565,0.17646605575933647,0.4744545222711542,2.788350380832497
035420,2024-05-31,-0.2778,6.0,0.4392,0.2227,7.0,6.0,6.0,5.0,27.10237317957981,1.101424221972878,0.04063940137916565,0.17646605575933647,0.4744545222711542,2.7867136331944993
035420,2024-06-01,,,,,0.0,6.0,6.0,6.0,27.10237317957981,1.101424221972878,0.04063940137916565,0.17646605575933647,0.4744545222711542,2.7867136331944993
035420,2024-06-02,0.4319,5.0,0.5733,0.371,4.0,6.0,6.0,6.0,27.10237317957981,1.101424221972878,0.04063940137916565,0.17646605575933647,0.4744545222711542,2.7867136331944993
035420,2024-06-03,0.2206,7.0,0.3562,0.2722,10.0,6.0,6.0,6.0,27.500469142852133,1.1176026036117275,0.04063940137916565,0.17646605575933647,0.4744545222711542,2.8071729786694744
035420,2024-06-04,0.721,8.0,0.4125,0.1981,9.0,6.0,6.0,6.0,28.153346522618744,1.1441351494994407,0.04063940137916565,0.17646605575933647,0.4744545222711542,2.8407263052484333
035420,2024-06-05,0.1475,6.0,0.3181,0.1253,9.0,6.0,6.0,6.0,28.201118038211426,1.1460765552961028,0.04063940137916565,0.17646605575933647,0.4744545222711542,2.84318142670543
035420,2024-06-06,0.4881,6.0,0.4977,0.162,6.0,6.0,6.0,6.0,28.201118038211426,1.1460765552961028,0.04063940137916565,0.17646605575933647,0.4744545222711542,2.84318142670543
035420,2024-06-07,-0.0013,3.0,0.0018,0.2554,2.0,6.0,6.0,6.0,27.930412783186245,1.135075255781685,0.04063940137916565,0.17646605575933647,0.4744545222711542,2.829269071782447
035420,2024-06-08,-0.0,3.0,0.0,0.02,1.0,6.0,6.0,6.0,27.930412783186245,1.135075255781685,0.04063940137916565,0.17646605575933647,0.4744545222711542,2.829269071782447
035420,2024-06-09,0.0068,5.0,0.0152,0.1411,6.0,6.0,6.0,6.0,27.930412783186245,1.135075255781685,0.04063940137916565,0.17646605575933647,0.4744545222711542,2.829269071782447
035420,2024-06-10,0.0636,5.0,0.4995,0.3189,7.0,6.0,6.0,6.0,27.181992372234276,1.104659898300648,0.04063940137916565,0.17646605575933647,0.4744545222711542,2.790805502289494
035420,2024-06-11,0.3304,5.0,0.4605,0.2411,3.0,6.0,6.0,6.0,27.10237317957981,1.101424221972878,0.04063940137916565,0.17646605575933647,0.4744545222711542,2.7867136331944993
035420,2024-06-12,0.4051,6.0,0.7301,0.1314,6.0,6.0,6.0,6.0,26.815744086023738,1.0897757871929064,0.04063940137916565,0.17646605575933647,0.4744545222711542,2.7719829044525173
035420,2024-06-13,-0.42,5.0,0.3149,0.1956,3.0,6.0,6.0,6.0,27.054601663987132,1.099482816176216,0.04063940137916565,0.17646605575933647,0.4744545222711542,2.784258511737502
035420,2024-06-14,0.1612,5.0,0.3749,0.2729,6.0,6.0,6.0,6.0,27.054601663987132,1.099482816176216,0.04063940137916565,0.17646605575933647,0.4744545222711542,2.784258511737502
035420,2024-06-15,-0.3826,4.0,0.0,0.0208,1.0,6.0,6.0,6.0,27.054601663987132,1.099482816176216,0.04063940137916565,0.17646605575933647,0.4744545222711542,2.784258511737502
035420,2024-06-16,-0.5223,6.0,0.4576,0.1918,4.0,6.0,6.0,6.0,27.054601663987132,1.099482816176216,0.04063940137916565,0.17646605575933647,0.4744545222711542,2.784258511737502
035420,2024-06-17,0.2025,8.0,0.5431,0.1567,13.0,6.0,6.0,6.0,26.4494957998132,1.0748916760851646,0.04063940137916565,0.17646605575933647,0.4744545222711542,2.7531603066155403
035420,2024-06-18,0.5405,8.0,0.4918,0.2455,10.0,6.0,6.0,6.0,26.56096266952945,1.0794216229440425,0.04063940137916565,0.17646605575933647,0.4744545222711542,2.7588889233485334
035420,2024-06-19,0.1615,6.0,0.5785,0.1959,9.0,6.0,6.0,6.0,26.736124893369272,1.0865401108651362,0.04063940137916565,0.17646605575933647,0.4744545222711542,2.7678910353575223
035420,2024-06-20,0.19,7.0,0.3813,0.1127,11.0,6.0,6.0,6.0,26.624658023653023,1.0820101640062585,0.04063940137916565,0.17646605575933647,0.4744545222711542,2.7621624186245293
035420,2024-06-21,-0.0,3.0,0.0,0.5909,1.0,6.0,6.0,6.0,26.688353377776593,1.0845987050684744,0.04063940137916565,0.17646605575933647,0.4744545222711542,2.7654359139005256
035420,2024-06-22,-0.0004,3.0,0.0003,0.147,2.0,6.0,6.0,6.0,26.688353377776593,1.0845987050684744,0.04063940137916565,0.17646605575933647,0.4744545222711542,2.7654359139005256
035420,2024-06-23,0.0001,4.0,0.0001,0.1806,4.0,6.0,6.0,6.0,26.688353377776593,1.0845987050684744,0.04063940137916565,0.17646605575933647,0.4744545222711542,2.7654359139005256
035420,2024-06-24,0.0,4.0,0.0,0.1415,3.0,6.0,6.0,6.0,26.895363278678204,1.0930114635206762,0.04063940137916565,0.17646605575933647,0.4744545222711542,2.776074773547512
035420,2024-06-25,-0.0933,7.0,0.488,0.1212,12.0,6.0,6.0,6.0,26.497267315405878,1.0768330818818266,0.04063940137916565,0.17646605575933647,0.4744545222711542,2.755615428072537
035420,2024-06-26,-0.4997,5.0,0.4998,0.1348,4.0,6.0,6.0,6.0,26.815744086023738,1.0897757871929064,0.04063940137916565,0.17646605575933647,0.4744545222711542,2.7719829044525173
035420,2024-06-27,0.4047,8.0,0.4337,0.1063,14.0,6.0,6.0,6.0,26.33802893009695,1.0703617292262868,0.04063940137916565,0.17646605575933647,0.4744545222711542,2.7474316898825473
035420,2024-06-28,0.3285,8.0,0.5687,0.2355,23.0,6.0,6.0,6.0,26.576886508060344,1.0800687582095965,0.04063940137916565,0.17646605575933647,0.4744545222711542,2.7597072971675325
035420,2024-06-29,-0.4954,4.0,0.495,0.4672,2.0,6.0,6.0,6.0,26.576886508060344,1.0800687582095965,0.04063940137916565,0.17646605575933647,0.4744545222711542,2.7597072971675325
035420,2024-06-30,-0.2498,5.0,0.4327,0.1895,4.0,6.0,6.0,6.0,26.576886508060344,1.0800687582095965,0.04063940137916565,0.17646605575933647,0.4744545222711542,2.7597072971675325
035420,2024-07-01,-0.2621,8.0,0.512,0.2614,15.0,6.0,6.0,7.0,25.939932966824625,1.0541833475874371,0.04063940137916565,0.17646605575933647,0.4744545222711542,2.726972344407572
035420,2024-07-02,-0.1495,7.0,0.3449,0.2282,14.0,6.0,6.0,7.0,25.462217810897837,1.0347692896208178,0.04063940137916565,0.17646605575933647,0.4744545222711542,2.7024211298376026
035420,2024-07-03,-0.2539,7.0,0.6226,0.1667,9.0,6.0,6.0,7.0,25.44629397236694,1.034122154355264,0.04063940137916565,0.17646605575933647,0.4744545222711542,2.701602756018603
035420,2024-07-04,-0.1243,5.0,0.328,0.3595,8.0,6.0,6.0,7.0,25.44629397236694,1.034122154355264,0.04063940137916565,0.17646605575933647,0.4744545222711542,2.701602756018603
035420,2024-07-05,0.0637,6.0,0.4075,0.1854,10.0,6.0,6.0,7.0,26.76797257043106,1.0878343813962443,0.04063940137916565,0.17646605575933647,0.4744545222711542,2.7695277829955205
035420,2024-07-06,-0.0001,3.0,0.0,0.88,1.0,6.0,6.0,7.0,26.76797257043106,1.0878343813962443,0.04063940137916565,0.17646605575933647,0.4744545222711542,2.7695277829955205
035420,2024-07-07,-0.0542,4.0,0.6323,0.1357,5.0,6.0,6.0,7.0,26.76797257043106,1.0878343813962443,0.04063940137916565,0.17646605575933647,0.4744545222711542,2.7695277829955205
035420,2024-07-08,-0.5328,7.0,0.4865,0.2338,7.0,6.0,6.0,7.0,27.15014469517249,1.1033656277695398,0.04063940137916565,0.17646605575933647,0.4744545222711542,2.789168754651496
035420,2024-07-09,0.2492,5.0,0.4324,0.3125,4.0,6.0,6.0,7.0,27.181992372234276,1.104659898300648,0.04063940137916565,0.17646605575933647,0.4744545222711542,2.790805502289494
035420,2024-07-10,0.1148,4.0,0.6594,0.2384,5.0,6.0,6.0,7.0,28.264813392334997,1.1486650963583187,0.04063940137916565,0.17646605575933647,0.4744545222711542,2.8464549219814264
035420,2024-07-11,0.0148,4.0,0.6098,0.2918,5.0,6.0,6.0,7.0,28.041879652902495,1.139605202640563,0.04063940137916565,0.17646605575933647,0.4744545222711542,2.83499768851544
035420,2024-07-12,0.3347,5.0,0.4703,0.2375,3.0,6.0,6.0,7.0,27.834869752000888,1.1311924441883612,0.04063940137916565,0.17646605575933647,0.4744545222711542,2.824358828868453
035420,2024-07-13,-0.0045,3.0,0.0045,0.1037,2.0,6.0,6.0,7.0,27.834869752000888,1.1311924441883612,0.04063940137916565,0.17646605575933647,0.4744545222711542,2.824358828868453
035420,2024-07-14,0.0,3.0,0.0,0.12,1.0,6.0,6.0,7.0,27.834869752000888,1.1311924441883612,0.04063940137916565,0.17646605575933647,0.4744545222711542,2.824358828868453
035420,2024-07-15,-0.2871,5.0,0.3962,0.1004,4.0,6.0,6.0,7.0,28.07372732996428,1.1408994731716708,0.04063940137916565,0.17646605575933647,0.4744545222711542,2.8366344361534384
035420,2024-07-16,-0.4889,5.0,0.4064,0.1627,3.0,6.0,6.0,7.0,27.325306919012313,1.1104841156906338,0.04063940137916565,0.17646605575933647,0.4744545222711542,2.798170866660485
035420,2024-07-17,-0.0847,7.0,0.5167,0.1641,15.0,6.0,6.0,7.0,27.611936012568385,1.1221325504706054,0.04063940137916565,0.17646605575933647,0.4744545222711542,2.8129015954024674
035420,2024-07-18,-0.1923,5.0,0.3862,0.1267,5.0,6.0,6.0,7.0,27.85079359053178,1.1318395794539151,0.04063940137916565,0.17646605575933647,0.4744545222711542,2.825177202687452
035420,2024-07-19,0.0,4.0,0.0001,0.3096,5.0,6.0,6.0,7.0,27.42084995019767,1.1143669272839576,0.04063940137916565,0.17646605575933647,0.4744545222711542,2.8030811095744794
035420,2024-07-20,-0.0001,4.0,0.0001,0.0971,4.0,6.0,6.0,7.0,27.42084995019767,1.1143669272839576,0.04063940137916565,0.17646605575933647,0.4744545222711542,2.8030811095744794
035420,2024-07-21,-0.2693,5.0,0.3654,0.5155,4.0,6.0,6.0,7.0,27.42084995019767,1.1143669272839576,0.04063940137916565,0.17646605575933647,0.4744545222711542,2.8030811095744794
035420,2024-07-22,0.2527,6.0,0.8238,0.2407,8.0,6.0,6.0,7.0,27.500469142852133,1.1176026036117275,0.04063940137916565,0.17646605575933647,0.4744545222711542,2.8071729786694744
035420,2024-07-23,0.5896,6.0,0.4271,0.1723,4.0,6.0,6.0,7.0,27.16606853370338,1.1040127630350938,0.04063940137916565,0.17646605575933647,0.4744545222711542,2.789987128470495
035420,2024-07-24,0.377,5.0,0.4436,0.1576,3.0,6.0,6.0,7.0,27.341230757543205,1.1111312509561877,0.04063940137916565,0.17646605575933647,0.4744545222711542,2.7989892404794845
035420,2024-07-25,-0.989,6.0,0.0,0.1818,1.0,6.0,6.0,7.0,28.344432584989462,1.1519007726860886,0.04063940137916565,0.17646605575933647,0.4744545222711542,2.8505467910764213
035420,2024-07-26,-0.1137,6.0,0.2683,0.2063,9.0,6.0,6.0,7.0,27.834869752000888,1.1311924441883612,0.04063940137916565,0.17646605575933647,0.4744545222711542,2.824358828868453
035420,2024-07-27,-0.9896,7.0,0.0064,0.3986,4.0,6.0,6.0,7.0,27.834869752000888,1.1311924441883612,0.04063940137916565,0.17646605575933647,0.4744545222711542,2.824358828868453
035420,2024-07-28,-0.3242,6.0,0.4493,0.2118,6.0,6.0,6.0,7.0,27.834869752000888,1.1311924441883612,0.04063940137916565,0.17646605575933647,0.4744545222711542,2.824358828868453
035420,2024-07-29,0.1129,7.0,0.5678,0.1958,13.0,6.0,6.0,7.0,27.86671742906267,1.132486714719469,0.04063940137916565,0.17646605575933647,0.4744545222711542,2.825995576506451
035420,2024-07-30,-0.1902,7.0,0.3319,0.262,9.0,6.0,6.0,7.0,27.596012174037494,1.1214854152050513,0.04063940137916565,0.17646605575933647,0.4744545222711542,2.8120832215834684
035420,2024-07-31,0.0001,4.0,0.0001,0.3468,3.0,6.0,6.0,7.0,27.707479043753743,1.1260153620639293,0.04063940137916565,0.17646605575933647,0.4744545222711542,2.817811838316461
035420,2024-08-01,0.2661,4.0,0.2661,0.0998,2.0,6.0,6.0,8.0,27.86671742906267,1.132486714719469,0.04063940137916565,0.17646605575933647,0.4744545222711542,2.825995576506451
035420,2024-08-02,-0.0401,6.0,0.2548,0.1702,9.0,6.0,6.0,8.0,27.293459241950526,1.1091898451595257,0.04063940137916565,0.17646605575933647,0.4744545222711542,2.7965341190224873
035420,2024-08-03,0.4035,5.0,0.4315,0.3345,3.0,6.0,6.0,8.0,27.293459241950526,1.1091898451595257,0.04063940137916565,0.17646605575933647,0.4744545222711542,2.7965341190224873
035420,2024-08-04,,,,,0.0,6.0,6.0,8.0,27.293459241950526,1.1091898451595257,0.04063940137916565,0.17646605575933647,0.4744545222711542,2.7965341190224873
035420,2024-08-05,0.0001,4.0,0.0001,0.1157,5.0,6.0,6.0,8.0,24.857111946723904,1.0101781495297664,0.04063940137916565,0.17646605575933647,0.4744545222711542,2.6713229247156405
035420,2024-08-06,-0.1096,5.0,0.6506,0.2199,7.0,6.0,6.0,8.0,25.223360232934443,1.025062260637508,0.04063940137916565,0.17646605575933647,0.4744545222711542,2.690145522552618
035420,2024-08-07,0.138,4.0,0.1952,0.1454,3.0,6.0,6.0,8.0,25.908085289762838,1.0528890770563293,0.04063940137916565,0.17646605575933647,0.4744545222711542,2.7253355967695745
035420,2024-08-08,,,,,0.0,6.0,6.0,8.0,25.908085289762838,1.0528890770563293,0.04063940137916565,0.17646605575933647,0.4744545222711542,2.7253355967695745
035420,2024-08-09,0.3908,8.0,0.765,0.2287,15.0,6.0,6.0,8.0,26.06732367507177,1.059360429711869,0.04063940137916565,0.17646605575933647,0.4744545222711542,2.7335193349595643
035420,2024-08-10,0.0001,3.0,0.0,0.3396,1.0,6.0,6.0,8.0,26.06732367507177,1.059360429711869,0.04063940137916565,0.17646605575933647,0.4744545222711542,2.7335193349595643
035420,2024-08-11,0.4659,4.0,0.5337,0.2064,2.0,6.0,6.0,8.0,26.06732367507177,1.059360429711869,0.04063940137916565,0.17646605575933647,0.4744545222711542,2.7335193349595643
035420,2024-08-12,-0.1705,6.0,0.7602,0.2053,8.0,6.0,6.0,8.0,25.525913165021407,1.0373578306830338,0.04063940137916565,0.17646605575933647,0.4744545222711542,2.7056946251135985
035420,2024-08-13,-0.5295,7.0,0.55,0.2127,7.0,6.0,6.0,8.0,24.904883462316583,1.0121195553264284,0.04063940137916565,0.17646605575933647,0.4744545222711542,2.6737780461726377
035420,2024-08-14,-0.2565,5.0,0.3862,0.1607,5.0,6.0,6.0,8.0,25.04819800909462,1.0179437727164142,0.04063940137916565,0.17646605575933647,0.4744545222711542,2.6811434105436285
035420,2024-08-15,-0.3179,4.0,0.0,0.0889,1.0,6.0,6.0,8.0,25.04819800909462,1.0179437727164142,0.04063940137916565,0.17646605575933647,0.4744545222711542,2.6811434105436285
035420,2024-08-16,,,,,0.0,6.0,6.0,8.0,25.080045686156407,1.019238043247522,0.04063940137916565,0.17646605575933647,0.4744545222711542,2.6827801581816266
035420,2024-08-17,,,,,0.0,6.0,6.0,8.0,25.080045686156407,1.019238043247522,0.04063940137916565,0.17646605575933647,0.4744545222711542,2.6827801581816266
035420,2024-08-18,0.4999,4.0,0.4999,0.1809,2.0,6.0,6.0,8.0,25.080045686156407,1.019238043247522,0.04063940137916565,0.17646605575933647,0.4744545222711542,2.6827801581816266
035420,2024-08-19,-0.0185,5.0,0.4755,0.1244,7.0,6.0,6.0,8.0,24.93673113937837,1.0134138258575363,0.04063940137916565,0.17646605575933647,0.4744545222711542,2.6754147938106354
035420,2024-08-20,-0.2632,5.0,0.4179,0.1291,4.0,6.0,6.0,8.0,24.93673113937837,1.0134138258575363,0.04063940137916565,0.17646605575933647,0.4744545222711542,2.6754147938106354
035420,2024-08-21,0.0267,3.0,0.0264,0.181,2.0,6.0,6.0,8.0,24.904883462316583,1.0121195553264284,0.04063940137916565,0.17646605575933647,0.4744545222711542,2.6737780461726377
035420,2024-08-22,-0.0844,7.0,0.4794,0.2205,12.0,6.0,6.0,8.0,26.226562060380697,1.0658317823674088,0.04063940137916565,0.17646605575933647,0.4744545222711542,2.7417030731495546
035420,2024-08-23,0.1885,5.0,0.8453,0.2423,4.0,6.0,6.0,8.0,26.258409737442484,1.067126052898517,0.04063940137916565,0.17646605575933647,0.4744545222711542,2.7433398207875523
035420,2024-08-24,,,,,0.0,6.0,6.0,8.0,26.258409737442484,1.067126052898517,0.04063940137916565,0.17646605575933647,0.4744545222711542,2.7433398207875523
035420,2024-08-25,0.9975,6.0,0.0,0.3542,1.0,6.0,6.0,8.0,26.258409737442484,1.067126052898517,0.04063940137916565,0.17646605575933647,0.4744545222711542,2.7433398207875523
035420,2024-08-26,0.1978,5.0,0.3956,0.3641,5.0,6.0,6.0,8.0,27.181992372234276,1.104659898300648,0.04063940137916565,0.17646605575933647,0.4744545222711542,2.790805502289494
035420,2024-08-27,0.9997,6.0,0.0,0.2157,1.0,6.0,6.0,8.0,26.736124893369272,1.0865401108651362,0.04063940137916565,0.17646605575933647,0.4744545222711542,2.7678910353575223
035420,2024-08-28,0.4398,6.0,0.4852,0.1514,7.0,6.0,6.0,8.0,26.08324751360266,1.060007564977423,0.04063940137916565,0.17646605575933647,0.4744545222711542,2.7343377087785634
035420,2024-08-29,0.2728,6.0,0.4617,0.2131,7.0,6.0,6.0,8.0,26.258409737442484,1.067126052898517,0.04063940137916565,0.17646605575933647,0.4744545222711542,2.7433398207875523
035420,2024-08-30,-0.0108,4.0,0.6605,0.1976,4.0,6.0,6.0,8.0,26.927210955739987,1.094305734051784,0.04063940137916565,0.17646605575933647,0.4744545222711542,2.7777115211855103
035420,2024-08-31,,,,,0.0,6.0,6.0,8.0,26.927210955739987,1.094305734051784,0.04063940137916565,0.17646605575933647,0.4744545222711542,2.7777115211855103
035420,2024-09-01,0.3998,4.0,0.4002,0.1664,2.0,6.0,6.0,9.0,26.927210955739987,1.094305734051784,0.04063940137916565,0.17646605575933647,0.4744545222711542,2.7777115211855103
035420,2024-09-02,0.0114,4.0,0.6145,0.3093,5.0,6.0,6.0,9.0,26.529114992467665,1.0781273524129347,0.04063940137916565,0.17646605575933647,0.4744545222711542,2.7572521757105357
035420,2024-09-03,0.3168,5.0,0.448,0.2359,3.0,6.0,6.0,9.0,26.322105091566055,1.0697145939607329,0.04063940137916565,0.17646605575933647,0.4744545222711542,2.746613316063548
035420,2024-09-04,0.5019,6.0,0.4914,0.1495,4.0,6.0,6.0,9.0,25.080045686156407,1.019238043247522,0.04063940137916565,0.17646605575933647,0.4744545222711542,2.6827801581816266
035420,2024-09-05,0.04,6.0,0.1108,0.3125,10.0,6.0,6.0,9.0,25.44629397236694,1.034122154355264,0.04063940137916565,0.17646605575933647,0.4744545222711542,2.701602756018603
035420,2024-09-06,0.0,3.0,0.0,0.5475,2.0,6.0,6.0,9.0,25.032274170563728,1.0172966374508603,0.04063940137916565,0.17646605575933647,0.4744545222711542,2.6803250367246294
035420,2024-09-07,0.0,3.0,0.0,0.0943,1.0,6.0,6.0,9.0,25.032274170563728,1.0172966374508603,0.04063940137916565,0.17646605575933647,0.4744545222711542,2.6803250367246294
035420,2024-09-08,-0.0869,4.0,0.1275,0.1253,3.0,6.0,6.0,9.0,25.032274170563728,1.0172966374508603,0.04063940137916565,0.17646605575933647,0.4744545222711542,2.6803250367246294
035420,2024-09-09,0.3999,5.0,0.4897,0.2498,5.0,6.0,6.0,9.0,24.68194972288408,1.0030596616086727,0.04063940137916565,0.17646605575933647,0.4744545222711542,2.6623208127066516
035420,2024-09-10,-0.001,4.0,0.0014,0.1961,3.0,6.0,6.0,9.0,25.3189032641198,1.028945072230832,0.04063940137916565,0.17646605575933647,0.4744545222711542,2.6950557654666114
035420,2024-09-11,-0.3841,5.0,0.504,0.1538,5.0,6.0,6.0,9.0,24.904883462316583,1.0121195553264284,0.04063940137916565,0.17646605575933647,0.4744545222711542,2.6737780461726377
035420,2024-09-12,0.2434,6.0,0.4887,0.1963,7.0,6.0,6.0,9.0,25.47814164942873,1.0354164248863718,0.04063940137916565,0.17646605575933647,0.4744545222711542,2.7032395036566013
035420,2024-09-13,0.0,5.0,0.0,0.2574,7.0,6.0,6.0,9.0,25.49406548795962,1.0360635601519257,0.04063940137916565,0.17646605575933647,0.4744545222711542,2.704057877475601
035420,2024-09-14,-0.0,3.0,0.0,0.8542,1.0,6.0,6.0,9.0,25.49406548795962,1.0360635601519257,0.04063940137916565,0.17646605575933647,0.4744545222711542,2.704057877475601
035420,2024-09-15,0.0,3.0,0.0,0.1138,2.0,6.0,6.0,9.0,25.49406548795962,1.0360635601519257,0.04063940137916565,0.17646605575933647,0.4744545222711542,2.704057877475601
035420,2024-09-16,-0.0192,3.0,0.0,0.1429,1.0,6.0,6.0,9.0,25.49406548795962,1.0360635601519257,0.04063940137916565,0.17646605575933647,0.4744545222711542,2.704057877475601
035420,2024-09-17,,,,,0.0,6.0,6.0,9.0,25.49406548795962,1.0360635601519257,0.04063940137916565,0.17646605575933647,0.4744545222711542,2.704057877475601
035420,2024-09-18,,,,,0.0,6.0,6.0,9.0,25.49406548795962,1.0360635601519257,0.04063940137916565,0.17646605575933647,0.4744545222711542,2.704057877475601
035420,2024-09-19,-0.0814,4.0,0.5967,0.1293,4.0,6.0,6.0,9.0,25.573684680614086,1.0392992364796956,0.04063940137916565,0.17646605575933647,0.4744545222711542,2.7081497465705957
035420,2024-09-20,-0.0,3.0,0.0,0.1837,1.0,6.0,6.0,9.0,25.462217810897837,1.0347692896208178,0.04063940137916565,0.17646605575933647,0.4744545222711542,2.7024211298376026
035420,2024-09-21,,,,,0.0,6.0,6.0,9.0,25.462217810897837,1.0347692896208178,0.04063940137916565,0.17646605575933647,0.4744545222711542,2.7024211298376026
035420,2024-09-22,,,,,0.0,6.0,6.0,9.0,25.462217810897837,1.0347692896208178,0.04063940137916565,0.17646605575933647,0.4744545222711542,2.7024211298376026
035420,2024-09-23,0.3997,5.0,0.4896,0.1168,5.0,6.0,6.0,9.0,26.545038830998557,1.0787744876784886,0.04063940137916565,0.17646605575933647,0.4744545222711542,2.7580705495295343
035420,2024-09-24,-0.4871,5.0,0.5126,0.1413,4.0,6.0,6.0,9.0,26.752048731900164,1.0871872461306904,0.04063940137916565,0.17646605575933647,0.4744545222711542,2.768709409176521
035420,2024-09-25,0.0,3.0,0.0,0.093,1.0,6.0,6.0,9.0,26.46541963834409,1.0755388113507187,0.04063940137916565,0.17646605575933647,0.4744545222711542,2.7539786804345394
035420,2024-09-26,0.382,6.0,0.4398,0.1466,8.0,6.0,6.0,9.0,27.21384004929606,1.1059541688317558,0.04063940137916565,0.17646605575933647,0.4744545222711542,2.792442249927492
035420,2024-09-27,0.579,7.0,0.4381,0.1871,8.0,6.0,6.0,9.0,27.134220856641598,1.102718492503986,0.04063940137916565,0.17646605575933647,0.4744545222711542,2.788350380832497
035420,2024-09-28,0.0066,3.0,0.0,0.42,1.0,6.0,6.0,9.0,27.134220856641598,1.102718492503986,0.04063940137916565,0.17646605575933647,0.4744545222711542,2.788350380832497
035420,2024-09-29,-0.095,3.0,0.0942,0.1288,2.0,6.0,6.0,9.0,27.134220856641598,1.102718492503986,0.04063940137916565,0.17646605575933647,0.4744545222711542,2.788350380832497
035420,2024-09-30,0.2748,7.0,0.6059,0.1499,10.0,6.0,6.0,9.0,26.974982471332666,1.0962471398484461,0.04063940137916565,0.17646605575933647,0.4744545222711542,2.780166642642507
035420,2024-10-01,0.0605,4.0,0.5344,0.1416,5.0,6.0,6.0,10.0,26.974982471332666,1.0962471398484461,0.04063940137916565,0.17646605575933647,0.4744545222711542,2.780166642642507
035420,2024-10-02,-0.1003,5.0,0.5242,0.1682,8.0,6.0,6.0,10.0,26.78389640896195,1.0884815166617983,0.04063940137916565,0.17646605575933647,0.4744545222711542,2.770346156814519
035420,2024-10-03,-0.0136,4.0,0.0195,0.2075,3.0,6.0,6.0,10.0,26.78389640896195,1.0884815166617983,0.04063940137916565,0.17646605575933647,0.4744545222711542,2.770346156814519
035420,2024-10-04,-0.4975,6.0,0.4975,0.1408,6.0,6.0,6.0,10.0,27.181992372234276,1.104659898300648,0.04063940137916565,0.17646605575933647,0.4744545222711542,2.790805502289494
035420,2024-10-05,,,,,0.0,6.0,6.0,10.0,27.181992372234276,1.104659898300648,0.04063940137916565,0.17646605575933647,0.4744545222711542,2.790805502289494
035420,2024-10-06,-0.2651,5.0,0.3748,0.2017,3.0,6.0,6.0,10.0,27.181992372234276,1.104659898300648,0.04063940137916565,0.17646605575933647,0.4744545222711542,2.790805502289494
035420,2024-10-07,0.0871,4.0,0.5056,0.2338,5.0,6.0,6.0,10.0,26.4494957998132,1.0748916760851646,0.04063940137916565,0.17646605575933647,0.4744545222711542,2.7531603066155403
035420,2024-10-08,0.4145,7.0,0.6638,0.1535,9.0,6.0,6.0,10.0,26.46541963834409,1.0755388113507187,0.04063940137916565,0.17646605575933647,0.4744545222711542,2.7539786804345394
035420,2024-10-09,-0.0786,5.0,0.1757,0.1692,6.0,6.0,6.0,10.0,26.46541963834409,1.0755388113507187,0.04063940137916565,0.17646605575933647,0.4744545222711542,2.7539786804345394
035420,2024-10-10,0.0011,4.0,0.0018,0.3552,4.0,6.0,6.0,10.0,27.452697627259454,1.1156611978150655,0.04063940137916565,0.17646605575933647,0.4744545222711542,2.804717857212477
035420,2024-10-11,-0.0175,4.0,0.0248,0.1727,3.0,6.0,6.0,10.0,27.596012174037494,1.1214854152050513,0.04063940137916565,0.17646605575933647,0.4744545222711542,2.8120832215834684
035420,2024-10-12,0.1145,3.0,0.7447,0.2624,2.0,6.0,6.0,10.0,27.596012174037494,1.1214854152050513,0.04063940137916565,0.17646605575933647,0.4744545222711542,2.8120832215834684
035420,2024-10-13,0.0,3.0,0.0,0.1205,2.0,6.0,6.0,10.0,27.596012174037494,1.1214854152050513,0.04063940137916565,0.17646605575933647,0.4744545222711542,2.8120832215834684
035420,2024-10-14,-0.4981,4.0,0.4981,0.1793,2.0,6.0,6.0,10.0,27.293459241950526,1.1091898451595257,0.04063940137916565,0.17646605575933647,0.4744545222711542,2.7965341190224873
035420,2024-10-15,0.0027,4.0,0.0036,0.2349,3.0,6.0,6.0,10.0,27.898565106124458,1.1337809852505771,0.04063940137916565,0.17646605575933647,0.4744545222711542,2.827632324144449
035420,2024-10-16,0.0,3.0,0.0,0.215,2.0,6.0,6.0,10.0,28.18519419968053,1.1454294200305488,0.04063940137916565,0.17646605575933647,0.4744545222711542,2.842363052886431
035420,2024-10-17,0.0172,4.0,0.6042,0.1053,5.0,6.0,6.0,10.0,27.86671742906267,1.132486714719469,0.04063940137916565,0.17646605575933647,0.4744545222711542,2.825995576506451
035420,2024-10-18,0.1174,6.0,0.5641,0.1906,9.0,6.0,6.0,10.0,28.153346522618744,1.1441351494994407,0.04063940137916565,0.17646605575933647,0.4744545222711542,2.8407263052484333
035420,2024-10-19,,,,,0.0,6.0,6.0,10.0,28.153346522618744,1.1441351494994407,0.04063940137916565,0.17646605575933647,0.4744545222711542,2.8407263052484333
035420,2024-10-20,0.4265,6.0,0.4859,0.1547,7.0,6.0,6.0,10.0,28.153346522618744,1.1441351494994407,0.04063940137916565,0.17646605575933647,0.4744545222711542,2.8407263052484333
035420,2024-10-21,0.135,5.0,0.613,0.2358,7.0,6.0,6.0,10.0,28.153346522618744,1.1441351494994407,0.04063940137916565,0.17646605575933647,0.4744545222711542,2.8407263052484333
035420,2024-10-22,-0.1169,5.0,0.7716,0.189,8.0,6.0,6.0,10.0,27.26161156488874,1.1078955746284178,0.04063940137916565,0.17646605575933647,0.4744545222711542,2.7948973713844896
035420,2024-10-23,0.0262,4.0,0.7906,0.1057,3.0,6.0,6.0,10.0,27.46862146579035,1.1163083330806196,0.04063940137916565,0.17646605575933647,0.4744545222711542,2.805536231031476
035420,2024-10-24,0.146,4.0,0.5177,0.295,4.0,6.0,6.0,10.0,27.404926111666775,1.1137197920184037,0.04063940137916565,0.17646605575933647,0.4744545222711542,2.80226273575548
035420,2024-10-25,0.9976,6.0,0.0017,0.2348,2.0,6.0,6.0,10.0,26.72020105483838,1.0858929755995823,0.04063940137916565,0.17646605575933647,0.4744545222711542,2.7670726615385233
035420,2024-10-26,,,,,0.0,6.0,6.0,10.0,26.72020105483838,1.0858929755995823,0.04063940137916565,0.17646605575933647,0.4744545222711542,2.7670726615385233
035420,2024-10-27,,,,,0.0,6.0,6.0,10.0,26.72020105483838,1.0858929755995823,0.04063940137916565,0.17646605575933647,0.4744545222711542,2.7670726615385233
035420,2024-10-28,-0.1483,4.0,0.2994,0.1627,5.0,6.0,6.0,10.0,27.134220856641598,1.102718492503986,0.04063940137916565,0.17646605575933647,0.4744545222711542,2.788350380832497
035420,2024-10-29,-0.5029,5.0,0.0,0.0233,1.0,6.0,6.0,10.0,26.943134794270883,1.094952869317338,0.04063940137916565,0.17646605575933647,0.4744545222711542,2.7785298950045094
035420,2024-10-30,0.3288,6.0,0.4746,0.1754,6.0,6.0,6.0,10.0,27.771174397877314,1.1286039031261452,0.04063940137916565,0.17646605575933647,0.4744545222711542,2.8210853335924573
035420,2024-10-31,0.418,5.0,0.4242,0.1446,3.0,6.0,6.0,10.0,27.070525502518024,1.10012995144177,0.04063940137916565,0.17646605575933647,0.4744545222711542,2.785076885556501
035420,2024-11-01,0.0003,4.0,0.0004,0.133,4.0,6.0,6.0,11.0,27.022753986925345,1.098188545645108,0.04063940137916565,0.17646605575933647,0.4744545222711542,2.7826217640995043
035420,2024-11-02,,,,,0.0,6.0,6.0,11.0,27.022753986925345,1.098188545645108,0.04063940137916565,0.17646605575933647,0.4744545222711542,2.7826217640995043
035420,2024-11-03,-0.0004,3.0,0.0,0.2,1.0,6.0,6.0,11.0,27.022753986925345,1.098188545645108,0.04063940137916565,0.17646605575933647,0.4744545222711542,2.7826217640995043
035420,2024-11-04,0.2499,5.0,0.4329,0.1782,4.0,6.0,6.0,11.0,27.978184298778924,1.137016661578347,0.04063940137916565,0.17646605575933647,0.4744545222711542,2.831724193239444
035420,2024-11-05,0.3525,5.0,0.4583,0.16,3.0,6.0,6.0,11.0,28.105575007026065,1.142193743702779,0.04063940137916565,0.17646605575933647,0.4744545222711542,2.838271183791436
035420,2024-11-06,-0.26,6.0,0.4196,0.1478,8.0,6.0,6.0,11.0,28.07372732996428,1.1408994731716708,0.04063940137916565,0.17646605575933647,0.4744545222711542,2.8366344361534384
035420,2024-11-07,0.2878,5.0,0.2944,0.2721,4.0,6.0,6.0,11.0,28.61513784001464,1.1629020722005063,0.04063940137916565,0.17646605575933647,0.4744545222711542,2.864459145999404
035420,2024-11-08,0.5197,9.0,0.5723,0.2065,17.0,6.0,6.0,11.0,27.8030220749391,1.129898173657253,0.04063940137916565,0.17646605575933647,0.4744545222711542,2.822722081230455
035420,2024-11-09,,,,,0.0,6.0,6.0,11.0,27.8030220749391,1.129898173657253,0.04063940137916565,0.17646605575933647,0.4744545222711542,2.822722081230455
035420,2024-11-10,,,,,0.0,6.0,6.0,11.0,27.8030220749391,1.129898173657253,0.04063940137916565,0.17646605575933647,0.4744545222711542,2.822722081230455
035420,2024-11-11,0.3109,8.0,0.6446,0.1718,18.0,6.0,6.0,11.0,28.025955814371603,1.1389580673750088,0.04063940137916565,0.17646605575933647,0.4744545222711542,2.834179314696441
035420,2024-11-12,-0.0417,6.0,0.6201,0.2369,10.0,6.0,6.0,11.0,28.88584309503982,1.1739033717149239,0.04063940137916565,0.17646605575933647,0.4744545222711542,2.878371500922387
035420,2024-11-13,0.4219,4.0,0.4219,0.1594,2.0,6.0,6.0,11.0,29.013233803286965,1.1790804538393558,0.04063940137916565,0.17646605575933647,0.4744545222711542,2.884918491474379
035420,2024-11-14,,,,,0.0,6.0,6.0,11.0,30.01643563073322,1.2198499755692567,0.04063940137916565,0.17646605575933647,0.4744545222711542,2.9364760420713156
035420,2024-11-15,0.9396,7.0,0.0473,0.1483,3.0,6.0,6.0,11.0,30.255293208696617,1.2295570045525666,0.04063940137916565,0.17646605575933647,0.4744545222711542,2.9487516493563004
035420,2024-11-16,,,,,0.0,6.0,6.0,11.0,30.255293208696617,1.2295570045525666,0.04063940137916565,0.17646605575933647,0.4744545222711542,2.9487516493563004
035420,2024-11-17,0.037,3.0,0.0,0.2174,1.0,6.0,6.0,11.0,30.255293208696617,1.2295570045525666,0.04063940137916565,0.17646605575933647,0.4744545222711542,2.9487516493563004
035420,2024-11-18,0.2454,5.0,0.3705,0.1132,4.0,6.0,6.0,11.0,30.38268391694376,1.2347340866769982,0.04063940137916565,0.17646605575933647,0.4744545222711542,2.955298639908293
035420,2024-11-19,-0.0118,4.0,0.0685,0.1405,4.0,6.0,6.0,11.0,30.733008364623405,1.2489710625191859,0.04063940137916565,0.17646605575933647,0.4744545222711542,2.973302863926271
035420,2024-11-20,0.1737,5.0,0.7206,0.2576,5.0,6.0,6.0,11.0,30.748932203154297,1.2496181977847398,0.04063940137916565,0.17646605575933647,0.4744545222711542,2.9741212377452695
035420,2024-11-21,-0.5877,5.0,0.0,0.0833,1.0,6.0,6.0,11.0,30.20752169310394,1.2276155987559045,0.04063940137916565,0.17646605575933647,0.4744545222711542,2.9462965278993036
035420,2024-11-22,0.1419,5.0,0.8307,0.1232,7.0,6.0,6.0,11.0,30.255293208696617,1.2295570045525666,0.04063940137916565,0.17646605575933647,0.4744545222711542,2.9487516493563004
035420,2024-11-23,0.0,3.0,0.0,0.1,1.0,6.0,6.0,11.0,30.255293208696617,1.2295570045525666,0.04063940137916565,0.17646605575933647,0.4744545222711542,2.9487516493563004
035420,2024-11-24,0.0013,3.0,0.0,0.2326,1.0,6.0,6.0,11.0,30.255293208696617,1.2295570045525666,0.04063940137916565,0.17646605575933647,0.4744545222711542,2.9487516493563004
035420,2024-11-25,-0.0028,4.0,0.0037,0.1716,3.0,6.0,6.0,11.0,30.76485604168519,1.250265333050294,0.04063940137916565,0.17646605575933647,0.4744545222711542,2.974939611564269
035420,2024-11-26,0.0331,4.0,0.0383,0.1378,4.0,7.0,6.0,11.0,31.147028166426622,1.2657965794235895,0.04063940137916565,0.17646605575933647,0.4744545222711542,2.9945805832202446
035420,2024-11-27,0.4999,5.0,0.4999,0.2766,4.0,7.0,6.0,11.0,32.3253922177127,1.313684589074584,0.04063940137916565,0.17646605575933647,0.4744545222711542,3.0551402458261703
035420,2024-11-28,-0.1314,5.0,0.3546,0.1603,7.0,7.0,6.0,11.0,32.5642497956761,1.323391618057894,0.04063940137916565,0.17646605575933647,0.4744545222711542,3.0674158531111555
035420,2024-11-29,0.4022,5.0,0.4826,0.222,5.0,7.0,6.0,11.0,32.882726566293954,1.3363343233689735,0.04063940137916565,0.17646605575933647,0.4744545222711542,3.0837833294911356
035420,2024-11-30,-0.0003,3.0,0.0,0.1552,1.0,7.0,6.0,11.0,32.882726566293954,1.3363343233689735,0.04063940137916565,0.17646605575933647,0.4744545222711542,3.0837833294911356
035420,2024-12-01,0.0,3.0,0.0,0.2273,1.0,7.0,6.0,12.0,32.882726566293954,1.3363343233689735,0.04063940137916565,0.17646605575933647,0.4744545222711542,3.0837833294911356
035420,2024-12-02,0.1608,5.0,0.6363,0.2183,7.0,7.0,6.0,12.0,32.405011410367166,1.316920265402354,0.04063940137916565,0.17646605575933647,0.4744545222711542,3.059232114921165
035420,2024-12-03,-0.0011,5.0,0.441,0.2908,6.0,7.0,6.0,12.0,33.28082252956628,1.3525127050078232,0.04063940137916565,0.17646605575933647,0.4744545222711542,3.1042426749661103
035420,2024-12-04,-0.2239,8.0,0.5752,0.2153,18.0,7.0,6.0,12.0,32.245773025058234,1.3104489127468142,0.04063940137916565,0.17646605575933647,0.4744545222711542,3.0510483767311753
035420,2024-12-05,0.6665,6.0,0.4713,0.1308,3.0,7.0,6.0,12.0,32.48463060302163,1.320155941730124,0.04063940137916565,0.17646605575933647,0.4744545222711542,3.0633239840161606
035420,2024-12-06,-0.3628,6.0,0.4694,0.1503,8.0,7.0,6.0,12.0,32.5642497956761,1.323391618057894,0.04063940137916565,0.17646605575933647,0.4744545222711542,3.0674158531111555
035420,2024-12-07,,,,,0.0,7.0,6.0,12.0,32.5642497956761,1.323391618057894,0.04063940137916565,0.17646605575933647,0.4744545222711542,3.0674158531111555
035420,2024-12-08,,,,,0.0,7.0,6.0,12.0,32.5642497956761,1.323391618057894,0.04063940137916565,0.17646605575933647,0.4744545222711542,3.0674158531111555
035420,2024-12-09,0.3327,5.0,0.4716,0.189,3.0,7.0,6.0,12.0,32.0865346397493,1.3039775600912744,0.04063940137916565,0.17646605575933647,0.4744545222711542,3.0428646385411855
035420,2024-12-10,0.0857,5.0,0.4846,0.1796,6.0,7.0,6.0,12.0,33.28082252956628,1.3525127050078232,0.04063940137916565,0.17646605575933647,0.4744545222711542,3.1042426749661103
035420,2024-12-11,0.1099,6.0,0.7369,0.1616,9.0,7.0,6.0,12.0,34.71396799734664,1.4107548789076816,0.04063940137916565,0.17646605575933647,0.4744545222711542,3.17789631867602
035420,2024-12-12,0.1056,7.0,0.4709,0.19,17.0,7.0,6.0,12.0,33.12158414425735,1.3460413523522832,0.04063940137916565,0.17646605575933647,0.4744545222711542,3.0960589367761204
035420,2024-12-13,0.0,3.0,0.0,0.1222,2.0,7.0,6.0,12.0,33.440060914875204,1.358984057663363,0.04063940137916565,0.17646605575933647,0.4744545222711542,3.1124264131561
035420,2024-12-14,0.1825,4.0,0.0,0.1429,1.0,7.0,6.0,12.0,33.440060914875204,1.358984057663363,0.04063940137916565,0.17646605575933647,0.4744545222711542,3.1124264131561
035420,2024-12-15,-0.175,5.0,0.4115,0.1336,5.0,7.0,6.0,12.0,33.440060914875204,1.358984057663363,0.04063940137916565,0.17646605575933647,0.4744545222711542,3.1124264131561
035420,2024-12-16,0.1674,6.0,0.6858,0.3044,6.0,7.0,6.0,12.0,34.07701445611092,1.3848694682855223,0.04063940137916565,0.17646605575933647,0.4744545222711542,3.14516136591606
035420,2024-12-17,0.1046,6.0,0.2489,0.2861,9.0,7.0,6.0,12.0,33.36044172222074,1.355748381335593,0.04063940137916565,0.17646605575933647,0.4744545222711542,3.108334544061105
035420,2024-12-18,0.0226,6.0,0.5019,0.2149,9.0,7.0,6.0,12.0,33.83815687814753,1.3751624393022124,0.04063940137916565,0.17646605575933647,0.4744545222711542,3.132885758631075
035420,2024-12-19,0.8532,7.0,0.2074,0.3189,3.0,7.0,6.0,12.0,33.36044172222074,1.355748381335593,0.04063940137916565,0.17646605575933647,0.4744545222711542,3.108334544061105
035420,2024-12-20,0.2499,5.0,0.4329,0.172,4.0,7.0,6.0,12.0,33.440060914875204,1.358984057663363,0.04063940137916565,0.17646605575933647,0.4744545222711542,3.1124264131561
035420,2024-12-21,0.0,3.0,0.0,0.1875,1.0,7.0,6.0,12.0,33.440060914875204,1.358984057663363,0.04063940137916565,0.17646605575933647,0.4744545222711542,3.1124264131561
035420,2024-12-22,0.162,3.0,0.1605,0.5351,2.0,7.0,6.0,12.0,33.440060914875204,1.358984057663363,0.04063940137916565,0.17646605575933647,0.4744545222711542,3.1124264131561
035420,2024-12-23,0.0002,4.0,0.0002,0.1904,3.0,7.0,6.0,12.0,32.00691544709484,1.3007418837635045,0.04063940137916565,0.17646605575933647,0.4744545222711542,3.0387727694461906
035420,2024-12-24,-0.5567,6.0,0.4104,0.1391,3.0,7.0,6.0,12.0,32.245773025058234,1.3104489127468142,0.04063940137916565,0.17646605575933647,0.4744545222711542,3.0510483767311753
035420,2024-12-25,-0.249,5.0,0.4313,0.1603,4.0,7.0,6.0,12.0,32.245773025058234,1.3104489127468142,0.04063940137916565,0.17646605575933647,0.4744545222711542,3.0510483767311753
035420,2024-12-26,-0.1706,6.0,0.3705,0.1045,6.0,7.0,6.0,12.0,31.831753223255017,1.2936233958424106,0.04063940137916565,0.17646605575933647,0.4744545222711542,3.0297706574372016
035420,2024-12-27,0.1347,4.0,0.243,0.2328,5.0,7.0,6.0,12.0,31.481428775575374,1.2793864200002232,0.04063940137916565,0.17646605575933647,0.4744545222711542,3.0117664334192233
035420,2024-12-28,-0.268,4.0,0.0,0.25,1.0,7.0,6.0,12.0,31.481428775575374,1.2793864200002232,0.04063940137916565,0.17646605575933647,0.4744545222711542,3.0117664334192233
035420,2024-12-29,,,,,0.0,7.0,6.0,12.0,31.481428775575374,1.2793864200002232,0.04063940137916565,0.17646605575933647,0.4744545222711542,3.0117664334192233
035420,2024-12-30,-0.2477,5.0,0.4341,0.2411,4.0,7.0,6.0,12.0,31.67251483794609,1.2871520431868708,0.04063940137916565,0.17646605575933647,0.4744545222711542,3.0215869192472113
035420,2024-12-31,-0.0015,3.0,0.0018,0.3057,2.0,7.0,6.0,12.0,31.67251483794609,1.2871520431868708,0.04063940137916565,0.17646605575933647,0.4744545222711542,3.0215869192472113
035420,2025-01-01,-0.0,4.0,0.0002,0.2541,4.0,7.0,6.0,13.0,31.67251483794609,1.2871520431868708,0.04063940137916565,0.17646605575933647,0.4744545222711542,3.0215869192472113
035420,2025-01-02,0.6664,6.0,0.4712,0.1219,3.0,6.0,6.0,13.0,30.86039907287055,1.2541481446436178,0.04063940137916565,0.17646605575933647,0.4744545222711542,2.9798498544782626
035420,2025-01-03,0.4936,4.0,0.4934,0.1506,2.0,7.0,6.0,13.0,31.927296254440375,1.2975062074357346,0.04063940137916565,0.17646605575933647,0.4744545222711542,3.0346809003511956
035420,2025-01-04,-0.0,3.0,0.0,0.1778,1.0,7.0,6.0,13.0,31.927296254440375,1.2975062074357346,0.04063940137916565,0.17646605575933647,0.4744545222711542,3.0346809003511956
035420,2025-01-05,-0.3472,5.0,0.8878,0.1465,3.0,7.0,6.0,13.0,31.927296254440375,1.2975062074357346,0.04063940137916565,0.17646605575933647,0.4744545222711542,3.0346809003511956
035420,2025-01-06,-0.1449,5.0,0.636,0.1811,7.0,7.0,6.0,13.0,33.20120333691181,1.3492770286800533,0.04063940137916565,0.17646605575933647,0.4744545222711542,3.1001508058711154
035420,2025-01-07,-0.4998,4.0,0.4998,0.2696,2.0,7.0,6.0,13.0,33.12158414425735,1.3460413523522832,0.04063940137916565,0.17646605575933647,0.4744545222711542,3.0960589367761204
035420,2025-01-08,0.0002,3.0,0.0,0.2041,1.0,7.0,6.0,13.0,32.962345758948416,1.3395699996967434,0.04063940137916565,0.17646605575933647,0.4744545222711542,3.0878751985861306
035420,2025-01-09,0.9882,6.0,0.0116,0.2143,2.0,7.0,6.0,13.0,32.245773025058234,1.3104489127468142,0.04063940137916565,0.17646605575933647,0.4744545222711542,3.0510483767311753
035420,2025-01-10,0.4377,6.0,0.4437,0.2141,6.0,7.0,6.0,13.0,32.16615383240377,1.3072132364190443,0.04063940137916565,0.17646605575933647,0.4744545222711542,3.0469565076361804
035420,2025-01-11,,,,,0.0,7.0,6.0,13.0,32.16615383240377,1.3072132364190443,0.04063940137916565,0.17646605575933647,0.4744545222711542,3.0469565076361804
035420,2025-01-12,0.0029,3.0,0.0,0.3636,1.0,7.0,6.0,13.0,32.16615383240377,1.3072132364190443,0.04063940137916565,0.17646605575933647,0.4744545222711542,3.0469565076361804
035420,2025-01-13,-0.1341,5.0,0.3536,0.1628,7.0,7.0,6.0,13.0,32.48463060302163,1.320155941730124,0.04063940137916565,0.17646605575933647,0.4744545222711542,3.0633239840161606
035420,2025-01-14,-0.3746,6.0,0.484,0.2796,8.0,7.0,6.0,13.0,32.16615383240377,1.3072132364190443,0.04063940137916565,0.17646605575933647,0.4744545222711542,3.0469565076361804
035420,2025-01-15,0.2789,5.0,0.4381,0.1885,5.0,7.0,6.0,13.0,32.882726566293954,1.3363343233689735,0.04063940137916565,0.17646605575933647,0.4744545222711542,3.0837833294911356
035420,2025-01-16,-0.3928,5.0,0.5098,0.1314,5.0,7.0,6.0,13.0,32.882726566293954,1.3363343233689735,0.04063940137916565,0.17646605575933647,0.4744545222711542,3.0837833294911356
035420,2025-01-17,0.0003,4.0,0.0004,0.1479,3.0,7.0,6.0,13.0,33.28082252956628,1.3525127050078232,0.04063940137916565,0.17646605575933647,0.4744545222711542,3.1042426749661103
035420,2025-01-18,0.0002,3.0,0.0,0.1875,1.0,7.0,6.0,13.0,33.28082252956628,1.3525127050078232,0.04063940137916565,0.17646605575933647,0.4744545222711542,3.1042426749661103
035420,2025-01-19,-0.005,3.0,0.9936,0.1667,2.0,7.0,6.0,13.0,33.28082252956628,1.3525127050078232,0.04063940137916565,0.17646605575933647,0.4744545222711542,3.1042426749661103
035420,2025-01-20,0.428,6.0,0.4949,0.164,7.0,7.0,6.0,13.0,32.64386898833056,1.3266272943856638,0.04063940137916565,0.17646605575933647,0.4744545222711542,3.0715077222061504
035420,2025-01-21,-0.3062,5.0,0.315,0.2246,4.0,7.0,6.0,13.0,32.5642497956761,1.323391618057894,0.04063940137916565,0.17646605575933647,0.4744545222711542,3.0674158531111555
035420,2025-01-22,0.0244,6.0,0.5486,0.1431,11.0,7.0,6.0,13.0,32.48463060302163,1.320155941730124,0.04063940137916565,0.17646605575933647,0.4744545222711542,3.0633239840161606
035420,2025-01-23,0.5005,5.0,0.4983,0.4031,2.0,7.0,6.0,13.0,32.5642497956761,1.323391618057894,0.04063940137916565,0.17646605575933647,0.4744545222711542,3.0674158531111555
035420,2025-01-24,0.193,5.0,0.4006,0.147,5.0,7.0,6.0,13.0,32.48463060302163,1.320155941730124,0.04063940137916565,0.17646605575933647,0.4744545222711542,3.0633239840161606
035420,2025-01-25,0.0,3.0,0.0,0.1224,1.0,7.0,6.0,13.0,32.48463060302163,1.320155941730124,0.04063940137916565,0.17646605575933647,0.4744545222711542,3.0633239840161606
035420,2025-01-26,-0.0,3.0,0.0,0.175,1.0,7.0,6.0,13.0,32.48463060302163,1.320155941730124,0.04063940137916565,0.17646605575933647,0.4744545222711542,3.0633239840161606
035420,2025-01-27,-0.0,3.0,0.0,0.0227,1.0,7.0,6.0,13.0,32.48463060302163,1.320155941730124,0.04063940137916565,0.17646605575933647,0.4744545222711542,3.0633239840161606
035420,2025-01-28,,,,,0.0,7.0,6.0,13.0,32.48463060302163,1.320155941730124,0.04063940137916565,0.17646605575933647,0.4744545222711542,3.0633239840161606
035420,2025-01-29,,,,,0.0,7.0,6.0,13.0,32.48463060302163,1.320155941730124,0.04063940137916565,0.17646605575933647,0.4744545222711542,3.0633239840161606
035420,2025-01-30,-0.6417,6.0,0.4548,0.0913,3.0,7.0,6.0,13.0,32.48463060302163,1.320155941730124,0.04063940137916565,0.17646605575933647,0.4744545222711542,3.0633239840161606
035420,2025-01-31,-0.2031,6.0,0.5843,0.1895,8.0,7.0,6.0,13.0,34.47511041938325,1.4010478499243717,0.04063940137916565,0.17646605575933647,0.4744545222711542,3.165620711391035
035420,2025-02-01,,,,,0.0,7.0,6.0,14.0,34.47511041938325,1.4010478499243717,0.04063940137916565,0.17646605575933647,0.4744545222711542,3.165620711391035
035420,2025-02-02,-0.2474,4.0,0.0,0.0625,1.0,7.0,6.0,14.0,34.47511041938325,1.4010478499243717,0.04063940137916565,0.17646605575933647,0.4744545222711542,3.165620711391035
035420,2025-02-03,-0.001,4.0,0.0016,0.3566,4.0,7.0,6.0,14.0,34.55472961203771,1.4042835262521416,0.04063940137916565,0.17646605575933647,0.4744545222711542,3.16971258048603
035420,2025-02-04,0.1227,5.0,0.318,0.2543,8.0,7.0,6.0,14.0,34.793587190001105,1.4139905552354515,0.04063940137916565,0.17646605575933647,0.4744545222711542,3.1819881877710148
035420,2025-02-05,0.1765,7.0,0.34,0.2153,9.0,7.0,6.0,14.0,36.46559023574487,1.4819397581186196,0.04063940137916565,0.17646605575933647,0.4744545222711542,3.26791743876591
035420,2025-02-06,0.1998,8.0,0.3756,0.2726,17.0,7.0,5.0,14.0,36.94330539167166,1.501353816085239,0.04063940137916565,0.17646605575933647,0.4744545222711542,3.2924686533358796
035420,2025-02-07,0.5826,9.0,0.5222,0.1889,18.0,7.0,6.0,14.0,35.90825588716361,1.4592900238242301,0.04063940137916565,0.17646605575933647,0.4744545222711542,3.2392743551009446
035420,2025-02-08,0.9966,6.0,0.0,0.9216,1.0,7.0,6.0,14.0,35.90825588716361,1.4592900238242301,0.04063940137916565,0.17646605575933647,0.4744545222711542,3.2392743551009446
035420,2025-02-09,0.4732,4.0,0.5243,0.2979,2.0,7.0,6.0,14.0,35.90825588716361,1.4592900238242301,0.04063940137916565,0.17646605575933647,0.4744545222711542,3.2392743551009446
035420,2025-02-10,0.3614,6.0,0.5157,0.2059,8.0,7.0,6.0,14.0,36.226732657781476,1.47223272913531,0.04063940137916565,0.17646605575933647,0.4744545222711542,3.2556418314809243
035420,2025-02-11,-0.139,5.0,0.6341,0.2036,7.0,7.0,6.0,14.0,36.3859710430904,1.4787040817908497,0.04063940137916565,0.17646605575933647,0.4744545222711542,3.263825569670915
035420,2025-02-12,-0.2508,5.0,0.8271,0.2525,4.0,7.0,6.0,14.0,35.82863669450915,1.4560543474964602,0.04063940137916565,0.17646605575933647,0.4744545222711542,3.2351824860059497
035420,2025-02-13,0.0767,6.0,0.5965,0.1307,9.0,7.0,6.0,14.0,35.0324447679645,1.4236975842187611,0.04063940137916565,0.17646605575933647,0.4744545222711542,3.194263795056
035420,2025-02-14,0.4104,6.0,0.4192,0.159,6.0,7.0,6.0,14.0,35.19168315327343,1.430168936874301,0.04063940137916565,0.17646605575933647,0.4744545222711542,3.2024475332459903
035420,2025-02-15,-0.0,3.0,0.0,0.1837,1.0,7.0,6.0,14.0,35.19168315327343,1.430168936874301,0.04063940137916565,0.17646605575933647,0.4744545222711542,3.2024475332459903
035420,2025-02-16,0.0988,3.0,0.0,0.1064,1.0,7.0,6.0,14.0,35.19168315327343,1.430168936874301,0.04063940137916565,0.17646605575933647,0.4744545222711542,3.2024475332459903
035420,2025-02-17,0.2489,5.0,0.431,0.2062,4.0,7.0,6.0,14.0,35.19168315327343,1.430168936874301,0.04063940137916565,0.17646605575933647,0.4744545222711542,3.2024475332459903
035420,2025-02-18,0.1393,5.0,0.3263,0.1878,8.0,7.0,6.0,14.0,35.430540731236825,1.4398759658576108,0.04063940137916565,0.17646605575933647,0.4744545222711542,3.214723140530975
035420,2025-02-19,0.3,7.0,0.4582,0.2087,10.0,7.0,6.0,14.0,35.35092153858236,1.4366402895298407,0.04063940137916565,0.17646605575933647,0.4744545222711542,3.21063127143598
035420,2025-02-20,0.4325,8.0,0.4879,0.2059,16.0,7.0,6.0,14.0,35.2713023459279,1.4334046132020708,0.04063940137916565,0.17646605575933647,0.4744545222711542,3.2065394023409852
035420,2025-02-21,-0.1852,5.0,0.3151,0.3057,4.0,7.0,6.0,14.0,36.067494272472544,1.46576137647977,0.04063940137916565,0.17646605575933647,0.4744545222711542,3.2474580932909345
035420,2025-02-22,0.0001,3.0,0.0,0.1333,1.0,7.0,6.0,14.0,36.067494272472544,1.46576137647977,0.04063940137916565,0.17646605575933647,0.4744545222711542,3.2474580932909345
035420,2025-02-23,0.9998,6.0,0.0,0.1778,1.0,7.0,6.0,14.0,36.067494272472544,1.46576137647977,0.04063940137916565,0.17646605575933647,0.4744545222711542,3.2474580932909345
035420,2025-02-24,0.5015,6.0,0.4983,0.1383,4.0,7.0,6.0,14.0,36.30635185043594,1.4754684054630798,0.04063940137916565,0.17646605575933647,0.4744545222711542,3.25973370057592
035420,2025-02-25,0.022,5.0,0.4819,0.2165,8.0,7.0,6.0,14.0,36.3859710430904,1.4787040817908497,0.04063940137916565,0.17646605575933647,0.4744545222711542,3.263825569670915
035420,2025-02-26,0.0001,4.0,0.0001,0.3149,3.0,7.0,6.0,14.0,36.863686199017195,1.4981181397574692,0.04063940137916565,0.17646605575933647,0.4744545222711542,3.2883767842408846
035420,2025-02-27,0.3329,5.0,0.4716,0.168,3.0,7.0,6.0,14.0,34.873206382655574,1.4172262315632214,0.04063940137916565,0.17646605575933647,0.4744545222711542,3.18608005686601
035420,2025-02-28,0.1856,6.0,0.3627,0.3513,6.0,7.0,6.0,14.0,32.962345758948416,1.3395699996967434,0.04063940137916565,0.17646605575933647,0.4744545222711542,3.0878751985861306
035420,2025-03-01,-0.0,3.0,0.0001,0.3598,2.0,7.0,6.0,15.0,32.962345758948416,1.3395699996967434,0.04063940137916565,0.17646605575933647,0.4744545222711542,3.0878751985861306
035420,2025-03-02,-0.4894,4.0,0.4893,0.1843,2.0,7.0,6.0,15.0,32.962345758948416,1.3395699996967434,0.04063940137916565,0.17646605575933647,0.4744545222711542,3.0878751985861306
035420,2025-03-03,0.0344,3.0,0.0344,0.2428,2.0,7.0,6.0,15.0,32.962345758948416,1.3395699996967434,0.04063940137916565,0.17646605575933647,0.4744545222711542,3.0878751985861306
035420,2025-03-04,0.2504,5.0,0.4327,0.4419,4.0,7.0,6.0,15.0,32.72348818098502,1.3298629707134337,0.04063940137916565,0.17646605575933647,0.4744545222711542,3.0755995913011454
035420,2025-03-05,-0.001,6.0,0.4608,0.1487,9.0,7.0,6.0,15.0,33.041964951602885,1.3428056760245133,0.04063940137916565,0.17646605575933647,0.4744545222711542,3.0919670676811255
035420,2025-03-06,0.3227,7.0,0.5986,0.1593,11.0,7.0,6.0,15.0,34.873206382655574,1.4172262315632214,0.04063940137916565,0.17646605575933647,0.4744545222711542,3.18608005686601
035420,2025-03-07,0.139,5.0,0.3516,0.1838,7.0,7.0,6.0,15.0,33.917776070802,1.3783981156299825,0.04063940137916565,0.17646605575933647,0.4744545222711542,3.13697762772607
035420,2025-03-08,,,,,0.0,7.0,6.0,15.0,33.917776070802,1.3783981156299825,0.04063940137916565,0.17646605575933647,0.4744545222711542,3.13697762772607
035420,2025-03-09,0.1313,3.0,0.0,0.0976,1.0,7.0,6.0,15.0,33.917776070802,1.3783981156299825,0.04063940137916565,0.17646605575933647,0.4744545222711542,3.13697762772607
035420,2025-03-10,-0.0676,4.0,0.435,0.1278,5.0,7.0,6.0,15.0,34.236252841419855,1.391340820941062,0.04063940137916565,0.17646605575933647,0.4744545222711542,3.1533451041060503
035420,2025-03-11,0.203,5.0,0.3982,0.2549,5.0,7.0,6.0,15.0,33.83815687814753,1.3751624393022124,0.04063940137916565,0.17646605575933647,0.4744545222711542,3.132885758631075
035420,2025-03-12,-0.1008,6.0,0.828,0.1681,10.0,7.0,6.0,15.0,34.07701445611092,1.3848694682855223,0.04063940137916565,0.17646605575933647,0.4744545222711542,3.14516136591606
035420,2025-03-13,-0.0203,6.0,0.6546,0.2473,9.0,7.0,6.0,15.0,34.39549122672879,1.3978121735966018,0.04063940137916565,0.17646605575933647,0.4744545222711542,3.16152884229604
035420,2025-03-14,0.2857,6.0,0.4516,0.2219,7.0,7.0,6.0,15.0,33.12158414425735,1.3460413523522832,0.04063940137916565,0.17646605575933647,0.4744545222711542,3.0960589367761204
035420,2025-03-15,-0.933,6.0,0.0,0.2182,1.0,7.0,6.0,15.0,33.12158414425735,1.3460413523522832,0.04063940137916565,0.17646605575933647,0.4744545222711542,3.0960589367761204
035420,2025-03-16,0.0,4.0,0.0,0.1508,3.0,7.0,6.0,15.0,33.12158414425735,1.3460413523522832,0.04063940137916565,0.17646605575933647,0.4744545222711542,3.0960589367761204
035420,2025-03-17,-0.0327,5.0,0.2152,0.2039,6.0,7.0,6.0,15.0,33.599299300184136,1.3654554103189027,0.04063940137916565,0.17646605575933647,0.4744545222711542,3.12061015134609
035420,2025-03-18,0.4001,5.0,0.4896,0.2023,5.0,7.0,6.0,15.0,33.28082252956628,1.3525127050078232,0.04063940137916565,0.17646605575933647,0.4744545222711542,3.1042426749661103
035420,2025-03-19,0.1083,5.0,0.5935,0.2203,8.0,7.0,6.0,15.0,33.12158414425735,1.3460413523522832,0.04063940137916565,0.17646605575933647,0.4744545222711542,3.0960589367761204
035420,2025-03-20,0.2499,5.0,0.6392,0.224,5.0,7.0,6.0,15.0,33.12158414425735,1.3460413523522832,0.04063940137916565,0.17646605575933647,0.4744545222711542,3.0960589367761204
035420,2025-03-21,0.3299,6.0,0.4737,0.1883,6.0,7.0,6.0,15.0,33.36044172222074,1.355748381335593,0.04063940137916565,0.17646605575933647,0.4744545222711542,3.108334544061105
035420,2025-03-22,,,,,0.0,7.0,6.0,15.0,33.36044172222074,1.355748381335593,0.04063940137916565,0.17646605575933647,0.4744545222711542,3.108334544061105
035420,2025-03-23,0.0009,3.0,0.0,0.2308,1.0,7.0,6.0,15.0,33.36044172222074,1.355748381335593,0.04063940137916565,0.17646605575933647,0.4744545222711542,3.108334544061105
035420,2025-03-24,0.1391,5.0,0.3266,0.1692,8.0,7.0,6.0,15.0,32.962345758948416,1.3395699996967434,0.04063940137916565,0.17646605575933647,0.4744545222711542,3.0878751985861306
035420,2025-03-25,-0.0515,7.0,0.3946,0.1963,15.0,7.0,6.0,15.0,33.041964951602885,1.3428056760245133,0.04063940137916565,0.17646605575933647,0.4744545222711542,3.0919670676811255
035420,2025-03-26,0.0003,4.0,0.0004,0.1794,4.0,7.0,6.0,15.0,32.48463060302163,1.320155941730124,0.04063940137916565,0.17646605575933647,0.4744545222711542,3.0633239840161606
035420,2025-03-27,0.6564,7.0,0.4774,0.2816,6.0,7.0,6.0,15.0,31.497352614106266,1.2800335552657771,0.04063940137916565,0.17646605575933647,0.4744545222711542,3.012584807238223
035420,2025-03-28,0.9995,6.0,0.0,0.1538,1.0,6.0,6.0,15.0,31.003713619648586,1.2599723620336036,0.04063940137916565,0.17646605575933647,0.4744545222711542,2.987215218849254
035420,2025-03-29,0.0015,3.0,0.0015,0.0992,2.0,6.0,6.0,15.0,31.003713619648586,1.2599723620336036,0.04063940137916565,0.17646605575933647,0.4744545222711542,2.987215218849254
035420,2025-03-30,0.3328,5.0,0.4699,0.194,3.0,6.0,6.0,15.0,31.003713619648586,1.2599723620336036,0.04063940137916565,0.17646605575933647,0.4744545222711542,2.987215218849254
035420,2025-03-31,0.398,6.0,0.446,0.3267,6.0,6.0,6.0,15.0,30.414531594005545,1.2360283572081063,0.04063940137916565,0.17646605575933647,0.4744545222711542,2.9569353875462907
035420,2025-04-01,0.1964,5.0,0.3927,0.1626,5.0,7.75,6.0,4.0,15.969612427217076,1.1426619244527567,0.07155226400518734,0.11034174505672528,0.4135772988115132,3.1657866796013865
035420,2025-04-02,0.1224,5.0,0.3203,0.3222,8.0,7.75,6.0,4.0,15.88030600286558,1.1362718476001994,0.07155226400518734,0.11034174505672528,0.4135772988115132,3.156516233369081
035420,2025-04-03,0.1665,4.0,0.1884,0.1833,4.0,7.75,6.0,4.0,16.123868978369654,1.1536993299253557,0.07155226400518734,0.11034174505672528,0.4135772988115132,3.1817992685480965
035420,2025-04-04,-0.0001,3.0,0.0,0.1087,1.0,7.75,6.0,4.0,16.058918851568567,1.149052001305314,0.07155226400518734,0.11034174505672528,0.4135772988115132,3.1750571258336926
035420,2025-04-05,,,,,0.0,7.75,6.0,4.0,16.058918851568567,1.149052001305314,0.07155226400518734,0.11034174505672528,0.4135772988115132,3.1750571258336926
035420,2025-04-06,0.4381,4.0,0.4439,0.1137,2.0,7.75,6.0,4.0,16.058918851568567,1.149052001305314,0.07155226400518734,0.11034174505672528,0.4135772988115132,3.1750571258336926
035420,2025-04-07,0.5189,7.0,0.4149,0.2923,7.0,7.75,6.0,4.0,15.571792900560421,1.1141970366550011,0.07155226400518734,0.11034174505672528,0.4135772988115132,3.1244910554756604
035420,2025-04-08,-0.1991,6.0,0.3647,0.2977,6.0,7.75,7.0,4.0,14.581303466843856,1.0433252751993651,0.07155226400518734,0.11034174505672528,0.4135772988115132,3.0216733790809958
035420,2025-04-09,-0.2487,5.0,0.4315,0.1926,4.0,7.75,7.0,4.0,14.362096788890192,1.0276405411067242,0.07155226400518734,0.11034174505672528,0.4135772988115132,2.998918647419882
035420,2025-04-10,-0.2033,5.0,0.7727,0.1808,4.0,7.75,7.0,4.0,14.930410398399696,1.0683046665320892,0.07155226400518734,0.11034174505672528,0.4135772988115132,3.0579123961709187
035420,2025-04-11,-0.0032,4.0,0.6229,0.1461,5.0,7.75,7.0,4.0,14.857341505748474,1.0630764218345423,0.07155226400518734,0.11034174505672528,0.4135772988115132,3.0503274856172142
035420,2025-04-12,,,,,0.0,7.75,7.0,4.0,14.857341505748474,1.0630764218345423,0.07155226400518734,0.11034174505672528,0.4135772988115132,3.0503274856172142
035420,2025-04-13,,,,,0.0,7.75,7.0,4.0,14.857341505748474,1.0630764218345423,0.07155226400518734,0.11034174505672528,0.4135772988115132,3.0503274856172142
035420,2025-04-14,-0.0,4.0,0.0,0.1816,3.0,7.75,7.0,4.0,14.832985208198066,1.0613336736020267,0.07155226400518734,0.11034174505672528,0.4135772988115132,3.0477991820993124
035420,2025-04-15,-0.4978,4.0,0.5002,0.217,2.0,7.75,7.0,4.0,14.930410398399696,1.0683046665320892,0.07155226400518734,0.11034174505672528,0.4135772988115132,3.0579123961709187
035420,2025-04-16,0.0,4.0,0.8163,0.1634,3.0,7.75,7.0,4.0,14.971004227650374,1.0712092469196153,0.07155226400518734,0.11034174505672528,0.4135772988115132,3.0621262353674217
035420,2025-04-17,0.0002,4.0,0.0002,0.1794,3.0,7.75,7.0,4.0,14.906054100849287,1.0665619182995736,0.07155226400518734,0.11034174505672528,0.4135772988115132,3.0553840926530174
035420,2025-04-18,0.0267,7.0,0.0907,0.2025,14.0,7.75,6.0,4.0,15.222685969004583,1.089217645322277,0.07155226400518734,0.11034174505672528,0.4135772988115132,3.088252038385738
035420,2025-04-19,,,,,0.0,7.75,6.0,4.0,15.222685969004583,1.089217645322277,0.07155226400518734,0.11034174505672528,0.4135772988115132,3.088252038385738
035420,2025-04-20,0.6599,6.0,0.4667,0.1784,3.0,7.75,6.0,4.0,15.222685969004583,1.089217645322277,0.07155226400518734,0.11034174505672528,0.4135772988115132,3.088252038385738
035420,2025-04-21,0.636,7.0,0.4543,0.1679,6.0,7.75,6.0,4.0,15.222685969004583,1.089217645322277,0.07155226400518734,0.11034174505672528,0.4135772988115132,3.088252038385738
035420,2025-04-22,0.5965,6.0,0.4298,0.2142,3.0,7.75,6.0,4.0,15.726049451713001,1.1252344421276004,0.07155226400518734,0.11034174505672528,0.4135772988115132,3.140503644422371
035420,2025-04-23,0.4998,6.0,0.4997,0.1823,8.0,7.75,6.0,4.0,15.661099324911916,1.1205871135075587,0.07155226400518734,0.11034174505672528,0.4135772988115132,3.1337615017079665
035420,2025-04-24,0.2696,6.0,0.3752,0.2372,8.0,7.75,6.0,4.0,15.547436603010015,1.1124542884224855,0.07155226400518734,0.11034174505672528,0.4135772988115132,3.121962751957759
035420,2025-04-25,0.0001,5.0,0.0001,0.243,6.0,7.75,6.0,4.0,15.70981192001273,1.12407260997259,0.07155226400518734,0.11034174505672528,0.4135772988115132,3.1388181087437697
035420,2025-04-26,-0.0,3.0,0.0,0.2553,1.0,7.75,6.0,4.0,15.70981192001273,1.12407260997259,0.07155226400518734,0.11034174505672528,0.4135772988115132,3.1388181087437697
035420,2025-04-27,,,,,0.0,7.75,6.0,4.0,15.70981192001273,1.12407260997259,0.07155226400518734,0.11034174505672528,0.4135772988115132,3.1388181087437697
035420,2025-04-28,0.3313,6.0,0.4766,0.1886,6.0,7.75,6.0,4.0,15.872187237015446,1.1356909315226942,0.07155226400518734,0.11034174505672528,0.4135772988115132,3.1556734655297802
035420,2025-04-29,0.33,6.0,0.4661,0.1768,6.0,7.75,6.0,4.0,15.953374895516804,1.1415000922977463,0.07155226400518734,0.11034174505672528,0.4135772988115132,3.1641011439227853
035420,2025-04-30,-0.1247,5.0,0.3299,0.2543,8.0,7.75,6.0,4.0,16.278125529522235,1.164736735397955,0.07155226400518734,0.11034174505672528,0.4135772988115132,3.1978118574948065
035420,2025-05-01,-0.0,3.0,0.0,0.1778,1.0,7.75,6.0,5.0,16.278125529522235,1.164736735397955,0.07155226400518734,0.11034174505672528,0.4135772988115132,3.1978118574948065
035420,2025-05-02,0.0,3.0,0.0,0.2278,2.0,7.75,6.0,5.0,16.026443788168024,1.1467283369952932,0.07155226400518734,0.11034174505672528,0.4135772988115132,3.17168605447649
035420,2025-05-03,0.0,3.0,0.0,0.2174,1.0,7.75,6.0,5.0,16.026443788168024,1.1467283369952932,0.07155226400518734,0.11034174505672528,0.4135772988115132,3.17168605447649
035420,2025-05-04,0.9998,6.0,0.0,0.2041,1.0,7.75,6.0,5.0,16.026443788168024,1.1467283369952932,0.07155226400518734,0.11034174505672528,0.4135772988115132,3.17168605447649
035420,2025-05-05,0.0,4.0,0.0,0.1452,4.0,7.75,6.0,5.0,16.026443788168024,1.1467283369952932,0.07155226400518734,0.11034174505672528,0.4135772988115132,3.17168605447649
035420,2025-05-06,-0.9397,6.0,0.0,0.2,1.0,7.75,6.0,5.0,16.026443788168024,1.1467283369952932,0.07155226400518734,0.11034174505672528,0.4135772988115132,3.17168605447649
035420,2025-05-07,0.5688,7.0,0.4925,0.2242,7.0,7.75,6.0,5.0,16.164462807620332,1.1566039103128818,0.07155226400518734,0.11034174505672528,0.4135772988115132,3.186013107744599
035420,2025-05-08,-0.332,5.0,0.4695,0.1374,3.0,7.75,6.0,5.0,15.320111159206213,1.0961886382523396,0.07155226400518734,0.11034174505672528,0.4135772988115132,3.098365252457344
035420,2025-05-09,0.5382,9.0,0.6024,0.2626,18.0,7.75,6.0,5.0,15.506842773759335,1.1095497080349594,0.07155226400518734,0.11034174505672528,0.4135772988115132,3.1177489127612565
035420,2025-05-10,0.4974,4.0,0.4975,0.4066,2.0,7.75,6.0,5.0,15.506842773759335,1.1095497080349594,0.07155226400518734,0.11034174505672528,0.4135772988115132,3.1177489127612565
035420,2025-05-11,0.0001,3.0,0.0,0.1957,1.0,7.75,6.0,5.0,15.506842773759335,1.1095497080349594,0.07155226400518734,0.11034174505672528,0.4135772988115132,3.1177489127612565
035420,2025-05-12,-0.0413,4.0,0.7646,0.1997,3.0,7.75,6.0,5.0,15.44189264695825,1.1049023794149178,0.07155226400518734,0.11034174505672528,0.4135772988115132,3.1110067700468518
035420,2025-05-13,-0.0655,5.0,0.4393,0.1487,6.0,7.75,6.0,5.0,15.279517329955533,1.0932840578648135,0.07155226400518734,0.11034174505672528,0.4135772988115132,3.0941514132608416
035420,2025-05-14,0.126,5.0,0.2558,0.3826,6.0,7.75,6.0,5.0,15.523080305459606,1.1107115401899699,0.07155226400518734,0.11034174505672528,0.4135772988115132,3.1194344484398577
035420,2025-05-15,0.2135,7.0,0.7412,0.1421,10.0,7.75,6.0,5.0,15.360704988456892,1.0990932186398656,0.07155226400518734,0.11034174505672528,0.4135772988115132,3.1025790916538467
035420,2025-05-16,0.0963,6.0,0.2702,0.2175,10.0,7.75,6.0,5.0,15.24704226655499,1.0909603935547927,0.07155226400518734,0.11034174505672528,0.4135772988115132,3.0907803419036393
035420,2025-05-17,,,,,0.0,7.75,6.0,5.0,15.24704226655499,1.0909603935547927,0.07155226400518734,0.11034174505672528,0.4135772988115132,3.0907803419036393
035420,2025-05-18,0.0,4.0,0.0,0.1533,3.0,7.75,6.0,5.0,15.24704226655499,1.0909603935547927,0.07155226400518734,0.11034174505672528,0.4135772988115132,3.0907803419036393
035420,2025-05-19,-0.1622,5.0,0.3425,0.1055,7.0,7.75,6.0,5.0,15.052191886151732,1.0770184076946676,0.07155226400518734,0.11034174505672528,0.4135772988115132,3.0705539137604267
035420,2025-05-20,0.4376,5.0,0.4464,0.1655,4.0,7.75,6.0,5.0,15.019716822751189,1.0746947433846468,0.07155226400518734,0.11034174505672528,0.4135772988115132,3.0671828424032244
035420,2025-05-21,-0.0526,4.0,0.0708,0.2811,4.0,7.75,6.0,5.0,15.003479291050917,1.0735329112296361,0.07155226400518734,0.11034174505672528,0.4135772988115132,3.0654973067246236
035420,2025-05-22,0.5008,7.0,0.4986,0.1819,6.0,7.75,7.0,5.0,14.873579037448744,1.0642382539895527,0.07155226400518734,0.11034174505672528,0.4135772988115132,3.0520130212958154
035420,2025-05-23,0.0098,4.0,0.5999,0.2516,4.0,7.75,7.0,5.0,14.865460271598609,1.0636573379120475,0.07155226400518734,0.11034174505672528,0.4135772988115132,3.0511702534565144
035420,2025-05-24,0.0015,3.0,0.0,0.8824,1.0,7.75,7.0,5.0,14.865460271598609,1.0636573379120475,0.07155226400518734,0.11034174505672528,0.4135772988115132,3.0511702534565144
035420,2025-05-25,-0.0002,3.0,0.0,0.1818,1.0,7.75,7.0,5.0,14.865460271598609,1.0636573379120475,0.07155226400518734,0.11034174505672528,0.4135772988115132,3.0511702534565144
035420,2025-05-26,-0.2471,5.0,0.8264,0.356,4.0,7.75,6.0,5.0,15.263279798255262,1.092122225709803,0.07155226400518734,0.11034174505672528,0.4135772988115132,3.0924658775822405
035420,2025-05-27,-0.4917,5.0,0.4918,0.2661,4.0,7.75,7.0,5.0,14.922291632549559,1.067723750454584,0.07155226400518734,0.11034174505672528,0.4135772988115132,3.057069628331618
035420,2025-05-28,0.5448,8.0,0.4881,0.1888,9.0,7.75,6.0,5.0,15.238923500704855,1.0903794774772875,0.07155226400518734,0.11034174505672528,0.4135772988115132,3.0899375740643387
035420,2025-05-29,0.0,3.0,0.0,0.4687,2.0,7.75,6.0,5.0,15.368823754307027,1.0996741347173709,0.07155226400518734,0.11034174505672528,0.4135772988115132,3.1034218594931477
035420,2025-05-30,0.4008,5.0,0.4831,0.1776,5.0,7.75,6.0,5.0,15.222685969004583,1.089217645322277,0.07155226400518734,0.11034174505672528,0.4135772988115132,3.088252038385738
035420,2025-05-31,,,,,0.0,7.75,6.0,5.0,15.222685969004583,1.089217645322277,0.07155226400518734,0.11034174505672528,0.4135772988115132,3.088252038385738
035420,2025-06-01,0.9998,6.0,0.0,0.1364,1.0,7.75,6.0,6.0,15.222685969004583,1.089217645322277,0.07155226400518734,0.11034174505672528,0.4135772988115132,3.088252038385738
035420,2025-06-02,-0.175,5.0,0.2493,0.1594,3.0,7.75,6.0,6.0,15.141498310503225,1.083408484547225,0.07155226400518734,0.11034174505672528,0.4135772988115132,3.0798243599927324
035420,2025-06-03,-0.0,3.0,0.0,0.3,1.0,7.75,6.0,6.0,15.141498310503225,1.083408484547225,0.07155226400518734,0.11034174505672528,0.4135772988115132,3.0798243599927324
035420,2025-06-04,0.864,6.0,0.0,0.2308,1.0,7.75,6.0,6.0,15.060310652001867,1.0775993237721728,0.07155226400518734,0.11034174505672528,0.4135772988115132,3.0713966815997273
035420,2025-06-05,0.4891,5.0,0.4172,0.1707,5.0,7.75,6.0,6.0,15.523080305459606,1.1107115401899699,0.07155226400518734,0.11034174505672528,0.4135772988115132,3.1194344484398577
035420,2025-06-06,0.002,3.0,0.0021,0.4247,2.0,7.75,6.0,6.0,15.523080305459606,1.1107115401899699,0.07155226400518734,0.11034174505672528,0.4135772988115132,3.1194344484398577
035420,2025-06-07,,,,,0.0,7.75,6.0,6.0,15.523080305459606,1.1107115401899699,0.07155226400518734,0.11034174505672528,0.4135772988115132,3.1194344484398577
035420,2025-06-08,0.1601,5.0,0.3544,0.2077,6.0,7.75,6.0,6.0,15.523080305459606,1.1107115401899699,0.07155226400518734,0.11034174505672528,0.4135772988115132,3.1194344484398577
035420,2025-06-09,0.089,5.0,0.3471,0.3518,6.0,7.75,6.0,6.0,16.11575021251952,1.1531184138478505,0.07155226400518734,0.11034174505672528,0.4135772988115132,3.1809565007087963
035420,2025-06-10,0.0259,6.0,0.4754,0.1505,9.0,7.75,6.0,6.0,16.237531700271557,1.161832155010429,0.07155226400518734,0.11034174505672528,0.4135772988115132,3.193598018298304
035420,2025-06-11,0.1443,5.0,0.6801,0.1811,6.0,7.75,6.0,6.0,16.318719358772913,1.167641315785481,0.07155226400518734,0.11034174505672528,0.4135772988115132,3.2020256966913094
035420,2025-06-12,0.1171,6.0,0.3081,0.2761,9.0,7.75,6.0,6.0,16.148225275920062,1.1554420781578714,0.07155226400518734,0.11034174505672528,0.4135772988115132,3.1843275720659983
035420,2025-06-13,0.3332,6.0,0.4712,0.3063,6.0,7.75,6.0,6.0,16.278125529522235,1.164736735397955,0.07155226400518734,0.11034174505672528,0.4135772988115132,3.1978118574948065
035420,2025-06-14,,,,,0.0,7.75,6.0,6.0,16.278125529522235,1.164736735397955,0.07155226400518734,0.11034174505672528,0.4135772988115132,3.1978118574948065
035420,2025-06-15,0.0001,4.0,0.0002,0.2494,4.0,7.75,6.0,6.0,16.278125529522235,1.164736735397955,0.07155226400518734,0.11034174505672528,0.4135772988115132,3.1978118574948065
035420,2025-06-16,0.0581,5.0,0.3852,0.333,7.0,7.75,6.0,6.0,17.008814456034454,1.2170191823734242,0.07155226400518734,0.11034174505672528,0.4135772988115132,3.2736609630318547
035420,2025-06-17,-0.0,4.0,0.0,0.2714,4.0,7.75,6.0,6.0,16.76525148053038,1.1995917000482677,0.07155226400518734,0.11034174505672528,0.4135772988115132,3.2483779278528386
035420,2025-06-18,0.4512,8.0,0.5984,0.1198,14.0,7.75,6.0,6.0,19.76919484508062,1.4145306487251972,0.07155226400518734,0.11034174505672528,0.4135772988115132,3.560202028394034
035420,2025-06-19,0.4969,8.0,0.6396,0.2888,12.0,7.75,6.0,6.0,20.45928994234216,1.4639085153131404,0.07155226400518734,0.11034174505672528,0.4135772988115132,3.63183729473458
035420,2025-06-20,0.0108,4.0,0.0186,0.2024,4.0,7.75,5.0,6.0,21.880073966115923,1.5655688288765528,0.07155226400518734,0.11034174505672528,0.4135772988115132,3.779321666612172
035420,2025-06-21,0.9712,6.0,0.0,0.28,1.0,7.75,5.0,6.0,21.880073966115923,1.5655688288765528,0.07155226400518734,0.11034174505672528,0.4135772988115132,3.779321666612172
035420,2025-06-22,-0.0003,3.0,0.0,0.1667,1.0,7.75,5.0,6.0,21.880073966115923,1.5655688288765528,0.07155226400518734,0.11034174505672528,0.4135772988115132,3.779321666612172
035420,2025-06-23,0.1248,7.0,0.5808,0.1682,17.0,7.75,5.0,6.0,23.544420965393755,1.6846566247651218,0.07155226400518734,0.11034174505672528,0.4135772988115132,3.9520890736687804
035420,2025-06-24,-0.0013,5.0,0.0044,0.2811,8.0,7.75,5.0,6.0,23.585014794644433,1.6875612051526478,0.07155226400518734,0.11034174505672528,0.4135772988115132,3.956302912865284
035420,2025-06-25,-0.0663,6.0,0.6136,0.1648,10.0,7.75,5.0,6.0,23.01670118513493,1.6468970797272828,0.07155226400518734,0.11034174505672528,0.4135772988115132,3.8973091641142465
035420,2025-06-26,-0.1929,8.0,0.6473,0.2123,14.0,7.75,5.0,6.0,21.18997886885438,1.5161909622886096,0.07155226400518734,0.11034174505672528,0.4135772988115132,3.707686400271627
035420,2025-06-27,0.0,4.0,0.0,0.2107,4.0,7.75,6.0,6.0,20.905822064099628,1.4958588995759272,0.07155226400518734,0.11034174505672528,0.4135772988115132,3.6781895258961086
035420,2025-06-28,,,,,0.0,7.75,6.0,6.0,20.905822064099628,1.4958588995759272,0.07155226400518734,0.11034174505672528,0.4135772988115132,3.6781895258961086
035420,2025-06-29,0.4999,4.0,0.4999,0.1323,2.0,7.75,6.0,6.0,20.905822064099628,1.4958588995759272,0.07155226400518734,0.11034174505672528,0.4135772988115132,3.6781895258961086
035420,2025-06-30,-0.0238,6.0,0.3227,0.2287,9.0,7.75,5.0,6.0,21.311760356606417,1.5249047034511878,0.07155226400518734,0.11034174505672528,0.4135772988115132,3.7203279178611357
035420,2025-07-01,0.25,5.0,0.4329,0.2141,4.0,7.75,5.0,7.0,21.27116652735574,1.5220001230636617,0.07155226400518734,0.11034174505672528,0.4135772988115132,3.7161140786646323
035420,2025-07-02,0.0,4.0,0.0001,0.1505,4.0,7.75,6.0,7.0,20.45928994234216,1.4639085153131404,0.07155226400518734,0.11034174505672528,0.4135772988115132,3.63183729473458
035420,2025-07-03,-0.0776,6.0,0.4915,0.2021,11.0,7.75,6.0,7.0,20.540477600843516,1.4697176760881925,0.07155226400518734,0.11034174505672528,0.4135772988115132,3.640264973127585
035420,2025-07-04,0.0245,7.0,0.2346,0.2207,15.0,7.75,6.0,7.0,20.215726966838087,1.4464810329879838,0.07155226400518734,0.11034174505672528,0.4135772988115132,3.6065542595555637
035420,2025-07-05,0.1455,4.0,0.2058,0.097,3.0,7.75,6.0,7.0,20.215726966838087,1.4464810329879838,0.07155226400518734,0.11034174505672528,0.4135772988115132,3.6065542595555637
035420,2025-07-06,-0.0288,4.0,0.0414,0.1088,3.0,7.75,6.0,7.0,20.215726966838087,1.4464810329879838,0.07155226400518734,0.11034174505672528,0.4135772988115132,3.6065542595555637
035420,2025-07-07,0.2833,5.0,0.4158,0.1389,4.0,7.75,6.0,7.0,20.78404057634759,1.4871451584133488,0.07155226400518734,0.11034174505672528,0.4135772988115132,3.665548008306601
035420,2025-07-08,0.2202,5.0,0.3193,0.168,5.0,7.75,6.0,7.0,20.946415893350306,1.4987634799634533,0.07155226400518734,0.11034174505672528,0.4135772988115132,3.682403365092611
035420,2025-07-09,0.4834,6.0,0.4835,0.1546,6.0,7.75,6.0,7.0,20.621665259344876,1.4755268368632446,0.07155226400518734,0.11034174505672528,0.4135772988115132,3.64869265152059
035420,2025-07-10,0.3914,7.0,0.4433,0.2294,9.0,7.75,5.0,7.0,21.068197381102344,1.5074772211260314,0.07155226400518734,0.11034174505672528,0.4135772988115132,3.6950448826821196
035420,2025-07-11,0.2998,7.0,0.4583,0.1918,10.0,7.75,6.0,7.0,20.540477600843516,1.4697176760881925,0.07155226400518734,0.11034174505672528,0.4135772988115132,3.640264973127585
035420,2025-07-12,-0.0,3.0,0.0,0.9184,1.0,7.75,6.0,7.0,20.540477600843516,1.4697176760881925,0.07155226400518734,0.11034174505672528,0.4135772988115132,3.640264973127585
035420,2025-07-13,0.0257,4.0,0.0519,0.1717,5.0,7.75,6.0,7.0,20.540477600843516,1.4697176760881925,0.07155226400518734,0.11034174505672528,0.4135772988115132,3.640264973127585
035420,2025-07-14,-0.2506,5.0,0.4324,0.1321,4.0,7.75,6.0,7.0,20.215726966838087,1.4464810329879838,0.07155226400518734,0.11034174505672528,0.4135772988115132,3.6065542595555637
035420,2025-07-15,0.3709,6.0,0.4852,0.1637,8.0,7.75,6.0,7.0,20.256320796088765,1.4493856133755099,0.07155226400518734,0.11034174505672528,0.4135772988115132,3.6107680987520663
035420,2025-07-16,0.0084,5.0,0.0121,0.2086,6.0,7.75,6.0,7.0,20.296914625339443,1.452290193763036,0.07155226400518734,0.11034174505672528,0.4135772988115132,3.614981937948569
035420,2025-07-17,0.4999,7.0,0.4981,0.1836,10.0,7.75,6.0,7.0,19.76919484508062,1.4145306487251972,0.07155226400518734,0.11034174505672528,0.4135772988115132,3.560202028394034
035420,2025-07-18,0.2652,6.0,0.4255,0.2366,8.0,7.75,6.0,7.0,19.64741335732858,1.4058169075626188,0.07155226400518734,0.11034174505672528,0.4135772988115132,3.5475605108045265
035420,2025-07-19,,,,,0.0,7.75,6.0,7.0,19.64741335732858,1.4058169075626188,0.07155226400518734,0.11034174505672528,0.4135772988115132,3.5475605108045265
035420,2025-07-20,0.5848,6.0,0.4648,0.0975,5.0,7.75,6.0,7.0,19.64741335732858,1.4058169075626188,0.07155226400518734,0.11034174505672528,0.4135772988115132,3.5475605108045265
035420,2025-07-21,0.3948,5.0,0.4661,0.2317,5.0,7.75,6.0,7.0,19.48503804032587,1.3941985860125146,0.07155226400518734,0.11034174505672528,0.4135772988115132,3.5307051540185164
035420,2025-07-22,0.4995,6.0,0.4867,0.1684,6.0,7.75,6.0,7.0,19.07909974781908,1.3651527821372538,0.07155226400518734,0.11034174505672528,0.4135772988115132,3.4885667620534893
035420,2025-07-23,0.548,8.0,0.4947,0.2132,11.0,7.75,6.0,7.0,18.794942943064324,1.3448207194245714,0.07155226400518734,0.11034174505672528,0.4135772988115132,3.459069887677971
035420,2025-07-24,0.1405,7.0,0.4967,0.1728,13.0,7.75,6.0,7.0,18.429598479808217,1.3186794959368366,0.07155226400518734,0.11034174505672528,0.4135772988115132,3.421145334909447
035420,2025-07-25,0.4728,5.0,0.4732,0.1684,4.0,7.75,6.0,7.0,19.038505918568397,1.3622482017497277,0.07155226400518734,0.11034174505672528,0.4135772988115132,3.4843529228569867
035420,2025-07-26,,,,,0.0,7.75,6.0,7.0,19.038505918568397,1.3622482017497277,0.07155226400518734,0.11034174505672528,0.4135772988115132,3.4843529228569867
035420,2025-07-27,0.0,3.0,0.0,0.2128,1.0,7.75,6.0,7.0,19.038505918568397,1.3622482017497277,0.07155226400518734,0.11034174505672528,0.4135772988115132,3.4843529228569867
035420,2025-07-28,0.5518,6.0,0.7696,0.1874,5.0,7.75,6.0,7.0,19.119693577069757,1.3680573625247798,0.07155226400518734,0.11034174505672528,0.4135772988115132,3.4927806012499922
035420,2025-07-29,0.5465,7.0,0.5257,0.1768,7.0,7.75,6.0,7.0,18.916724430816362,1.3535344605871495,0.07155226400518734,0.11034174505672528,0.4135772988115132,3.471711405267479
035420,2025-07-30,-0.2828,5.0,0.6022,0.1824,5.0,7.75,6.0,7.0,18.99791208931772,1.3593436213622017,0.07155226400518734,0.11034174505672528,0.4135772988115132,3.480139083660484
035420,2025-07-31,-0.0,3.0,0.0,0.1629,2.0,7.75,6.0,7.0,19.07909974781908,1.3651527821372538,0.07155226400518734,0.11034174505672528,0.4135772988115132,3.4885667620534893
035420,2025-08-01,0.151,5.0,0.3468,0.2761,7.0,7.75,6.0,8.0,18.2672231628055,1.3070611743867324,0.07155226400518734,0.11034174505672528,0.4135772988115132,3.404289978123437
035420,2025-08-02,0.0046,3.0,0.0,0.1915,1.0,7.75,6.0,8.0,18.2672231628055,1.3070611743867324,0.07155226400518734,0.11034174505672528,0.4135772988115132,3.404289978123437
035420,2025-08-03,0.5123,5.0,0.4875,0.1697,2.0,7.75,6.0,8.0,18.2672231628055,1.3070611743867324,0.07155226400518734,0.11034174505672528,0.4135772988115132,3.404289978123437
035420,2025-08-04,0.2984,7.0,0.4574,0.179,10.0,7.75,6.0,8.0,18.876130601565684,1.3506298801996235,0.07155226400518734,0.11034174505672528,0.4135772988115132,3.467497566070976
035420,2025-08-05,0.3589,8.0,0.5692,0.2547,13.0,7.75,6.0,8.0,18.835536772315006,1.3477252998120974,0.07155226400518734,0.11034174505672528,0.4135772988115132,3.463283726874474
035420,2025-08-06,-0.0796,6.0,0.5432,0.2552,9.0,7.75,6.0,8.0,18.55137996756025,1.327393237099415,0.07155226400518734,0.11034174505672528,0.4135772988115132,3.433786852498955
035420,2025-08-07,0.3303,5.0,0.4734,0.134,3.0,7.75,6.0,8.0,19.119693577069757,1.3680573625247798,0.07155226400518734,0.11034174505672528,0.4135772988115132,3.4927806012499922
035420,2025-08-08,0.7632,9.0,0.3977,0.239,15.0,7.75,6.0,8.0,18.63256762606161,1.3332023978744671,0.07155226400518734,0.11034174505672528,0.4135772988115132,3.4422145308919605
035420,2025-08-09,-0.957,6.0,0.0,0.1538,1.0,7.75,6.0,8.0,18.63256762606161,1.3332023978744671,0.07155226400518734,0.11034174505672528,0.4135772988115132,3.4422145308919605
035420,2025-08-10,-0.4017,4.0,0.4017,0.1931,2.0,7.75,6.0,8.0,18.63256762606161,1.3332023978744671,0.07155226400518734,0.11034174505672528,0.4135772988115132,3.4422145308919605
035420,2025-08-11,0.0001,3.0,0.0001,0.15,2.0,7.75,6.0,8.0,18.104847845802784,1.2954428528366282,0.07155226400518734,0.11034174505672528,0.4135772988115132,3.387434621337426
035420,2025-08-12,0.1278,5.0,0.3297,0.1796,8.0,7.75,6.0,8.0,18.104847845802784,1.2954428528366282,0.07155226400518734,0.11034174505672528,0.4135772988115132,3.387434621337426
035420,2025-08-13,0.4982,7.0,0.4736,0.1582,11.0,7.75,6.0,8.0,18.2672231628055,1.3070611743867324,0.07155226400518734,0.11034174505672528,0.4135772988115132,3.404289978123437
035420,2025-08-14,0.091,6.0,0.5327,0.2632,10.0,7.75,6.0,8.0,18.226629333554822,1.3041565939992064,0.07155226400518734,0.11034174505672528,0.4135772988115132,3.400076138926934
035420,2025-08-15,0.0,3.0,0.0,0.2222,1.0,7.75,6.0,8.0,18.226629333554822,1.3041565939992064,0.07155226400518734,0.11034174505672528,0.4135772988115132,3.400076138926934
035420,2025-08-16,,,,,0.0,7.75,6.0,8.0,18.226629333554822,1.3041565939992064,0.07155226400518734,0.11034174505672528,0.4135772988115132,3.400076138926934
035420,2025-08-17,0.0004,3.0,0.0,0.0444,1.0,7.75,6.0,8.0,18.226629333554822,1.3041565939992064,0.07155226400518734,0.11034174505672528,0.4135772988115132,3.400076138926934
035420,2025-08-18,0.2197,7.0,0.3375,0.1529,9.0,7.75,6.0,8.0,18.348410821306857,1.3128703351617845,0.07155226400518734,0.11034174505672528,0.4135772988115132,3.412717656516442
035420,2025-08-19,0.6157,7.0,0.4754,0.1987,8.0,7.75,6.0,8.0,18.30781699205618,1.3099657547742585,0.07155226400518734,0.11034174505672528,0.4135772988115132,3.4085038173199393
035420,2025-08-20,0.3287,6.0,0.4248,0.1489,8.0,7.75,6.0,8.0,17.98306635805075,1.28672911167405,0.07155226400518734,0.11034174505672528,0.4135772988115132,3.374793103747918
035420,2025-08-21,0.0453,4.0,0.0642,0.1604,3.0,7.75,6.0,8.0,18.104847845802784,1.2954428528366282,0.07155226400518734,0.11034174505672528,0.4135772988115132,3.387434621337426
035420,2025-08-22,0.0014,4.0,0.0028,0.1928,5.0,7.75,6.0,8.0,18.023660187301427,1.289633692061576,0.07155226400518734,0.11034174505672528,0.4135772988115132,3.3790069429444207
035420,2025-08-23,,,,,0.0,7.75,6.0,8.0,18.023660187301427,1.289633692061576,0.07155226400518734,0.11034174505672528,0.4135772988115132,3.3790069429444207
035420,2025-08-24,-0.0126,3.0,0.0,0.06,1.0,7.75,6.0,8.0,18.023660187301427,1.289633692061576,0.07155226400518734,0.11034174505672528,0.4135772988115132,3.3790069429444207
035420,2025-08-25,-0.0008,4.0,0.0011,0.3238,5.0,7.75,6.0,8.0,18.30781699205618,1.3099657547742585,0.07155226400518734,0.11034174505672528,0.4135772988115132,3.4085038173199393
035420,2025-08-26,0.0001,4.0,0.0003,0.2119,4.0,7.75,6.0,8.0,17.942472528800067,1.2838245312865237,0.07155226400518734,0.11034174505672528,0.4135772988115132,3.3705792645514157
035420,2025-08-27,0.0001,3.0,0.0,0.1224,1.0,7.75,6.0,8.0,17.698909553295994,1.2663970489613674,0.07155226400518734,0.11034174505672528,0.4135772988115132,3.3452962293723996
035420,2025-08-28,0.3553,5.0,0.8157,0.2006,4.0,7.75,6.0,8.0,17.658315724045316,1.2634924685738413,0.07155226400518734,0.11034174505672528,0.4135772988115132,3.341082390175897
035420,2025-08-29,-0.1665,5.0,0.3725,0.2857,6.0,7.75,6.0,8.0,17.414752748541243,1.246064986248685,0.07155226400518734,0.11034174505672528,0.4135772988115132,3.315799354996881
035420,2025-08-30,0.0,3.0,0.0,0.1064,1.0,7.75,6.0,8.0,17.414752748541243,1.246064986248685,0.07155226400518734,0.11034174505672528,0.4135772988115132,3.315799354996881
035420,2025-08-31,0.0003,3.0,0.0,0.2609,1.0,7.75,6.0,8.0,17.414752748541243,1.246064986248685,0.07155226400518734,0.11034174505672528,0.4135772988115132,3.315799354996881
035420,2025-09-01,0.101,6.0,0.273,0.2091,9.0,7.75,6.0,9.0,17.4959404070426,1.2518741470237371,0.07155226400518734,0.11034174505672528,0.4135772988115132,3.324227033389886
035420,2025-09-02,0.4072,5.0,0.4838,0.1735,5.0,7.75,6.0,9.0,18.2672231628055,1.3070611743867324,0.07155226400518734,0.11034174505672528,0.4135772988115132,3.404289978123437
035420,2025-09-03,-0.3857,6.0,0.4543,0.1548,7.0,7.75,6.0,9.0,17.942472528800067,1.2838245312865237,0.07155226400518734,0.11034174505672528,0.4135772988115132,3.3705792645514157
035420,2025-09-04,0.0,3.0,0.0,0.1875,1.0,7.75,6.0,9.0,18.429598479808217,1.3186794959368366,0.07155226400518734,0.11034174505672528,0.4135772988115132,3.421145334909447
035420,2025-09-05,0.3333,5.0,0.4713,0.163,3.0,7.75,6.0,9.0,18.59197379681093,1.330297817486941,0.07155226400518734,0.11034174505672528,0.4135772988115132,3.438000691695458
035420,2025-09-06,,,,,0.0,7.75,6.0,9.0,18.59197379681093,1.330297817486941,0.07155226400518734,0.11034174505672528,0.4135772988115132,3.438000691695458
035420,2025-09-07,0.0144,5.0,0.0661,0.2198,6.0,7.75,6.0,9.0,18.59197379681093,1.330297817486941,0.07155226400518734,0.11034174505672528,0.4135772988115132,3.438000691695458
035420,2025-09-08,0.1757,6.0,0.3456,0.2841,7.0,7.75,6.0,9.0,18.510786138309573,1.3244886567118888,0.07155226400518734,0.11034174505672528,0.4135772988115132,3.429573013302452
035420,2025-09-09,0.2324,7.0,0.6243,0.2174,9.0,7.75,6.0,9.0,18.754349113813646,1.3419161390370453,0.07155226400518734,0.11034174505672528,0.4135772988115132,3.454856048481468
035420,2025-09-10,0.5952,8.0,0.4537,0.2241,10.0,7.75,6.0,9.0,18.95731826006704,1.3564390409746756,0.07155226400518734,0.11034174505672528,0.4135772988115132,3.4759252444639817
035420,2025-09-11,-0.3299,5.0,0.4669,0.2393,3.0,7.75,6.0,9.0,18.916724430816362,1.3535344605871495,0.07155226400518734,0.11034174505672528,0.4135772988115132,3.471711405267479
035420,2025-09-12,0.4212,4.0,0.4211,0.1792,2.0,7.75,6.0,9.0,19.160287406320435,1.370961942912306,0.07155226400518734,0.11034174505672528,0.4135772988115132,3.496994440446495
035420,2025-09-13,-0.9984,6.0,0.0,0.4906,1.0,7.75,6.0,9.0,19.160287406320435,1.370961942912306,0.07155226400518734,0.11034174505672528,0.4135772988115132,3.496994440446495
035420,2025-09-14,-0.7986,5.0,0.0,0.0417,1.0,7.75,6.0,9.0,19.160287406320435,1.370961942912306,0.07155226400518734,0.11034174505672528,0.4135772988115132,3.496994440446495
035420,2025-09-15,0.2074,6.0,0.3654,0.1798,6.0,7.75,6.0,9.0,18.99791208931772,1.3593436213622017,0.07155226400518734,0.11034174505672528,0.4135772988115132,3.480139083660484
035420,2025-09-16,0.1073,6.0,0.4678,0.1666,11.0,7.75,6.0,9.0,19.07909974781908,1.3651527821372538,0.07155226400518734,0.11034174505672528,0.4135772988115132,3.4885667620534893
035420,2025-09-17,0.2927,6.0,0.4216,0.1936,8.0,7.75,6.0,9.0,18.95731826006704,1.3564390409746756,0.07155226400518734,0.11034174505672528,0.4135772988115132,3.4759252444639817
035420,2025-09-18,0.0461,7.0,0.5533,0.1347,14.0,7.75,6.0,9.0,19.36325655257383,1.3854848448499364,0.07155226400518734,0.11034174505672528,0.4135772988115132,3.518063636429008
035420,2025-09-19,0.1138,5.0,0.4126,0.1992,6.0,7.75,6.0,9.0,18.99791208931772,1.3593436213622017,0.07155226400518734,0.11034174505672528,0.4135772988115132,3.480139083660484
035420,2025-09-20,,,,,0.0,7.75,6.0,9.0,18.99791208931772,1.3593436213622017,0.07155226400518734,0.11034174505672528,0.4135772988115132,3.480139083660484
035420,2025-09-21,0.3372,5.0,0.4681,0.1602,3.0,7.75,6.0,9.0,18.99791208931772,1.3593436213622017,0.07155226400518734,0.11034174505672528,0.4135772988115132,3.480139083660484
035420,2025-09-22,0.4999,5.0,0.4999,0.2189,4.0,7.75,6.0,9.0,18.835536772315006,1.3477252998120974,0.07155226400518734,0.11034174505672528,0.4135772988115132,3.463283726874474
035420,2025-09-23,0.2444,5.0,0.4215,0.1529,4.0,7.75,6.0,9.0,18.754349113813646,1.3419161390370453,0.07155226400518734,0.11034174505672528,0.4135772988115132,3.454856048481468
035420,2025-09-24,0.2009,5.0,0.3995,0.2466,5.0,7.75,6.0,9.0,18.510786138309573,1.3244886567118888,0.07155226400518734,0.11034174505672528,0.4135772988115132,3.429573013302452
035420,2025-09-25,0.1561,7.0,0.3663,0.1635,19.0,7.75,6.0,9.0,20.621665259344876,1.4755268368632446,0.07155226400518734,0.11034174505672528,0.4135772988115132,3.64869265152059
035420,2025-09-26,0.0673,7.0,0.6133,0.2159,15.0,7.75,6.0,9.0,20.82463440559827,1.4900497388008749,0.07155226400518734,0.11034174505672528,0.4135772988115132,3.6697618475031035
035420,2025-09-27,-0.5939,6.0,0.363,0.1243,4.0,7.75,6.0,9.0,20.82463440559827,1.4900497388008749,0.07155226400518734,0.11034174505672528,0.4135772988115132,3.6697618475031035
035420,2025-09-28,0.0012,4.0,0.002,0.1491,4.0,7.75,6.0,9.0,20.82463440559827,1.4900497388008749,0.07155226400518734,0.11034174505672528,0.4135772988115132,3.6697618475031035
035420,2025-09-29,0.4814,8.0,0.4814,0.1802,19.0,7.75,5.0,9.0,22.28601225862271,1.5946146327518136,0.07155226400518734,0.11034174505672528,0.4135772988115132,3.821460058577199
035420,2025-09-30,0.3862,7.0,0.4697,0.284,10.0,7.75,5.0,9.0,21.798886307614563,1.5597596681015007,0.07155226400518734,0.11034174505672528,0.4135772988115132,3.770893988219167
035420,2025-10-01,-0.2029,6.0,0.61,0.1779,8.0,7.75,6.0,10.0,20.662259088595555,1.4784314172507707,0.07155226400518734,0.11034174505672528,0.4135772988115132,3.6529064907170925
035420,2025-10-02,0.0,4.0,0.0001,0.2015,4.0,7.75,6.0,10.0,20.540477600843516,1.4697176760881925,0.07155226400518734,0.11034174505672528,0.4135772988115132,3.640264973127585
035420,2025-10-03,0.0,3.0,0.0,0.2079,2.0,7.75,6.0,10.0,20.540477600843516,1.4697176760881925,0.07155226400518734,0.11034174505672528,0.4135772988115132,3.640264973127585
035420,2025-10-04,,,,,0.0,7.75,6.0,10.0,20.540477600843516,1.4697176760881925,0.07155226400518734,0.11034174505672528,0.4135772988115132,3.640264973127585
035420,2025-10-05,,,,,0.0,7.75,6.0,10.0,20.540477600843516,1.4697176760881925,0.07155226400518734,0.11034174505672528,0.4135772988115132,3.640264973127585
035420,2025-10-06,-0.0486,3.0,0.0,0.1698,1.0,7.75,6.0,10.0,20.540477600843516,1.4697176760881925,0.07155226400518734,0.11034174505672528,0.4135772988115132,3.640264973127585
035420,2025-10-07,0.9989,6.0,0.0,0.1064,1.0,7.75,6.0,10.0,20.540477600843516,1.4697176760881925,0.07155226400518734,0.11034174505672528,0.4135772988115132,3.640264973127585
035420,2025-10-08,0.6666,6.0,0.4707,0.3279,3.0,7.75,6.0,10.0,20.540477600843516,1.4697176760881925,0.07155226400518734,0.11034174505672528,0.4135772988115132,3.640264973127585
035420,2025-10-09,0.4998,4.0,0.4999,0.4419,2.0,7.75,6.0,10.0,20.540477600843516,1.4697176760881925,0.07155226400518734,0.11034174505672528,0.4135772988115132,3.640264973127585
035420,2025-10-10,0.201,6.0,0.5369,0.14,7.0,7.75,5.0,10.0,21.717698649113206,1.5539505073264486,0.07155226400518734,0.11034174505672528,0.4135772988115132,3.762466309826162
035420,2025-10-11,0.0,3.0,0.0,0.1088,2.0,7.75,5.0,10.0,21.717698649113206,1.5539505073264486,0.07155226400518734,0.11034174505672528,0.4135772988115132,3.762466309826162
035420,2025-10-12,0.1083,6.0,0.5658,0.2094,9.0,7.75,5.0,10.0,21.717698649113206,1.5539505073264486,0.07155226400518734,0.11034174505672528,0.4135772988115132,3.762466309826162
035420,2025-10-13,0.0641,4.0,0.1277,0.1323,5.0,7.75,5.0,10.0,21.311760356606417,1.5249047034511878,0.07155226400518734,0.11034174505672528,0.4135772988115132,3.7203279178611357
035420,2025-10-14,0.1697,6.0,0.335,0.1471,8.0,7.75,6.0,10.0,20.946415893350306,1.4987634799634533,0.07155226400518734,0.11034174505672528,0.4135772988115132,3.682403365092611
035420,2025-10-15,0.2833,5.0,0.3361,0.1253,4.0,7.75,5.0,10.0,20.987009722600984,1.5016680603509793,0.07155226400518734,0.11034174505672528,0.4135772988115132,3.6866172042891137
035420,2025-10-16,0.2316,7.0,0.3938,0.2665,10.0,7.75,5.0,10.0,21.1493850396037,1.5132863819010836,0.07155226400518734,0.11034174505672528,0.4135772988115132,3.7034725610751247
035420,2025-10-17,-0.1369,6.0,0.5185,0.1535,9.0,7.75,6.0,10.0,20.74344674709691,1.4842405780258228,0.07155226400518734,0.11034174505672528,0.4135772988115132,3.6613341691100985
035420,2025-10-18,,,,,0.0,7.75,6.0,10.0,20.74344674709691,1.4842405780258228,0.07155226400518734,0.11034174505672528,0.4135772988115132,3.6613341691100985
035420,2025-10-19,0.1902,4.0,0.1902,0.15,2.0,7.75,6.0,10.0,20.74344674709691,1.4842405780258228,0.07155226400518734,0.11034174505672528,0.4135772988115132,3.6613341691100985
035420,2025-10-20,-0.2364,6.0,0.6471,0.2575,8.0,7.75,6.0,10.0,20.946415893350306,1.4987634799634533,0.07155226400518734,0.11034174505672528,0.4135772988115132,3.682403365092611
035420,2025-10-21,0.6018,6.0,0.4729,0.2098,5.0,7.75,6.0,10.0,20.662259088595555,1.4784314172507707,0.07155226400518734,0.11034174505672528,0.4135772988115132,3.6529064907170925
035420,2025-10-22,0.2839,5.0,0.3366,0.1112,5.0,7.75,6.0,10.0,20.74344674709691,1.4842405780258228,0.07155226400518734,0.11034174505672528,0.4135772988115132,3.6613341691100985
035420,2025-10-23,0.4432,7.0,0.4954,0.1855,9.0,7.75,6.0,10.0,19.68800718657926,1.4087214879501448,0.07155226400518734,0.11034174505672528,0.4135772988115132,3.551774350001029
035420,2025-10-24,0.0018,4.0,0.0025,0.1966,4.0,7.75,6.0,10.0,20.05335164983537,1.4348627114378796,0.07155226400518734,0.11034174505672528,0.4135772988115132,3.5896989027695536
035420,2025-10-25,0.0049,3.0,0.0029,0.5715,2.0,7.75,6.0,10.0,20.05335164983537,1.4348627114378796,0.07155226400518734,0.11034174505672528,0.4135772988115132,3.5896989027695536
035420,2025-10-26,0.0002,4.0,0.0002,0.1685,4.0,7.75,6.0,10.0,20.05335164983537,1.4348627114378796,0.07155226400518734,0.11034174505672528,0.4135772988115132,3.5896989027695536
035420,2025-10-27,0.0303,6.0,0.0842,0.2197,9.0,7.75,6.0,10.0,20.378102283840803,1.4580993545380883,0.07155226400518734,0.11034174505672528,0.4135772988115132,3.6234096163415748
035420,2025-10-28,0.1295,5.0,0.2143,0.2692,8.0,7.75,6.0,10.0,20.540477600843516,1.4697176760881925,0.07155226400518734,0.11034174505672528,0.4135772988115132,3.640264973127585
035420,2025-10-29,0.3749,6.0,0.484,0.1759,8.0,7.75,5.0,10.0,21.51472950285981,1.5394276053888183,0.07155226400518734,0.11034174505672528,0.4135772988115132,3.7413971138436484
035420,2025-10-30,0.0004,6.0,0.4251,0.1706,11.0,7.75,6.0,10.0,20.74344674709691,1.4842405780258228,0.07155226400518734,0.11034174505672528,0.4135772988115132,3.6613341691100985
035420,2025-10-31,0.4403,8.0,0.4887,0.2452,16.0,7.75,5.0,10.0,21.717698649113206,1.5539505073264486,0.07155226400518734,0.11034174505672528,0.4135772988115132,3.762466309826162
035420,2025-11-01,0.0,3.0,0.0,0.6341,1.0,7.75,5.0,11.0,21.717698649113206,1.5539505073264486,0.07155226400518734,0.11034174505672528,0.4135772988115132,3.762466309826162
035420,2025-11-02,,,,,0.0,7.75,5.0,11.0,21.717698649113206,1.5539505073264486,0.07155226400518734,0.11034174505672528,0.4135772988115132,3.762466309826162
035420,2025-11-03,0.25,5.0,0.8289,0.1681,4.0,7.75,5.0,11.0,22.28601225862271,1.5946146327518136,0.07155226400518734,0.11034174505672528,0.4135772988115132,3.821460058577199
035420,2025-11-04,0.0755,5.0,0.1532,0.1445,7.0,7.75,5.0,11.0,21.677104819862528,1.5510459269389225,0.07155226400518734,0.11034174505672528,0.4135772988115132,3.7582524706296594
035420,2025-11-05,0.5293,9.0,0.4513,0.2388,17.0,7.75,5.0,11.0,22.61076289262814,1.617851275852022,0.07155226400518734,0.11034174505672528,0.4135772988115132,3.8551707721492203
035420,2025-11-06,0.3484,7.0,0.5519,0.2469,10.0,7.75,5.0,11.0,21.43354184435845,1.533618444613766,0.07155226400518734,0.11034174505672528,0.4135772988115132,3.7329694354506433
035420,2025-11-07,0.1675,5.0,0.335,0.3112,5.0,7.75,5.0,11.0,21.108791210353022,1.5103818015135575,0.07155226400518734,0.11034174505672528,0.4135772988115132,3.699258721878622
035420,2025-11-08,,,,,0.0,7.75,5.0,11.0,21.108791210353022,1.5103818015135575,0.07155226400518734,0.11034174505672528,0.4135772988115132,3.699258721878622
035420,2025-11-09,0.4999,4.0,0.4999,0.2236,2.0,7.75,5.0,11.0,21.108791210353022,1.5103818015135575,0.07155226400518734,0.11034174505672528,0.4135772988115132,3.699258721878622
035420,2025-11-10,0.2621,5.0,0.3706,0.144,3.0,7.75,5.0,11.0,21.108791210353022,1.5103818015135575,0.07155226400518734,0.11034174505672528,0.4135772988115132,3.699258721878622
035420,2025-11-11,0.3436,6.0,0.4645,0.1779,6.0,7.75,5.0,11.0,21.352354185857095,1.5278092838387138,0.07155226400518734,0.11034174505672528,0.4135772988115132,3.7245417570576382
035420,2025-11-12,0.1019,5.0,0.445,0.1329,8.0,7.75,5.0,11.0,21.392948015107773,1.53071386422624,0.07155226400518734,0.11034174505672528,0.4135772988115132,3.7287555962541408
035420,2025-11-13,0.2594,5.0,0.4278,0.3683,4.0,7.75,5.0,11.0,21.55532333211049,1.5423321857763443,0.07155226400518734,0.11034174505672528,0.4135772988115132,3.745610953040151
035420,2025-11-14,0.3481,6.0,0.4333,0.2196,7.0,7.75,6.0,11.0,20.581071430094198,1.4726222564757185,0.07155226400518734,0.11034174505672528,0.4135772988115132,3.6444788123240874
035420,2025-11-15,,,,,0.0,7.75,6.0,11.0,20.581071430094198,1.4726222564757185,0.07155226400518734,0.11034174505672528,0.4135772988115132,3.6444788123240874
035420,2025-11-16,,,,,0.0,7.75,6.0,11.0,20.581071430094198,1.4726222564757185,0.07155226400518734,0.11034174505672528,0.4135772988115132,3.6444788123240874
035420,2025-11-17,0.2578,6.0,0.394,0.1988,7.0,7.75,6.0,11.0,20.702852917846233,1.4813359976382967,0.07155226400518734,0.11034174505672528,0.4135772988115132,3.657120329913596
035420,2025-11-18,0.0738,5.0,0.1225,0.2026,7.0,7.75,6.0,11.0,20.215726966838087,1.4464810329879838,0.07155226400518734,0.11034174505672528,0.4135772988115132,3.6065542595555637
035420,2025-11-19,0.0118,7.0,0.3855,0.2586,12.0,7.75,6.0,11.0,20.17513313758741,1.4435764526004577,0.07155226400518734,0.11034174505672528,0.4135772988115132,3.602340420359061
035420,2025-11-20,0.6294,6.0,0.3765,0.2298,4.0,7.75,6.0,11.0,20.86522823484895,1.492954319188401,0.07155226400518734,0.11034174505672528,0.4135772988115132,3.673975686699606
035420,2025-11-21,0.2552,5.0,0.8164,0.2271,4.0,7.75,5.0,11.0,21.311760356606417,1.5249047034511878,0.07155226400518734,0.11034174505672528,0.4135772988115132,3.7203279178611357
035420,2025-11-22,,,,,0.0,7.75,5.0,11.0,21.311760356606417,1.5249047034511878,0.07155226400518734,0.11034174505672528,0.4135772988115132,3.7203279178611357
035420,2025-11-23,0.6082,6.0,0.4314,0.1857,3.0,7.75,5.0,11.0,21.311760356606417,1.5249047034511878,0.07155226400518734,0.11034174505672528,0.4135772988115132,3.7203279178611357
035420,2025-11-24,0.0014,7.0,0.6891,0.1909,12.0,7.75,5.0,11.0,21.18997886885438,1.5161909622886096,0.07155226400518734,0.11034174505672528,0.4135772988115132,3.707686400271627
035420,2025-11-25,0.1468,5.0,0.3488,0.1737,7.0,7.75,6.0,11.0,20.540477600843516,1.4697176760881925,0.07155226400518734,0.11034174505672528,0.4135772988115132,3.640264973127585
035420,2025-11-26,0.203,8.0,0.5072,0.2605,19.0,7.75,5.0,11.0,21.392948015107773,1.53071386422624,0.07155226400518734,0.11034174505672528,0.4135772988115132,3.7287555962541408
035420,2025-11-27,0.0438,7.0,0.4829,0.2986,30.0,7.75,6.0,11.0,20.41869611309148,1.4610039349256143,0.07155226400518734,0.11034174505672528,0.4135772988115132,3.6276234555380773
035420,2025-11-28,-0.0771,7.0,0.6173,0.2649,20.0,7.75,6.0,11.0,19.809788674331298,1.4174352291127232,0.07155226400518734,0.11034174505672528,0.4135772988115132,3.5644158675905375
035420,2025-11-29,-0.0698,3.0,0.0,0.0682,1.0,7.75,6.0,11.0,19.809788674331298,1.4174352291127232,0.07155226400518734,0.11034174505672528,0.4135772988115132,3.5644158675905375
035420,2025-11-30,-0.8113,6.0,0.3753,0.1483,5.0,7.75,6.0,11.0,19.809788674331298,1.4174352291127232,0.07155226400518734,0.11034174505672528,0.4135772988115132,3.5644158675905375
035420,2025-12-01,0.1433,5.0,0.6382,0.1627,7.0,7.75,6.0,12.0,19.72860101582994,1.4116260683376711,0.07155226400518734,0.11034174505672528,0.4135772988115132,3.5559881891975316
035420,2025-12-02,0.2257,4.0,0.2257,0.1747,2.0,7.75,6.0,12.0,19.72860101582994,1.4116260683376711,0.07155226400518734,0.11034174505672528,0.4135772988115132,3.5559881891975316
035420,2025-12-03,-0.0042,4.0,0.6233,0.153,5.0,7.75,6.0,12.0,20.012757820584692,1.4319581310503535,0.07155226400518734,0.11034174505672528,0.4135772988115132,3.58548506357305
035420,2025-12-04,0.1912,5.0,0.3311,0.1555,4.0,7.75,6.0,12.0,20.05335164983537,1.4348627114378796,0.07155226400518734,0.11034174505672528,0.4135772988115132,3.5896989027695536
035420,2025-12-05,0.5726,5.0,0.0,0.2955,1.0,7.75,6.0,12.0,20.256320796088765,1.4493856133755099,0.07155226400518734,0.11034174505672528,0.4135772988115132,3.6107680987520663
035420,2025-12-06,,,,,0.0,7.75,6.0,12.0,20.256320796088765,1.4493856133755099,0.07155226400518734,0.11034174505672528,0.4135772988115132,3.6107680987520663
035420,2025-12-07,0.0067,3.0,0.0,0.1304,1.0,7.75,6.0,12.0,20.256320796088765,1.4493856133755099,0.07155226400518734,0.11034174505672528,0.4135772988115132,3.6107680987520663
035420,2025-12-08,-0.269,5.0,0.4227,0.1815,4.0,7.75,6.0,12.0,20.215726966838087,1.4464810329879838,0.07155226400518734,0.11034174505672528,0.4135772988115132,3.6065542595555637
035420,2025-12-09,0.1828,5.0,0.3622,0.2178,5.0,7.75,6.0,12.0,20.13453930833673,1.4406718722129317,0.07155226400518734,0.11034174505672528,0.4135772988115132,3.5981265811625587
035420,2025-12-10,-0.0055,3.0,0.0,0.1176,1.0,7.75,6.0,12.0,19.850382503581976,1.4203398095002493,0.07155226400518734,0.11034174505672528,0.4135772988115132,3.56862970678704
035420,2025-12-11,0.595,6.0,0.4859,0.1465,5.0,7.75,6.0,12.0,19.76919484508062,1.4145306487251972,0.07155226400518734,0.11034174505672528,0.4135772988115132,3.560202028394034
035420,2025-12-12,0.1112,6.0,0.3142,0.2184,9.0,7.75,6.0,12.0,19.850382503581976,1.4203398095002493,0.07155226400518734,0.11034174505672528,0.4135772988115132,3.56862970678704
035420,2025-12-13,,,,,0.0,7.75,6.0,12.0,19.850382503581976,1.4203398095002493,0.07155226400518734,0.11034174505672528,0.4135772988115132,3.56862970678704
035420,2025-12-14,,,,,0.0,7.75,6.0,12.0,19.850382503581976,1.4203398095002493,0.07155226400518734,0.11034174505672528,0.4135772988115132,3.56862970678704
035420,2025-12-15,0.0573,5.0,0.4849,0.1879,6.0,7.75,6.0,12.0,19.525631869576547,1.3971031664000406,0.07155226400518734,0.11034174505672528,0.4135772988115132,3.534918993215019
035420,2025-12-16,0.4367,5.0,0.4417,0.1916,4.0,7.75,6.0,12.0,18.794942943064324,1.3448207194245714,0.07155226400518734,0.11034174505672528,0.4135772988115132,3.459069887677971
035420,2025-12-17,0.2818,5.0,0.3961,0.188,3.0,7.75,6.0,12.0,18.754349113813646,1.3419161390370453,0.07155226400518734,0.11034174505672528,0.4135772988115132,3.454856048481468
035420,2025-12-18,-0.7993,9.0,0.3997,0.0919,15.0,7.75,6.0,12.0,18.713755284562968,1.3390115586495193,0.07155226400518734,0.11034174505672528,0.4135772988115132,3.4506422092849656
035420,2025-12-19,0.2661,8.0,0.4239,0.2251,12.0,7.75,6.0,12.0,19.119693577069757,1.3680573625247798,0.07155226400518734,0.11034174505672528,0.4135772988115132,3.4927806012499922
035420,2025-12-20,-0.0,3.0,0.0,0.7059,1.0,7.75,6.0,12.0,19.119693577069757,1.3680573625247798,0.07155226400518734,0.11034174505672528,0.4135772988115132,3.4927806012499922
035420,2025-12-21,-0.1812,4.0,0.1816,0.1088,2.0,7.75,6.0,12.0,19.119693577069757,1.3680573625247798,0.07155226400518734,0.11034174505672528,0.4135772988115132,3.4927806012499922
035420,2025-12-22,-0.1427,5.0,0.8327,0.2573,7.0,7.75,6.0,12.0,19.322662723323152,1.3825802644624103,0.07155226400518734,0.11034174505672528,0.4135772988115132,3.5138497972325053
035420,2025-12-23,0.1482,4.0,0.4342,0.1216,5.0,7.75,6.0,12.0,19.241475064821792,1.3767711036873582,0.07155226400518734,0.11034174505672528,0.4135772988115132,3.5054221188395003
035420,2025-12-24,0.9998,6.0,0.0,0.1667,1.0,7.75,6.0,12.0,19.200881235571114,1.3738665232998322,0.07155226400518734,0.11034174505672528,0.4135772988115132,3.5012082796429973
035420,2025-12-25,-0.4932,4.0,0.4931,0.1237,2.0,7.75,6.0,12.0,19.200881235571114,1.3738665232998322,0.07155226400518734,0.11034174505672528,0.4135772988115132,3.5012082796429973
035420,2025-12-26,0.5,5.0,0.4998,0.2122,2.0,7.75,6.0,12.0,18.794942943064324,1.3448207194245714,0.07155226400518734,0.11034174505672528,0.4135772988115132,3.459069887677971
035420,2025-12-27,,,,,0.0,7.75,6.0,12.0,18.794942943064324,1.3448207194245714,0.07155226400518734,0.11034174505672528,0.4135772988115132,3.459069887677971
035420,2025-12-28,0.3392,4.0,0.0,0.2,1.0,7.75,6.0,12.0,18.794942943064324,1.3448207194245714,0.07155226400518734,0.11034174505672528,0.4135772988115132,3.459069887677971
035420,2025-12-29,0.0272,6.0,0.6626,0.2224,9.0,7.75,6.0,12.0,19.64741335732858,1.4058169075626188,0.07155226400518734,0.11034174505672528,0.4135772988115132,3.5475605108045265
035420,2025-12-30,0.2258,6.0,0.4178,0.2222,8.0,7.75,6.0,12.0,19.68800718657926,1.4087214879501448,0.07155226400518734,0.11034174505672528,0.4135772988115132,3.551774350001029
035420,2025-12-31,-0.0839,4.0,0.1453,0.4023,4.0,7.75,6.0,12.0,19.68800718657926,1.4087214879501448,0.07155226400518734,0.11034174505672528,0.4135772988115132,3.551774350001029
