ticker,date,news_sentiment,news_impact_score,news_sentiment_std,news_staleness,article_count,financial_health_score,valuation_score,financial_age_months,per,pbr,roe,revenue_growth,debt_ratio,altman_z
005380,2017-01-01,0.9977,6.0,0.0002,0.1346,2.0,5.0,10.0,13.0,4.592698731096846,0.4469797789672498,0.09732399295881974,0.030277038424584818,1.4725550530856852,1.5643012036473942
005380,2017-01-02,0.275,8.0,0.74,0.2023,12.0,5.0,10.0,13.0,4.71852609359265,0.45922580030881827,0.09732399295881974,0.030277038424584818,1.4725550530856852,1.5692909069454437
005380,2017-01-03,0.3515,6.0,0.7286,0.2658,6.0,5.0,10.0,13.0,4.812896615464503,0.46841031631499463,0.09732399295881974,0.030277038424584818,1.4725550530856852,1.5730331844189809
005380,2017-01-04,0.2224,7.0,0.7738,0.1918,9.0,5.0,10.0,13.0,4.844353456088454,0.47147182165038676,0.09732399295881974,0.030277038424584818,1.4725550530856852,1.5742806102434932
005380,2017-01-05,0.3644,7.0,0.6384,0.2307,11.0,5.0,10.0,13.0,4.828625035776478,0.4699410689826907,0.09732399295881974,0.030277038424584818,1.4725550530856852,1.573656897331237
005380,2017-01-06,-0.3332,5.0,0.4712,0.1465,3.0,5.0,10.0,13.0,4.749982934216601,0.4622873056442104,0.09732399295881974,0.030277038424584818,1.4725550530856852,1.570538332769956
005380,2017-01-07,,,,,0.0,5.0,10.0,13.0,4.749982934216601,0.4622873056442104,0.09732399295881974,0.030277038424584818,1.4725550530856852,1.570538332769956
005380,2017-01-08,,,,,0.0,5.0,10.0,13.0,4.749982934216601,0.4622873056442104,0.09732399295881974,0.030277038424584818,1.4725550530856852,1.570538332769956
005380,2017-01-09,-0.0002,4.0,0.0005,0.1887,5.0,5.0,10.0,13.0,4.7342545139046255,0.46075655297651436,0.09732399295881974,0.030277038424584818,1.4725550530856852,1.5699146198576999
005380,2017-01-10,0.7499,6.0,0.4329,0.181,4.0,5.0,10.0,13.0,4.7814397748405515,0.4653488109796025,0.09732399295881974,0.030277038424584818,1.4725550530856852,1.5717857585944683
005380,2017-01-11,-0.9997,6.0,0.0,0.1583,2.0,5.0,10.0,13.0,4.671340832656723,0.4546335423057301,0.09732399295881974,0.030277038424584818,1.4725550530856852,1.5674197682086752
005380,2017-01-12,-0.3997,5.0,0.7997,0.1026,5.0,5.0,10.0,13.0,4.655612412344748,0.453102789638034,0.09732399295881974,0.030277038424584818,1.4725550530856852,1.5667960552964189
005380,2017-01-13,-0.1344,5.0,0.833,0.1031,6.0,5.0,10.0,13.0,4.687069252968699,0.45616429497342614,0.09732399295881974,0.030277038424584818,1.4725550530856852,1.5680434811209314
005380,2017-01-14,,,,,0.0,5.0,10.0,13.0,4.687069252968699,0.45616429497342614,0.09732399295881974,0.030277038424584818,1.4725550530856852,1.5680434811209314
005380,2017-01-15,0.6606,7.0,0.3667,0.1867,6.0,5.0,10.0,13.0,4.687069252968699,0.45616429497342614,0.09732399295881974,0.030277038424584818,1.4725550530856852,1.5680434811209314
005380,2017-01-16,0.2903,6.0,0.6365,0.216,7.0,5.0,10.0,13.0,4.7342545139046255,0.46075655297651436,0.09732399295881974,0.030277038424584818,1.4725550530856852,1.5699146198576999
005380,2017-01-17,0.4627,8.0,0.4441,0.1541,12.0,5.0,10.0,13.0,4.828625035776478,0.4699410689826907,0.09732399295881974,0.030277038424584818,1.4725550530856852,1.573656897331237
005380,2017-01-18,0.317,8.0,0.6839,0.1408,14.0,5.0,10.0,13.0,4.844353456088454,0.47147182165038676,0.09732399295881974,0.030277038424584818,1.4725550530856852,1.5742806102434932
005380,2017-01-19,0.1512,5.0,0.3469,0.2459,7.0,5.0,10.0,13.0,4.7814397748405515,0.4653488109796025,0.09732399295881974,0.030277038424584818,1.4725550530856852,1.5717857585944683
005380,2017-01-20,0.3331,5.0,0.4711,0.1294,3.0,5.0,10.0,13.0,4.812896615464503,0.46841031631499463,0.09732399295881974,0.030277038424584818,1.4725550530856852,1.5730331844189809
005380,2017-01-21,-0.0252,4.0,0.0356,0.1842,3.0,5.0,10.0,13.0,4.812896615464503,0.46841031631499463,0.09732399295881974,0.030277038424584818,1.4725550530856852,1.5730331844189809
005380,2017-01-22,0.0,3.0,0.0,0.1551,2.0,5.0,10.0,13.0,4.812896615464503,0.46841031631499463,0.09732399295881974,0.030277038424584818,1.4725550530856852,1.5730331844189809
005380,2017-01-23,0.4497,5.0,0.4307,0.0975,4.0,5.0,10.0,13.0,4.687069252968699,0.45616429497342614,0.09732399295881974,0.030277038424584818,1.4725550530856852,1.5680434811209314
005380,2017-01-24,0.0934,7.0,0.7585,0.1828,12.0,5.0,10.0,13.0,4.608427151408821,0.44851053163494586,0.09732399295881974,0.030277038424584818,1.4725550530856852,1.5649249165596504
005380,2017-01-25,-0.2882,8.0,0.8029,0.2372,27.0,5.0,10.0,13.0,4.4668713686010415,0.4347337576256813,0.09732399295881974,0.030277038424584818,1.4725550530856852,1.5593115003493447
005380,2017-01-26,-0.2499,5.0,0.829,0.1984,4.0,5.0,10.0,13.0,4.482599788913017,0.43626451029337737,0.09732399295881974,0.030277038424584818,1.4725550530856852,1.559935213261601
005380,2017-01-27,,,,,0.0,5.0,10.0,13.0,4.482599788913017,0.43626451029337737,0.09732399295881974,0.030277038424584818,1.4725550530856852,1.559935213261601
005380,2017-01-28,,,,,0.0,5.0,10.0,13.0,4.482599788913017,0.43626451029337737,0.09732399295881974,0.030277038424584818,1.4725550530856852,1.559935213261601
005380,2017-01-29,,,,,0.0,5.0,10.0,13.0,4.482599788913017,0.43626451029337737,0.09732399295881974,0.030277038424584818,1.4725550530856852,1.559935213261601
005380,2017-01-30,,,,,0.0,5.0,10.0,13.0,4.482599788913017,0.43626451029337737,0.09732399295881974,0.030277038424584818,1.4725550530856852,1.559935213261601
005380,2017-01-31,-0.0219,5.0,0.9661,0.1487,6.0,5.0,10.0,13.0,4.388229267041164,0.427079994287201,0.09732399295881974,0.030277038424584818,1.4725550530856852,1.5561929357880637
005380,2017-02-01,0.1387,7.0,0.4889,0.18,15.0,5.0,10.0,14.0,4.388229267041164,0.427079994287201,0.09732399295881974,0.030277038424584818,1.4725550530856852,1.5561929357880637
005380,2017-02-02,-0.2236,5.0,0.8692,0.3867,3.0,5.0,10.0,14.0,4.278130324857336,0.4163647256133286,0.09732399295881974,0.030277038424584818,1.4725550530856852,1.5518269454022704
005380,2017-02-03,-0.8628,6.0,0.0542,0.25,2.0,5.0,10.0,14.0,4.325315585793263,0.42095698361641676,0.09732399295881974,0.030277038424584818,1.4725550530856852,1.553698084139039
005380,2017-02-04,0.9998,6.0,0.0,0.125,1.0,5.0,10.0,14.0,4.325315585793263,0.42095698361641676,0.09732399295881974,0.030277038424584818,1.4725550530856852,1.553698084139039
005380,2017-02-05,-0.2498,5.0,0.4329,0.118,4.0,5.0,10.0,14.0,4.325315585793263,0.42095698361641676,0.09732399295881974,0.030277038424584818,1.4725550530856852,1.553698084139039
005380,2017-02-06,0.1039,7.0,0.5441,0.1109,14.0,5.0,10.0,14.0,4.293858745169311,0.41789547828102463,0.09732399295881974,0.030277038424584818,1.4725550530856852,1.5524506583145268
005380,2017-02-07,0.211,6.0,0.3685,0.1675,6.0,5.0,10.0,14.0,4.372500846729189,0.4255492416195049,0.09732399295881974,0.030277038424584818,1.4725550530856852,1.5555692228758076
005380,2017-02-08,0.3333,6.0,0.4713,0.1487,6.0,5.0,10.0,14.0,4.372500846729189,0.4255492416195049,0.09732399295881974,0.030277038424584818,1.4725550530856852,1.5555692228758076
005380,2017-02-09,0.033,5.0,0.6118,0.1831,6.0,5.0,10.0,14.0,4.40395768735314,0.42861074695489704,0.09732399295881974,0.030277038424584818,1.4725550530856852,1.5568166487003199
005380,2017-02-10,-0.0801,4.0,0.8038,0.1572,5.0,5.0,10.0,14.0,4.435414527977091,0.43167225229028916,0.09732399295881974,0.030277038424584818,1.4725550530856852,1.5580640745248324
005380,2017-02-11,,,,,0.0,5.0,10.0,14.0,4.435414527977091,0.43167225229028916,0.09732399295881974,0.030277038424584818,1.4725550530856852,1.5580640745248324
005380,2017-02-12,0.0032,4.0,0.8163,0.1091,3.0,5.0,10.0,14.0,4.435414527977091,0.43167225229028916,0.09732399295881974,0.030277038424584818,1.4725550530856852,1.5580640745248324
005380,2017-02-13,0.2173,7.0,0.5119,0.1132,11.0,5.0,10.0,14.0,4.388229267041164,0.427079994287201,0.09732399295881974,0.030277038424584818,1.4725550530856852,1.5561929357880637
005380,2017-02-14,0.5634,7.0,0.4638,0.1912,8.0,5.0,10.0,14.0,4.40395768735314,0.42861074695489704,0.09732399295881974,0.030277038424584818,1.4725550530856852,1.5568166487003199
005380,2017-02-15,0.1807,6.0,0.3515,0.163,7.0,5.0,10.0,14.0,4.57697031078487,0.44544902629955374,0.09732399295881974,0.030277038424584818,1.4725550530856852,1.563677490735138
005380,2017-02-16,0.482,8.0,0.5976,0.1544,12.0,5.0,10.0,14.0,4.7342545139046255,0.46075655297651436,0.09732399295881974,0.030277038424584818,1.4725550530856852,1.5699146198576999
005380,2017-02-17,,,,,0.0,5.0,10.0,14.0,4.7342545139046255,0.46075655297651436,0.09732399295881974,0.030277038424584818,1.4725550530856852,1.5699146198576999
005380,2017-02-18,0.9996,6.0,0.0,0.093,1.0,5.0,10.0,14.0,4.7342545139046255,0.46075655297651436,0.09732399295881974,0.030277038424584818,1.4725550530856852,1.5699146198576999
005380,2017-02-19,-0.4673,4.0,0.4673,0.1196,2.0,5.0,10.0,14.0,4.7342545139046255,0.46075655297651436,0.09732399295881974,0.030277038424584818,1.4725550530856852,1.5699146198576999
005380,2017-02-20,-0.2755,7.0,0.4147,0.1543,9.0,5.0,10.0,14.0,4.71852609359265,0.45922580030881827,0.09732399295881974,0.030277038424584818,1.4725550530856852,1.5692909069454437
005380,2017-02-21,0.2396,8.0,0.5472,0.1634,16.0,5.0,10.0,14.0,4.749982934216601,0.4622873056442104,0.09732399295881974,0.030277038424584818,1.4725550530856852,1.570538332769956
005380,2017-02-22,-0.0122,6.0,0.0397,0.2316,11.0,5.0,10.0,14.0,4.702797673280674,0.45769504764112223,0.09732399295881974,0.030277038424584818,1.4725550530856852,1.5686671940331876
005380,2017-02-23,0.4999,7.0,0.6704,0.1946,10.0,5.0,10.0,14.0,4.592698731096846,0.4469797789672498,0.09732399295881974,0.030277038424584818,1.4725550530856852,1.5643012036473942
005380,2017-02-24,0.2115,6.0,0.6084,0.1905,8.0,5.0,10.0,14.0,4.655612412344748,0.453102789638034,0.09732399295881974,0.030277038424584818,1.4725550530856852,1.5667960552964189
005380,2017-02-25,,,,,0.0,5.0,10.0,14.0,4.655612412344748,0.453102789638034,0.09732399295881974,0.030277038424584818,1.4725550530856852,1.5667960552964189
005380,2017-02-26,0.5851,9.0,0.4848,0.1817,12.0,5.0,10.0,14.0,4.655612412344748,0.453102789638034,0.09732399295881974,0.030277038424584818,1.4725550530856852,1.5667960552964189
005380,2017-02-27,0.3998,7.0,0.6551,0.1515,9.0,5.0,10.0,14.0,4.671340832656723,0.4546335423057301,0.09732399295881974,0.030277038424584818,1.4725550530856852,1.5674197682086752
005380,2017-02-28,-0.0004,4.0,0.632,0.2129,5.0,5.0,10.0,14.0,4.702797673280674,0.45769504764112223,0.09732399295881974,0.030277038424584818,1.4725550530856852,1.5686671940331876
005380,2017-03-01,0.3774,6.0,0.4814,0.0989,8.0,5.0,10.0,15.0,4.702797673280674,0.45769504764112223,0.09732399295881974,0.030277038424584818,1.4725550530856852,1.5686671940331876
005380,2017-03-02,0.494,8.0,0.6766,0.2099,13.0,5.0,10.0,15.0,4.671340832656723,0.4546335423057301,0.09732399295881974,0.030277038424584818,1.4725550530856852,1.5674197682086752
005380,2017-03-03,-0.0641,6.0,0.6567,0.1977,9.0,5.0,10.0,15.0,4.4668713686010415,0.4347337576256813,0.09732399295881974,0.030277038424584818,1.4725550530856852,1.5593115003493447
005380,2017-03-04,-0.7726,5.0,0.0,0.1163,1.0,5.0,10.0,15.0,4.4668713686010415,0.4347337576256813,0.09732399295881974,0.030277038424584818,1.4725550530856852,1.5593115003493447
005380,2017-03-05,0.9998,6.0,0.0,0.2821,1.0,5.0,10.0,15.0,4.4668713686010415,0.4347337576256813,0.09732399295881974,0.030277038424584818,1.4725550530856852,1.5593115003493447
005380,2017-03-06,0.3553,8.0,0.5353,0.1744,17.0,5.0,10.0,15.0,4.561241890472894,0.44391827363185765,0.09732399295881974,0.030277038424584818,1.4725550530856852,1.563053777822882
005380,2017-03-07,0.3329,6.0,0.4683,0.1376,6.0,5.0,10.0,15.0,4.529785049848944,0.44085676829646553,0.09732399295881974,0.030277038424584818,1.4725550530856852,1.5618063519983694
005380,2017-03-08,0.2774,8.0,0.6796,0.163,13.0,5.0,10.0,15.0,4.54551347016092,0.4423875209641616,0.09732399295881974,0.030277038424584818,1.4725550530856852,1.5624300649106257
005380,2017-03-09,0.4999,4.0,0.4999,0.3151,2.0,5.0,10.0,15.0,4.561241890472894,0.44391827363185765,0.09732399295881974,0.030277038424584818,1.4725550530856852,1.563053777822882
005380,2017-03-10,-0.4998,4.0,0.4998,0.1344,2.0,5.0,10.0,15.0,4.592698731096846,0.4469797789672498,0.09732399295881974,0.030277038424584818,1.4725550530856852,1.5643012036473942
005380,2017-03-11,0.0,3.0,0.0,0.1765,1.0,5.0,10.0,15.0,4.592698731096846,0.4469797789672498,0.09732399295881974,0.030277038424584818,1.4725550530856852,1.5643012036473942
005380,2017-03-12,0.3333,5.0,0.4713,0.2036,3.0,5.0,10.0,15.0,4.592698731096846,0.4469797789672498,0.09732399295881974,0.030277038424584818,1.4725550530856852,1.5643012036473942
005380,2017-03-13,0.497,6.0,0.5028,0.146,6.0,5.0,10.0,15.0,4.592698731096846,0.4469797789672498,0.09732399295881974,0.030277038424584818,1.4725550530856852,1.5643012036473942
005380,2017-03-14,0.0001,4.0,0.0001,0.1993,3.0,5.0,10.0,15.0,4.687069252968699,0.45616429497342614,0.09732399295881974,0.030277038424584818,1.4725550530856852,1.5680434811209314
005380,2017-03-15,0.4,5.0,0.4897,0.0966,5.0,5.0,10.0,15.0,4.702797673280674,0.45769504764112223,0.09732399295881974,0.030277038424584818,1.4725550530856852,1.5686671940331876
005380,2017-03-16,0.2224,7.0,0.4155,0.1536,9.0,5.0,10.0,15.0,4.765711354528576,0.4638180583119065,0.09732399295881974,0.030277038424584818,1.4725550530856852,1.5711620456822122
005380,2017-03-17,-0.0904,7.0,0.412,0.1647,18.0,5.0,10.0,15.0,4.765711354528576,0.4638180583119065,0.09732399295881974,0.030277038424584818,1.4725550530856852,1.5711620456822122
005380,2017-03-18,,,,,0.0,5.0,10.0,15.0,4.765711354528576,0.4638180583119065,0.09732399295881974,0.030277038424584818,1.4725550530856852,1.5711620456822122
005380,2017-03-19,0.4999,4.0,0.4999,0.0523,2.0,5.0,10.0,15.0,4.765711354528576,0.4638180583119065,0.09732399295881974,0.030277038424584818,1.4725550530856852,1.5711620456822122
005380,2017-03-20,0.1113,6.0,0.566,0.1216,9.0,5.0,10.0,15.0,4.922995557648331,0.4791255849888671,0.09732399295881974,0.030277038424584818,1.4725550530856852,1.5773991748047742
005380,2017-03-21,0.4829,8.0,0.4621,0.1455,13.0,5.0,10.0,15.0,5.34766290607167,0.5204559070166607,0.09732399295881974,0.030277038424584818,1.4725550530856852,1.5942394234356911
005380,2017-03-22,0.2644,8.0,0.6403,0.3015,16.0,5.0,10.0,15.0,5.34766290607167,0.5204559070166607,0.09732399295881974,0.030277038424584818,1.4725550530856852,1.5942394234356911
005380,2017-03-23,-0.2105,5.0,0.8435,0.3641,4.0,5.0,10.0,15.0,5.190378702951914,0.5051483803397001,0.09732399295881974,0.030277038424584818,1.4725550530856852,1.5880022943131293
005380,2017-03-24,0.3331,5.0,0.9425,0.2272,3.0,5.0,10.0,15.0,5.158921862327964,0.502086875004308,0.09732399295881974,0.030277038424584818,1.4725550530856852,1.586754868488617
005380,2017-03-25,0.0775,3.0,0.0774,0.2824,2.0,5.0,10.0,15.0,5.158921862327964,0.502086875004308,0.09732399295881974,0.030277038424584818,1.4725550530856852,1.586754868488617
005380,2017-03-26,0.1493,5.0,0.6295,0.2208,7.0,5.0,10.0,15.0,5.158921862327964,0.502086875004308,0.09732399295881974,0.030277038424584818,1.4725550530856852,1.586754868488617
005380,2017-03-27,-0.4078,8.0,0.5834,0.1859,17.0,5.0,10.0,15.0,5.0960081810800615,0.49596386433352374,0.09732399295881974,0.030277038424584818,1.4725550530856852,1.5842600168395922
005380,2017-03-28,-0.8008,6.0,0.271,0.3091,3.0,5.0,10.0,15.0,5.03309449983216,0.4898408536627395,0.09732399295881974,0.030277038424584818,1.4725550530856852,1.5817651651905675
005380,2017-03-29,-0.0006,7.0,0.6783,0.1717,13.0,5.0,10.0,15.0,4.907267137336356,0.477594832321171,0.09732399295881974,0.030277038424584818,1.4725550530856852,1.576775461892518
005380,2017-03-30,0.2765,8.0,0.4818,0.1733,29.0,5.0,10.0,15.0,4.985909238896233,0.48524859565965134,0.09732399295881974,0.030277038424584818,1.4725550530856852,1.5798940264537988
005380,2017-03-31,-0.054,4.0,0.7109,0.1048,3.0,5.0,10.0,15.0,4.954452398272283,0.4821870903242592,0.09732399295881974,0.030277038424584818,1.4725550530856852,1.5786466006292865
005380,2017-04-01,0.0003,3.0,0.0003,0.1111,2.0,4.25,10.0,4.0,5.6383399735963,0.4457742243655081,0.07906125321513383,0.018380939903306196,1.4720018133217945,1.4985580583498974
005380,2017-04-02,0.2427,6.0,0.3432,0.2811,7.0,4.25,10.0,4.0,5.6383399735963,0.4457742243655081,0.07906125321513383,0.018380939903306196,1.4720018133217945,1.4985580583498974
005380,2017-04-03,0.1927,8.0,0.8356,0.195,14.0,4.25,10.0,4.0,5.6025409896369585,0.4429439118298541,0.07906125321513383,0.018380939903306196,1.4720018133217945,1.497404399770116
005380,2017-04-04,-0.769,9.0,0.5755,0.3047,13.0,4.25,10.0,4.0,5.441445561819921,0.430207505419411,0.07906125321513383,0.018380939903306196,1.4720018133217945,1.4922129361610996
005380,2017-04-05,0.0635,7.0,0.5012,0.208,12.0,4.25,10.0,4.0,5.3698475939012384,0.42454688034810295,0.07906125321513383,0.018380939903306196,1.4720018133217945,1.489905619001537
005380,2017-04-06,0.3234,6.0,0.7364,0.1575,6.0,4.25,10.0,4.0,5.298249625982555,0.4188862552767949,0.07906125321513383,0.018380939903306196,1.4720018133217945,1.4875983018419743
005380,2017-04-07,-0.887,10.0,0.2982,0.1857,21.0,4.25,10.0,4.0,5.17295318212486,0.4089801614020059,0.07906125321513383,0.018380939903306196,1.4720018133217945,1.4835604968127396
005380,2017-04-08,0.3221,4.0,0.3224,0.1625,2.0,4.25,10.0,4.0,5.17295318212486,0.4089801614020059,0.07906125321513383,0.018380939903306196,1.4720018133217945,1.4835604968127396
005380,2017-04-09,0.9997,6.0,0.0,0.1837,1.0,4.25,10.0,4.0,5.17295318212486,0.4089801614020059,0.07906125321513383,0.018380939903306196,1.4720018133217945,1.4835604968127396
005380,2017-04-10,-0.3507,8.0,0.6658,0.2308,14.0,4.25,10.0,4.0,5.226651658063872,0.41322563020548686,0.07906125321513383,0.018380939903306196,1.4720018133217945,1.4852909846824116
005380,2017-04-11,-0.4194,7.0,0.6696,0.1942,9.0,4.25,10.0,4.0,5.101355214206176,0.40331953633069784,0.07906125321513383,0.018380939903306196,1.4720018133217945,1.481253179653177
005380,2017-04-12,0.2425,7.0,0.5991,0.146,10.0,4.25,10.0,4.0,5.065556230246835,0.4004892237950438,0.07906125321513383,0.018380939903306196,1.4720018133217945,1.4800995210733956
005380,2017-04-13,0.4999,5.0,0.4999,0.1293,4.0,4.25,10.0,4.0,5.101355214206176,0.40331953633069784,0.07906125321513383,0.018380939903306196,1.4720018133217945,1.481253179653177
005380,2017-04-14,-0.542,6.0,0.4605,0.2181,4.0,4.25,10.0,4.0,5.101355214206176,0.40331953633069784,0.07906125321513383,0.018380939903306196,1.4720018133217945,1.481253179653177
005380,2017-04-15,,,,,0.0,4.25,10.0,4.0,5.101355214206176,0.40331953633069784,0.07906125321513383,0.018380939903306196,1.4720018133217945,1.481253179653177
005380,2017-04-16,0.1999,5.0,0.4,0.1113,5.0,4.25,10.0,4.0,5.101355214206176,0.40331953633069784,0.07906125321513383,0.018380939903306196,1.4720018133217945,1.481253179653177
005380,2017-04-17,0.3363,7.0,0.3926,0.2294,10.0,4.25,10.0,4.0,5.155053690145189,0.40756500513417887,0.07906125321513383,0.018380939903306196,1.4720018133217945,1.482983667522849
005380,2017-04-18,0.9998,7.0,0.0,0.2447,4.0,4.25,10.0,4.0,5.047656738267164,0.3990740675272168,0.07906125321513383,0.018380939903306196,1.4720018133217945,1.479522691783505
005380,2017-04-19,0.2702,7.0,0.7269,0.1045,10.0,4.25,10.0,4.0,4.9044608024297975,0.3877528173846007,0.07906125321513383,0.018380939903306196,1.4720018133217945,1.4749080574643794
005380,2017-04-20,0.315,8.0,0.6638,0.1734,18.0,4.25,10.0,4.0,5.065556230246835,0.4004892237950438,0.07906125321513383,0.018380939903306196,1.4720018133217945,1.4800995210733956
005380,2017-04-21,-0.3234,5.0,0.7114,0.1255,4.0,4.25,10.0,4.0,5.065556230246835,0.4004892237950438,0.07906125321513383,0.018380939903306196,1.4720018133217945,1.4800995210733956
005380,2017-04-22,-0.0004,3.0,0.0001,0.2433,2.0,4.25,10.0,4.0,5.065556230246835,0.4004892237950438,0.07906125321513383,0.018380939903306196,1.4720018133217945,1.4800995210733956
005380,2017-04-23,-0.99,6.0,0.0097,0.1102,2.0,4.25,10.0,4.0,5.065556230246835,0.4004892237950438,0.07906125321513383,0.018380939903306196,1.4720018133217945,1.4800995210733956
005380,2017-04-24,0.6654,9.0,0.6229,0.1634,12.0,4.25,10.0,4.0,5.065556230246835,0.4004892237950438,0.07906125321513383,0.018380939903306196,1.4720018133217945,1.4800995210733956
005380,2017-04-25,-0.3338,5.0,0.9418,0.1435,3.0,4.25,10.0,4.0,5.17295318212486,0.4089801614020059,0.07906125321513383,0.018380939903306196,1.4720018133217945,1.4835604968127396
005380,2017-04-26,-0.4011,8.0,0.8176,0.2934,25.0,4.25,10.0,4.0,5.40564657786058,0.427377192883757,0.07906125321513383,0.018380939903306196,1.4720018133217945,1.4910592775813183
005380,2017-04-27,-0.1365,7.0,0.8276,0.1044,16.0,4.25,10.0,4.0,5.2624506420232136,0.4160559427411409,0.07906125321513383,0.018380939903306196,1.4720018133217945,1.486444643262193
005380,2017-04-28,0.3324,6.0,0.7456,0.1586,6.0,4.25,10.0,4.0,5.155053690145189,0.40756500513417887,0.07906125321513383,0.018380939903306196,1.4720018133217945,1.482983667522849
005380,2017-04-29,,,,,0.0,4.25,10.0,4.0,5.155053690145189,0.40756500513417887,0.07906125321513383,0.018380939903306196,1.4720018133217945,1.482983667522849
005380,2017-04-30,-0.9654,7.0,0.0444,0.1877,3.0,4.25,10.0,4.0,5.155053690145189,0.40756500513417887,0.07906125321513383,0.018380939903306196,1.4720018133217945,1.482983667522849
005380,2017-05-01,0.0756,6.0,0.122,0.1452,9.0,4.25,10.0,5.0,5.155053690145189,0.40756500513417887,0.07906125321513383,0.018380939903306196,1.4720018133217945,1.482983667522849
005380,2017-05-02,-0.0217,7.0,0.7653,0.2082,12.0,4.25,10.0,5.0,5.40564657786058,0.427377192883757,0.07906125321513383,0.018380939903306196,1.4720018133217945,1.4910592775813183
005380,2017-05-03,0.0,3.0,0.0,0.1581,2.0,4.25,10.0,5.0,5.40564657786058,0.427377192883757,0.07906125321513383,0.018380939903306196,1.4720018133217945,1.4910592775813183
005380,2017-05-04,-0.0018,3.0,0.0,0.1707,1.0,4.25,10.0,5.0,5.441445561819921,0.430207505419411,0.07906125321513383,0.018380939903306196,1.4720018133217945,1.4922129361610996
005380,2017-05-05,0.2265,5.0,0.4481,0.2171,4.0,4.25,10.0,5.0,5.441445561819921,0.430207505419411,0.07906125321513383,0.018380939903306196,1.4720018133217945,1.4922129361610996
005380,2017-05-06,,,,,0.0,4.25,10.0,5.0,5.441445561819921,0.430207505419411,0.07906125321513383,0.018380939903306196,1.4720018133217945,1.4922129361610996
005380,2017-05-07,0.9462,6.0,0.0505,0.2224,2.0,4.25,10.0,5.0,5.441445561819921,0.430207505419411,0.07906125321513383,0.018380939903306196,1.4720018133217945,1.4922129361610996
005380,2017-05-08,-0.2887,6.0,0.8636,0.1634,7.0,4.25,10.0,5.0,5.656239465575971,0.44718938063333513,0.07906125321513383,0.018380939903306196,1.4720018133217945,1.499134887639788
005380,2017-05-09,0.1997,5.0,0.3994,0.2157,5.0,4.25,10.0,5.0,5.656239465575971,0.44718938063333513,0.07906125321513383,0.018380939903306196,1.4720018133217945,1.499134887639788
005380,2017-05-10,0.1666,5.0,0.3725,0.1681,6.0,4.25,10.0,5.0,5.6025409896369585,0.4429439118298541,0.07906125321513383,0.018380939903306196,1.4720018133217945,1.497404399770116
005380,2017-05-11,0.0159,4.0,0.616,0.2079,5.0,4.25,10.0,5.0,5.6383399735963,0.4457742243655081,0.07906125321513383,0.018380939903306196,1.4720018133217945,1.4985580583498974
005380,2017-05-12,-0.4855,8.0,0.6318,0.224,12.0,4.25,10.0,5.0,5.548842513697946,0.43869844302637306,0.07906125321513383,0.018380939903306196,1.4720018133217945,1.4956739119004439
005380,2017-05-13,0.0,3.0,0.0,0.02,1.0,4.25,10.0,5.0,5.548842513697946,0.43869844302637306,0.07906125321513383,0.018380939903306196,1.4720018133217945,1.4956739119004439
005380,2017-05-14,0.4933,6.0,0.4935,0.2071,8.0,4.25,10.0,5.0,5.548842513697946,0.43869844302637306,0.07906125321513383,0.018380939903306196,1.4720018133217945,1.4956739119004439
005380,2017-05-15,0.0555,4.0,0.0568,0.1515,3.0,4.25,10.0,5.0,5.513043529738605,0.43586813049071904,0.07906125321513383,0.018380939903306196,1.4720018133217945,1.4945202533206625
005380,2017-05-16,0.1323,6.0,0.7355,0.1054,9.0,4.25,10.0,5.0,5.6383399735963,0.4457742243655081,0.07906125321513383,0.018380939903306196,1.4720018133217945,1.4985580583498974
005380,2017-05-17,0.0039,4.0,0.0069,0.143,4.0,4.25,10.0,5.0,5.674138957555642,0.44860453690116214,0.07906125321513383,0.018380939903306196,1.4720018133217945,1.4997117169296788
005380,2017-05-18,0.1521,7.0,0.6927,0.2852,12.0,4.25,10.0,5.0,5.906832353291362,0.46700156838291323,0.07906125321513383,0.018380939903306196,1.4720018133217945,1.5072104976982574
005380,2017-05-19,0.2598,8.0,0.6624,0.1943,13.0,4.25,10.0,5.0,6.08582727308807,0.48115313106118335,0.07906125321513383,0.018380939903306196,1.4720018133217945,1.5129787905971643
005380,2017-05-20,0.0,3.0,0.0,0.2927,1.0,4.25,10.0,5.0,6.08582727308807,0.48115313106118335,0.07906125321513383,0.018380939903306196,1.4720018133217945,1.5129787905971643
005380,2017-05-21,0.2917,6.0,0.4479,0.1644,7.0,4.25,10.0,5.0,6.08582727308807,0.48115313106118335,0.07906125321513383,0.018380939903306196,1.4720018133217945,1.5129787905971643
005380,2017-05-22,0.344,8.0,0.6752,0.2204,15.0,4.25,10.0,5.0,6.08582727308807,0.48115313106118335,0.07906125321513383,0.018380939903306196,1.4720018133217945,1.5129787905971643
005380,2017-05-23,,,,,0.0,4.25,10.0,5.0,6.08582727308807,0.48115313106118335,0.07906125321513383,0.018380939903306196,1.4720018133217945,1.5129787905971643
005380,2017-05-24,0.1941,7.0,0.3804,0.0963,11.0,4.25,10.0,5.0,5.871033369332021,0.46417125584725927,0.07906125321513383,0.018380939903306196,1.4720018133217945,1.506056839118476
005380,2017-05-25,0.2272,7.0,0.867,0.1118,10.0,4.25,10.0,5.0,5.906832353291362,0.46700156838291323,0.07906125321513383,0.018380939903306196,1.4720018133217945,1.5072104976982574
005380,2017-05-26,0.166,5.0,0.3449,0.1427,7.0,4.25,10.0,5.0,5.85313387735235,0.46275609957943226,0.07906125321513383,0.018380939903306196,1.4720018133217945,1.5054800098285854
005380,2017-05-27,,,,,0.0,4.25,10.0,5.0,5.85313387735235,0.46275609957943226,0.07906125321513383,0.018380939903306196,1.4720018133217945,1.5054800098285854
005380,2017-05-28,0.9998,6.0,0.0,0.2083,1.0,4.25,10.0,5.0,5.85313387735235,0.46275609957943226,0.07906125321513383,0.018380939903306196,1.4720018133217945,1.5054800098285854
005380,2017-05-29,0.0813,7.0,0.723,0.1407,13.0,4.25,10.0,5.0,5.799435401413337,0.4585106307759512,0.07906125321513383,0.018380939903306196,1.4720018133217945,1.5037495219589134
005380,2017-05-30,0.8385,8.0,0.3308,0.1611,8.0,4.25,10.0,5.0,5.871033369332021,0.46417125584725927,0.07906125321513383,0.018380939903306196,1.4720018133217945,1.506056839118476
005380,2017-05-31,0.2501,4.0,0.7496,0.1528,2.0,4.25,10.0,5.0,5.8352343853726785,0.46134094331160524,0.07906125321513383,0.018380939903306196,1.4720018133217945,1.5049031805386948
005380,2017-06-01,-0.4998,6.0,0.4999,0.2051,8.0,4.25,10.0,6.0,5.924731845271033,0.46841672465074025,0.07906125321513383,0.018380939903306196,1.4720018133217945,1.507787326988148
005380,2017-06-02,-0.2857,6.0,0.4516,0.241,7.0,4.25,10.0,6.0,5.8352343853726785,0.46134094331160524,0.07906125321513383,0.018380939903306196,1.4720018133217945,1.5049031805386948
005380,2017-06-03,0.0407,3.0,0.0,0.2368,1.0,4.25,10.0,6.0,5.8352343853726785,0.46134094331160524,0.07906125321513383,0.018380939903306196,1.4720018133217945,1.5049031805386948
005380,2017-06-04,0.4809,4.0,0.5189,0.2421,2.0,4.25,10.0,6.0,5.8352343853726785,0.46134094331160524,0.07906125321513383,0.018380939903306196,1.4720018133217945,1.5049031805386948
005380,2017-06-05,-0.0555,4.0,0.7104,0.1055,4.0,4.25,10.0,6.0,5.781535909433667,0.4570954745081242,0.07906125321513383,0.018380939903306196,1.4720018133217945,1.5031726926690228
005380,2017-06-06,0.0166,5.0,0.0493,0.1968,6.0,4.25,10.0,6.0,5.781535909433667,0.4570954745081242,0.07906125321513383,0.018380939903306196,1.4720018133217945,1.5031726926690228
005380,2017-06-07,0.1187,7.0,0.8309,0.1987,17.0,4.25,10.0,6.0,5.692038449535312,0.45001969316898915,0.07906125321513383,0.018380939903306196,1.4720018133217945,1.5002885462195694
005380,2017-06-08,0.4998,5.0,0.4998,0.2023,4.0,4.25,10.0,6.0,5.7278374334946545,0.4528500057046432,0.07906125321513383,0.018380939903306196,1.4720018133217945,1.5014422047993508
005380,2017-06-09,0.9998,6.0,0.0,0.0952,1.0,4.25,10.0,6.0,5.7278374334946545,0.4528500057046432,0.07906125321513383,0.018380939903306196,1.4720018133217945,1.5014422047993508
005380,2017-06-10,0.9481,6.0,0.0,0.2444,1.0,4.25,10.0,6.0,5.7278374334946545,0.4528500057046432,0.07906125321513383,0.018380939903306196,1.4720018133217945,1.5014422047993508
005380,2017-06-11,,,,,0.0,4.25,10.0,6.0,5.7278374334946545,0.4528500057046432,0.07906125321513383,0.018380939903306196,1.4720018133217945,1.5014422047993508
005380,2017-06-12,-0.2856,6.0,0.8803,0.1172,7.0,4.25,10.0,6.0,5.817334893393008,0.45992578704377823,0.07906125321513383,0.018380939903306196,1.4720018133217945,1.504326351248804
005380,2017-06-13,0.7803,9.0,0.4513,0.1192,19.0,4.25,10.0,6.0,5.888932861311691,0.4655864121150863,0.07906125321513383,0.018380939903306196,1.4720018133217945,1.5066336684083668
005380,2017-06-14,0.0767,7.0,0.6144,0.2159,13.0,4.25,10.0,6.0,6.050028289128728,0.4783228185255293,0.07906125321513383,0.018380939903306196,1.4720018133217945,1.5118251320173828
005380,2017-06-15,0.0001,4.0,0.0002,0.1886,3.0,4.25,10.0,6.0,5.8352343853726785,0.46134094331160524,0.07906125321513383,0.018380939903306196,1.4720018133217945,1.5049031805386948
005380,2017-06-16,0.0201,5.0,0.5649,0.1697,6.0,4.25,10.0,6.0,5.906832353291362,0.46700156838291323,0.07906125321513383,0.018380939903306196,1.4720018133217945,1.5072104976982574
005380,2017-06-17,,,,,0.0,4.25,10.0,6.0,5.906832353291362,0.46700156838291323,0.07906125321513383,0.018380939903306196,1.4720018133217945,1.5072104976982574
005380,2017-06-18,0.855,6.0,0.0,0.1702,1.0,4.25,10.0,6.0,5.906832353291362,0.46700156838291323,0.07906125321513383,0.018380939903306196,1.4720018133217945,1.5072104976982574
005380,2017-06-19,0.2402,8.0,0.5511,0.2419,13.0,4.25,10.0,6.0,5.978430321210046,0.4726621934542213,0.07906125321513383,0.018380939903306196,1.4720018133217945,1.50951781485782
005380,2017-06-20,-0.0038,4.0,0.7064,0.2752,4.0,4.25,10.0,6.0,5.9605308292303745,0.47124703718639427,0.07906125321513383,0.018380939903306196,1.4720018133217945,1.5089409855679294
005380,2017-06-21,-0.1994,5.0,0.7476,0.2396,5.0,4.25,10.0,6.0,5.745736925474325,0.4542651619724702,0.07906125321513383,0.018380939903306196,1.4720018133217945,1.5020190340892414
005380,2017-06-22,0.0343,5.0,0.7178,0.1338,8.0,4.25,10.0,6.0,5.781535909433667,0.4570954745081242,0.07906125321513383,0.018380939903306196,1.4720018133217945,1.5031726926690228
005380,2017-06-23,0.161,6.0,0.3625,0.2413,11.0,4.25,10.0,6.0,5.871033369332021,0.46417125584725927,0.07906125321513383,0.018380939903306196,1.4720018133217945,1.506056839118476
005380,2017-06-24,0.0,3.0,0.0,0.3673,1.0,4.25,10.0,6.0,5.871033369332021,0.46417125584725927,0.07906125321513383,0.018380939903306196,1.4720018133217945,1.506056839118476
005380,2017-06-25,0.6635,6.0,0.3584,0.1198,4.0,4.25,10.0,6.0,5.871033369332021,0.46417125584725927,0.07906125321513383,0.018380939903306196,1.4720018133217945,1.506056839118476
005380,2017-06-26,0.4813,6.0,0.6299,0.2054,7.0,4.25,10.0,6.0,5.871033369332021,0.46417125584725927,0.07906125321513383,0.018380939903306196,1.4720018133217945,1.506056839118476
005380,2017-06-27,0.5,5.0,0.4999,0.2609,2.0,4.25,10.0,6.0,5.745736925474325,0.4542651619724702,0.07906125321513383,0.018380939903306196,1.4720018133217945,1.5020190340892414
005380,2017-06-28,0.2427,8.0,0.7666,0.1205,18.0,4.25,10.0,6.0,5.7278374334946545,0.4528500057046432,0.07906125321513383,0.018380939903306196,1.4720018133217945,1.5014422047993508
005380,2017-06-29,0.0006,5.0,0.0015,0.2021,8.0,4.25,10.0,6.0,5.763636417453996,0.4556803182402972,0.07906125321513383,0.018380939903306196,1.4720018133217945,1.502595863379132
005380,2017-06-30,-0.0003,4.0,0.8159,0.1391,3.0,4.25,10.0,6.0,5.709937941514983,0.45143484943681617,0.07906125321513383,0.018380939903306196,1.4720018133217945,1.50086537550946
005380,2017-07-01,0.0002,3.0,0.0001,0.1314,2.0,4.25,10.0,7.0,5.709937941514983,0.45143484943681617,0.07906125321513383,0.018380939903306196,1.4720018133217945,1.50086537550946
005380,2017-07-02,-0.0467,3.0,0.0339,0.1722,2.0,4.25,10.0,7.0,5.709937941514983,0.45143484943681617,0.07906125321513383,0.018380939903306196,1.4720018133217945,1.50086537550946
005380,2017-07-03,0.1739,8.0,0.8162,0.1512,18.0,4.25,10.0,7.0,5.85313387735235,0.46275609957943226,0.07906125321513383,0.018380939903306196,1.4720018133217945,1.5054800098285854
005380,2017-07-04,-0.4383,7.0,0.4679,0.1906,11.0,4.25,10.0,7.0,5.674138957555642,0.44860453690116214,0.07906125321513383,0.018380939903306196,1.4720018133217945,1.4997117169296788
005380,2017-07-05,0.0001,4.0,0.0,0.1535,3.0,4.25,10.0,7.0,5.584641497657287,0.4415287555620271,0.07906125321513383,0.018380939903306196,1.4720018133217945,1.4968275704802254
005380,2017-07-06,-0.4985,8.0,0.5314,0.1858,15.0,4.25,10.0,7.0,5.566742005677617,0.4401135992942001,0.07906125321513383,0.018380939903306196,1.4720018133217945,1.4962507411903345
005380,2017-07-07,-0.0236,4.0,0.7076,0.224,4.0,4.25,10.0,7.0,5.423546069840251,0.428792349151584,0.07906125321513383,0.018380939903306196,1.4720018133217945,1.491636106871209
005380,2017-07-08,-0.9997,6.0,0.0,0.3137,1.0,4.25,10.0,7.0,5.423546069840251,0.428792349151584,0.07906125321513383,0.018380939903306196,1.4720018133217945,1.491636106871209
005380,2017-07-09,,,,,0.0,4.25,10.0,7.0,5.423546069840251,0.428792349151584,0.07906125321513383,0.018380939903306196,1.4720018133217945,1.491636106871209
005380,2017-07-10,-0.1399,6.0,0.8332,0.1945,10.0,4.25,10.0,7.0,5.298249625982555,0.4188862552767949,0.07906125321513383,0.018380939903306196,1.4720018133217945,1.4875983018419743
005380,2017-07-11,0.5004,7.0,0.7059,0.2011,8.0,4.25,10.0,7.0,5.298249625982555,0.4188862552767949,0.07906125321513383,0.018380939903306196,1.4720018133217945,1.4875983018419743
005380,2017-07-12,0.4947,4.0,0.4946,0.175,2.0,4.25,10.0,7.0,5.334048609941896,0.42171656781244893,0.07906125321513383,0.018380939903306196,1.4720018133217945,1.4887519604217556
005380,2017-07-13,0.5086,6.0,0.4912,0.2544,4.0,4.25,10.0,7.0,5.334048609941896,0.42171656781244893,0.07906125321513383,0.018380939903306196,1.4720018133217945,1.4887519604217556
005380,2017-07-14,0.11,6.0,0.9741,0.1753,11.0,4.25,10.0,7.0,5.513043529738605,0.43586813049071904,0.07906125321513383,0.018380939903306196,1.4720018133217945,1.4945202533206625
005380,2017-07-15,0.0673,3.0,0.0697,0.1638,2.0,4.25,10.0,7.0,5.513043529738605,0.43586813049071904,0.07906125321513383,0.018380939903306196,1.4720018133217945,1.4945202533206625
005380,2017-07-16,-0.201,5.0,0.7474,0.1746,5.0,4.25,10.0,7.0,5.513043529738605,0.43586813049071904,0.07906125321513383,0.018380939903306196,1.4720018133217945,1.4945202533206625
005380,2017-07-17,-0.1737,7.0,0.7183,0.175,10.0,4.25,10.0,7.0,5.387747085880909,0.42596203661592996,0.07906125321513383,0.018380939903306196,1.4720018133217945,1.4904824482914276
005380,2017-07-18,-0.1263,7.0,0.8644,0.1866,12.0,4.25,10.0,7.0,5.298249625982555,0.4188862552767949,0.07906125321513383,0.018380939903306196,1.4720018133217945,1.4875983018419743
005380,2017-07-19,0.4968,6.0,0.5028,0.1614,8.0,4.25,10.0,7.0,5.316149117962226,0.4203014115446219,0.07906125321513383,0.018380939903306196,1.4720018133217945,1.488175131131865
005380,2017-07-20,0.3823,5.0,0.4408,0.3767,3.0,4.25,10.0,7.0,5.298249625982555,0.4188862552767949,0.07906125321513383,0.018380939903306196,1.4720018133217945,1.4875983018419743
005380,2017-07-21,-0.0001,4.0,0.7067,0.1345,4.0,4.25,10.0,7.0,5.280350134002885,0.4174710990089679,0.07906125321513383,0.018380939903306196,1.4720018133217945,1.4870214725520836
005380,2017-07-22,,,,,0.0,4.25,10.0,7.0,5.280350134002885,0.4174710990089679,0.07906125321513383,0.018380939903306196,1.4720018133217945,1.4870214725520836
005380,2017-07-23,0.3991,5.0,0.4905,0.1985,5.0,4.25,10.0,7.0,5.280350134002885,0.4174710990089679,0.07906125321513383,0.018380939903306196,1.4720018133217945,1.4870214725520836
005380,2017-07-24,-0.0733,7.0,0.3638,0.2384,12.0,4.25,10.0,7.0,5.19085267410453,0.4103953176698329,0.07906125321513383,0.018380939903306196,1.4720018133217945,1.4841373261026303
005380,2017-07-25,0.5229,8.0,0.4501,0.1702,11.0,4.25,10.0,7.0,5.226651658063872,0.41322563020548686,0.07906125321513383,0.018380939903306196,1.4720018133217945,1.4852909846824116
005380,2017-07-26,-0.1234,7.0,0.7044,0.2586,29.0,4.25,10.0,7.0,5.298249625982555,0.4188862552767949,0.07906125321513383,0.018380939903306196,1.4720018133217945,1.4875983018419743
005380,2017-07-27,-0.3766,8.0,0.7377,0.2236,13.0,4.25,10.0,7.0,5.244551150043542,0.41464078647331387,0.07906125321513383,0.018380939903306196,1.4720018133217945,1.4858678139723023
005380,2017-07-28,0.2652,5.0,0.3869,0.0835,5.0,4.25,10.0,7.0,5.351948101921567,0.42313172408027594,0.07906125321513383,0.018380939903306196,1.4720018133217945,1.4893287897116463
005380,2017-07-29,0.0,3.0,0.0,0.1042,1.0,4.25,10.0,7.0,5.351948101921567,0.42313172408027594,0.07906125321513383,0.018380939903306196,1.4720018133217945,1.4893287897116463
005380,2017-07-30,0.1276,6.0,0.7347,0.1295,9.0,4.25,10.0,7.0,5.351948101921567,0.42313172408027594,0.07906125321513383,0.018380939903306196,1.4720018133217945,1.4893287897116463
005380,2017-07-31,0.3855,5.0,0.5022,0.4361,5.0,4.25,10.0,7.0,5.19085267410453,0.4103953176698329,0.07906125321513383,0.018380939903306196,1.4720018133217945,1.4841373261026303
005380,2017-08-01,-0.0007,5.0,0.9206,0.1916,7.0,4.25,10.0,8.0,5.208752166084201,0.41181047393765985,0.07906125321513383,0.018380939903306196,1.4720018133217945,1.484714155392521
005380,2017-08-02,-0.1659,5.0,0.8967,0.147,6.0,4.25,10.0,8.0,5.280350134002885,0.4174710990089679,0.07906125321513383,0.018380939903306196,1.4720018133217945,1.4870214725520836
005380,2017-08-03,0.2802,7.0,0.431,0.1187,9.0,4.25,10.0,8.0,5.316149117962226,0.4203014115446219,0.07906125321513383,0.018380939903306196,1.4720018133217945,1.488175131131865
005380,2017-08-04,0.9998,6.0,0.0,0.2683,1.0,4.25,10.0,8.0,5.3698475939012384,0.42454688034810295,0.07906125321513383,0.018380939903306196,1.4720018133217945,1.489905619001537
005380,2017-08-05,,,,,0.0,4.25,10.0,8.0,5.3698475939012384,0.42454688034810295,0.07906125321513383,0.018380939903306196,1.4720018133217945,1.489905619001537
005380,2017-08-06,0.9262,6.0,0.0,0.1087,1.0,4.25,10.0,8.0,5.3698475939012384,0.42454688034810295,0.07906125321513383,0.018380939903306196,1.4720018133217945,1.489905619001537
005380,2017-08-07,-0.4284,6.0,0.4947,0.2106,7.0,4.25,10.0,8.0,5.298249625982555,0.4188862552767949,0.07906125321513383,0.018380939903306196,1.4720018133217945,1.4875983018419743
005380,2017-08-08,-0.278,6.0,0.7027,0.2516,7.0,4.25,10.0,8.0,5.155053690145189,0.40756500513417887,0.07906125321513383,0.018380939903306196,1.4720018133217945,1.482983667522849
005380,2017-08-09,0.4432,7.0,0.4866,0.1615,11.0,4.25,10.0,8.0,5.226651658063872,0.41322563020548686,0.07906125321513383,0.018380939903306196,1.4720018133217945,1.4852909846824116
005380,2017-08-10,-0.3332,6.0,0.9426,0.1841,6.0,4.25,10.0,8.0,5.19085267410453,0.4103953176698329,0.07906125321513383,0.018380939903306196,1.4720018133217945,1.4841373261026303
005380,2017-08-11,-0.3778,5.0,0.4419,0.4194,3.0,4.25,10.0,8.0,5.083455722226505,0.4019043800628708,0.07906125321513383,0.018380939903306196,1.4720018133217945,1.4806763503632863
005380,2017-08-12,,,,,0.0,4.25,10.0,8.0,5.083455722226505,0.4019043800628708,0.07906125321513383,0.018380939903306196,1.4720018133217945,1.4806763503632863
005380,2017-08-13,-0.4995,4.0,0.4995,0.2275,2.0,4.25,10.0,8.0,5.083455722226505,0.4019043800628708,0.07906125321513383,0.018380939903306196,1.4720018133217945,1.4806763503632863
005380,2017-08-14,-0.2438,8.0,0.5632,0.2864,12.0,4.25,10.0,8.0,5.17295318212486,0.4089801614020059,0.07906125321513383,0.018380939903306196,1.4720018133217945,1.4835604968127396
005380,2017-08-15,-0.4996,4.0,0.4999,0.2326,2.0,4.25,10.0,8.0,5.17295318212486,0.4089801614020059,0.07906125321513383,0.018380939903306196,1.4720018133217945,1.4835604968127396
005380,2017-08-16,0.1651,5.0,0.6843,0.234,6.0,4.25,10.0,8.0,5.17295318212486,0.4089801614020059,0.07906125321513383,0.018380939903306196,1.4720018133217945,1.4835604968127396
005380,2017-08-17,0.855,8.0,0.3495,0.2131,7.0,4.25,10.0,8.0,5.155053690145189,0.40756500513417887,0.07906125321513383,0.018380939903306196,1.4720018133217945,1.482983667522849
005380,2017-08-18,-0.0238,5.0,0.5367,0.1604,6.0,4.25,10.0,8.0,5.17295318212486,0.4089801614020059,0.07906125321513383,0.018380939903306196,1.4720018133217945,1.4835604968127396
005380,2017-08-19,,,,,0.0,4.25,10.0,8.0,5.17295318212486,0.4089801614020059,0.07906125321513383,0.018380939903306196,1.4720018133217945,1.4835604968127396
005380,2017-08-20,-0.4712,6.0,0.4813,0.0875,6.0,4.25,10.0,8.0,5.17295318212486,0.4089801614020059,0.07906125321513383,0.018380939903306196,1.4720018133217945,1.4835604968127396
005380,2017-08-21,-0.4878,5.0,0.5116,0.2051,4.0,4.25,10.0,8.0,5.298249625982555,0.4188862552767949,0.07906125321513383,0.018380939903306196,1.4720018133217945,1.4875983018419743
005380,2017-08-22,-0.0002,4.0,0.0003,0.3206,3.0,4.25,10.0,8.0,5.2624506420232136,0.4160559427411409,0.07906125321513383,0.018380939903306196,1.4720018133217945,1.486444643262193
005380,2017-08-23,0.5058,6.0,0.4938,0.1185,4.0,4.25,10.0,8.0,5.244551150043542,0.41464078647331387,0.07906125321513383,0.018380939903306196,1.4720018133217945,1.4858678139723023
005380,2017-08-24,0.1092,7.0,0.4887,0.2179,16.0,4.25,10.0,8.0,5.1371541981655175,0.40614984886635186,0.07906125321513383,0.018380939903306196,1.4720018133217945,1.4824068382329583
005380,2017-08-25,-0.5034,5.0,0.4961,0.11,2.0,4.25,10.0,8.0,5.17295318212486,0.4089801614020059,0.07906125321513383,0.018380939903306196,1.4720018133217945,1.4835604968127396
005380,2017-08-26,,,,,0.0,4.25,10.0,8.0,5.17295318212486,0.4089801614020059,0.07906125321513383,0.018380939903306196,1.4720018133217945,1.4835604968127396
005380,2017-08-27,0.4816,5.0,0.5299,0.0807,4.0,4.25,10.0,8.0,5.17295318212486,0.4089801614020059,0.07906125321513383,0.018380939903306196,1.4720018133217945,1.4835604968127396
005380,2017-08-28,0.171,8.0,0.7913,0.2075,12.0,4.25,10.0,8.0,5.17295318212486,0.4089801614020059,0.07906125321513383,0.018380939903306196,1.4720018133217945,1.4835604968127396
005380,2017-08-29,-0.3976,8.0,0.6119,0.1731,15.0,4.25,10.0,8.0,5.155053690145189,0.40756500513417887,0.07906125321513383,0.018380939903306196,1.4720018133217945,1.482983667522849
005380,2017-08-30,-0.6015,9.0,0.6242,0.1949,25.0,4.25,10.0,8.0,5.119254706185847,0.40473469259852485,0.07906125321513383,0.018380939903306196,1.4720018133217945,1.4818300089430676
005380,2017-08-31,-0.6711,7.0,0.4314,0.22,7.0,4.25,10.0,8.0,5.0297572462874935,0.3976589112593898,0.07906125321513383,0.018380939903306196,1.4720018133217945,1.4789458624936143
005380,2017-09-01,-0.4983,8.0,0.7599,0.2444,12.0,4.25,10.0,9.0,5.119254706185847,0.40473469259852485,0.07906125321513383,0.018380939903306196,1.4720018133217945,1.4818300089430676
005380,2017-09-02,-0.6548,6.0,0.4068,0.2885,4.0,4.25,10.0,9.0,5.119254706185847,0.40473469259852485,0.07906125321513383,0.018380939903306196,1.4720018133217945,1.4818300089430676
005380,2017-09-03,-0.7756,5.0,0.0,0.4286,1.0,4.25,10.0,9.0,5.119254706185847,0.40473469259852485,0.07906125321513383,0.018380939903306196,1.4720018133217945,1.4818300089430676
005380,2017-09-04,0.2806,6.0,0.6859,0.242,7.0,4.25,10.0,9.0,5.011857754307822,0.3962437549915628,0.07906125321513383,0.018380939903306196,1.4720018133217945,1.4783690332037236
005380,2017-09-05,0.2332,8.0,0.8139,0.167,12.0,4.25,10.0,9.0,4.940259786389139,0.39058312992025473,0.07906125321513383,0.018380939903306196,1.4720018133217945,1.4760617160441607
005380,2017-09-06,0.2524,6.0,0.6487,0.2285,8.0,4.25,10.0,9.0,4.868661818470456,0.3849225048489467,0.07906125321513383,0.018380939903306196,1.4720018133217945,1.473754398884598
005380,2017-09-07,0.2307,7.0,0.7829,0.2019,9.0,4.25,10.0,9.0,4.940259786389139,0.39058312992025473,0.07906125321513383,0.018380939903306196,1.4720018133217945,1.4760617160441607
005380,2017-09-08,-0.4649,7.0,0.6405,0.1912,9.0,4.25,10.0,9.0,4.850762326490785,0.3835073485811197,0.07906125321513383,0.018380939903306196,1.4720018133217945,1.4731775695947071
005380,2017-09-09,-0.9995,6.0,0.0,0.1556,1.0,4.25,10.0,9.0,4.850762326490785,0.3835073485811197,0.07906125321513383,0.018380939903306196,1.4720018133217945,1.4731775695947071
005380,2017-09-10,0.0444,4.0,0.7089,0.0996,4.0,4.25,10.0,9.0,4.850762326490785,0.3835073485811197,0.07906125321513383,0.018380939903306196,1.4720018133217945,1.4731775695947071
005380,2017-09-11,-0.3015,8.0,0.6293,0.1377,21.0,4.25,10.0,9.0,4.832862834511114,0.38209219231329267,0.07906125321513383,0.018380939903306196,1.4720018133217945,1.4726007403048165
005380,2017-09-12,0.165,5.0,0.8957,0.2422,6.0,4.25,10.0,9.0,4.868661818470456,0.3849225048489467,0.07906125321513383,0.018380939903306196,1.4720018133217945,1.473754398884598
005380,2017-09-13,0.2071,4.0,0.791,0.2826,2.0,4.25,10.0,9.0,4.797063850551773,0.37926187977763864,0.07906125321513383,0.018380939903306196,1.4720018133217945,1.4714470817250351
005380,2017-09-14,0.0395,7.0,0.6583,0.1604,12.0,4.25,10.0,9.0,4.9044608024297975,0.3877528173846007,0.07906125321513383,0.018380939903306196,1.4720018133217945,1.4749080574643794
005380,2017-09-15,0.0007,6.0,0.8157,0.1572,9.0,4.25,10.0,9.0,4.886561310450126,0.3863376611167737,0.07906125321513383,0.018380939903306196,1.4720018133217945,1.4743312281744887
005380,2017-09-16,-0.0,3.0,0.0,0.1707,1.0,4.25,10.0,9.0,4.886561310450126,0.3863376611167737,0.07906125321513383,0.018380939903306196,1.4720018133217945,1.4743312281744887
005380,2017-09-17,-0.5711,7.0,0.4946,0.1638,7.0,4.25,10.0,9.0,4.886561310450126,0.3863376611167737,0.07906125321513383,0.018380939903306196,1.4720018133217945,1.4743312281744887
005380,2017-09-18,0.2845,6.0,0.4227,0.2167,8.0,4.25,10.0,9.0,4.9044608024297975,0.3877528173846007,0.07906125321513383,0.018380939903306196,1.4720018133217945,1.4749080574643794
005380,2017-09-19,0.3652,7.0,0.6073,0.1764,10.0,4.25,10.0,9.0,5.011857754307822,0.3962437549915628,0.07906125321513383,0.018380939903306196,1.4720018133217945,1.4783690332037236
005380,2017-09-20,0.3798,6.0,0.7659,0.13,7.0,4.25,10.0,9.0,5.083455722226505,0.4019043800628708,0.07906125321513383,0.018380939903306196,1.4720018133217945,1.4806763503632863
005380,2017-09-21,0.2595,5.0,0.3843,0.1842,5.0,4.25,10.0,9.0,5.065556230246835,0.4004892237950438,0.07906125321513383,0.018380939903306196,1.4720018133217945,1.4800995210733956
005380,2017-09-22,0.2914,5.0,0.6973,0.1128,5.0,4.25,10.0,9.0,5.083455722226505,0.4019043800628708,0.07906125321513383,0.018380939903306196,1.4720018133217945,1.4806763503632863
005380,2017-09-23,,,,,0.0,4.25,10.0,9.0,5.083455722226505,0.4019043800628708,0.07906125321513383,0.018380939903306196,1.4720018133217945,1.4806763503632863
005380,2017-09-24,0.9978,6.0,0.0,0.125,1.0,4.25,10.0,9.0,5.083455722226505,0.4019043800628708,0.07906125321513383,0.018380939903306196,1.4720018133217945,1.4806763503632863
005380,2017-09-25,0.2806,6.0,0.7606,0.1485,6.0,4.25,10.0,9.0,5.047656738267164,0.3990740675272168,0.07906125321513383,0.018380939903306196,1.4720018133217945,1.479522691783505
005380,2017-09-26,-0.2136,6.0,0.7979,0.1356,8.0,4.25,10.0,9.0,5.280350134002885,0.4174710990089679,0.07906125321513383,0.018380939903306196,1.4720018133217945,1.4870214725520836
005380,2017-09-27,-0.1428,5.0,0.3498,0.137,7.0,4.25,10.0,9.0,5.280350134002885,0.4174710990089679,0.07906125321513383,0.018380939903306196,1.4720018133217945,1.4870214725520836
005380,2017-09-28,0.3088,8.0,0.7191,0.1707,13.0,4.25,10.0,9.0,5.2624506420232136,0.4160559427411409,0.07906125321513383,0.018380939903306196,1.4720018133217945,1.486444643262193
005380,2017-09-29,-0.0,3.0,0.0,0.1395,1.0,4.25,10.0,9.0,5.387747085880909,0.42596203661592996,0.07906125321513383,0.018380939903306196,1.4720018133217945,1.4904824482914276
005380,2017-09-30,0.0,4.0,0.0,0.1475,4.0,4.25,10.0,9.0,5.387747085880909,0.42596203661592996,0.07906125321513383,0.018380939903306196,1.4720018133217945,1.4904824482914276
005380,2017-10-01,-0.2557,5.0,0.3617,0.188,3.0,4.25,10.0,10.0,5.387747085880909,0.42596203661592996,0.07906125321513383,0.018380939903306196,1.4720018133217945,1.4904824482914276
005380,2017-10-02,0.0001,3.0,0.0,0.1463,1.0,4.25,10.0,10.0,5.387747085880909,0.42596203661592996,0.07906125321513383,0.018380939903306196,1.4720018133217945,1.4904824482914276
005380,2017-10-03,,,,,0.0,4.25,10.0,10.0,5.387747085880909,0.42596203661592996,0.07906125321513383,0.018380939903306196,1.4720018133217945,1.4904824482914276
005380,2017-10-04,0.25,5.0,0.8284,0.1723,4.0,4.25,10.0,10.0,5.387747085880909,0.42596203661592996,0.07906125321513383,0.018380939903306196,1.4720018133217945,1.4904824482914276
005380,2017-10-05,,,,,0.0,4.25,10.0,10.0,5.387747085880909,0.42596203661592996,0.07906125321513383,0.018380939903306196,1.4720018133217945,1.4904824482914276
005380,2017-10-06,,,,,0.0,4.25,10.0,10.0,5.387747085880909,0.42596203661592996,0.07906125321513383,0.018380939903306196,1.4720018133217945,1.4904824482914276
005380,2017-10-07,0.0,3.0,0.0,0.234,1.0,4.25,10.0,10.0,5.387747085880909,0.42596203661592996,0.07906125321513383,0.018380939903306196,1.4720018133217945,1.4904824482914276
005380,2017-10-08,0.25,5.0,0.8289,0.3255,4.0,4.25,10.0,10.0,5.387747085880909,0.42596203661592996,0.07906125321513383,0.018380939903306196,1.4720018133217945,1.4904824482914276
005380,2017-10-09,0.7866,6.0,0.2967,0.1887,3.0,4.25,10.0,10.0,5.387747085880909,0.42596203661592996,0.07906125321513383,0.018380939903306196,1.4720018133217945,1.4904824482914276
005380,2017-10-10,0.1911,7.0,0.7118,0.2536,11.0,4.25,10.0,10.0,5.40564657786058,0.427377192883757,0.07906125321513383,0.018380939903306196,1.4720018133217945,1.4910592775813183
005380,2017-10-11,-0.2051,7.0,0.8578,0.1836,10.0,4.25,10.0,10.0,5.548842513697946,0.43869844302637306,0.07906125321513383,0.018380939903306196,1.4720018133217945,1.4956739119004439
005380,2017-10-12,0.2,5.0,0.7481,0.2129,5.0,4.25,10.0,10.0,5.6025409896369585,0.4429439118298541,0.07906125321513383,0.018380939903306196,1.4720018133217945,1.497404399770116
005380,2017-10-13,0.6275,7.0,0.55,0.136,7.0,4.25,10.0,10.0,5.530943021718276,0.43728328675854605,0.07906125321513383,0.018380939903306196,1.4720018133217945,1.4950970826105532
005380,2017-10-14,,,,,0.0,4.25,10.0,10.0,5.530943021718276,0.43728328675854605,0.07906125321513383,0.018380939903306196,1.4720018133217945,1.4950970826105532
005380,2017-10-15,0.0003,3.0,0.9994,0.2962,2.0,4.25,10.0,10.0,5.530943021718276,0.43728328675854605,0.07906125321513383,0.018380939903306196,1.4720018133217945,1.4950970826105532
005380,2017-10-16,0.0897,7.0,0.4852,0.2287,12.0,4.25,10.0,10.0,5.477244545779263,0.433037817955065,0.07906125321513383,0.018380939903306196,1.4720018133217945,1.493366594740881
005380,2017-10-17,0.1431,6.0,0.3095,0.1736,10.0,4.25,10.0,10.0,5.351948101921567,0.42313172408027594,0.07906125321513383,0.018380939903306196,1.4720018133217945,1.4893287897116463
005380,2017-10-18,-0.2437,6.0,0.6859,0.1767,6.0,4.25,10.0,10.0,5.387747085880909,0.42596203661592996,0.07906125321513383,0.018380939903306196,1.4720018133217945,1.4904824482914276
005380,2017-10-19,0.1849,7.0,0.5711,0.2095,11.0,4.25,10.0,10.0,5.423546069840251,0.428792349151584,0.07906125321513383,0.018380939903306196,1.4720018133217945,1.491636106871209
005380,2017-10-20,-0.0472,3.0,0.0,0.0714,1.0,4.25,10.0,10.0,5.423546069840251,0.428792349151584,0.07906125321513383,0.018380939903306196,1.4720018133217945,1.491636106871209
005380,2017-10-21,,,,,0.0,4.25,10.0,10.0,5.423546069840251,0.428792349151584,0.07906125321513383,0.018380939903306196,1.4720018133217945,1.491636106871209
005380,2017-10-22,0.0003,4.0,0.0004,0.115,3.0,4.25,10.0,10.0,5.423546069840251,0.428792349151584,0.07906125321513383,0.018380939903306196,1.4720018133217945,1.491636106871209
005380,2017-10-23,0.2611,7.0,0.7384,0.158,11.0,4.25,10.0,10.0,5.423546069840251,0.428792349151584,0.07906125321513383,0.018380939903306196,1.4720018133217945,1.491636106871209
005380,2017-10-24,0.5705,7.0,0.7278,0.1725,7.0,4.25,10.0,10.0,5.40564657786058,0.427377192883757,0.07906125321513383,0.018380939903306196,1.4720018133217945,1.4910592775813183
005380,2017-10-25,0.4558,6.0,0.4762,0.1337,7.0,4.25,10.0,10.0,5.316149117962226,0.4203014115446219,0.07906125321513383,0.018380939903306196,1.4720018133217945,1.488175131131865
005380,2017-10-26,0.2927,8.0,0.6924,0.1677,27.0,4.25,10.0,10.0,5.709937941514983,0.45143484943681617,0.07906125321513383,0.018380939903306196,1.4720018133217945,1.50086537550946
005380,2017-10-27,0.2501,5.0,0.8287,0.2627,4.0,4.25,10.0,10.0,5.674138957555642,0.44860453690116214,0.07906125321513383,0.018380939903306196,1.4720018133217945,1.4997117169296788
005380,2017-10-28,,,,,0.0,4.25,10.0,10.0,5.674138957555642,0.44860453690116214,0.07906125321513383,0.018380939903306196,1.4720018133217945,1.4997117169296788
005380,2017-10-29,-0.0392,4.0,0.9535,0.1897,4.0,4.25,10.0,10.0,5.674138957555642,0.44860453690116214,0.07906125321513383,0.018380939903306196,1.4720018133217945,1.4997117169296788
005380,2017-10-30,0.5662,8.0,0.5009,0.2404,10.0,4.25,10.0,10.0,5.584641497657287,0.4415287555620271,0.07906125321513383,0.018380939903306196,1.4720018133217945,1.4968275704802254
005380,2017-10-31,-0.0792,5.0,0.5776,0.1445,8.0,4.25,10.0,10.0,5.763636417453996,0.4556803182402972,0.07906125321513383,0.018380939903306196,1.4720018133217945,1.502595863379132
005380,2017-11-01,-0.0956,7.0,0.6263,0.2249,15.0,4.25,10.0,11.0,5.745736925474325,0.4542651619724702,0.07906125321513383,0.018380939903306196,1.4720018133217945,1.5020190340892414
005380,2017-11-02,0.1622,7.0,0.5167,0.2196,18.0,4.25,10.0,11.0,5.7278374334946545,0.4528500057046432,0.07906125321513383,0.018380939903306196,1.4720018133217945,1.5014422047993508
005380,2017-11-03,-0.0536,4.0,0.0758,0.2736,3.0,4.25,10.0,11.0,5.781535909433667,0.4570954745081242,0.07906125321513383,0.018380939903306196,1.4720018133217945,1.5031726926690228
005380,2017-11-04,,,,,0.0,4.25,10.0,11.0,5.781535909433667,0.4570954745081242,0.07906125321513383,0.018380939903306196,1.4720018133217945,1.5031726926690228
005380,2017-11-05,-0.4986,4.0,0.4986,0.1698,2.0,4.25,10.0,11.0,5.781535909433667,0.4570954745081242,0.07906125321513383,0.018380939903306196,1.4720018133217945,1.5031726926690228
005380,2017-11-06,0.6699,8.0,0.4628,0.176,9.0,4.25,10.0,11.0,5.674138957555642,0.44860453690116214,0.07906125321513383,0.018380939903306196,1.4720018133217945,1.4997117169296788
005380,2017-11-07,0.3016,6.0,0.3699,0.1215,6.0,4.25,10.0,11.0,5.548842513697946,0.43869844302637306,0.07906125321513383,0.018380939903306196,1.4720018133217945,1.4956739119004439
005380,2017-11-08,0.2483,6.0,0.4295,0.203,8.0,4.25,10.0,11.0,5.548842513697946,0.43869844302637306,0.07906125321513383,0.018380939903306196,1.4720018133217945,1.4956739119004439
005380,2017-11-09,0.112,6.0,0.5659,0.1349,9.0,4.25,10.0,11.0,5.566742005677617,0.4401135992942001,0.07906125321513383,0.018380939903306196,1.4720018133217945,1.4962507411903345
005380,2017-11-10,0.5148,7.0,0.7348,0.1564,6.0,4.25,10.0,11.0,5.530943021718276,0.43728328675854605,0.07906125321513383,0.018380939903306196,1.4720018133217945,1.4950970826105532
005380,2017-11-11,0.0,3.0,0.0,0.6667,1.0,4.25,10.0,11.0,5.530943021718276,0.43728328675854605,0.07906125321513383,0.018380939903306196,1.4720018133217945,1.4950970826105532
005380,2017-11-12,0.194,5.0,0.3883,0.1397,5.0,4.25,10.0,11.0,5.530943021718276,0.43728328675854605,0.07906125321513383,0.018380939903306196,1.4720018133217945,1.4950970826105532
005380,2017-11-13,0.3777,6.0,0.4819,0.247,8.0,4.25,10.0,11.0,5.745736925474325,0.4542651619724702,0.07906125321513383,0.018380939903306196,1.4720018133217945,1.5020190340892414
005380,2017-11-14,0.2472,7.0,0.3795,0.1318,10.0,4.25,10.0,11.0,5.745736925474325,0.4542651619724702,0.07906125321513383,0.018380939903306196,1.4720018133217945,1.5020190340892414
005380,2017-11-15,0.6937,8.0,0.6371,0.1602,10.0,4.25,10.0,11.0,5.781535909433667,0.4570954745081242,0.07906125321513383,0.018380939903306196,1.4720018133217945,1.5031726926690228
005380,2017-11-16,0.5609,7.0,0.4857,0.1689,7.0,4.25,10.0,11.0,5.709937941514983,0.45143484943681617,0.07906125321513383,0.018380939903306196,1.4720018133217945,1.50086537550946
005380,2017-11-17,0.6489,8.0,0.4596,0.1899,9.0,4.25,10.0,11.0,5.62044048161663,0.4443590680976811,0.07906125321513383,0.018380939903306196,1.4720018133217945,1.4979812290600067
005380,2017-11-18,-0.0,3.0,0.0,0.1522,1.0,4.25,10.0,11.0,5.62044048161663,0.4443590680976811,0.07906125321513383,0.018380939903306196,1.4720018133217945,1.4979812290600067
005380,2017-11-19,0.0004,3.0,0.0357,0.1361,2.0,4.25,10.0,11.0,5.62044048161663,0.4443590680976811,0.07906125321513383,0.018380939903306196,1.4720018133217945,1.4979812290600067
005380,2017-11-20,0.3727,8.0,0.548,0.1976,12.0,4.25,10.0,11.0,5.6025409896369585,0.4429439118298541,0.07906125321513383,0.018380939903306196,1.4720018133217945,1.497404399770116
005380,2017-11-21,0.0005,3.0,0.0005,0.1982,2.0,4.25,10.0,11.0,5.62044048161663,0.4443590680976811,0.07906125321513383,0.018380939903306196,1.4720018133217945,1.4979812290600067
005380,2017-11-22,0.597,8.0,0.4109,0.1067,10.0,4.25,10.0,11.0,5.548842513697946,0.43869844302637306,0.07906125321513383,0.018380939903306196,1.4720018133217945,1.4956739119004439
005380,2017-11-23,0.0645,6.0,0.6734,0.1518,11.0,4.25,10.0,11.0,5.62044048161663,0.4443590680976811,0.07906125321513383,0.018380939903306196,1.4720018133217945,1.4979812290600067
005380,2017-11-24,0.0755,3.0,0.6591,0.1064,2.0,4.25,10.0,11.0,5.692038449535312,0.45001969316898915,0.07906125321513383,0.018380939903306196,1.4720018133217945,1.5002885462195694
005380,2017-11-25,-0.9997,6.0,0.0,0.1277,1.0,4.25,10.0,11.0,5.692038449535312,0.45001969316898915,0.07906125321513383,0.018380939903306196,1.4720018133217945,1.5002885462195694
005380,2017-11-26,0.0011,4.0,0.002,0.1476,5.0,4.25,10.0,11.0,5.692038449535312,0.45001969316898915,0.07906125321513383,0.018380939903306196,1.4720018133217945,1.5002885462195694
005380,2017-11-27,-0.3963,6.0,0.7068,0.1717,7.0,4.25,10.0,11.0,5.674138957555642,0.44860453690116214,0.07906125321513383,0.018380939903306196,1.4720018133217945,1.4997117169296788
005380,2017-11-28,-0.2702,6.0,0.6848,0.2498,7.0,4.25,10.0,11.0,5.62044048161663,0.4443590680976811,0.07906125321513383,0.018380939903306196,1.4720018133217945,1.4979812290600067
005380,2017-11-29,0.2408,8.0,0.8532,0.207,14.0,4.25,10.0,11.0,5.745736925474325,0.4542651619724702,0.07906125321513383,0.018380939903306196,1.4720018133217945,1.5020190340892414
005380,2017-11-30,0.2208,7.0,0.7842,0.2385,9.0,4.25,10.0,11.0,5.888932861311691,0.4655864121150863,0.07906125321513383,0.018380939903306196,1.4720018133217945,1.5066336684083668
005380,2017-12-01,-0.1777,7.0,0.8711,0.234,10.0,4.25,10.0,12.0,5.781535909433667,0.4570954745081242,0.07906125321513383,0.018380939903306196,1.4720018133217945,1.5031726926690228
005380,2017-12-02,-0.1225,4.0,0.212,0.2022,4.0,4.25,10.0,12.0,5.781535909433667,0.4570954745081242,0.07906125321513383,0.018380939903306196,1.4720018133217945,1.5031726926690228
005380,2017-12-03,0.5867,6.0,0.4728,0.1572,5.0,4.25,10.0,12.0,5.781535909433667,0.4570954745081242,0.07906125321513383,0.018380939903306196,1.4720018133217945,1.5031726926690228
005380,2017-12-04,0.3593,6.0,0.7087,0.1886,7.0,4.25,10.0,12.0,5.745736925474325,0.4542651619724702,0.07906125321513383,0.018380939903306196,1.4720018133217945,1.5020190340892414
005380,2017-12-05,-0.1456,7.0,0.6927,0.1865,15.0,4.25,10.0,12.0,5.781535909433667,0.4570954745081242,0.07906125321513383,0.018380939903306196,1.4720018133217945,1.5031726926690228
005380,2017-12-06,-0.0823,6.0,0.5744,0.1782,9.0,4.25,10.0,12.0,5.799435401413337,0.4585106307759512,0.07906125321513383,0.018380939903306196,1.4720018133217945,1.5037495219589134
005380,2017-12-07,-0.1706,7.0,0.692,0.1756,11.0,4.25,10.0,12.0,5.781535909433667,0.4570954745081242,0.07906125321513383,0.018380939903306196,1.4720018133217945,1.5031726926690228
005380,2017-12-08,0.4196,6.0,0.7208,0.0804,7.0,4.25,10.0,12.0,5.674138957555642,0.44860453690116214,0.07906125321513383,0.018380939903306196,1.4720018133217945,1.4997117169296788
005380,2017-12-09,,,,,0.0,4.25,10.0,12.0,5.674138957555642,0.44860453690116214,0.07906125321513383,0.018380939903306196,1.4720018133217945,1.4997117169296788
005380,2017-12-10,-0.0894,4.0,0.7341,0.2378,5.0,4.25,10.0,12.0,5.674138957555642,0.44860453690116214,0.07906125321513383,0.018380939903306196,1.4720018133217945,1.4997117169296788
005380,2017-12-11,-0.0478,7.0,0.7914,0.1894,17.0,4.25,10.0,12.0,5.3698475939012384,0.42454688034810295,0.07906125321513383,0.018380939903306196,1.4720018133217945,1.489905619001537
005380,2017-12-12,0.275,7.0,0.7456,0.2298,11.0,4.25,10.0,12.0,5.3698475939012384,0.42454688034810295,0.07906125321513383,0.018380939903306196,1.4720018133217945,1.489905619001537
005380,2017-12-13,0.428,6.0,0.4694,0.1639,7.0,4.25,10.0,12.0,5.423546069840251,0.428792349151584,0.07906125321513383,0.018380939903306196,1.4720018133217945,1.491636106871209
005380,2017-12-14,0.1668,6.0,0.6867,0.1983,6.0,4.25,10.0,12.0,5.387747085880909,0.42596203661592996,0.07906125321513383,0.018380939903306196,1.4720018133217945,1.4904824482914276
005380,2017-12-15,0.1111,6.0,0.7369,0.16,9.0,4.25,10.0,12.0,5.513043529738605,0.43586813049071904,0.07906125321513383,0.018380939903306196,1.4720018133217945,1.4945202533206625
005380,2017-12-16,0.0073,4.0,0.0117,0.2288,4.0,4.25,10.0,12.0,5.513043529738605,0.43586813049071904,0.07906125321513383,0.018380939903306196,1.4720018133217945,1.4945202533206625
005380,2017-12-17,0.311,5.0,0.3886,0.2778,5.0,4.25,10.0,12.0,5.513043529738605,0.43586813049071904,0.07906125321513383,0.018380939903306196,1.4720018133217945,1.4945202533206625
005380,2017-12-18,-0.1999,5.0,0.7482,0.3184,5.0,4.25,10.0,12.0,5.513043529738605,0.43586813049071904,0.07906125321513383,0.018380939903306196,1.4720018133217945,1.4945202533206625
005380,2017-12-19,0.4362,7.0,0.6646,0.2589,9.0,4.25,10.0,12.0,5.477244545779263,0.433037817955065,0.07906125321513383,0.018380939903306196,1.4720018133217945,1.493366594740881
005380,2017-12-20,0.4019,7.0,0.4983,0.2055,10.0,4.25,10.0,12.0,5.459345053799592,0.431622661687238,0.07906125321513383,0.018380939903306196,1.4720018133217945,1.4927897654509903
005380,2017-12-21,0.8326,7.0,0.3724,0.1478,6.0,4.25,10.0,12.0,5.3698475939012384,0.42454688034810295,0.07906125321513383,0.018380939903306196,1.4720018133217945,1.489905619001537
005380,2017-12-22,0.1262,5.0,0.4005,0.1543,6.0,4.25,10.0,12.0,5.477244545779263,0.433037817955065,0.07906125321513383,0.018380939903306196,1.4720018133217945,1.493366594740881
005380,2017-12-23,-0.9997,7.0,0.0001,0.1474,3.0,4.25,10.0,12.0,5.477244545779263,0.433037817955065,0.07906125321513383,0.018380939903306196,1.4720018133217945,1.493366594740881
005380,2017-12-24,-0.9995,6.0,0.0,0.5,1.0,4.25,10.0,12.0,5.477244545779263,0.433037817955065,0.07906125321513383,0.018380939903306196,1.4720018133217945,1.493366594740881
005380,2017-12-25,,,,,0.0,4.25,10.0,12.0,5.477244545779263,0.433037817955065,0.07906125321513383,0.018380939903306196,1.4720018133217945,1.493366594740881
005380,2017-12-26,0.2944,7.0,0.7817,0.1711,10.0,4.25,10.0,12.0,5.513043529738605,0.43586813049071904,0.07906125321513383,0.018380939903306196,1.4720018133217945,1.4945202533206625
005380,2017-12-27,0.1999,5.0,0.3999,0.2085,5.0,4.25,10.0,12.0,5.6025409896369585,0.4429439118298541,0.07906125321513383,0.018380939903306196,1.4720018133217945,1.497404399770116
005380,2017-12-28,-0.1172,6.0,0.7267,0.0829,9.0,4.25,10.0,12.0,5.584641497657287,0.4415287555620271,0.07906125321513383,0.018380939903306196,1.4720018133217945,1.4968275704802254
005380,2017-12-29,-0.1998,5.0,0.3997,0.0722,5.0,4.25,10.0,12.0,5.584641497657287,0.4415287555620271,0.07906125321513383,0.018380939903306196,1.4720018133217945,1.4968275704802254
005380,2017-12-30,0.0001,3.0,0.0,0.1042,1.0,4.25,10.0,12.0,5.584641497657287,0.4415287555620271,0.07906125321513383,0.018380939903306196,1.4720018133217945,1.4968275704802254
005380,2017-12-31,,,,,0.0,4.25,10.0,12.0,5.584641497657287,0.4415287555620271,0.07906125321513383,0.018380939903306196,1.4720018133217945,1.4968275704802254
005380,2018-01-01,0.0,3.0,0.0,0.1816,2.0,4.25,10.0,13.0,5.584641497657287,0.4415287555620271,0.07906125321513383,0.018380939903306196,1.4720018133217945,1.4968275704802254
005380,2018-01-02,-0.1543,7.0,0.7611,0.203,26.0,4.25,10.0,13.0,5.351948101921567,0.42313172408027594,0.07906125321513383,0.018380939903306196,1.4720018133217945,1.4893287897116463
005380,2018-01-03,-0.2663,7.0,0.7041,0.219,9.0,4.25,10.0,13.0,5.387747085880909,0.42596203661592996,0.07906125321513383,0.018380939903306196,1.4720018133217945,1.4904824482914276
005380,2018-01-04,0.2899,7.0,0.7898,0.2027,9.0,4.25,10.0,13.0,5.244551150043542,0.41464078647331387,0.07906125321513383,0.018380939903306196,1.4720018133217945,1.4858678139723023
005380,2018-01-05,0.0635,7.0,0.5535,0.1494,16.0,4.25,10.0,13.0,5.334048609941896,0.42171656781244893,0.07906125321513383,0.018380939903306196,1.4720018133217945,1.4887519604217556
005380,2018-01-06,,,,,0.0,4.25,10.0,13.0,5.334048609941896,0.42171656781244893,0.07906125321513383,0.018380939903306196,1.4720018133217945,1.4887519604217556
005380,2018-01-07,0.5054,6.0,0.4945,0.1515,4.0,4.25,10.0,13.0,5.334048609941896,0.42171656781244893,0.07906125321513383,0.018380939903306196,1.4720018133217945,1.4887519604217556
005380,2018-01-08,0.4281,8.0,0.6558,0.1604,13.0,4.25,10.0,13.0,5.40564657786058,0.427377192883757,0.07906125321513383,0.018380939903306196,1.4720018133217945,1.4910592775813183
005380,2018-01-09,0.5999,8.0,0.663,0.2604,10.0,4.25,10.0,13.0,5.459345053799592,0.431622661687238,0.07906125321513383,0.018380939903306196,1.4720018133217945,1.4927897654509903
005380,2018-01-10,0.0741,7.0,0.5735,0.259,15.0,4.25,10.0,13.0,5.566742005677617,0.4401135992942001,0.07906125321513383,0.018380939903306196,1.4720018133217945,1.4962507411903345
005380,2018-01-11,0.3842,7.0,0.6711,0.282,10.0,4.25,10.0,13.0,5.548842513697946,0.43869844302637306,0.07906125321513383,0.018380939903306196,1.4720018133217945,1.4956739119004439
005380,2018-01-12,0.1308,4.0,0.6756,0.2404,4.0,4.25,10.0,13.0,5.513043529738605,0.43586813049071904,0.07906125321513383,0.018380939903306196,1.4720018133217945,1.4945202533206625
005380,2018-01-13,0.0838,3.0,0.0958,0.1521,2.0,4.25,10.0,13.0,5.513043529738605,0.43586813049071904,0.07906125321513383,0.018380939903306196,1.4720018133217945,1.4945202533206625
005380,2018-01-14,0.4039,5.0,0.7886,0.2735,5.0,4.25,10.0,13.0,5.513043529738605,0.43586813049071904,0.07906125321513383,0.018380939903306196,1.4720018133217945,1.4945202533206625
005380,2018-01-15,-0.0754,7.0,0.5551,0.178,15.0,4.25,10.0,13.0,5.548842513697946,0.43869844302637306,0.07906125321513383,0.018380939903306196,1.4720018133217945,1.4956739119004439
005380,2018-01-16,0.3063,7.0,0.5701,0.197,11.0,4.25,10.0,13.0,5.656239465575971,0.44718938063333513,0.07906125321513383,0.018380939903306196,1.4720018133217945,1.499134887639788
005380,2018-01-17,0.2384,7.0,0.3722,0.1683,11.0,4.25,10.0,13.0,5.6383399735963,0.4457742243655081,0.07906125321513383,0.018380939903306196,1.4720018133217945,1.4985580583498974
005380,2018-01-18,0.2556,8.0,0.5526,0.1624,15.0,4.25,10.0,13.0,5.548842513697946,0.43869844302637306,0.07906125321513383,0.018380939903306196,1.4720018133217945,1.4956739119004439
005380,2018-01-19,-0.3947,7.0,0.7189,0.1498,11.0,4.25,10.0,13.0,5.799435401413337,0.4585106307759512,0.07906125321513383,0.018380939903306196,1.4720018133217945,1.5037495219589134
005380,2018-01-20,0.9776,6.0,0.0,0.18,1.0,4.25,10.0,13.0,5.799435401413337,0.4585106307759512,0.07906125321513383,0.018380939903306196,1.4720018133217945,1.5037495219589134
005380,2018-01-21,0.3126,4.0,0.0,0.1296,1.0,4.25,10.0,13.0,5.799435401413337,0.4585106307759512,0.07906125321513383,0.018380939903306196,1.4720018133217945,1.5037495219589134
005380,2018-01-22,0.5729,9.0,0.5902,0.2186,17.0,4.25,10.0,13.0,5.817334893393008,0.45992578704377823,0.07906125321513383,0.018380939903306196,1.4720018133217945,1.504326351248804
005380,2018-01-23,-0.2832,6.0,0.7002,0.2157,7.0,4.25,10.0,13.0,5.763636417453996,0.4556803182402972,0.07906125321513383,0.018380939903306196,1.4720018133217945,1.502595863379132
005380,2018-01-24,0.1426,7.0,0.6442,0.1698,19.0,4.25,10.0,13.0,5.6025409896369585,0.4429439118298541,0.07906125321513383,0.018380939903306196,1.4720018133217945,1.497404399770116
005380,2018-01-25,0.0343,7.0,0.8588,0.1437,27.0,4.25,10.0,13.0,5.674138957555642,0.44860453690116214,0.07906125321513383,0.018380939903306196,1.4720018133217945,1.4997117169296788
005380,2018-01-26,-0.1289,7.0,0.6652,0.2389,20.0,4.25,10.0,13.0,5.459345053799592,0.431622661687238,0.07906125321513383,0.018380939903306196,1.4720018133217945,1.4927897654509903
005380,2018-01-27,0.3682,5.0,0.8933,0.2448,3.0,4.25,10.0,13.0,5.459345053799592,0.431622661687238,0.07906125321513383,0.018380939903306196,1.4720018133217945,1.4927897654509903
005380,2018-01-28,0.0047,3.0,0.0,0.1905,1.0,4.25,10.0,13.0,5.459345053799592,0.431622661687238,0.07906125321513383,0.018380939903306196,1.4720018133217945,1.4927897654509903
005380,2018-01-29,0.3202,6.0,0.6199,0.186,8.0,4.25,10.0,13.0,5.530943021718276,0.43728328675854605,0.07906125321513383,0.018380939903306196,1.4720018133217945,1.4950970826105532
005380,2018-01-30,0.494,5.0,0.6417,0.144,5.0,4.25,10.0,13.0,5.584641497657287,0.4415287555620271,0.07906125321513383,0.018380939903306196,1.4720018133217945,1.4968275704802254
005380,2018-01-31,0.0787,7.0,0.5677,0.1893,15.0,4.25,10.0,13.0,5.799435401413337,0.4585106307759512,0.07906125321513383,0.018380939903306196,1.4720018133217945,1.5037495219589134
005380,2018-02-01,-0.0798,6.0,0.81,0.1471,10.0,4.25,10.0,14.0,5.745736925474325,0.4542651619724702,0.07906125321513383,0.018380939903306196,1.4720018133217945,1.5020190340892414
005380,2018-02-02,-0.2586,8.0,0.56,0.1995,14.0,4.25,10.0,14.0,5.817334893393008,0.45992578704377823,0.07906125321513383,0.018380939903306196,1.4720018133217945,1.504326351248804
005380,2018-02-03,0.0052,3.0,0.0052,0.2517,2.0,4.25,10.0,14.0,5.817334893393008,0.45992578704377823,0.07906125321513383,0.018380939903306196,1.4720018133217945,1.504326351248804
005380,2018-02-04,0.9991,6.0,0.0006,0.2903,2.0,4.25,10.0,14.0,5.817334893393008,0.45992578704377823,0.07906125321513383,0.018380939903306196,1.4720018133217945,1.504326351248804
005380,2018-02-05,0.222,8.0,0.5663,0.2001,12.0,4.25,10.0,14.0,5.692038449535312,0.45001969316898915,0.07906125321513383,0.018380939903306196,1.4720018133217945,1.5002885462195694
005380,2018-02-06,0.7257,8.0,0.4444,0.1692,11.0,4.25,10.0,14.0,5.6383399735963,0.4457742243655081,0.07906125321513383,0.018380939903306196,1.4720018133217945,1.4985580583498974
005380,2018-02-07,0.0451,5.0,0.5132,0.1986,8.0,4.25,10.0,14.0,5.6383399735963,0.4457742243655081,0.07906125321513383,0.018380939903306196,1.4720018133217945,1.4985580583498974
005380,2018-02-08,0.2994,5.0,0.4123,0.2038,4.0,4.25,10.0,14.0,5.763636417453996,0.4556803182402972,0.07906125321513383,0.018380939903306196,1.4720018133217945,1.502595863379132
005380,2018-02-09,-0.3304,5.0,0.5339,0.2849,4.0,4.25,10.0,14.0,5.548842513697946,0.43869844302637306,0.07906125321513383,0.018380939903306196,1.4720018133217945,1.4956739119004439
005380,2018-02-10,-0.4799,4.0,0.4801,0.1363,2.0,4.25,10.0,14.0,5.548842513697946,0.43869844302637306,0.07906125321513383,0.018380939903306196,1.4720018133217945,1.4956739119004439
005380,2018-02-11,0.0021,3.0,0.0,0.2222,1.0,4.25,10.0,14.0,5.548842513697946,0.43869844302637306,0.07906125321513383,0.018380939903306196,1.4720018133217945,1.4956739119004439
005380,2018-02-12,0.2716,7.0,0.7791,0.1934,9.0,4.25,10.0,14.0,5.513043529738605,0.43586813049071904,0.07906125321513383,0.018380939903306196,1.4720018133217945,1.4945202533206625
005380,2018-02-13,-0.8014,6.0,0.3869,0.1375,5.0,4.25,10.0,14.0,5.459345053799592,0.431622661687238,0.07906125321513383,0.018380939903306196,1.4720018133217945,1.4927897654509903
005380,2018-02-14,0.6665,6.0,0.4712,0.139,3.0,4.25,10.0,14.0,5.530943021718276,0.43728328675854605,0.07906125321513383,0.018380939903306196,1.4720018133217945,1.4950970826105532
005380,2018-02-15,,,,,0.0,4.25,10.0,14.0,5.530943021718276,0.43728328675854605,0.07906125321513383,0.018380939903306196,1.4720018133217945,1.4950970826105532
005380,2018-02-16,,,,,0.0,4.25,10.0,14.0,5.530943021718276,0.43728328675854605,0.07906125321513383,0.018380939903306196,1.4720018133217945,1.4950970826105532
005380,2018-02-17,0.0204,3.0,0.0,0.1224,1.0,4.25,10.0,14.0,5.530943021718276,0.43728328675854605,0.07906125321513383,0.018380939903306196,1.4720018133217945,1.4950970826105532
005380,2018-02-18,0.7472,6.0,0.4375,0.294,4.0,4.25,10.0,14.0,5.530943021718276,0.43728328675854605,0.07906125321513383,0.018380939903306196,1.4720018133217945,1.4950970826105532
005380,2018-02-19,0.3242,7.0,0.8069,0.3401,9.0,4.25,10.0,14.0,5.548842513697946,0.43869844302637306,0.07906125321513383,0.018380939903306196,1.4720018133217945,1.4956739119004439
005380,2018-02-20,0.2,5.0,0.3999,0.1572,5.0,4.25,10.0,14.0,5.495144037758934,0.43445297422289203,0.07906125321513383,0.018380939903306196,1.4720018133217945,1.4939434240307718
005380,2018-02-21,0.5054,8.0,0.6264,0.1157,11.0,4.25,10.0,14.0,5.7278374334946545,0.4528500057046432,0.07906125321513383,0.018380939903306196,1.4720018133217945,1.5014422047993508
005380,2018-02-22,0.1723,8.0,0.7506,0.0918,18.0,4.25,10.0,14.0,5.62044048161663,0.4443590680976811,0.07906125321513383,0.018380939903306196,1.4720018133217945,1.4979812290600067
005380,2018-02-23,-0.5926,6.0,0.7963,0.0389,5.0,4.25,10.0,14.0,5.692038449535312,0.45001969316898915,0.07906125321513383,0.018380939903306196,1.4720018133217945,1.5002885462195694
005380,2018-02-24,,,,,0.0,4.25,10.0,14.0,5.692038449535312,0.45001969316898915,0.07906125321513383,0.018380939903306196,1.4720018133217945,1.5002885462195694
005380,2018-02-25,-0.1473,3.0,0.1499,0.1037,2.0,4.25,10.0,14.0,5.692038449535312,0.45001969316898915,0.07906125321513383,0.018380939903306196,1.4720018133217945,1.5002885462195694
005380,2018-02-26,0.2,5.0,0.7476,0.1331,5.0,4.25,10.0,14.0,5.763636417453996,0.4556803182402972,0.07906125321513383,0.018380939903306196,1.4720018133217945,1.502595863379132
005380,2018-02-27,0.4999,4.0,0.4999,0.1722,2.0,4.25,10.0,14.0,5.763636417453996,0.4556803182402972,0.07906125321513383,0.018380939903306196,1.4720018133217945,1.502595863379132
005380,2018-02-28,0.6655,7.0,0.4727,0.1981,6.0,4.25,10.0,14.0,5.781535909433667,0.4570954745081242,0.07906125321513383,0.018380939903306196,1.4720018133217945,1.5031726926690228
005380,2018-03-01,0.4452,6.0,0.6954,0.1664,7.0,4.25,10.0,15.0,5.781535909433667,0.4570954745081242,0.07906125321513383,0.018380939903306196,1.4720018133217945,1.5031726926690228
005380,2018-03-02,-0.2592,7.0,0.7974,0.2479,10.0,4.25,10.0,15.0,5.584641497657287,0.4415287555620271,0.07906125321513383,0.018380939903306196,1.4720018133217945,1.4968275704802254
005380,2018-03-03,,,,,0.0,4.25,10.0,15.0,5.584641497657287,0.4415287555620271,0.07906125321513383,0.018380939903306196,1.4720018133217945,1.4968275704802254
005380,2018-03-04,0.0,3.0,0.0,0.2308,2.0,4.25,10.0,15.0,5.584641497657287,0.4415287555620271,0.07906125321513383,0.018380939903306196,1.4720018133217945,1.4968275704802254
005380,2018-03-05,-0.3332,5.0,0.4712,0.4216,3.0,4.25,10.0,15.0,5.477244545779263,0.433037817955065,0.07906125321513383,0.018380939903306196,1.4720018133217945,1.493366594740881
005380,2018-03-06,0.2942,5.0,0.422,0.1653,3.0,4.25,10.0,15.0,5.62044048161663,0.4443590680976811,0.07906125321513383,0.018380939903306196,1.4720018133217945,1.4979812290600067
005380,2018-03-07,0.008,4.0,0.0146,0.3903,3.0,4.25,10.0,15.0,5.459345053799592,0.431622661687238,0.07906125321513383,0.018380939903306196,1.4720018133217945,1.4927897654509903
005380,2018-03-08,0.9811,6.0,0.0187,0.2219,2.0,4.25,10.0,15.0,5.530943021718276,0.43728328675854605,0.07906125321513383,0.018380939903306196,1.4720018133217945,1.4950970826105532
005380,2018-03-09,-0.3332,5.0,0.4712,0.1596,3.0,4.25,10.0,15.0,5.513043529738605,0.43586813049071904,0.07906125321513383,0.018380939903306196,1.4720018133217945,1.4945202533206625
005380,2018-03-10,0.9957,6.0,0.0,0.1277,1.0,4.25,10.0,15.0,5.513043529738605,0.43586813049071904,0.07906125321513383,0.018380939903306196,1.4720018133217945,1.4945202533206625
005380,2018-03-11,0.4999,4.0,0.4999,0.2002,2.0,4.25,10.0,15.0,5.513043529738605,0.43586813049071904,0.07906125321513383,0.018380939903306196,1.4720018133217945,1.4945202533206625
005380,2018-03-12,0.6379,9.0,0.4252,0.2251,14.0,4.25,10.0,15.0,5.495144037758934,0.43445297422289203,0.07906125321513383,0.018380939903306196,1.4720018133217945,1.4939434240307718
005380,2018-03-13,0.6465,6.0,0.4578,0.2681,3.0,4.25,10.0,15.0,5.495144037758934,0.43445297422289203,0.07906125321513383,0.018380939903306196,1.4720018133217945,1.4939434240307718
005380,2018-03-14,0.1165,5.0,0.3373,0.1987,8.0,4.25,10.0,15.0,5.584641497657287,0.4415287555620271,0.07906125321513383,0.018380939903306196,1.4720018133217945,1.4968275704802254
005380,2018-03-15,0.0001,4.0,0.707,0.2153,4.0,4.25,10.0,15.0,5.6383399735963,0.4457742243655081,0.07906125321513383,0.018380939903306196,1.4720018133217945,1.4985580583498974
005380,2018-03-16,0.0217,7.0,0.5222,0.206,15.0,4.25,10.0,15.0,5.6383399735963,0.4457742243655081,0.07906125321513383,0.018380939903306196,1.4720018133217945,1.4985580583498974
005380,2018-03-17,,,,,0.0,4.25,10.0,15.0,5.6383399735963,0.4457742243655081,0.07906125321513383,0.018380939903306196,1.4720018133217945,1.4985580583498974
005380,2018-03-18,,,,,0.0,4.25,10.0,15.0,5.6383399735963,0.4457742243655081,0.07906125321513383,0.018380939903306196,1.4720018133217945,1.4985580583498974
005380,2018-03-19,-0.2276,7.0,0.9064,0.2619,9.0,4.25,10.0,15.0,5.423546069840251,0.428792349151584,0.07906125321513383,0.018380939903306196,1.4720018133217945,1.491636106871209
005380,2018-03-20,0.2933,6.0,0.4221,0.1653,7.0,4.25,10.0,15.0,5.459345053799592,0.431622661687238,0.07906125321513383,0.018380939903306196,1.4720018133217945,1.4927897654509903
005380,2018-03-21,0.5423,8.0,0.6464,0.2298,9.0,4.25,10.0,15.0,5.530943021718276,0.43728328675854605,0.07906125321513383,0.018380939903306196,1.4720018133217945,1.4950970826105532
005380,2018-03-22,0.7499,6.0,0.4329,0.1114,4.0,4.25,10.0,15.0,5.459345053799592,0.431622661687238,0.07906125321513383,0.018380939903306196,1.4720018133217945,1.4927897654509903
005380,2018-03-23,0.0004,4.0,0.9994,0.1823,4.0,4.25,10.0,15.0,5.423546069840251,0.428792349151584,0.07906125321513383,0.018380939903306196,1.4720018133217945,1.491636106871209
005380,2018-03-24,,,,,0.0,4.25,10.0,15.0,5.423546069840251,0.428792349151584,0.07906125321513383,0.018380939903306196,1.4720018133217945,1.491636106871209
005380,2018-03-25,0.5692,5.0,0.4306,0.1466,2.0,4.25,10.0,15.0,5.423546069840251,0.428792349151584,0.07906125321513383,0.018380939903306196,1.4720018133217945,1.491636106871209
005380,2018-03-26,-0.2759,6.0,0.4582,0.1649,7.0,4.25,10.0,15.0,5.351948101921567,0.42313172408027594,0.07906125321513383,0.018380939903306196,1.4720018133217945,1.4893287897116463
005380,2018-03-27,0.3329,8.0,0.7963,0.2269,13.0,4.25,10.0,15.0,5.513043529738605,0.43586813049071904,0.07906125321513383,0.018380939903306196,1.4720018133217945,1.4945202533206625
005380,2018-03-28,0.2678,8.0,0.4449,0.1115,19.0,4.25,10.0,15.0,5.423546069840251,0.428792349151584,0.07906125321513383,0.018380939903306196,1.4720018133217945,1.491636106871209
005380,2018-03-29,0.2305,8.0,0.5736,0.2203,13.0,4.25,10.0,15.0,5.1371541981655175,0.40614984886635186,0.07906125321513383,0.018380939903306196,1.4720018133217945,1.4824068382329583
005380,2018-03-30,-0.4107,6.0,0.4326,0.1608,6.0,4.25,10.0,15.0,5.1371541981655175,0.40614984886635186,0.07906125321513383,0.018380939903306196,1.4720018133217945,1.4824068382329583
005380,2018-03-31,0.9998,6.0,0.0,0.225,1.0,4.25,10.0,15.0,5.1371541981655175,0.40614984886635186,0.07906125321513383,0.018380939903306196,1.4720018133217945,1.4824068382329583
005380,2018-04-01,0.0011,3.0,0.0006,0.2142,2.0,4.25,10.0,4.0,6.462858398073201,0.39304145811527785,0.06081542158380833,0.02911995110595066,1.3837046720513944,1.5324768028088345
005380,2018-04-02,0.2322,8.0,0.6001,0.17,15.0,4.25,10.0,4.0,6.688045101838817,0.406736282439852,0.06081542158380833,0.02911995110595066,1.3837046720513944,1.5384151325411195
005380,2018-04-03,-0.0009,4.0,0.816,0.219,3.0,4.25,10.0,4.0,6.845675794474749,0.4163226594670539,0.06081542158380833,0.02911995110595066,1.3837046720513944,1.5425719633537192
005380,2018-04-04,-0.0662,7.0,0.5655,0.1574,22.0,4.25,10.0,4.0,7.048343827863804,0.4286480013591706,0.06081542158380833,0.02911995110595066,1.3837046720513944,1.5479164601127757
005380,2018-04-05,0.0425,7.0,0.5531,0.2162,14.0,4.25,10.0,4.0,6.935750475980996,0.4218005891968835,0.06081542158380833,0.02911995110595066,1.3837046720513944,1.544947295246633
005380,2018-04-06,-0.7117,7.0,0.4524,0.2105,7.0,4.25,10.0,4.0,6.868194464851311,0.4176921418995113,0.06081542158380833,0.02911995110595066,1.3837046720513944,1.5431657963269476
005380,2018-04-07,,,,,0.0,4.25,10.0,4.0,6.868194464851311,0.4176921418995113,0.06081542158380833,0.02911995110595066,1.3837046720513944,1.5431657963269476
005380,2018-04-08,0.1096,4.0,0.172,0.2622,3.0,4.25,10.0,4.0,6.868194464851311,0.4176921418995113,0.06081542158380833,0.02911995110595066,1.3837046720513944,1.5431657963269476
005380,2018-04-09,0.3853,8.0,0.444,0.1629,15.0,4.25,10.0,4.0,6.800638453721626,0.41358369460213906,0.06081542158380833,0.02911995110595066,1.3837046720513944,1.5413842974072622
005380,2018-04-10,0.9992,6.0,0.0,0.1373,1.0,4.25,10.0,4.0,6.800638453721626,0.41358369460213906,0.06081542158380833,0.02911995110595066,1.3837046720513944,1.5413842974072622
005380,2018-04-11,0.7763,8.0,0.4148,0.1728,9.0,4.25,10.0,4.0,6.7556011129685025,0.41084472973722425,0.06081542158380833,0.02911995110595066,1.3837046720513944,1.540196631460805
005380,2018-04-12,0.4941,8.0,0.6439,0.2505,12.0,4.25,10.0,4.0,6.845675794474749,0.4163226594670539,0.06081542158380833,0.02911995110595066,1.3837046720513944,1.5425719633537192
005380,2018-04-13,0.4494,5.0,0.4509,0.1112,4.0,4.25,10.0,4.0,6.778119783345064,0.4122142121696816,0.06081542158380833,0.02911995110595066,1.3837046720513944,1.5407904644340338
005380,2018-04-14,,,,,0.0,4.25,10.0,4.0,6.778119783345064,0.4122142121696816,0.06081542158380833,0.02911995110595066,1.3837046720513944,1.5407904644340338
005380,2018-04-15,0.3323,5.0,0.4694,0.316,3.0,4.25,10.0,4.0,6.778119783345064,0.4122142121696816,0.06081542158380833,0.02911995110595066,1.3837046720513944,1.5407904644340338
005380,2018-04-16,0.322,6.0,0.6767,0.1817,7.0,4.25,10.0,4.0,6.890713135227872,0.4190616243319687,0.06081542158380833,0.02911995110595066,1.3837046720513944,1.543759629300176
005380,2018-04-17,0.2568,8.0,0.5897,0.2382,12.0,4.25,10.0,4.0,7.0933811686169275,0.43138696622408546,0.06081542158380833,0.02911995110595066,1.3837046720513944,1.5491041260592326
005380,2018-04-18,0.2644,5.0,0.7525,0.2282,4.0,4.25,10.0,4.0,7.138418509370051,0.43412593108900027,0.06081542158380833,0.02911995110595066,1.3837046720513944,1.5502917920056896
005380,2018-04-19,0.4012,5.0,0.4887,0.1619,5.0,4.25,10.0,4.0,7.1158998389934895,0.43275644865654284,0.06081542158380833,0.02911995110595066,1.3837046720513944,1.549697959032461
005380,2018-04-20,0.0013,5.0,0.0021,0.2197,6.0,4.25,10.0,4.0,7.205974520499736,0.4382343783863725,0.06081542158380833,0.02911995110595066,1.3837046720513944,1.5520732909253754
005380,2018-04-21,0.0,3.0,0.0,0.2439,1.0,4.25,10.0,4.0,7.205974520499736,0.4382343783863725,0.06081542158380833,0.02911995110595066,1.3837046720513944,1.5520732909253754
005380,2018-04-22,0.4998,4.0,0.4998,0.2202,2.0,4.25,10.0,4.0,7.205974520499736,0.4382343783863725,0.06081542158380833,0.02911995110595066,1.3837046720513944,1.5520732909253754
005380,2018-04-23,0.1007,6.0,0.2997,0.2341,10.0,4.25,10.0,4.0,7.183455850123174,0.4368648959539151,0.06081542158380833,0.02911995110595066,1.3837046720513944,1.5514794579521465
005380,2018-04-24,0.1654,6.0,0.4535,0.2677,11.0,4.25,10.0,4.0,7.318567872382544,0.4450817905486596,0.06081542158380833,0.02911995110595066,1.3837046720513944,1.5550424557915177
005380,2018-04-25,0.5343,9.0,0.4947,0.1899,13.0,4.25,10.0,4.0,7.386123883512229,0.4491902378460318,0.06081542158380833,0.02911995110595066,1.3837046720513944,1.556823954711203
005380,2018-04-26,-0.4631,8.0,0.6415,0.1835,25.0,4.25,10.0,4.0,7.048343827863804,0.4286480013591706,0.06081542158380833,0.02911995110595066,1.3837046720513944,1.5479164601127757
005380,2018-04-27,0.5351,9.0,0.7435,0.2117,13.0,4.25,10.0,4.0,7.1158998389934895,0.43275644865654284,0.06081542158380833,0.02911995110595066,1.3837046720513944,1.549697959032461
005380,2018-04-28,-0.0,3.0,0.0,0.1923,1.0,4.25,10.0,4.0,7.1158998389934895,0.43275644865654284,0.06081542158380833,0.02911995110595066,1.3837046720513944,1.549697959032461
005380,2018-04-29,-0.4695,4.0,0.4695,0.1442,2.0,4.25,10.0,4.0,7.1158998389934895,0.43275644865654284,0.06081542158380833,0.02911995110595066,1.3837046720513944,1.549697959032461
005380,2018-04-30,0.1343,7.0,0.6067,0.2335,18.0,4.25,10.0,4.0,7.205974520499736,0.4382343783863725,0.06081542158380833,0.02911995110595066,1.3837046720513944,1.5520732909253754
005380,2018-05-01,-0.0018,5.0,0.9978,0.2033,6.0,4.25,10.0,5.0,7.205974520499736,0.4382343783863725,0.06081542158380833,0.02911995110595066,1.3837046720513944,1.5520732909253754
005380,2018-05-02,0.1924,8.0,0.7881,0.1936,12.0,4.25,10.0,5.0,7.205974520499736,0.4382343783863725,0.06081542158380833,0.02911995110595066,1.3837046720513944,1.5520732909253754
005380,2018-05-03,0.8047,7.0,0.3652,0.1917,6.0,4.25,10.0,5.0,7.205974520499736,0.4382343783863725,0.06081542158380833,0.02911995110595066,1.3837046720513944,1.5520732909253754
005380,2018-05-04,0.9998,7.0,0.0,0.1582,3.0,4.25,10.0,5.0,7.1158998389934895,0.43275644865654284,0.06081542158380833,0.02911995110595066,1.3837046720513944,1.549697959032461
005380,2018-05-05,0.0003,3.0,0.0003,0.2844,2.0,4.25,10.0,5.0,7.1158998389934895,0.43275644865654284,0.06081542158380833,0.02911995110595066,1.3837046720513944,1.549697959032461
005380,2018-05-06,0.9996,6.0,0.0,0.2128,1.0,4.25,10.0,5.0,7.1158998389934895,0.43275644865654284,0.06081542158380833,0.02911995110595066,1.3837046720513944,1.549697959032461
005380,2018-05-07,0.7919,6.0,0.4125,0.2251,5.0,4.25,10.0,5.0,7.1158998389934895,0.43275644865654284,0.06081542158380833,0.02911995110595066,1.3837046720513944,1.549697959032461
005380,2018-05-08,0.476,7.0,0.4795,0.2008,10.0,4.25,10.0,5.0,7.025825157487242,0.4272785189267132,0.06081542158380833,0.02911995110595066,1.3837046720513944,1.5473226271395473
005380,2018-05-09,0.3308,8.0,0.7202,0.1188,12.0,4.25,10.0,5.0,6.913231805604434,0.42043110676442613,0.06081542158380833,0.02911995110595066,1.3837046720513944,1.5443534622734045
005380,2018-05-10,0.3332,7.0,0.6664,0.1695,9.0,4.25,10.0,5.0,6.845675794474749,0.4163226594670539,0.06081542158380833,0.02911995110595066,1.3837046720513944,1.5425719633537192
005380,2018-05-11,0.0158,7.0,0.5271,0.2068,13.0,4.25,10.0,5.0,6.890713135227872,0.4190616243319687,0.06081542158380833,0.02911995110595066,1.3837046720513944,1.543759629300176
005380,2018-05-12,-0.422,4.0,0.4276,0.1997,2.0,4.25,10.0,5.0,6.890713135227872,0.4190616243319687,0.06081542158380833,0.02911995110595066,1.3837046720513944,1.543759629300176
005380,2018-05-13,,,,,0.0,4.25,10.0,5.0,6.890713135227872,0.4190616243319687,0.06081542158380833,0.02911995110595066,1.3837046720513944,1.543759629300176
005380,2018-05-14,0.4089,8.0,0.6116,0.1913,13.0,4.25,10.0,5.0,6.800638453721626,0.41358369460213906,0.06081542158380833,0.02911995110595066,1.3837046720513944,1.5413842974072622
005380,2018-05-15,-0.1454,4.0,0.2952,0.1931,5.0,4.25,10.0,5.0,6.688045101838817,0.406736282439852,0.06081542158380833,0.02911995110595066,1.3837046720513944,1.5384151325411195
005380,2018-05-16,0.052,7.0,0.6785,0.2172,22.0,4.25,10.0,5.0,6.778119783345064,0.4122142121696816,0.06081542158380833,0.02911995110595066,1.3837046720513944,1.5407904644340338
005380,2018-05-17,0.0052,5.0,0.0136,0.2144,8.0,4.25,10.0,5.0,6.73308244259194,0.4094752473047668,0.06081542158380833,0.02911995110595066,1.3837046720513944,1.5396027984875766
005380,2018-05-18,0.1888,5.0,0.4061,0.211,5.0,4.25,10.0,5.0,6.7556011129685025,0.41084472973722425,0.06081542158380833,0.02911995110595066,1.3837046720513944,1.540196631460805
005380,2018-05-19,,,,,0.0,4.25,10.0,5.0,6.7556011129685025,0.41084472973722425,0.06081542158380833,0.02911995110595066,1.3837046720513944,1.540196631460805
005380,2018-05-20,0.3223,7.0,0.4559,0.192,9.0,4.25,10.0,5.0,6.7556011129685025,0.41084472973722425,0.06081542158380833,0.02911995110595066,1.3837046720513944,1.540196631460805
005380,2018-05-21,-0.1186,7.0,0.54,0.1689,27.0,4.25,10.0,5.0,6.710563772215379,0.4081057648723094,0.06081542158380833,0.02911995110595066,1.3837046720513944,1.5390089655143482
005380,2018-05-22,-0.2685,7.0,0.3793,0.239,9.0,4.25,10.0,5.0,6.710563772215379,0.4081057648723094,0.06081542158380833,0.02911995110595066,1.3837046720513944,1.5390089655143482
005380,2018-05-23,-0.1446,7.0,0.3685,0.2327,18.0,4.25,10.0,5.0,6.507895738826324,0.39578042298019267,0.06081542158380833,0.02911995110595066,1.3837046720513944,1.5336644687552916
005380,2018-05-24,-0.3293,6.0,0.9384,0.1209,6.0,4.25,10.0,5.0,6.305227705437269,0.38345508108807597,0.06081542158380833,0.02911995110595066,1.3837046720513944,1.5283199719962353
005380,2018-05-25,0.1321,5.0,0.3279,0.1675,8.0,4.25,10.0,5.0,6.260190364684146,0.3807161162231611,0.06081542158380833,0.02911995110595066,1.3837046720513944,1.5271323060497781
005380,2018-05-26,0.9998,6.0,0.0,0.1373,1.0,4.25,10.0,5.0,6.260190364684146,0.3807161162231611,0.06081542158380833,0.02911995110595066,1.3837046720513944,1.5271323060497781
005380,2018-05-27,0.3109,5.0,0.4084,0.1566,4.0,4.25,10.0,5.0,6.260190364684146,0.3807161162231611,0.06081542158380833,0.02911995110595066,1.3837046720513944,1.5271323060497781
005380,2018-05-28,-0.1806,7.0,0.5678,0.1465,11.0,4.25,10.0,5.0,6.237671694307584,0.3793466337907037,0.06081542158380833,0.02911995110595066,1.3837046720513944,1.5265384730765494
005380,2018-05-29,0.4999,4.0,0.4999,0.2075,2.0,4.25,10.0,5.0,6.305227705437269,0.38345508108807597,0.06081542158380833,0.02911995110595066,1.3837046720513944,1.5283199719962353
005380,2018-05-30,-0.0198,5.0,0.705,0.1321,8.0,4.25,10.0,5.0,6.19263435355446,0.3766076689257889,0.06081542158380833,0.02911995110595066,1.3837046720513944,1.5253508071300925
005380,2018-05-31,0.2372,5.0,0.8136,0.2162,4.0,4.25,10.0,5.0,6.260190364684146,0.3807161162231611,0.06081542158380833,0.02911995110595066,1.3837046720513944,1.5271323060497781
005380,2018-06-01,0.3016,8.0,0.6868,0.1786,12.0,4.25,10.0,6.0,6.305227705437269,0.38345508108807597,0.06081542158380833,0.02911995110595066,1.3837046720513944,1.5283199719962353
005380,2018-06-02,0.0001,4.0,0.0001,0.2904,3.0,4.25,10.0,6.0,6.305227705437269,0.38345508108807597,0.06081542158380833,0.02911995110595066,1.3837046720513944,1.5283199719962353
005380,2018-06-03,0.1697,6.0,0.6859,0.249,6.0,4.25,10.0,6.0,6.305227705437269,0.38345508108807597,0.06081542158380833,0.02911995110595066,1.3837046720513944,1.5283199719962353
005380,2018-06-04,0.3325,8.0,0.7287,0.1786,12.0,4.25,10.0,6.0,6.440339727696639,0.3916719756828204,0.06081542158380833,0.02911995110595066,1.3837046720513944,1.531882969835606
005380,2018-06-05,0.2638,5.0,0.4255,0.2478,4.0,4.25,10.0,6.0,6.417821057320078,0.39030249325036304,0.06081542158380833,0.02911995110595066,1.3837046720513944,1.5312891368623776
005380,2018-06-06,0.6503,6.0,0.4602,0.1109,3.0,4.25,10.0,6.0,6.417821057320078,0.39030249325036304,0.06081542158380833,0.02911995110595066,1.3837046720513944,1.5312891368623776
005380,2018-06-07,0.5596,9.0,0.5634,0.2977,21.0,4.25,10.0,6.0,6.417821057320078,0.39030249325036304,0.06081542158380833,0.02911995110595066,1.3837046720513944,1.5312891368623776
005380,2018-06-08,0.3332,5.0,0.4711,0.2002,3.0,4.25,10.0,6.0,6.350265046190392,0.3861940459529908,0.06081542158380833,0.02911995110595066,1.3837046720513944,1.5295076379426922
005380,2018-06-09,-0.0,3.0,0.0,0.125,1.0,4.25,10.0,6.0,6.350265046190392,0.3861940459529908,0.06081542158380833,0.02911995110595066,1.3837046720513944,1.5295076379426922
005380,2018-06-10,0.1013,4.0,0.1726,0.2915,4.0,4.25,10.0,6.0,6.350265046190392,0.3861940459529908,0.06081542158380833,0.02911995110595066,1.3837046720513944,1.5295076379426922
005380,2018-06-11,0.1489,7.0,0.5095,0.2366,14.0,4.25,10.0,6.0,6.282709035060707,0.38208559865561853,0.06081542158380833,0.02911995110595066,1.3837046720513944,1.5277261390230066
005380,2018-06-12,0.225,6.0,0.3746,0.2188,8.0,4.25,10.0,6.0,6.32774637581383,0.38482456352053335,0.06081542158380833,0.02911995110595066,1.3837046720513944,1.5289138049694637
005380,2018-06-13,0.5972,6.0,0.4869,0.2442,5.0,4.25,10.0,6.0,6.32774637581383,0.38482456352053335,0.06081542158380833,0.02911995110595066,1.3837046720513944,1.5289138049694637
005380,2018-06-14,0.2551,6.0,0.6887,0.2397,6.0,4.25,10.0,6.0,6.080041001671652,0.3697602567635018,0.06081542158380833,0.02911995110595066,1.3837046720513944,1.5223816422639502
005380,2018-06-15,0.2514,6.0,0.4321,0.1633,8.0,4.25,10.0,6.0,6.0350036609185285,0.36702129189858695,0.06081542158380833,0.02911995110595066,1.3837046720513944,1.521193976317493
005380,2018-06-16,0.2912,5.0,0.4092,0.1982,3.0,4.25,10.0,6.0,6.0350036609185285,0.36702129189858695,0.06081542158380833,0.02911995110595066,1.3837046720513944,1.521193976317493
005380,2018-06-17,0.9997,6.0,0.0,0.1064,1.0,4.25,10.0,6.0,6.0350036609185285,0.36702129189858695,0.06081542158380833,0.02911995110595066,1.3837046720513944,1.521193976317493
005380,2018-06-18,0.2382,6.0,0.3205,0.0926,8.0,4.25,10.0,6.0,6.080041001671652,0.3697602567635018,0.06081542158380833,0.02911995110595066,1.3837046720513944,1.5223816422639502
005380,2018-06-19,0.0416,4.0,0.5688,0.1785,5.0,4.25,10.0,6.0,5.922410309035721,0.3601738797362999,0.06081542158380833,0.02911995110595066,1.3837046720513944,1.5182248114513506
005380,2018-06-20,0.326,7.0,0.8522,0.2077,11.0,4.25,10.0,6.0,5.832335627529473,0.35469595000647025,0.06081542158380833,0.02911995110595066,1.3837046720513944,1.5158494795584367
005380,2018-06-21,0.4623,8.0,0.6047,0.1863,14.0,4.25,10.0,6.0,5.719742275646666,0.3478485378441832,0.06081542158380833,0.02911995110595066,1.3837046720513944,1.512880314692294
005380,2018-06-22,0.1839,5.0,0.3595,0.1263,5.0,4.25,10.0,6.0,5.854854297906035,0.35606543243892763,0.06081542158380833,0.02911995110595066,1.3837046720513944,1.5164433125316652
005380,2018-06-23,-0.9997,6.0,0.0,0.0909,1.0,4.25,10.0,6.0,5.854854297906035,0.35606543243892763,0.06081542158380833,0.02911995110595066,1.3837046720513944,1.5164433125316652
005380,2018-06-24,0.4674,5.0,0.4271,0.1285,3.0,4.25,10.0,6.0,5.854854297906035,0.35606543243892763,0.06081542158380833,0.02911995110595066,1.3837046720513944,1.5164433125316652
005380,2018-06-25,0.494,6.0,0.7029,0.1642,8.0,4.25,10.0,6.0,5.809816957152912,0.3533264675740128,0.06081542158380833,0.02911995110595066,1.3837046720513944,1.515255646585208
005380,2018-06-26,0.9996,7.0,0.0003,0.1841,3.0,4.25,10.0,6.0,5.832335627529473,0.35469595000647025,0.06081542158380833,0.02911995110595066,1.3837046720513944,1.5158494795584367
005380,2018-06-27,0.1428,5.0,0.6386,0.1026,7.0,4.25,10.0,6.0,5.742260946023227,0.34921802027664056,0.06081542158380833,0.02911995110595066,1.3837046720513944,1.5134741476655225
005380,2018-06-28,0.2501,5.0,0.8288,0.136,4.0,4.25,10.0,6.0,5.629667594140419,0.3423706081143535,0.06081542158380833,0.02911995110595066,1.3837046720513944,1.5105049827993802
005380,2018-06-29,-0.9996,6.0,0.0,0.2381,1.0,4.25,10.0,6.0,5.65218626451698,0.34374009054681093,0.06081542158380833,0.02911995110595066,1.3837046720513944,1.5110988157726086
005380,2018-06-30,,,,,0.0,4.25,10.0,6.0,5.65218626451698,0.34374009054681093,0.06081542158380833,0.02911995110595066,1.3837046720513944,1.5110988157726086
005380,2018-07-01,-0.2855,6.0,0.6884,0.1131,7.0,4.25,10.0,7.0,5.65218626451698,0.34374009054681093,0.06081542158380833,0.02911995110595066,1.3837046720513944,1.5110988157726086
005380,2018-07-02,0.0039,7.0,0.7836,0.1684,18.0,4.25,10.0,7.0,5.562111583010734,0.3382621608169813,0.06081542158380833,0.02911995110595066,1.3837046720513944,1.5087234838796946
005380,2018-07-03,0.2666,6.0,0.6565,0.2051,8.0,4.25,10.0,7.0,5.494555571881048,0.33415371351960904,0.06081542158380833,0.02911995110595066,1.3837046720513944,1.506941984960009
005380,2018-07-04,0.3478,8.0,0.7935,0.2242,14.0,4.25,10.0,7.0,5.381962219998241,0.32730630135732197,0.06081542158380833,0.02911995110595066,1.3837046720513944,1.5039728200938667
005380,2018-07-05,-0.6921,9.0,0.4614,0.1706,13.0,4.25,10.0,7.0,5.472036901504487,0.3327842310871516,0.06081542158380833,0.02911995110595066,1.3837046720513944,1.5063481519867805
005380,2018-07-06,0.4999,5.0,0.4999,0.1455,4.0,4.25,10.0,7.0,5.562111583010734,0.3382621608169813,0.06081542158380833,0.02911995110595066,1.3837046720513944,1.5087234838796946
005380,2018-07-07,,,,,0.0,4.25,10.0,7.0,5.562111583010734,0.3382621608169813,0.06081542158380833,0.02911995110595066,1.3837046720513944,1.5087234838796946
005380,2018-07-08,0.4981,4.0,0.4981,0.1951,2.0,4.25,10.0,7.0,5.562111583010734,0.3382621608169813,0.06081542158380833,0.02911995110595066,1.3837046720513944,1.5087234838796946
005380,2018-07-09,-0.2005,5.0,0.3967,0.2006,5.0,4.25,10.0,7.0,5.607148923763857,0.3410011256818961,0.06081542158380833,0.02911995110595066,1.3837046720513944,1.5099111498261517
005380,2018-07-10,0.149,7.0,0.8318,0.192,14.0,4.25,10.0,7.0,5.562111583010734,0.3382621608169813,0.06081542158380833,0.02911995110595066,1.3837046720513944,1.5087234838796946
005380,2018-07-11,0.3533,6.0,0.6801,0.1641,6.0,4.25,10.0,7.0,5.472036901504487,0.3327842310871516,0.06081542158380833,0.02911995110595066,1.3837046720513944,1.5063481519867805
005380,2018-07-12,0.3897,8.0,0.7238,0.1974,13.0,4.25,10.0,7.0,5.539592912634172,0.33689267838452386,0.06081542158380833,0.02911995110595066,1.3837046720513944,1.508129650906466
005380,2018-07-13,-0.1509,4.0,0.8033,0.3093,3.0,4.25,10.0,7.0,5.5170742422576105,0.3355231959520664,0.06081542158380833,0.02911995110595066,1.3837046720513944,1.5075358179332374
005380,2018-07-14,,,,,0.0,4.25,10.0,7.0,5.5170742422576105,0.3355231959520664,0.06081542158380833,0.02911995110595066,1.3837046720513944,1.5075358179332374
005380,2018-07-15,-0.7955,5.0,0.1362,0.5662,2.0,4.25,10.0,7.0,5.5170742422576105,0.3355231959520664,0.06081542158380833,0.02911995110595066,1.3837046720513944,1.5075358179332374
005380,2018-07-16,0.3183,5.0,0.3922,0.171,5.0,4.25,10.0,7.0,5.674704934893542,0.34510957297926836,0.06081542158380833,0.02911995110595066,1.3837046720513944,1.511692648745837
005380,2018-07-17,0.4391,6.0,0.7182,0.1437,7.0,4.25,10.0,7.0,5.6972236052701035,0.34647905541172574,0.06081542158380833,0.02911995110595066,1.3837046720513944,1.5122864817190655
005380,2018-07-18,0.4966,4.0,0.4966,0.1852,2.0,4.25,10.0,7.0,5.584630253387295,0.3396316432494387,0.06081542158380833,0.02911995110595066,1.3837046720513944,1.509317316852923
005380,2018-07-19,0.4762,6.0,0.6906,0.1761,8.0,4.25,10.0,7.0,5.584630253387295,0.3396316432494387,0.06081542158380833,0.02911995110595066,1.3837046720513944,1.509317316852923
005380,2018-07-20,0.3545,8.0,0.63,0.2432,20.0,4.25,10.0,7.0,5.719742275646666,0.3478485378441832,0.06081542158380833,0.02911995110595066,1.3837046720513944,1.512880314692294
005380,2018-07-21,0.0125,3.0,0.0658,0.5314,2.0,4.25,10.0,7.0,5.719742275646666,0.3478485378441832,0.06081542158380833,0.02911995110595066,1.3837046720513944,1.512880314692294
005380,2018-07-22,,,,,0.0,4.25,10.0,7.0,5.719742275646666,0.3478485378441832,0.06081542158380833,0.02911995110595066,1.3837046720513944,1.512880314692294
005380,2018-07-23,-0.006,6.0,0.589,0.1892,11.0,4.25,10.0,7.0,5.832335627529473,0.35469595000647025,0.06081542158380833,0.02911995110595066,1.3837046720513944,1.5158494795584367
005380,2018-07-24,0.2949,7.0,0.434,0.147,11.0,4.25,10.0,7.0,5.832335627529473,0.35469595000647025,0.06081542158380833,0.02911995110595066,1.3837046720513944,1.5158494795584367
005380,2018-07-25,0.2718,7.0,0.6154,0.1516,11.0,4.25,10.0,7.0,5.8773729682825975,0.35743491487138507,0.06081542158380833,0.02911995110595066,1.3837046720513944,1.5170371455048937
005380,2018-07-26,-0.0422,7.0,0.8603,0.2226,19.0,4.25,10.0,7.0,5.854854297906035,0.35606543243892763,0.06081542158380833,0.02911995110595066,1.3837046720513944,1.5164433125316652
005380,2018-07-27,-0.0128,6.0,0.7743,0.1941,10.0,4.25,10.0,7.0,5.832335627529473,0.35469595000647025,0.06081542158380833,0.02911995110595066,1.3837046720513944,1.5158494795584367
005380,2018-07-28,,,,,0.0,4.25,10.0,7.0,5.832335627529473,0.35469595000647025,0.06081542158380833,0.02911995110595066,1.3837046720513944,1.5158494795584367
005380,2018-07-29,0.5001,5.0,0.4995,0.2566,2.0,4.25,10.0,7.0,5.832335627529473,0.35469595000647025,0.06081542158380833,0.02911995110595066,1.3837046720513944,1.5158494795584367
005380,2018-07-30,0.3291,6.0,0.4659,0.1776,6.0,4.25,10.0,7.0,5.8773729682825975,0.35743491487138507,0.06081542158380833,0.02911995110595066,1.3837046720513944,1.5170371455048937
005380,2018-07-31,0.9258,6.0,0.0,0.1489,1.0,4.25,10.0,7.0,5.832335627529473,0.35469595000647025,0.06081542158380833,0.02911995110595066,1.3837046720513944,1.5158494795584367
005380,2018-08-01,0.0223,6.0,0.9269,0.2019,11.0,4.25,10.0,8.0,5.78729828677635,0.35195698514155543,0.06081542158380833,0.02911995110595066,1.3837046720513944,1.5146618136119796
005380,2018-08-02,-0.6412,8.0,0.5093,0.228,9.0,4.25,10.0,8.0,5.65218626451698,0.34374009054681093,0.06081542158380833,0.02911995110595066,1.3837046720513944,1.5110988157726086
005380,2018-08-03,-0.1431,3.0,0.0,0.1458,1.0,4.25,10.0,8.0,5.584630253387295,0.3396316432494387,0.06081542158380833,0.02911995110595066,1.3837046720513944,1.509317316852923
005380,2018-08-04,,,,,0.0,4.25,10.0,8.0,5.584630253387295,0.3396316432494387,0.06081542158380833,0.02911995110595066,1.3837046720513944,1.509317316852923
005380,2018-08-05,0.9997,6.0,0.0,0.2708,1.0,4.25,10.0,8.0,5.584630253387295,0.3396316432494387,0.06081542158380833,0.02911995110595066,1.3837046720513944,1.509317316852923
005380,2018-08-06,0.4853,4.0,0.4853,0.1598,2.0,4.25,10.0,8.0,5.607148923763857,0.3410011256818961,0.06081542158380833,0.02911995110595066,1.3837046720513944,1.5099111498261517
005380,2018-08-07,0.7484,6.0,0.4354,0.122,4.0,4.25,10.0,8.0,5.629667594140419,0.3423706081143535,0.06081542158380833,0.02911995110595066,1.3837046720513944,1.5105049827993802
005380,2018-08-08,-0.4479,6.0,0.5647,0.216,8.0,4.25,10.0,8.0,5.742260946023227,0.34921802027664056,0.06081542158380833,0.02911995110595066,1.3837046720513944,1.5134741476655225
005380,2018-08-09,-0.1434,5.0,0.9885,0.1622,7.0,4.25,10.0,8.0,5.674704934893542,0.34510957297926836,0.06081542158380833,0.02911995110595066,1.3837046720513944,1.511692648745837
005380,2018-08-10,0.1608,5.0,0.6792,0.2501,6.0,4.25,10.0,8.0,5.674704934893542,0.34510957297926836,0.06081542158380833,0.02911995110595066,1.3837046720513944,1.511692648745837
005380,2018-08-11,,,,,0.0,4.25,10.0,8.0,5.674704934893542,0.34510957297926836,0.06081542158380833,0.02911995110595066,1.3837046720513944,1.511692648745837
005380,2018-08-12,-0.1284,4.0,0.6648,0.1486,3.0,4.25,10.0,8.0,5.674704934893542,0.34510957297926836,0.06081542158380833,0.02911995110595066,1.3837046720513944,1.511692648745837
005380,2018-08-13,0.4322,7.0,0.6498,0.1712,10.0,4.25,10.0,8.0,5.562111583010734,0.3382621608169813,0.06081542158380833,0.02911995110595066,1.3837046720513944,1.5087234838796946
005380,2018-08-14,0.6712,6.0,0.4619,0.159,3.0,4.25,10.0,8.0,5.539592912634172,0.33689267838452386,0.06081542158380833,0.02911995110595066,1.3837046720513944,1.508129650906466
005380,2018-08-15,0.9883,6.0,0.0116,0.2738,2.0,4.25,10.0,8.0,5.539592912634172,0.33689267838452386,0.06081542158380833,0.02911995110595066,1.3837046720513944,1.508129650906466
005380,2018-08-16,0.6648,7.0,0.4723,0.1755,6.0,4.25,10.0,8.0,5.6972236052701035,0.34647905541172574,0.06081542158380833,0.02911995110595066,1.3837046720513944,1.5122864817190655
005380,2018-08-17,0.4841,5.0,0.8248,0.1898,4.0,4.25,10.0,8.0,5.6972236052701035,0.34647905541172574,0.06081542158380833,0.02911995110595066,1.3837046720513944,1.5122864817190655
005380,2018-08-18,,,,,0.0,4.25,10.0,8.0,5.6972236052701035,0.34647905541172574,0.06081542158380833,0.02911995110595066,1.3837046720513944,1.5122864817190655
005380,2018-08-19,0.0501,4.0,0.0978,0.2419,5.0,4.25,10.0,8.0,5.6972236052701035,0.34647905541172574,0.06081542158380833,0.02911995110595066,1.3837046720513944,1.5122864817190655
005380,2018-08-20,0.3659,6.0,0.8442,0.2082,8.0,4.25,10.0,8.0,5.742260946023227,0.34921802027664056,0.06081542158380833,0.02911995110595066,1.3837046720513944,1.5134741476655225
005380,2018-08-21,0.9382,7.0,0.0747,0.1635,4.0,4.25,10.0,8.0,5.65218626451698,0.34374009054681093,0.06081542158380833,0.02911995110595066,1.3837046720513944,1.5110988157726086
005380,2018-08-22,0.9988,7.0,0.0017,0.2711,5.0,4.25,10.0,8.0,5.674704934893542,0.34510957297926836,0.06081542158380833,0.02911995110595066,1.3837046720513944,1.511692648745837
005380,2018-08-23,0.5009,7.0,0.4989,0.126,6.0,4.25,10.0,8.0,5.607148923763857,0.3410011256818961,0.06081542158380833,0.02911995110595066,1.3837046720513944,1.5099111498261517
005380,2018-08-24,0.0694,4.0,0.6452,0.2042,5.0,4.25,10.0,8.0,5.607148923763857,0.3410011256818961,0.06081542158380833,0.02911995110595066,1.3837046720513944,1.5099111498261517
005380,2018-08-25,,,,,0.0,4.25,10.0,8.0,5.607148923763857,0.3410011256818961,0.06081542158380833,0.02911995110595066,1.3837046720513944,1.5099111498261517
005380,2018-08-26,0.2255,6.0,0.3631,0.2262,6.0,4.25,10.0,8.0,5.607148923763857,0.3410011256818961,0.06081542158380833,0.02911995110595066,1.3837046720513944,1.5099111498261517
005380,2018-08-27,-0.0717,5.0,0.3961,0.176,7.0,4.25,10.0,8.0,5.584630253387295,0.3396316432494387,0.06081542158380833,0.02911995110595066,1.3837046720513944,1.509317316852923
005380,2018-08-28,0.1852,4.0,0.0748,0.2013,2.0,4.25,10.0,8.0,5.629667594140419,0.3423706081143535,0.06081542158380833,0.02911995110595066,1.3837046720513944,1.5105049827993802
005380,2018-08-29,0.3997,5.0,0.4892,0.1468,5.0,4.25,10.0,8.0,5.584630253387295,0.3396316432494387,0.06081542158380833,0.02911995110595066,1.3837046720513944,1.509317316852923
005380,2018-08-30,0.4938,8.0,0.4608,0.2063,18.0,4.25,10.0,8.0,5.562111583010734,0.3382621608169813,0.06081542158380833,0.02911995110595066,1.3837046720513944,1.5087234838796946
005380,2018-08-31,0.0272,5.0,0.0588,0.227,6.0,4.25,10.0,8.0,5.629667594140419,0.3423706081143535,0.06081542158380833,0.02911995110595066,1.3837046720513944,1.5105049827993802
005380,2018-09-01,,,,,0.0,4.25,10.0,9.0,5.629667594140419,0.3423706081143535,0.06081542158380833,0.02911995110595066,1.3837046720513944,1.5105049827993802
005380,2018-09-02,0.0026,3.0,0.0,0.1905,1.0,4.25,10.0,9.0,5.629667594140419,0.3423706081143535,0.06081542158380833,0.02911995110595066,1.3837046720513944,1.5105049827993802
005380,2018-09-03,0.2722,8.0,0.5924,0.1536,15.0,4.25,10.0,9.0,5.629667594140419,0.3423706081143535,0.06081542158380833,0.02911995110595066,1.3837046720513944,1.5105049827993802
005380,2018-09-04,0.5908,6.0,0.4827,0.2446,5.0,4.25,10.0,9.0,5.6972236052701035,0.34647905541172574,0.06081542158380833,0.02911995110595066,1.3837046720513944,1.5122864817190655
005380,2018-09-05,0.3764,6.0,0.6761,0.2016,8.0,4.25,10.0,9.0,5.809816957152912,0.3533264675740128,0.06081542158380833,0.02911995110595066,1.3837046720513944,1.515255646585208
005380,2018-09-06,0.8258,7.0,0.336,0.2756,8.0,4.25,10.0,9.0,6.0350036609185285,0.36702129189858695,0.06081542158380833,0.02911995110595066,1.3837046720513944,1.521193976317493
005380,2018-09-07,0.2535,8.0,0.5987,0.1515,12.0,4.25,10.0,9.0,5.989966320165405,0.36428232703367214,0.06081542158380833,0.02911995110595066,1.3837046720513944,1.520006310371036
005380,2018-09-08,-0.0018,4.0,0.0015,0.1977,3.0,4.25,10.0,9.0,5.989966320165405,0.36428232703367214,0.06081542158380833,0.02911995110595066,1.3837046720513944,1.520006310371036
005380,2018-09-09,0.9682,6.0,0.0,0.15,1.0,4.25,10.0,9.0,5.989966320165405,0.36428232703367214,0.06081542158380833,0.02911995110595066,1.3837046720513944,1.520006310371036
005380,2018-09-10,0.2004,7.0,0.3993,0.1875,10.0,4.25,10.0,9.0,5.899891638659159,0.3588043973038425,0.06081542158380833,0.02911995110595066,1.3837046720513944,1.5176309784781221
005380,2018-09-11,0.5459,8.0,0.4965,0.1922,11.0,4.25,10.0,9.0,5.764779616399789,0.350587502709098,0.06081542158380833,0.02911995110595066,1.3837046720513944,1.514067980638751
005380,2018-09-12,0.7133,7.0,0.4511,0.1446,7.0,4.25,10.0,9.0,5.832335627529473,0.35469595000647025,0.06081542158380833,0.02911995110595066,1.3837046720513944,1.5158494795584367
005380,2018-09-13,-0.1428,4.0,0.2475,0.2062,4.0,4.25,10.0,9.0,5.78729828677635,0.35195698514155543,0.06081542158380833,0.02911995110595066,1.3837046720513944,1.5146618136119796
005380,2018-09-14,0.1561,7.0,0.3598,0.175,13.0,4.25,10.0,9.0,5.832335627529473,0.35469595000647025,0.06081542158380833,0.02911995110595066,1.3837046720513944,1.5158494795584367
005380,2018-09-15,-0.0,3.0,0.0,0.5238,1.0,4.25,10.0,9.0,5.832335627529473,0.35469595000647025,0.06081542158380833,0.02911995110595066,1.3837046720513944,1.5158494795584367
005380,2018-09-16,0.0,4.0,0.0,0.2758,3.0,4.25,10.0,9.0,5.832335627529473,0.35469595000647025,0.06081542158380833,0.02911995110595066,1.3837046720513944,1.5158494795584367
005380,2018-09-17,0.0013,5.0,0.0023,0.2011,7.0,4.25,10.0,9.0,5.78729828677635,0.35195698514155543,0.06081542158380833,0.02911995110595066,1.3837046720513944,1.5146618136119796
005380,2018-09-18,0.1277,4.0,0.2554,0.2,5.0,4.25,10.0,9.0,5.764779616399789,0.350587502709098,0.06081542158380833,0.02911995110595066,1.3837046720513944,1.514067980638751
005380,2018-09-19,0.4421,7.0,0.6814,0.1417,9.0,4.25,10.0,9.0,5.6972236052701035,0.34647905541172574,0.06081542158380833,0.02911995110595066,1.3837046720513944,1.5122864817190655
005380,2018-09-20,0.421,8.0,0.4893,0.2373,12.0,4.25,10.0,9.0,5.809816957152912,0.3533264675740128,0.06081542158380833,0.02911995110595066,1.3837046720513944,1.515255646585208
005380,2018-09-21,0.9998,6.0,0.0,0.3421,1.0,4.25,10.0,9.0,5.809816957152912,0.3533264675740128,0.06081542158380833,0.02911995110595066,1.3837046720513944,1.515255646585208
005380,2018-09-22,,,,,0.0,4.25,10.0,9.0,5.809816957152912,0.3533264675740128,0.06081542158380833,0.02911995110595066,1.3837046720513944,1.515255646585208
005380,2018-09-23,,,,,0.0,4.25,10.0,9.0,5.809816957152912,0.3533264675740128,0.06081542158380833,0.02911995110595066,1.3837046720513944,1.515255646585208
005380,2018-09-24,,,,,0.0,4.25,10.0,9.0,5.809816957152912,0.3533264675740128,0.06081542158380833,0.02911995110595066,1.3837046720513944,1.515255646585208
005380,2018-09-25,-0.0192,4.0,0.045,0.1392,3.0,4.25,10.0,9.0,5.809816957152912,0.3533264675740128,0.06081542158380833,0.02911995110595066,1.3837046720513944,1.515255646585208
005380,2018-09-26,0.3333,5.0,0.4713,0.2058,3.0,4.25,10.0,9.0,5.809816957152912,0.3533264675740128,0.06081542158380833,0.02911995110595066,1.3837046720513944,1.515255646585208
005380,2018-09-27,0.7806,6.0,0.31,0.2493,3.0,4.25,10.0,9.0,5.8773729682825975,0.35743491487138507,0.06081542158380833,0.02911995110595066,1.3837046720513944,1.5170371455048937
005380,2018-09-28,0.0014,5.0,0.0034,0.1336,7.0,4.25,10.0,9.0,5.832335627529473,0.35469595000647025,0.06081542158380833,0.02911995110595066,1.3837046720513944,1.5158494795584367
005380,2018-09-29,,,,,0.0,4.25,10.0,9.0,5.832335627529473,0.35469595000647025,0.06081542158380833,0.02911995110595066,1.3837046720513944,1.5158494795584367
005380,2018-09-30,0.0736,3.0,0.0,0.2045,1.0,4.25,10.0,9.0,5.832335627529473,0.35469595000647025,0.06081542158380833,0.02911995110595066,1.3837046720513944,1.5158494795584367
005380,2018-10-01,-0.31,7.0,0.62,0.2091,10.0,4.25,10.0,10.0,5.809816957152912,0.3533264675740128,0.06081542158380833,0.02911995110595066,1.3837046720513944,1.515255646585208
005380,2018-10-02,0.2281,6.0,0.3699,0.2307,6.0,4.25,10.0,10.0,5.78729828677635,0.35195698514155543,0.06081542158380833,0.02911995110595066,1.3837046720513944,1.5146618136119796
005380,2018-10-03,-0.3974,5.0,0.7977,0.2137,5.0,4.25,10.0,10.0,5.78729828677635,0.35195698514155543,0.06081542158380833,0.02911995110595066,1.3837046720513944,1.5146618136119796
005380,2018-10-04,0.6253,9.0,0.6022,0.2152,12.0,4.25,10.0,10.0,5.607148923763857,0.3410011256818961,0.06081542158380833,0.02911995110595066,1.3837046720513944,1.5099111498261517
005380,2018-10-05,0.6645,7.0,0.4699,0.2238,6.0,4.25,10.0,10.0,5.607148923763857,0.3410011256818961,0.06081542158380833,0.02911995110595066,1.3837046720513944,1.5099111498261517
005380,2018-10-06,,,,,0.0,4.25,10.0,10.0,5.607148923763857,0.3410011256818961,0.06081542158380833,0.02911995110595066,1.3837046720513944,1.5099111498261517
005380,2018-10-07,0.1353,3.0,0.1353,0.1245,2.0,4.25,10.0,10.0,5.607148923763857,0.3410011256818961,0.06081542158380833,0.02911995110595066,1.3837046720513944,1.5099111498261517
005380,2018-10-08,-0.2785,6.0,0.8748,0.1466,7.0,4.25,10.0,10.0,5.494555571881048,0.33415371351960904,0.06081542158380833,0.02911995110595066,1.3837046720513944,1.506941984960009
005380,2018-10-09,0.3329,5.0,0.942,0.1427,3.0,4.25,10.0,10.0,5.494555571881048,0.33415371351960904,0.06081542158380833,0.02911995110595066,1.3837046720513944,1.506941984960009
005380,2018-10-10,0.2833,7.0,0.8679,0.2066,11.0,4.25,10.0,10.0,5.404480890374802,0.32867578378977935,0.06081542158380833,0.02911995110595066,1.3837046720513944,1.5045666530670951
005380,2018-10-11,0.5706,8.0,0.6898,0.1826,10.0,4.25,10.0,10.0,5.224331527362309,0.3177199243301201,0.06081542158380833,0.02911995110595066,1.3837046720513944,1.499815989281267
005380,2018-10-12,-0.4999,5.0,0.8657,0.147,4.0,4.25,10.0,10.0,5.201812856985747,0.31635044189766265,0.06081542158380833,0.02911995110595066,1.3837046720513944,1.4992221563080386
005380,2018-10-13,,,,,0.0,4.25,10.0,10.0,5.201812856985747,0.31635044189766265,0.06081542158380833,0.02911995110595066,1.3837046720513944,1.4992221563080386
005380,2018-10-14,0.5715,7.0,0.4887,0.1643,7.0,4.25,10.0,10.0,5.201812856985747,0.31635044189766265,0.06081542158380833,0.02911995110595066,1.3837046720513944,1.4992221563080386
005380,2018-10-15,0.1105,6.0,0.7898,0.2559,10.0,4.25,10.0,10.0,5.1117381754795,0.310872512167833,0.06081542158380833,0.02911995110595066,1.3837046720513944,1.4968468244151245
005380,2018-10-16,0.2391,7.0,0.5761,0.1793,11.0,4.25,10.0,10.0,5.24685019773887,0.31908940676257747,0.06081542158380833,0.02911995110595066,1.3837046720513944,1.5004098222544955
005380,2018-10-17,0.6615,8.0,0.4691,0.2143,9.0,4.25,10.0,10.0,5.3369248792451165,0.32456733649240715,0.06081542158380833,0.02911995110595066,1.3837046720513944,1.5027851541474095
005380,2018-10-18,0.2084,7.0,0.4459,0.2405,10.0,4.25,10.0,10.0,5.224331527362309,0.3177199243301201,0.06081542158380833,0.02911995110595066,1.3837046720513944,1.499815989281267
005380,2018-10-19,0.8838,8.0,0.2592,0.1929,6.0,4.25,10.0,10.0,5.201812856985747,0.31635044189766265,0.06081542158380833,0.02911995110595066,1.3837046720513944,1.4992221563080386
005380,2018-10-20,,,,,0.0,4.25,10.0,10.0,5.201812856985747,0.31635044189766265,0.06081542158380833,0.02911995110595066,1.3837046720513944,1.4992221563080386
005380,2018-10-21,0.4422,5.0,0.4493,0.1657,4.0,4.25,10.0,10.0,5.201812856985747,0.31635044189766265,0.06081542158380833,0.02911995110595066,1.3837046720513944,1.4992221563080386
005380,2018-10-22,0.8269,7.0,0.3425,0.1639,7.0,4.25,10.0,10.0,5.314406208868555,0.3231978540599497,0.06081542158380833,0.02911995110595066,1.3837046720513944,1.5021913211741809
005380,2018-10-23,0.0001,4.0,0.9996,0.1636,4.0,4.25,10.0,10.0,5.24685019773887,0.31908940676257747,0.06081542158380833,0.02911995110595066,1.3837046720513944,1.5004098222544955
005380,2018-10-24,0.4409,8.0,0.5211,0.1701,13.0,4.25,10.0,10.0,5.269368868115432,0.3204588891950349,0.06081542158380833,0.02911995110595066,1.3837046720513944,1.501003655227724
005380,2018-10-25,-0.541,9.0,0.7001,0.1822,23.0,4.25,10.0,10.0,4.954107482843568,0.3012861351406311,0.06081542158380833,0.02911995110595066,1.3837046720513944,1.492689993602525
005380,2018-10-26,-0.4354,8.0,0.6435,0.267,15.0,4.25,10.0,10.0,4.864032801337322,0.29580820541080144,0.06081542158380833,0.02911995110595066,1.3837046720513944,1.490314661709611
005380,2018-10-27,,,,,0.0,4.25,10.0,10.0,4.864032801337322,0.29580820541080144,0.06081542158380833,0.02911995110595066,1.3837046720513944,1.490314661709611
005380,2018-10-28,-0.3319,5.0,0.4694,0.2022,3.0,4.25,10.0,10.0,4.864032801337322,0.29580820541080144,0.06081542158380833,0.02911995110595066,1.3837046720513944,1.490314661709611
005380,2018-10-29,0.6458,7.0,0.4593,0.1629,8.0,4.25,10.0,10.0,4.773958119831075,0.2903302756809718,0.06081542158380833,0.02911995110595066,1.3837046720513944,1.487939329816697
005380,2018-10-30,0.2424,5.0,0.4375,0.2526,4.0,4.25,10.0,10.0,4.84151413096076,0.294438722978344,0.06081542158380833,0.02911995110595066,1.3837046720513944,1.4897208287363823
005380,2018-10-31,-0.0244,5.0,0.686,0.2049,7.0,4.25,10.0,10.0,4.796476790207636,0.2916997581134292,0.06081542158380833,0.02911995110595066,1.3837046720513944,1.4885331627899254
005380,2018-11-01,0.4881,7.0,0.662,0.2158,10.0,4.25,10.0,11.0,4.886551471713884,0.2971776878432589,0.06081542158380833,0.02911995110595066,1.3837046720513944,1.4909084946828395
005380,2018-11-02,-0.0005,4.0,0.7059,0.1648,4.0,4.25,10.0,11.0,4.954107482843568,0.3012861351406311,0.06081542158380833,0.02911995110595066,1.3837046720513944,1.492689993602525
005380,2018-11-03,,,,,0.0,4.25,10.0,11.0,4.954107482843568,0.3012861351406311,0.06081542158380833,0.02911995110595066,1.3837046720513944,1.492689993602525
005380,2018-11-04,0.0002,3.0,0.0,0.25,1.0,4.25,10.0,11.0,4.954107482843568,0.3012861351406311,0.06081542158380833,0.02911995110595066,1.3837046720513944,1.492689993602525
005380,2018-11-05,0.0001,4.0,0.8163,0.186,3.0,4.25,10.0,11.0,4.683883438324829,0.2848523459511421,0.06081542158380833,0.02911995110595066,1.3837046720513944,1.4855639979237831
005380,2018-11-06,0.3182,7.0,0.4416,0.2382,10.0,4.25,10.0,11.0,4.84151413096076,0.294438722978344,0.06081542158380833,0.02911995110595066,1.3837046720513944,1.4897208287363823
005380,2018-11-07,0.3051,6.0,0.4414,0.229,7.0,4.25,10.0,11.0,4.84151413096076,0.294438722978344,0.06081542158380833,0.02911995110595066,1.3837046720513944,1.4897208287363823
005380,2018-11-08,0.2971,7.0,0.6323,0.1666,9.0,4.25,10.0,11.0,4.751439449454513,0.28896079324851437,0.06081542158380833,0.02911995110595066,1.3837046720513944,1.4873454968434685
005380,2018-11-09,0.1081,6.0,0.9329,0.1976,10.0,4.25,10.0,11.0,4.728920779077952,0.28759131081605693,0.06081542158380833,0.02911995110595066,1.3837046720513944,1.48675166387024
005380,2018-11-10,0.0,3.0,0.0,0.325,1.0,4.25,10.0,11.0,4.728920779077952,0.28759131081605693,0.06081542158380833,0.02911995110595066,1.3837046720513944,1.48675166387024
005380,2018-11-11,0.0009,4.0,0.001,0.1868,4.0,4.25,10.0,11.0,4.728920779077952,0.28759131081605693,0.06081542158380833,0.02911995110595066,1.3837046720513944,1.48675166387024
005380,2018-11-12,-0.3184,6.0,0.4313,0.2391,8.0,4.25,10.0,11.0,4.593808756818581,0.2793744162213125,0.06081542158380833,0.02911995110595066,1.3837046720513944,1.4831886660308689
005380,2018-11-13,-0.0891,6.0,0.6645,0.2396,11.0,4.25,10.0,11.0,4.616327427195143,0.28074389865376986,0.06081542158380833,0.02911995110595066,1.3837046720513944,1.4837824990040973
005380,2018-11-14,-0.2305,6.0,0.6406,0.1818,8.0,4.25,10.0,11.0,4.57129008644202,0.27800493378885505,0.06081542158380833,0.02911995110595066,1.3837046720513944,1.4825948330576404
005380,2018-11-15,0.0568,5.0,0.8703,0.2164,7.0,4.25,10.0,11.0,4.638846097571705,0.2821133810862273,0.06081542158380833,0.02911995110595066,1.3837046720513944,1.484376331977326
005380,2018-11-16,0.3113,8.0,0.4609,0.1724,16.0,4.25,10.0,11.0,4.638846097571705,0.2821133810862273,0.06081542158380833,0.02911995110595066,1.3837046720513944,1.484376331977326
005380,2018-11-17,,,,,0.0,4.25,10.0,11.0,4.638846097571705,0.2821133810862273,0.06081542158380833,0.02911995110595066,1.3837046720513944,1.484376331977326
005380,2018-11-18,-0.0039,3.0,0.0033,0.1277,2.0,4.25,10.0,11.0,4.638846097571705,0.2821133810862273,0.06081542158380833,0.02911995110595066,1.3837046720513944,1.484376331977326
005380,2018-11-19,0.2006,7.0,0.4874,0.1957,11.0,4.25,10.0,11.0,4.57129008644202,0.27800493378885505,0.06081542158380833,0.02911995110595066,1.3837046720513944,1.4825948330576404
005380,2018-11-20,-0.1847,8.0,0.7612,0.2028,13.0,4.25,10.0,11.0,4.391140723429526,0.2670490743291957,0.06081542158380833,0.02911995110595066,1.3837046720513944,1.4778441692718125
005380,2018-11-21,0.057,6.0,0.7939,0.2615,9.0,4.25,10.0,11.0,4.404651925655464,0.2678707637886702,0.06081542158380833,0.02911995110595066,1.3837046720513944,1.4782004690557495
005380,2018-11-22,-0.4329,6.0,0.7194,0.1452,7.0,4.25,10.0,11.0,4.1794652218898465,0.25417593946409606,0.06081542158380833,0.02911995110595066,1.3837046720513944,1.4722621393234645
005380,2018-11-23,0.2798,7.0,0.4248,0.1535,10.0,4.25,10.0,11.0,4.2199988285676575,0.2566410078425194,0.06081542158380833,0.02911995110595066,1.3837046720513944,1.4733310386752758
005380,2018-11-24,,,,,0.0,4.25,10.0,11.0,4.2199988285676575,0.2566410078425194,0.06081542158380833,0.02911995110595066,1.3837046720513944,1.4733310386752758
005380,2018-11-25,-0.3033,5.0,0.4289,0.2181,3.0,4.25,10.0,11.0,4.2199988285676575,0.2566410078425194,0.06081542158380833,0.02911995110595066,1.3837046720513944,1.4733310386752758
005380,2018-11-26,-0.6861,6.0,0.4,0.1589,5.0,4.25,10.0,11.0,4.283051105622031,0.26047555865340016,0.06081542158380833,0.02911995110595066,1.3837046720513944,1.4749937710003156
005380,2018-11-27,0.3988,8.0,0.4899,0.1529,16.0,4.25,10.0,11.0,4.548771416065458,0.27663545135639767,0.06081542158380833,0.02911995110595066,1.3837046720513944,1.482001000084412
005380,2018-11-28,0.0597,5.0,0.3928,0.2079,8.0,4.25,10.0,11.0,4.548771416065458,0.27663545135639767,0.06081542158380833,0.02911995110595066,1.3837046720513944,1.482001000084412
005380,2018-11-29,0.4522,8.0,0.5607,0.282,12.0,4.25,10.0,11.0,4.503734075312335,0.2738964864914828,0.06081542158380833,0.02911995110595066,1.3837046720513944,1.480813334137955
005380,2018-11-30,0.4127,8.0,0.4815,0.2062,15.0,4.25,10.0,11.0,4.8189954605841985,0.2930692405458866,0.06081542158380833,0.02911995110595066,1.3837046720513944,1.4891269957631539
005380,2018-12-01,-0.9997,6.0,0.0,0.1489,1.0,4.25,10.0,12.0,4.8189954605841985,0.2930692405458866,0.06081542158380833,0.02911995110595066,1.3837046720513944,1.4891269957631539
005380,2018-12-02,0.9535,6.0,0.0,0.1569,1.0,4.25,10.0,12.0,4.8189954605841985,0.2930692405458866,0.06081542158380833,0.02911995110595066,1.3837046720513944,1.4891269957631539
005380,2018-12-03,0.1228,7.0,0.744,0.2128,14.0,4.25,10.0,12.0,4.886551471713884,0.2971776878432589,0.06081542158380833,0.02911995110595066,1.3837046720513944,1.4909084946828395
005380,2018-12-04,0.4047,8.0,0.6525,0.2996,16.0,4.25,10.0,12.0,4.84151413096076,0.294438722978344,0.06081542158380833,0.02911995110595066,1.3837046720513944,1.4897208287363823
005380,2018-12-05,-0.1974,8.0,0.4721,0.3155,22.0,4.25,10.0,12.0,4.84151413096076,0.294438722978344,0.06081542158380833,0.02911995110595066,1.3837046720513944,1.4897208287363823
005380,2018-12-06,0.0526,7.0,0.7096,0.3077,17.0,4.25,10.0,12.0,4.97662615322013,0.3026556175730885,0.06081542158380833,0.02911995110595066,1.3837046720513944,1.4932838265757535
005380,2018-12-07,-0.0,4.0,0.8938,0.2323,5.0,4.25,10.0,12.0,4.9991448235966915,0.30402510000554595,0.06081542158380833,0.02911995110595066,1.3837046720513944,1.493877659548982
005380,2018-12-08,0.9998,6.0,0.0,0.2143,1.0,4.25,10.0,12.0,4.9991448235966915,0.30402510000554595,0.06081542158380833,0.02911995110595066,1.3837046720513944,1.493877659548982
005380,2018-12-09,,,,,0.0,4.25,10.0,12.0,4.9991448235966915,0.30402510000554595,0.06081542158380833,0.02911995110595066,1.3837046720513944,1.493877659548982
005380,2018-12-10,0.4149,6.0,0.5074,0.1852,7.0,4.25,10.0,12.0,4.97662615322013,0.3026556175730885,0.06081542158380833,0.02911995110595066,1.3837046720513944,1.4932838265757535
005380,2018-12-11,0.6094,9.0,0.4934,0.1808,16.0,4.25,10.0,12.0,5.021663493973254,0.3053945824380033,0.06081542158380833,0.02911995110595066,1.3837046720513944,1.4944714925222105
005380,2018-12-12,0.3668,8.0,0.4967,0.1947,39.0,4.25,10.0,12.0,5.3369248792451165,0.32456733649240715,0.06081542158380833,0.02911995110595066,1.3837046720513944,1.5027851541474095
005380,2018-12-13,0.4255,8.0,0.4842,0.2077,14.0,4.25,10.0,12.0,5.3369248792451165,0.32456733649240715,0.06081542158380833,0.02911995110595066,1.3837046720513944,1.5027851541474095
005380,2018-12-14,0.9998,7.0,0.0,0.2222,3.0,4.25,10.0,12.0,5.24685019773887,0.31908940676257747,0.06081542158380833,0.02911995110595066,1.3837046720513944,1.5004098222544955
005380,2018-12-15,-0.9974,6.0,0.0,0.2041,1.0,4.25,10.0,12.0,5.24685019773887,0.31908940676257747,0.06081542158380833,0.02911995110595066,1.3837046720513944,1.5004098222544955
005380,2018-12-16,-0.2222,6.0,0.3692,0.1675,7.0,4.25,10.0,12.0,5.24685019773887,0.31908940676257747,0.06081542158380833,0.02911995110595066,1.3837046720513944,1.5004098222544955
005380,2018-12-17,0.4892,8.0,0.4619,0.1586,20.0,4.25,10.0,12.0,5.24685019773887,0.31908940676257747,0.06081542158380833,0.02911995110595066,1.3837046720513944,1.5004098222544955
005380,2018-12-18,0.3121,6.0,0.4582,0.2068,6.0,4.25,10.0,12.0,5.314406208868555,0.3231978540599497,0.06081542158380833,0.02911995110595066,1.3837046720513944,1.5021913211741809
005380,2018-12-19,0.5057,9.0,0.5918,0.1329,17.0,4.25,10.0,12.0,5.539592912634172,0.33689267838452386,0.06081542158380833,0.02911995110595066,1.3837046720513944,1.508129650906466
005380,2018-12-20,-0.27,5.0,0.6388,0.2779,5.0,4.25,10.0,12.0,5.472036901504487,0.3327842310871516,0.06081542158380833,0.02911995110595066,1.3837046720513944,1.5063481519867805
005380,2018-12-21,-0.0,3.0,0.9997,0.1812,2.0,4.25,10.0,12.0,5.5170742422576105,0.3355231959520664,0.06081542158380833,0.02911995110595066,1.3837046720513944,1.5075358179332374
005380,2018-12-22,,,,,0.0,4.25,10.0,12.0,5.5170742422576105,0.3355231959520664,0.06081542158380833,0.02911995110595066,1.3837046720513944,1.5075358179332374
005380,2018-12-23,0.2482,4.0,0.241,0.1081,2.0,4.25,10.0,12.0,5.5170742422576105,0.3355231959520664,0.06081542158380833,0.02911995110595066,1.3837046720513944,1.5075358179332374
005380,2018-12-24,0.577,7.0,0.4531,0.162,8.0,4.25,10.0,12.0,5.539592912634172,0.33689267838452386,0.06081542158380833,0.02911995110595066,1.3837046720513944,1.508129650906466
005380,2018-12-25,0.4999,4.0,0.4999,0.1958,2.0,4.25,10.0,12.0,5.539592912634172,0.33689267838452386,0.06081542158380833,0.02911995110595066,1.3837046720513944,1.508129650906466
005380,2018-12-26,0.4998,6.0,0.4998,0.1611,6.0,4.25,10.0,12.0,5.404480890374802,0.32867578378977935,0.06081542158380833,0.02911995110595066,1.3837046720513944,1.5045666530670951
005380,2018-12-27,0.5111,8.0,0.4531,0.1922,9.0,4.25,10.0,12.0,5.3369248792451165,0.32456733649240715,0.06081542158380833,0.02911995110595066,1.3837046720513944,1.5027851541474095
005380,2018-12-28,0.2702,5.0,0.4224,0.1647,4.0,4.25,10.0,12.0,5.3369248792451165,0.32456733649240715,0.06081542158380833,0.02911995110595066,1.3837046720513944,1.5027851541474095
005380,2018-12-29,0.0,3.0,0.0,0.2143,1.0,4.25,10.0,12.0,5.3369248792451165,0.32456733649240715,0.06081542158380833,0.02911995110595066,1.3837046720513944,1.5027851541474095
005380,2018-12-30,0.6635,6.0,0.4691,0.212,3.0,4.25,10.0,12.0,5.3369248792451165,0.32456733649240715,0.06081542158380833,0.02911995110595066,1.3837046720513944,1.5027851541474095
005380,2018-12-31,-0.0376,4.0,0.677,0.2024,4.0,4.25,10.0,12.0,5.3369248792451165,0.32456733649240715,0.06081542158380833,0.02911995110595066,1.3837046720513944,1.5027851541474095
005380,2019-01-01,0.1716,4.0,0.1716,0.29,2.0,4.25,10.0,13.0,5.3369248792451165,0.32456733649240715,0.06081542158380833,0.02911995110595066,1.3837046720513944,1.5027851541474095
005380,2019-01-02,0.5568,9.0,0.5341,0.219,19.0,4.25,10.0,13.0,5.134256845856062,0.3122419946002904,0.06081542158380833,0.02911995110595066,1.3837046720513944,1.4974406573883532
005380,2019-01-03,0.2362,5.0,0.3882,0.2141,5.0,4.25,10.0,13.0,5.24685019773887,0.31908940676257747,0.06081542158380833,0.02911995110595066,1.3837046720513944,1.5004098222544955
005380,2019-01-04,0.4473,7.0,0.7768,0.1475,11.0,4.25,10.0,13.0,5.381962219998241,0.32730630135732197,0.06081542158380833,0.02911995110595066,1.3837046720513944,1.5039728200938667
005380,2019-01-05,,,,,0.0,4.25,10.0,13.0,5.381962219998241,0.32730630135732197,0.06081542158380833,0.02911995110595066,1.3837046720513944,1.5039728200938667
005380,2019-01-06,0.4999,4.0,0.4999,0.2986,2.0,4.25,10.0,13.0,5.381962219998241,0.32730630135732197,0.06081542158380833,0.02911995110595066,1.3837046720513944,1.5039728200938667
005380,2019-01-07,0.6633,7.0,0.4691,0.1527,6.0,4.25,10.0,13.0,5.426999560751364,0.3300452662222368,0.06081542158380833,0.02911995110595066,1.3837046720513944,1.5051604860403236
005380,2019-01-08,0.6299,9.0,0.4321,0.2112,13.0,4.25,10.0,13.0,5.381962219998241,0.32730630135732197,0.06081542158380833,0.02911995110595066,1.3837046720513944,1.5039728200938667
005380,2019-01-09,-0.073,6.0,0.5625,0.2544,9.0,4.25,10.0,13.0,5.539592912634172,0.33689267838452386,0.06081542158380833,0.02911995110595066,1.3837046720513944,1.508129650906466
005380,2019-01-10,0.3335,7.0,0.4712,0.2644,9.0,4.25,10.0,13.0,5.539592912634172,0.33689267838452386,0.06081542158380833,0.02911995110595066,1.3837046720513944,1.508129650906466
005380,2019-01-11,0.2485,6.0,0.838,0.1957,7.0,4.25,10.0,13.0,5.539592912634172,0.33689267838452386,0.06081542158380833,0.02911995110595066,1.3837046720513944,1.508129650906466
005380,2019-01-12,0.0,3.0,0.0,0.25,1.0,4.25,10.0,13.0,5.539592912634172,0.33689267838452386,0.06081542158380833,0.02911995110595066,1.3837046720513944,1.508129650906466
005380,2019-01-13,0.2252,5.0,0.7356,0.2209,5.0,4.25,10.0,13.0,5.539592912634172,0.33689267838452386,0.06081542158380833,0.02911995110595066,1.3837046720513944,1.508129650906466
005380,2019-01-14,0.2548,7.0,0.6032,0.1749,10.0,4.25,10.0,13.0,5.472036901504487,0.3327842310871516,0.06081542158380833,0.02911995110595066,1.3837046720513944,1.5063481519867805
005380,2019-01-15,0.6308,7.0,0.4524,0.3967,6.0,4.25,10.0,13.0,5.742260946023227,0.34921802027664056,0.06081542158380833,0.02911995110595066,1.3837046720513944,1.5134741476655225
005380,2019-01-16,0.5468,9.0,0.4898,0.0896,13.0,4.25,10.0,13.0,5.78729828677635,0.35195698514155543,0.06081542158380833,0.02911995110595066,1.3837046720513944,1.5146618136119796
005380,2019-01-17,0.4827,8.0,0.6015,0.1902,14.0,4.25,10.0,13.0,5.832335627529473,0.35469595000647025,0.06081542158380833,0.02911995110595066,1.3837046720513944,1.5158494795584367
005380,2019-01-18,0.3377,6.0,0.4682,0.1309,6.0,4.25,10.0,13.0,5.899891638659159,0.3588043973038425,0.06081542158380833,0.02911995110595066,1.3837046720513944,1.5176309784781221
005380,2019-01-19,0.0001,3.0,0.0,0.0889,1.0,4.25,10.0,13.0,5.899891638659159,0.3588043973038425,0.06081542158380833,0.02911995110595066,1.3837046720513944,1.5176309784781221
005380,2019-01-20,0.3353,5.0,0.4698,0.1428,3.0,4.25,10.0,13.0,5.899891638659159,0.3588043973038425,0.06081542158380833,0.02911995110595066,1.3837046720513944,1.5176309784781221
005380,2019-01-21,0.4992,6.0,0.7625,0.1702,6.0,4.25,10.0,13.0,5.719742275646666,0.3478485378441832,0.06081542158380833,0.02911995110595066,1.3837046720513944,1.512880314692294
005380,2019-01-22,0.4037,7.0,0.7922,0.2028,10.0,4.25,10.0,13.0,5.742260946023227,0.34921802027664056,0.06081542158380833,0.02911995110595066,1.3837046720513944,1.5134741476655225
005380,2019-01-23,0.0873,3.0,0.9119,0.2035,2.0,4.25,10.0,13.0,5.809816957152912,0.3533264675740128,0.06081542158380833,0.02911995110595066,1.3837046720513944,1.515255646585208
005380,2019-01-24,0.1907,8.0,0.8673,0.1836,20.0,4.25,10.0,13.0,5.854854297906035,0.35606543243892763,0.06081542158380833,0.02911995110595066,1.3837046720513944,1.5164433125316652
005380,2019-01-25,0.2105,8.0,0.7316,0.2767,16.0,4.25,10.0,13.0,5.78729828677635,0.35195698514155543,0.06081542158380833,0.02911995110595066,1.3837046720513944,1.5146618136119796
005380,2019-01-26,,,,,0.0,4.25,10.0,13.0,5.78729828677635,0.35195698514155543,0.06081542158380833,0.02911995110595066,1.3837046720513944,1.5146618136119796
005380,2019-01-27,,,,,0.0,4.25,10.0,13.0,5.78729828677635,0.35195698514155543,0.06081542158380833,0.02911995110595066,1.3837046720513944,1.5146618136119796
005380,2019-01-28,0.5012,7.0,0.7022,0.2289,8.0,4.25,10.0,13.0,5.6972236052701035,0.34647905541172574,0.06081542158380833,0.02911995110595066,1.3837046720513944,1.5122864817190655
005380,2019-01-29,-0.1989,5.0,0.4004,0.1287,5.0,4.25,10.0,13.0,5.764779616399789,0.350587502709098,0.06081542158380833,0.02911995110595066,1.3837046720513944,1.514067980638751
005380,2019-01-30,0.4003,8.0,0.5512,0.1245,28.0,4.25,10.0,13.0,5.832335627529473,0.35469595000647025,0.06081542158380833,0.02911995110595066,1.3837046720513944,1.5158494795584367
005380,2019-01-31,0.2878,8.0,0.4803,0.2849,26.0,4.25,10.0,13.0,5.832335627529473,0.35469595000647025,0.06081542158380833,0.02911995110595066,1.3837046720513944,1.5158494795584367
005380,2019-02-01,-0.3226,6.0,0.6109,0.2164,8.0,4.25,10.0,14.0,5.832335627529473,0.35469595000647025,0.06081542158380833,0.02911995110595066,1.3837046720513944,1.5158494795584367
005380,2019-02-02,,,,,0.0,4.25,10.0,14.0,5.832335627529473,0.35469595000647025,0.06081542158380833,0.02911995110595066,1.3837046720513944,1.5158494795584367
005380,2019-02-03,,,,,0.0,4.25,10.0,14.0,5.832335627529473,0.35469595000647025,0.06081542158380833,0.02911995110595066,1.3837046720513944,1.5158494795584367
005380,2019-02-04,,,,,0.0,4.25,10.0,14.0,5.832335627529473,0.35469595000647025,0.06081542158380833,0.02911995110595066,1.3837046720513944,1.5158494795584367
005380,2019-02-05,,,,,0.0,4.25,10.0,14.0,5.832335627529473,0.35469595000647025,0.06081542158380833,0.02911995110595066,1.3837046720513944,1.5158494795584367
005380,2019-02-06,0.0041,4.0,0.0058,0.207,3.0,4.25,10.0,14.0,5.832335627529473,0.35469595000647025,0.06081542158380833,0.02911995110595066,1.3837046720513944,1.5158494795584367
005380,2019-02-07,0.5136,6.0,0.4863,0.2476,4.0,4.25,10.0,14.0,5.674704934893542,0.34510957297926836,0.06081542158380833,0.02911995110595066,1.3837046720513944,1.511692648745837
005380,2019-02-08,0.7486,6.0,0.4322,0.1845,4.0,4.25,10.0,14.0,5.65218626451698,0.34374009054681093,0.06081542158380833,0.02911995110595066,1.3837046720513944,1.5110988157726086
005380,2019-02-09,,,,,0.0,4.25,10.0,14.0,5.65218626451698,0.34374009054681093,0.06081542158380833,0.02911995110595066,1.3837046720513944,1.5110988157726086
005380,2019-02-10,0.4956,4.0,0.5009,0.2097,2.0,4.25,10.0,14.0,5.65218626451698,0.34374009054681093,0.06081542158380833,0.02911995110595066,1.3837046720513944,1.5110988157726086
005380,2019-02-11,0.7289,8.0,0.412,0.1594,9.0,4.25,10.0,14.0,5.742260946023227,0.34921802027664056,0.06081542158380833,0.02911995110595066,1.3837046720513944,1.5134741476655225
005380,2019-02-12,0.1723,7.0,0.8327,0.1893,11.0,4.25,10.0,14.0,5.78729828677635,0.35195698514155543,0.06081542158380833,0.02911995110595066,1.3837046720513944,1.5146618136119796
005380,2019-02-13,0.3993,6.0,0.4688,0.1917,8.0,4.25,10.0,14.0,5.607148923763857,0.3410011256818961,0.06081542158380833,0.02911995110595066,1.3837046720513944,1.5099111498261517
005380,2019-02-14,0.2883,5.0,0.3937,0.2301,5.0,4.25,10.0,14.0,5.472036901504487,0.3327842310871516,0.06081542158380833,0.02911995110595066,1.3837046720513944,1.5063481519867805
005380,2019-02-15,-0.2495,5.0,0.4321,0.1671,4.0,4.25,10.0,14.0,5.449518231127925,0.3314147486546942,0.06081542158380833,0.02911995110595066,1.3837046720513944,1.505754319013552
005380,2019-02-16,,,,,0.0,4.25,10.0,14.0,5.449518231127925,0.3314147486546942,0.06081542158380833,0.02911995110595066,1.3837046720513944,1.505754319013552
005380,2019-02-17,-0.2499,5.0,0.4327,0.1341,4.0,4.25,10.0,14.0,5.449518231127925,0.3314147486546942,0.06081542158380833,0.02911995110595066,1.3837046720513944,1.505754319013552
005380,2019-02-18,0.0174,4.0,0.5981,0.1863,5.0,4.25,10.0,14.0,5.426999560751364,0.3300452662222368,0.06081542158380833,0.02911995110595066,1.3837046720513944,1.5051604860403236
005380,2019-02-19,0.4317,4.0,0.4318,0.1224,2.0,4.25,10.0,14.0,5.381962219998241,0.32730630135732197,0.06081542158380833,0.02911995110595066,1.3837046720513944,1.5039728200938667
005380,2019-02-20,-0.8505,8.0,0.3654,0.1615,7.0,4.25,10.0,14.0,5.359443549621679,0.32593681892486454,0.06081542158380833,0.02911995110595066,1.3837046720513944,1.5033789871206382
005380,2019-02-21,0.1269,5.0,0.3292,0.1571,8.0,4.25,10.0,14.0,5.404480890374802,0.32867578378977935,0.06081542158380833,0.02911995110595066,1.3837046720513944,1.5045666530670951
005380,2019-02-22,0.9977,6.0,0.0,0.122,1.0,4.25,10.0,14.0,5.449518231127925,0.3314147486546942,0.06081542158380833,0.02911995110595066,1.3837046720513944,1.505754319013552
005380,2019-02-23,,,,,0.0,4.25,10.0,14.0,5.449518231127925,0.3314147486546942,0.06081542158380833,0.02911995110595066,1.3837046720513944,1.505754319013552
005380,2019-02-24,0.338,6.0,0.7431,0.1759,6.0,4.25,10.0,14.0,5.449518231127925,0.3314147486546942,0.06081542158380833,0.02911995110595066,1.3837046720513944,1.505754319013552
005380,2019-02-25,0.1942,6.0,0.361,0.168,7.0,4.25,10.0,14.0,5.449518231127925,0.3314147486546942,0.06081542158380833,0.02911995110595066,1.3837046720513944,1.505754319013552
005380,2019-02-26,0.1033,7.0,0.461,0.2305,18.0,4.25,10.0,14.0,5.5170742422576105,0.3355231959520664,0.06081542158380833,0.02911995110595066,1.3837046720513944,1.5075358179332374
005380,2019-02-27,0.3538,8.0,0.4697,0.2352,20.0,4.25,10.0,14.0,5.809816957152912,0.3533264675740128,0.06081542158380833,0.02911995110595066,1.3837046720513944,1.515255646585208
005380,2019-02-28,-0.0084,6.0,0.7815,0.2116,9.0,4.25,10.0,14.0,5.6972236052701035,0.34647905541172574,0.06081542158380833,0.02911995110595066,1.3837046720513944,1.5122864817190655
005380,2019-03-01,0.0759,3.0,0.1683,0.197,2.0,4.25,10.0,15.0,5.6972236052701035,0.34647905541172574,0.06081542158380833,0.02911995110595066,1.3837046720513944,1.5122864817190655
005380,2019-03-02,-0.0013,3.0,0.0,0.093,1.0,4.25,10.0,15.0,5.6972236052701035,0.34647905541172574,0.06081542158380833,0.02911995110595066,1.3837046720513944,1.5122864817190655
005380,2019-03-03,0.3304,5.0,0.4672,0.1501,3.0,4.25,10.0,15.0,5.6972236052701035,0.34647905541172574,0.06081542158380833,0.02911995110595066,1.3837046720513944,1.5122864817190655
005380,2019-03-04,0.0899,7.0,0.6368,0.2522,21.0,4.25,10.0,15.0,5.494555571881048,0.33415371351960904,0.06081542158380833,0.02911995110595066,1.3837046720513944,1.506941984960009
005380,2019-03-05,0.1162,5.0,0.7697,0.1701,8.0,4.25,10.0,15.0,5.472036901504487,0.3327842310871516,0.06081542158380833,0.02911995110595066,1.3837046720513944,1.5063481519867805
005380,2019-03-06,0.181,8.0,0.6584,0.1806,13.0,4.25,10.0,15.0,5.607148923763857,0.3410011256818961,0.06081542158380833,0.02911995110595066,1.3837046720513944,1.5099111498261517
005380,2019-03-07,-0.1829,8.0,0.6507,0.2173,17.0,4.25,10.0,15.0,5.65218626451698,0.34374009054681093,0.06081542158380833,0.02911995110595066,1.3837046720513944,1.5110988157726086
005380,2019-03-08,0.2285,6.0,0.6276,0.2149,8.0,4.25,10.0,15.0,5.404480890374802,0.32867578378977935,0.06081542158380833,0.02911995110595066,1.3837046720513944,1.5045666530670951
005380,2019-03-09,-0.0001,3.0,0.0002,0.2315,2.0,4.25,10.0,15.0,5.404480890374802,0.32867578378977935,0.06081542158380833,0.02911995110595066,1.3837046720513944,1.5045666530670951
005380,2019-03-10,0.0243,7.0,0.6334,0.2089,15.0,4.25,10.0,15.0,5.404480890374802,0.32867578378977935,0.06081542158380833,0.02911995110595066,1.3837046720513944,1.5045666530670951
005380,2019-03-11,-0.1392,7.0,0.8533,0.1993,16.0,4.25,10.0,15.0,5.449518231127925,0.3314147486546942,0.06081542158380833,0.02911995110595066,1.3837046720513944,1.505754319013552
005380,2019-03-12,0.1341,7.0,0.6704,0.1794,20.0,4.25,10.0,15.0,5.65218626451698,0.34374009054681093,0.06081542158380833,0.02911995110595066,1.3837046720513944,1.5110988157726086
005380,2019-03-13,0.0628,7.0,0.5571,0.2291,26.0,4.25,10.0,15.0,5.5170742422576105,0.3355231959520664,0.06081542158380833,0.02911995110595066,1.3837046720513944,1.5075358179332374
005380,2019-03-14,0.1974,8.0,0.5085,0.2421,17.0,4.25,10.0,15.0,5.359443549621679,0.32593681892486454,0.06081542158380833,0.02911995110595066,1.3837046720513944,1.5033789871206382
005380,2019-03-15,0.171,6.0,0.3704,0.2219,6.0,4.25,10.0,15.0,5.449518231127925,0.3314147486546942,0.06081542158380833,0.02911995110595066,1.3837046720513944,1.505754319013552
005380,2019-03-16,,,,,0.0,4.25,10.0,15.0,5.449518231127925,0.3314147486546942,0.06081542158380833,0.02911995110595066,1.3837046720513944,1.505754319013552
005380,2019-03-17,0.0229,5.0,0.6623,0.1776,8.0,4.25,10.0,15.0,5.449518231127925,0.3314147486546942,0.06081542158380833,0.02911995110595066,1.3837046720513944,1.505754319013552
005380,2019-03-18,0.9771,7.0,0.0223,0.1513,3.0,4.25,10.0,15.0,5.584630253387295,0.3396316432494387,0.06081542158380833,0.02911995110595066,1.3837046720513944,1.509317316852923
005380,2019-03-19,0.0712,4.0,0.1144,0.2062,3.0,4.25,10.0,15.0,5.584630253387295,0.3396316432494387,0.06081542158380833,0.02911995110595066,1.3837046720513944,1.509317316852923
005380,2019-03-20,0.0065,7.0,0.537,0.2167,13.0,4.25,10.0,15.0,5.584630253387295,0.3396316432494387,0.06081542158380833,0.02911995110595066,1.3837046720513944,1.509317316852923
005380,2019-03-21,0.301,8.0,0.548,0.1839,15.0,4.25,10.0,15.0,5.607148923763857,0.3410011256818961,0.06081542158380833,0.02911995110595066,1.3837046720513944,1.5099111498261517
005380,2019-03-22,0.1458,7.0,0.3759,0.2786,22.0,4.25,10.0,15.0,5.562111583010734,0.3382621608169813,0.06081542158380833,0.02911995110595066,1.3837046720513944,1.5087234838796946
005380,2019-03-23,,,,,0.0,4.25,10.0,15.0,5.562111583010734,0.3382621608169813,0.06081542158380833,0.02911995110595066,1.3837046720513944,1.5087234838796946
005380,2019-03-24,0.7122,7.0,0.3704,0.2701,7.0,4.25,10.0,15.0,5.562111583010734,0.3382621608169813,0.06081542158380833,0.02911995110595066,1.3837046720513944,1.5087234838796946
005380,2019-03-25,0.2811,6.0,0.7014,0.235,7.0,4.25,10.0,15.0,5.404480890374802,0.32867578378977935,0.06081542158380833,0.02911995110595066,1.3837046720513944,1.5045666530670951
005380,2019-03-26,0.4548,7.0,0.6631,0.1296,9.0,4.25,10.0,15.0,5.3369248792451165,0.32456733649240715,0.06081542158380833,0.02911995110595066,1.3837046720513944,1.5027851541474095
005380,2019-03-27,0.1605,6.0,0.5552,0.1389,10.0,4.25,10.0,15.0,5.3369248792451165,0.32456733649240715,0.06081542158380833,0.02911995110595066,1.3837046720513944,1.5027851541474095
005380,2019-03-28,0.6306,7.0,0.4636,0.1802,8.0,4.25,10.0,15.0,5.381962219998241,0.32730630135732197,0.06081542158380833,0.02911995110595066,1.3837046720513944,1.5039728200938667
005380,2019-03-29,0.3335,5.0,0.4711,0.3032,3.0,4.25,10.0,15.0,5.381962219998241,0.32730630135732197,0.06081542158380833,0.02911995110595066,1.3837046720513944,1.5039728200938667
005380,2019-03-30,-0.9997,6.0,0.0,0.1115,2.0,4.25,10.0,15.0,5.381962219998241,0.32730630135732197,0.06081542158380833,0.02911995110595066,1.3837046720513944,1.5039728200938667
005380,2019-03-31,0.3329,5.0,0.4706,0.1953,3.0,4.25,10.0,15.0,5.381962219998241,0.32730630135732197,0.06081542158380833,0.02911995110595066,1.3837046720513944,1.5039728200938667
005380,2019-04-01,0.0086,7.0,0.6994,0.2033,12.0,3.5,8.0,4.0,14.998799894104566,0.3338923279213587,0.02226126958681531,0.004529443452456703,1.4447294515630817,1.3906358822102713
005380,2019-04-02,-0.2362,7.0,0.8259,0.2266,10.0,3.5,8.0,4.0,14.812092841480858,0.3297359918891426,0.02226126958681531,0.004529443452456703,1.4447294515630817,1.3889097447548249
005380,2019-04-03,0.3143,5.0,0.4437,0.2089,3.0,3.5,6.5,4.0,15.434449683559887,0.3435904453298629,0.02226126958681531,0.004529443452456703,1.4447294515630817,1.3946635362729798
005380,2019-04-04,0.4088,6.0,0.6349,0.2127,6.0,3.5,6.5,4.0,15.372213999351983,0.34220499998579085,0.02226126958681531,0.004529443452456703,1.4447294515630817,1.3940881571211643
005380,2019-04-05,0.1306,5.0,0.646,0.1533,6.0,3.5,6.5,4.0,15.683392420391497,0.349132226706151,0.02226126958681531,0.004529443452456703,1.4447294515630817,1.3969650528802418
005380,2019-04-06,0.9191,6.0,0.0,0.1277,1.0,3.5,6.5,4.0,15.683392420391497,0.349132226706151,0.02226126958681531,0.004529443452456703,1.4447294515630817,1.3969650528802418
005380,2019-04-07,0.6662,6.0,0.4713,0.255,3.0,3.5,6.5,4.0,15.683392420391497,0.349132226706151,0.02226126958681531,0.004529443452456703,1.4447294515630817,1.3969650528802418
005380,2019-04-08,0.3269,6.0,0.7466,0.2029,6.0,3.5,6.5,4.0,15.932335157223108,0.3546740080824391,0.02226126958681531,0.004529443452456703,1.4447294515630817,1.3992665694875037
005380,2019-04-09,0.3371,8.0,0.4741,0.1855,13.0,3.5,6.5,4.0,15.807863788807303,0.35190311739429503,0.02226126958681531,0.004529443452456703,1.4447294515630817,1.3981158111838727
005380,2019-04-10,-0.2499,5.0,0.4329,0.2513,4.0,3.5,6.5,4.0,15.870099473015205,0.35328856273836706,0.02226126958681531,0.004529443452456703,1.4447294515630817,1.3986911903356882
005380,2019-04-11,0.4999,6.0,0.7636,0.192,6.0,3.5,6.5,4.0,15.932335157223108,0.3546740080824391,0.02226126958681531,0.004529443452456703,1.4447294515630817,1.3992665694875037
005380,2019-04-12,0.4253,7.0,0.6266,0.2285,9.0,3.5,6.5,4.0,15.7456281045994,0.35051767205022305,0.02226126958681531,0.004529443452456703,1.4447294515630817,1.3975404320320572
005380,2019-04-13,,,,,0.0,3.5,6.5,4.0,15.7456281045994,0.35051767205022305,0.02226126958681531,0.004529443452456703,1.4447294515630817,1.3975404320320572
005380,2019-04-14,0.6666,6.0,0.4713,0.2163,3.0,3.5,6.5,4.0,15.7456281045994,0.35051767205022305,0.02226126958681531,0.004529443452456703,1.4447294515630817,1.3975404320320572
005380,2019-04-15,0.3369,7.0,0.6635,0.1832,9.0,3.5,6.5,4.0,15.621156736183595,0.347746781362079,0.02226126958681531,0.004529443452456703,1.4447294515630817,1.3963896737284263
005380,2019-04-16,0.6578,8.0,0.442,0.2363,10.0,3.5,6.5,4.0,15.994570841431011,0.35605945342651113,0.02226126958681531,0.004529443452456703,1.4447294515630817,1.3998419486393192
005380,2019-04-17,0.5799,7.0,0.4962,0.1585,6.0,3.5,6.5,4.0,16.305749262470524,0.3629866801468713,0.02226126958681531,0.004529443452456703,1.4447294515630817,1.4027188443983967
005380,2019-04-18,0.0145,5.0,0.9857,0.1995,6.0,3.5,6.5,4.0,16.67916336771794,0.37129935221130345,0.02226126958681531,0.004529443452456703,1.4447294515630817,1.4061711193092896
005380,2019-04-19,0.5646,7.0,0.4632,0.191,8.0,3.5,6.5,4.0,16.67916336771794,0.37129935221130345,0.02226126958681531,0.004529443452456703,1.4447294515630817,1.4061711193092896
005380,2019-04-20,,,,,0.0,3.5,6.5,4.0,16.67916336771794,0.37129935221130345,0.02226126958681531,0.004529443452456703,1.4447294515630817,1.4061711193092896
005380,2019-04-21,0.3299,5.0,0.9402,0.2373,3.0,3.5,6.5,4.0,16.67916336771794,0.37129935221130345,0.02226126958681531,0.004529443452456703,1.4447294515630817,1.4061711193092896
005380,2019-04-22,0.4753,6.0,0.5326,0.1628,7.0,3.5,6.5,4.0,16.67916336771794,0.37129935221130345,0.02226126958681531,0.004529443452456703,1.4447294515630817,1.4061711193092896
005380,2019-04-23,0.4974,8.0,0.4717,0.1863,12.0,3.5,6.5,4.0,16.928106104549553,0.3768411335875916,0.02226126958681531,0.004529443452456703,1.4447294515630817,1.4084726359165514
005380,2019-04-24,0.5943,9.0,0.796,0.249,15.0,3.5,6.5,4.0,17.239284525589067,0.3837683603079517,0.02226126958681531,0.004529443452456703,1.4447294515630817,1.4113495316756288
005380,2019-04-25,0.7029,9.0,0.587,0.2119,12.0,3.5,6.5,4.0,17.177048841381165,0.38238291496387966,0.02226126958681531,0.004529443452456703,1.4447294515630817,1.4107741525238133
005380,2019-04-26,0.7004,6.0,0.5186,0.1738,4.0,3.5,6.5,4.0,16.86587042034165,0.37545568824351955,0.02226126958681531,0.004529443452456703,1.4447294515630817,1.4078972567647359
005380,2019-04-27,,,,,0.0,3.5,6.5,4.0,16.86587042034165,0.37545568824351955,0.02226126958681531,0.004529443452456703,1.4447294515630817,1.4078972567647359
005380,2019-04-28,,,,,0.0,3.5,6.5,4.0,16.86587042034165,0.37545568824351955,0.02226126958681531,0.004529443452456703,1.4447294515630817,1.4078972567647359
005380,2019-04-29,0.0084,6.0,0.664,0.2523,9.0,3.5,6.5,4.0,17.30152020979697,0.38515380565202373,0.02226126958681531,0.004529443452456703,1.4447294515630817,1.4119249108274443
005380,2019-04-30,0.4952,6.0,0.5045,0.1865,6.0,3.5,6.5,4.0,17.239284525589067,0.3837683603079517,0.02226126958681531,0.004529443452456703,1.4447294515630817,1.4113495316756288
005380,2019-05-01,-0.599,6.0,0.4893,0.2094,5.0,3.5,6.5,5.0,17.239284525589067,0.3837683603079517,0.02226126958681531,0.004529443452456703,1.4447294515630817,1.4113495316756288
005380,2019-05-02,0.248,8.0,0.8234,0.289,12.0,3.5,6.5,5.0,17.239284525589067,0.3837683603079517,0.02226126958681531,0.004529443452456703,1.4447294515630817,1.4113495316756288
005380,2019-05-03,0.1531,5.0,0.8789,0.3112,6.0,3.5,6.5,5.0,17.11481315717326,0.3809974696198076,0.02226126958681531,0.004529443452456703,1.4447294515630817,1.4101987733719978
005380,2019-05-04,,,,,0.0,3.5,6.5,5.0,17.11481315717326,0.3809974696198076,0.02226126958681531,0.004529443452456703,1.4447294515630817,1.4101987733719978
005380,2019-05-05,0.2144,5.0,0.7985,0.248,4.0,3.5,6.5,5.0,17.11481315717326,0.3809974696198076,0.02226126958681531,0.004529443452456703,1.4447294515630817,1.4101987733719978
005380,2019-05-06,0.9997,7.0,0.0002,0.1457,3.0,3.5,6.5,5.0,17.11481315717326,0.3809974696198076,0.02226126958681531,0.004529443452456703,1.4447294515630817,1.4101987733719978
005380,2019-05-07,0.2759,5.0,0.4187,0.2626,4.0,3.5,6.5,5.0,16.928106104549553,0.3768411335875916,0.02226126958681531,0.004529443452456703,1.4447294515630817,1.4084726359165514
005380,2019-05-08,0.7237,8.0,0.4478,0.1868,11.0,3.5,6.5,5.0,16.86587042034165,0.37545568824351955,0.02226126958681531,0.004529443452456703,1.4447294515630817,1.4078972567647359
005380,2019-05-09,-0.1579,5.0,0.6838,0.2246,6.0,3.5,6.5,5.0,16.305749262470524,0.3629866801468713,0.02226126958681531,0.004529443452456703,1.4447294515630817,1.4027188443983967
005380,2019-05-10,0.0003,4.0,0.0004,0.219,3.0,3.5,6.5,5.0,16.18127789405472,0.36021578945872723,0.02226126958681531,0.004529443452456703,1.4447294515630817,1.4015680860947657
005380,2019-05-11,,,,,0.0,3.5,6.5,5.0,16.18127789405472,0.36021578945872723,0.02226126958681531,0.004529443452456703,1.4447294515630817,1.4015680860947657
005380,2019-05-12,-0.0004,3.0,0.0013,0.2047,2.0,3.5,6.5,5.0,16.18127789405472,0.36021578945872723,0.02226126958681531,0.004529443452456703,1.4447294515630817,1.4015680860947657
005380,2019-05-13,0.2171,7.0,0.7806,0.1975,9.0,3.5,6.5,5.0,16.056806525638915,0.35744489877058316,0.02226126958681531,0.004529443452456703,1.4447294515630817,1.4004173277911347
005380,2019-05-14,0.7406,6.0,0.4124,0.2012,4.0,3.5,6.5,5.0,15.932335157223108,0.3546740080824391,0.02226126958681531,0.004529443452456703,1.4447294515630817,1.3992665694875037
005380,2019-05-15,0.2184,7.0,0.6194,0.1288,9.0,3.5,6.5,5.0,15.932335157223108,0.3546740080824391,0.02226126958681531,0.004529443452456703,1.4447294515630817,1.3992665694875037
005380,2019-05-16,0.3137,7.0,0.8069,0.1722,11.0,3.5,6.5,5.0,15.870099473015205,0.35328856273836706,0.02226126958681531,0.004529443452456703,1.4447294515630817,1.3986911903356882
005380,2019-05-17,0.3329,5.0,0.4707,0.1623,3.0,3.5,6.5,5.0,15.621156736183595,0.347746781362079,0.02226126958681531,0.004529443452456703,1.4447294515630817,1.3963896737284263
005380,2019-05-18,,,,,0.0,3.5,6.5,5.0,15.621156736183595,0.347746781362079,0.02226126958681531,0.004529443452456703,1.4447294515630817,1.3963896737284263
005380,2019-05-19,,,,,0.0,3.5,6.5,5.0,15.621156736183595,0.347746781362079,0.02226126958681531,0.004529443452456703,1.4447294515630817,1.3963896737284263
005380,2019-05-20,0.7496,6.0,0.4328,0.1959,4.0,3.5,6.5,5.0,16.056806525638915,0.35744489877058316,0.02226126958681531,0.004529443452456703,1.4447294515630817,1.4004173277911347
005380,2019-05-21,0.1401,7.0,0.7033,0.1822,16.0,3.5,6.5,5.0,15.807863788807303,0.35190311739429503,0.02226126958681531,0.004529443452456703,1.4447294515630817,1.3981158111838727
005380,2019-05-22,-0.0031,5.0,0.7036,0.2717,8.0,3.5,6.5,5.0,15.807863788807303,0.35190311739429503,0.02226126958681531,0.004529443452456703,1.4447294515630817,1.3981158111838727
005380,2019-05-23,0.438,6.0,0.4374,0.1633,7.0,3.5,6.5,5.0,15.870099473015205,0.35328856273836706,0.02226126958681531,0.004529443452456703,1.4447294515630817,1.3986911903356882
005380,2019-05-24,0.6677,6.0,0.4697,0.2091,3.0,3.5,6.5,5.0,16.243513578262622,0.36160123480279927,0.02226126958681531,0.004529443452456703,1.4447294515630817,1.402143465246581
005380,2019-05-25,,,,,0.0,3.5,6.5,5.0,16.243513578262622,0.36160123480279927,0.02226126958681531,0.004529443452456703,1.4447294515630817,1.402143465246581
005380,2019-05-26,-0.0201,4.0,0.5705,0.1409,4.0,3.5,6.5,5.0,16.243513578262622,0.36160123480279927,0.02226126958681531,0.004529443452456703,1.4447294515630817,1.402143465246581
005380,2019-05-27,0.3651,6.0,0.5661,0.1264,7.0,3.5,6.5,5.0,16.80363473613375,0.3740702428994475,0.02226126958681531,0.004529443452456703,1.4447294515630817,1.4073218776129206
005380,2019-05-28,0.6621,8.0,0.446,0.1639,10.0,3.5,6.5,5.0,16.990341788757455,0.37822657893166356,0.02226126958681531,0.004529443452456703,1.4447294515630817,1.4090480150683669
005380,2019-05-29,0.2423,7.0,0.6669,0.1829,11.0,3.5,6.5,5.0,16.67916336771794,0.37129935221130345,0.02226126958681531,0.004529443452456703,1.4447294515630817,1.4061711193092896
005380,2019-05-30,0.437,8.0,0.4801,0.1573,12.0,3.5,6.5,5.0,16.86587042034165,0.37545568824351955,0.02226126958681531,0.004529443452456703,1.4447294515630817,1.4078972567647359
005380,2019-05-31,-0.4989,5.0,0.707,0.2241,3.0,3.5,6.5,5.0,16.741399051925843,0.3726847975553755,0.02226126958681531,0.004529443452456703,1.4447294515630817,1.4067464984611049
005380,2019-06-01,,,,,0.0,3.5,6.5,6.0,16.741399051925843,0.3726847975553755,0.02226126958681531,0.004529443452456703,1.4447294515630817,1.4067464984611049
005380,2019-06-02,0.4885,5.0,0.4888,0.1802,4.0,3.5,6.5,6.0,16.741399051925843,0.3726847975553755,0.02226126958681531,0.004529443452456703,1.4447294515630817,1.4067464984611049
005380,2019-06-03,-0.1015,6.0,0.8283,0.235,10.0,3.5,6.5,6.0,17.239284525589067,0.3837683603079517,0.02226126958681531,0.004529443452456703,1.4447294515630817,1.4113495316756288
005380,2019-06-04,-0.1438,5.0,0.8266,0.2554,7.0,3.5,6.5,6.0,17.30152020979697,0.38515380565202373,0.02226126958681531,0.004529443452456703,1.4447294515630817,1.4119249108274443
005380,2019-06-05,0.0741,4.0,0.5231,0.16,5.0,3.5,6.5,6.0,17.55046294662858,0.3906955870283118,0.02226126958681531,0.004529443452456703,1.4447294515630817,1.4142264274347063
005380,2019-06-06,-0.0007,3.0,0.9991,0.115,2.0,3.5,6.5,6.0,17.55046294662858,0.3906955870283118,0.02226126958681531,0.004529443452456703,1.4447294515630817,1.4142264274347063
005380,2019-06-07,0.4086,5.0,0.4829,0.1363,5.0,3.5,6.5,6.0,17.425991578212773,0.3879246963401678,0.02226126958681531,0.004529443452456703,1.4447294515630817,1.4130756691310753
005380,2019-06-08,-0.0001,3.0,0.0,0.1429,1.0,3.5,6.5,6.0,17.425991578212773,0.3879246963401678,0.02226126958681531,0.004529443452456703,1.4447294515630817,1.4130756691310753
005380,2019-06-09,0.9474,7.0,0.0742,0.1527,3.0,3.5,6.5,6.0,17.425991578212773,0.3879246963401678,0.02226126958681531,0.004529443452456703,1.4447294515630817,1.4130756691310753
005380,2019-06-10,0.5725,9.0,0.6213,0.2254,14.0,3.5,6.5,6.0,17.79940568346019,0.39623736840459994,0.02226126958681531,0.004529443452456703,1.4447294515630817,1.4165279440419682
005380,2019-06-11,0.0991,6.0,0.3527,0.2012,9.0,3.5,6.5,6.0,17.861641367668096,0.397622813748672,0.02226126958681531,0.004529443452456703,1.4447294515630817,1.4171033231937837
005380,2019-06-12,-0.1689,5.0,0.3896,0.1679,5.0,3.5,6.5,6.0,17.55046294662858,0.3906955870283118,0.02226126958681531,0.004529443452456703,1.4447294515630817,1.4142264274347063
005380,2019-06-13,0.0262,5.0,0.5799,0.1067,6.0,3.5,6.5,6.0,17.55046294662858,0.3906955870283118,0.02226126958681531,0.004529443452456703,1.4447294515630817,1.4142264274347063
005380,2019-06-14,0.1343,4.0,0.2323,0.2232,4.0,3.5,6.5,6.0,17.488227262420676,0.38931014168423983,0.02226126958681531,0.004529443452456703,1.4447294515630817,1.4136510482828908
005380,2019-06-15,,,,,0.0,3.5,6.5,6.0,17.488227262420676,0.38931014168423983,0.02226126958681531,0.004529443452456703,1.4447294515630817,1.4136510482828908
005380,2019-06-16,0.0166,3.0,0.0165,0.2746,2.0,3.5,6.5,6.0,17.488227262420676,0.38931014168423983,0.02226126958681531,0.004529443452456703,1.4447294515630817,1.4136510482828908
005380,2019-06-17,0.1266,5.0,0.33,0.2184,8.0,3.5,6.5,6.0,17.425991578212773,0.3879246963401678,0.02226126958681531,0.004529443452456703,1.4447294515630817,1.4130756691310753
005380,2019-06-18,-0.0,3.0,0.0002,0.268,2.0,3.5,6.5,6.0,17.55046294662858,0.3906955870283118,0.02226126958681531,0.004529443452456703,1.4447294515630817,1.4142264274347063
005380,2019-06-19,0.4303,8.0,0.4737,0.2365,13.0,3.5,6.5,6.0,17.425991578212773,0.3879246963401678,0.02226126958681531,0.004529443452456703,1.4447294515630817,1.4130756691310753
005380,2019-06-20,0.4544,7.0,0.4976,0.2212,11.0,3.5,6.5,6.0,17.488227262420676,0.38931014168423983,0.02226126958681531,0.004529443452456703,1.4447294515630817,1.4136510482828908
005380,2019-06-21,0.2577,7.0,0.3843,0.3278,11.0,3.5,6.5,6.0,17.488227262420676,0.38931014168423983,0.02226126958681531,0.004529443452456703,1.4447294515630817,1.4136510482828908
005380,2019-06-22,0.9915,6.0,0.0,0.093,1.0,3.5,6.5,6.0,17.488227262420676,0.38931014168423983,0.02226126958681531,0.004529443452456703,1.4447294515630817,1.4136510482828908
005380,2019-06-23,0.1857,6.0,0.3658,0.1376,6.0,3.5,6.5,6.0,17.488227262420676,0.38931014168423983,0.02226126958681531,0.004529443452456703,1.4447294515630817,1.4136510482828908
005380,2019-06-24,0.7023,9.0,0.4712,0.1896,15.0,3.5,6.5,6.0,17.737169999252288,0.3948519230605279,0.02226126958681531,0.004529443452456703,1.4447294515630817,1.4159525648901528
005380,2019-06-25,-0.1415,5.0,0.3503,0.1261,7.0,3.5,6.5,6.0,17.612698630836483,0.39208103237238384,0.02226126958681531,0.004529443452456703,1.4447294515630817,1.4148018065865218
005380,2019-06-26,0.404,6.0,0.4277,0.3331,8.0,3.5,6.5,6.0,17.612698630836483,0.39208103237238384,0.02226126958681531,0.004529443452456703,1.4447294515630817,1.4148018065865218
005380,2019-06-27,0.3606,7.0,0.6419,0.1315,9.0,3.5,6.5,6.0,17.488227262420676,0.38931014168423983,0.02226126958681531,0.004529443452456703,1.4447294515630817,1.4136510482828908
005380,2019-06-28,0.0835,6.0,0.4864,0.1581,11.0,3.5,6.5,6.0,17.425991578212773,0.3879246963401678,0.02226126958681531,0.004529443452456703,1.4447294515630817,1.4130756691310753
005380,2019-06-29,,,,,0.0,3.5,6.5,6.0,17.425991578212773,0.3879246963401678,0.02226126958681531,0.004529443452456703,1.4447294515630817,1.4130756691310753
005380,2019-06-30,0.4,5.0,0.4896,0.1497,5.0,3.5,6.5,6.0,17.425991578212773,0.3879246963401678,0.02226126958681531,0.004529443452456703,1.4447294515630817,1.4130756691310753
005380,2019-07-01,0.1134,7.0,0.7096,0.2256,19.0,3.5,6.5,7.0,17.55046294662858,0.3906955870283118,0.02226126958681531,0.004529443452456703,1.4447294515630817,1.4142264274347063
005380,2019-07-02,-0.3309,5.0,0.4727,0.1824,3.0,3.5,6.5,7.0,17.052577472965357,0.3796120242757356,0.02226126958681531,0.004529443452456703,1.4447294515630817,1.4096233942201823
005380,2019-07-03,0.7185,8.0,0.5404,0.1974,9.0,3.5,6.5,7.0,16.928106104549553,0.3768411335875916,0.02226126958681531,0.004529443452456703,1.4447294515630817,1.4084726359165514
005380,2019-07-04,0.6639,7.0,0.4694,0.2164,6.0,3.5,6.5,7.0,17.30152020979697,0.38515380565202373,0.02226126958681531,0.004529443452456703,1.4447294515630817,1.4119249108274443
005380,2019-07-05,0.9998,6.0,0.0,0.1064,1.0,3.5,6.5,7.0,17.612698630836483,0.39208103237238384,0.02226126958681531,0.004529443452456703,1.4447294515630817,1.4148018065865218
005380,2019-07-06,,,,,0.0,3.5,6.5,7.0,17.612698630836483,0.39208103237238384,0.02226126958681531,0.004529443452456703,1.4447294515630817,1.4148018065865218
005380,2019-07-07,0.3318,5.0,0.4723,0.3271,3.0,3.5,6.5,7.0,17.612698630836483,0.39208103237238384,0.02226126958681531,0.004529443452456703,1.4447294515630817,1.4148018065865218
005380,2019-07-08,0.0828,5.0,0.3443,0.2141,6.0,3.5,6.5,7.0,17.239284525589067,0.3837683603079517,0.02226126958681531,0.004529443452456703,1.4447294515630817,1.4113495316756288
005380,2019-07-09,0.4508,5.0,0.4555,0.1183,4.0,3.5,6.5,7.0,17.11481315717326,0.3809974696198076,0.02226126958681531,0.004529443452456703,1.4447294515630817,1.4101987733719978
005380,2019-07-10,0.1433,5.0,0.3497,0.2248,7.0,3.5,6.5,7.0,17.052577472965357,0.3796120242757356,0.02226126958681531,0.004529443452456703,1.4447294515630817,1.4096233942201823
005380,2019-07-11,0.6974,9.0,0.5113,0.1633,15.0,3.5,6.5,7.0,17.30152020979697,0.38515380565202373,0.02226126958681531,0.004529443452456703,1.4447294515630817,1.4119249108274443
005380,2019-07-12,0.049,4.0,0.8995,0.1897,5.0,3.5,6.5,7.0,17.36375589400487,0.38653925099609576,0.02226126958681531,0.004529443452456703,1.4447294515630817,1.4125002899792598
005380,2019-07-13,0.0,3.0,0.0,0.098,1.0,3.5,6.5,7.0,17.36375589400487,0.38653925099609576,0.02226126958681531,0.004529443452456703,1.4447294515630817,1.4125002899792598
005380,2019-07-14,0.4999,4.0,0.4999,0.1795,2.0,3.5,6.5,7.0,17.36375589400487,0.38653925099609576,0.02226126958681531,0.004529443452456703,1.4447294515630817,1.4125002899792598
005380,2019-07-15,0.1308,6.0,0.5172,0.2035,10.0,3.5,6.5,7.0,17.177048841381165,0.38238291496387966,0.02226126958681531,0.004529443452456703,1.4447294515630817,1.4107741525238133
005380,2019-07-16,0.3296,5.0,0.4661,0.1766,3.0,3.5,6.5,7.0,16.554691999302136,0.3685284615231594,0.02226126958681531,0.004529443452456703,1.4447294515630817,1.4050203610056586
005380,2019-07-17,0.4959,7.0,0.4576,0.208,9.0,3.5,6.5,7.0,16.61692768351004,0.3699139068672314,0.02226126958681531,0.004529443452456703,1.4447294515630817,1.405595740157474
005380,2019-07-18,-0.4247,6.0,0.6789,0.1842,8.0,3.5,6.5,7.0,16.67916336771794,0.37129935221130345,0.02226126958681531,0.004529443452456703,1.4447294515630817,1.4061711193092896
005380,2019-07-19,0.0232,7.0,0.6773,0.2017,12.0,3.5,6.5,7.0,16.741399051925843,0.3726847975553755,0.02226126958681531,0.004529443452456703,1.4447294515630817,1.4067464984611049
005380,2019-07-20,,,,,0.0,3.5,6.5,7.0,16.741399051925843,0.3726847975553755,0.02226126958681531,0.004529443452456703,1.4447294515630817,1.4067464984611049
005380,2019-07-21,0.0,3.0,0.0,0.1667,1.0,3.5,6.5,7.0,16.741399051925843,0.3726847975553755,0.02226126958681531,0.004529443452456703,1.4447294515630817,1.4067464984611049
005380,2019-07-22,0.4972,8.0,0.7814,0.3004,20.0,3.5,6.5,7.0,16.554691999302136,0.3685284615231594,0.02226126958681531,0.004529443452456703,1.4447294515630817,1.4050203610056586
005380,2019-07-23,0.2118,7.0,0.5764,0.2359,10.0,3.5,6.5,7.0,16.430220630886332,0.3657575708350153,0.02226126958681531,0.004529443452456703,1.4447294515630817,1.4038696027020277
005380,2019-07-24,0.1144,7.0,0.8005,0.1914,14.0,3.5,6.5,7.0,16.492456315094234,0.36714301617908734,0.02226126958681531,0.004529443452456703,1.4447294515630817,1.404444981853843
005380,2019-07-25,0.555,7.0,0.4418,0.156,8.0,3.5,6.5,7.0,16.367984946678426,0.36437212549094333,0.02226126958681531,0.004529443452456703,1.4447294515630817,1.403294223550212
005380,2019-07-26,0.3236,5.0,0.4561,0.2414,3.0,3.5,6.5,7.0,16.243513578262622,0.36160123480279927,0.02226126958681531,0.004529443452456703,1.4447294515630817,1.402143465246581
005380,2019-07-27,,,,,0.0,3.5,6.5,7.0,16.243513578262622,0.36160123480279927,0.02226126958681531,0.004529443452456703,1.4447294515630817,1.402143465246581
005380,2019-07-28,-0.319,5.0,0.4512,0.2242,3.0,3.5,6.5,7.0,16.243513578262622,0.36160123480279927,0.02226126958681531,0.004529443452456703,1.4447294515630817,1.402143465246581
005380,2019-07-29,-0.2557,6.0,0.6553,0.204,8.0,3.5,6.5,7.0,15.932335157223108,0.3546740080824391,0.02226126958681531,0.004529443452456703,1.4447294515630817,1.3992665694875037
005380,2019-07-30,-0.184,5.0,0.7024,0.2518,5.0,3.5,6.5,7.0,15.932335157223108,0.3546740080824391,0.02226126958681531,0.004529443452456703,1.4447294515630817,1.3992665694875037
005380,2019-07-31,0.2377,6.0,0.9512,0.2218,8.0,3.5,6.5,7.0,15.7456281045994,0.35051767205022305,0.02226126958681531,0.004529443452456703,1.4447294515630817,1.3975404320320572
005380,2019-08-01,0.4156,7.0,0.5408,0.1703,11.0,3.5,6.5,8.0,15.621156736183595,0.347746781362079,0.02226126958681531,0.004529443452456703,1.4447294515630817,1.3963896737284263
005380,2019-08-02,0.3412,5.0,0.305,0.4153,5.0,3.5,6.5,8.0,15.870099473015205,0.35328856273836706,0.02226126958681531,0.004529443452456703,1.4447294515630817,1.3986911903356882
005380,2019-08-03,,,,,0.0,3.5,6.5,8.0,15.870099473015205,0.35328856273836706,0.02226126958681531,0.004529443452456703,1.4447294515630817,1.3986911903356882
005380,2019-08-04,,,,,0.0,3.5,6.5,8.0,15.870099473015205,0.35328856273836706,0.02226126958681531,0.004529443452456703,1.4447294515630817,1.3986911903356882
005380,2019-08-05,0.9898,6.0,0.01,0.2836,2.0,3.5,6.5,8.0,15.870099473015205,0.35328856273836706,0.02226126958681531,0.004529443452456703,1.4447294515630817,1.3986911903356882
005380,2019-08-06,0.659,6.0,0.466,0.158,3.0,3.5,6.5,8.0,15.683392420391497,0.349132226706151,0.02226126958681531,0.004529443452456703,1.4447294515630817,1.3969650528802418
005380,2019-08-07,0.6184,6.0,0.7629,0.2398,5.0,3.5,6.5,8.0,15.807863788807303,0.35190311739429503,0.02226126958681531,0.004529443452456703,1.4447294515630817,1.3981158111838727
005380,2019-08-08,-0.1725,5.0,0.417,0.197,5.0,3.5,6.5,8.0,16.18127789405472,0.36021578945872723,0.02226126958681531,0.004529443452456703,1.4447294515630817,1.4015680860947657
005380,2019-08-09,0.2687,5.0,0.7907,0.2125,4.0,3.5,6.5,8.0,16.492456315094234,0.36714301617908734,0.02226126958681531,0.004529443452456703,1.4447294515630817,1.404444981853843
005380,2019-08-10,,,,,0.0,3.5,6.5,8.0,16.492456315094234,0.36714301617908734,0.02226126958681531,0.004529443452456703,1.4447294515630817,1.404444981853843
005380,2019-08-11,0.9998,7.0,0.0,0.1648,3.0,3.5,6.5,8.0,16.492456315094234,0.36714301617908734,0.02226126958681531,0.004529443452456703,1.4447294515630817,1.404444981853843
005380,2019-08-12,0.3171,7.0,0.6155,0.2006,10.0,3.5,6.5,8.0,16.305749262470524,0.3629866801468713,0.02226126958681531,0.004529443452456703,1.4447294515630817,1.4027188443983967
005380,2019-08-13,-0.1531,4.0,0.2649,0.2427,4.0,3.5,6.5,8.0,16.056806525638915,0.35744489877058316,0.02226126958681531,0.004529443452456703,1.4447294515630817,1.4004173277911347
005380,2019-08-14,0.3338,6.0,0.4709,0.1373,6.0,3.5,6.5,8.0,15.870099473015205,0.35328856273836706,0.02226126958681531,0.004529443452456703,1.4447294515630817,1.3986911903356882
005380,2019-08-15,0.9997,6.0,0.0,0.1429,2.0,3.5,6.5,8.0,15.870099473015205,0.35328856273836706,0.02226126958681531,0.004529443452456703,1.4447294515630817,1.3986911903356882
005380,2019-08-16,0.1531,4.0,0.5827,0.1471,3.0,3.5,6.5,8.0,15.932335157223108,0.3546740080824391,0.02226126958681531,0.004529443452456703,1.4447294515630817,1.3992665694875037
005380,2019-08-17,,,,,0.0,3.5,6.5,8.0,15.932335157223108,0.3546740080824391,0.02226126958681531,0.004529443452456703,1.4447294515630817,1.3992665694875037
005380,2019-08-18,0.3882,5.0,0.3883,0.1812,4.0,3.5,6.5,8.0,15.932335157223108,0.3546740080824391,0.02226126958681531,0.004529443452456703,1.4447294515630817,1.3992665694875037
005380,2019-08-19,0.9998,6.0,0.0,0.1682,2.0,3.5,6.5,8.0,15.932335157223108,0.3546740080824391,0.02226126958681531,0.004529443452456703,1.4447294515630817,1.3992665694875037
005380,2019-08-20,-0.2558,6.0,0.4753,0.1372,7.0,3.5,6.5,8.0,15.7456281045994,0.35051767205022305,0.02226126958681531,0.004529443452456703,1.4447294515630817,1.3975404320320572
005380,2019-08-21,0.8215,6.0,0.3087,0.1339,4.0,3.5,6.5,8.0,15.621156736183595,0.347746781362079,0.02226126958681531,0.004529443452456703,1.4447294515630817,1.3963896737284263
005380,2019-08-22,0.8074,9.0,0.3671,0.2648,13.0,3.5,6.5,8.0,15.434449683559887,0.3435904453298629,0.02226126958681531,0.004529443452456703,1.4447294515630817,1.3946635362729798
005380,2019-08-23,0.5168,8.0,0.5326,0.1697,9.0,3.5,6.5,8.0,15.683392420391497,0.349132226706151,0.02226126958681531,0.004529443452456703,1.4447294515630817,1.3969650528802418
005380,2019-08-24,,,,,0.0,3.5,6.5,8.0,15.683392420391497,0.349132226706151,0.02226126958681531,0.004529443452456703,1.4447294515630817,1.3969650528802418
005380,2019-08-25,0.9788,6.0,0.0,0.1026,1.0,3.5,6.5,8.0,15.683392420391497,0.349132226706151,0.02226126958681531,0.004529443452456703,1.4447294515630817,1.3969650528802418
005380,2019-08-26,0.4034,5.0,0.4872,0.2129,5.0,3.5,6.5,8.0,15.496685367767789,0.3449758906739349,0.02226126958681531,0.004529443452456703,1.4447294515630817,1.3952389154247953
005380,2019-08-27,0.4232,7.0,0.6488,0.2194,10.0,3.5,6.5,8.0,15.558921051975691,0.34636133601800695,0.02226126958681531,0.004529443452456703,1.4447294515630817,1.3958142945766108
005380,2019-08-28,0.0926,7.0,0.6465,0.209,26.0,3.5,6.5,8.0,15.870099473015205,0.35328856273836706,0.02226126958681531,0.004529443452456703,1.4447294515630817,1.3986911903356882
005380,2019-08-29,0.5976,8.0,0.66,0.1973,10.0,3.5,6.5,8.0,15.7456281045994,0.35051767205022305,0.02226126958681531,0.004529443452456703,1.4447294515630817,1.3975404320320572
005380,2019-08-30,-0.2537,5.0,0.3497,0.1399,5.0,3.5,6.5,8.0,15.994570841431011,0.35605945342651113,0.02226126958681531,0.004529443452456703,1.4447294515630817,1.3998419486393192
005380,2019-08-31,,,,,0.0,3.5,6.5,8.0,15.994570841431011,0.35605945342651113,0.02226126958681531,0.004529443452456703,1.4447294515630817,1.3998419486393192
005380,2019-09-01,-0.9997,6.0,0.0,0.1964,2.0,3.5,6.5,9.0,15.994570841431011,0.35605945342651113,0.02226126958681531,0.004529443452456703,1.4447294515630817,1.3998419486393192
005380,2019-09-02,-0.2439,8.0,0.5886,0.2836,12.0,3.5,6.5,9.0,16.305749262470524,0.3629866801468713,0.02226126958681531,0.004529443452456703,1.4447294515630817,1.4027188443983967
005380,2019-09-03,0.0534,7.0,0.6846,0.1784,15.0,3.5,6.5,9.0,15.994570841431011,0.35605945342651113,0.02226126958681531,0.004529443452456703,1.4447294515630817,1.3998419486393192
005380,2019-09-04,0.5111,5.0,0.488,0.106,2.0,3.5,6.5,9.0,15.994570841431011,0.35605945342651113,0.02226126958681531,0.004529443452456703,1.4447294515630817,1.3998419486393192
005380,2019-09-05,-0.4997,4.0,0.4998,0.1619,2.0,3.5,6.5,9.0,15.932335157223108,0.3546740080824391,0.02226126958681531,0.004529443452456703,1.4447294515630817,1.3992665694875037
005380,2019-09-06,-0.0226,5.0,0.4783,0.1565,7.0,3.5,6.5,9.0,15.870099473015205,0.35328856273836706,0.02226126958681531,0.004529443452456703,1.4447294515630817,1.3986911903356882
005380,2019-09-07,0.0039,3.0,0.0627,0.1673,2.0,3.5,6.5,9.0,15.870099473015205,0.35328856273836706,0.02226126958681531,0.004529443452456703,1.4447294515630817,1.3986911903356882
005380,2019-09-08,0.0982,4.0,0.1389,0.2242,3.0,3.5,6.5,9.0,15.870099473015205,0.35328856273836706,0.02226126958681531,0.004529443452456703,1.4447294515630817,1.3986911903356882
005380,2019-09-09,0.4429,6.0,0.3519,0.1819,6.0,3.5,6.5,9.0,15.807863788807303,0.35190311739429503,0.02226126958681531,0.004529443452456703,1.4447294515630817,1.3981158111838727
005380,2019-09-10,0.4146,8.0,0.5622,0.1942,22.0,3.5,6.5,9.0,15.932335157223108,0.3546740080824391,0.02226126958681531,0.004529443452456703,1.4447294515630817,1.3992665694875037
005380,2019-09-11,0.49,5.0,0.4902,0.2908,4.0,3.5,6.5,9.0,16.056806525638915,0.35744489877058316,0.02226126958681531,0.004529443452456703,1.4447294515630817,1.4004173277911347
005380,2019-09-12,,,,,0.0,3.5,6.5,9.0,16.056806525638915,0.35744489877058316,0.02226126958681531,0.004529443452456703,1.4447294515630817,1.4004173277911347
005380,2019-09-13,0.0015,3.0,0.0,0.1633,1.0,3.5,6.5,9.0,16.056806525638915,0.35744489877058316,0.02226126958681531,0.004529443452456703,1.4447294515630817,1.4004173277911347
005380,2019-09-14,-0.0,3.0,0.0,0.1591,1.0,3.5,6.5,9.0,16.056806525638915,0.35744489877058316,0.02226126958681531,0.004529443452456703,1.4447294515630817,1.4004173277911347
005380,2019-09-15,0.3832,5.0,0.4709,0.2816,5.0,3.5,6.5,9.0,16.056806525638915,0.35744489877058316,0.02226126958681531,0.004529443452456703,1.4447294515630817,1.4004173277911347
005380,2019-09-16,0.2588,7.0,0.7462,0.1834,10.0,3.5,6.5,9.0,15.932335157223108,0.3546740080824391,0.02226126958681531,0.004529443452456703,1.4447294515630817,1.3992665694875037
005380,2019-09-17,0.0015,3.0,0.0,0.3636,1.0,3.5,6.5,9.0,15.683392420391497,0.349132226706151,0.02226126958681531,0.004529443452456703,1.4447294515630817,1.3969650528802418
005380,2019-09-18,0.0712,4.0,0.7434,0.2365,4.0,3.5,6.5,9.0,15.870099473015205,0.35328856273836706,0.02226126958681531,0.004529443452456703,1.4447294515630817,1.3986911903356882
005380,2019-09-19,0.249,5.0,0.4307,0.2012,4.0,3.5,6.5,9.0,16.056806525638915,0.35744489877058316,0.02226126958681531,0.004529443452456703,1.4447294515630817,1.4004173277911347
005380,2019-09-20,0.7267,7.0,0.3705,0.2538,8.0,3.5,6.5,9.0,16.119042209846818,0.3588303441146552,0.02226126958681531,0.004529443452456703,1.4447294515630817,1.4009927069429502
005380,2019-09-21,,,,,0.0,3.5,6.5,9.0,16.119042209846818,0.3588303441146552,0.02226126958681531,0.004529443452456703,1.4447294515630817,1.4009927069429502
005380,2019-09-22,0.5,5.0,0.4997,0.0814,2.0,3.5,6.5,9.0,16.119042209846818,0.3588303441146552,0.02226126958681531,0.004529443452456703,1.4447294515630817,1.4009927069429502
005380,2019-09-23,0.5759,9.0,0.4863,0.1986,12.0,3.5,6.5,9.0,16.554691999302136,0.3685284615231594,0.02226126958681531,0.004529443452456703,1.4447294515630817,1.4050203610056586
005380,2019-09-24,0.1648,7.0,0.6819,0.3599,12.0,3.5,6.5,9.0,16.67916336771794,0.37129935221130345,0.02226126958681531,0.004529443452456703,1.4447294515630817,1.4061711193092896
005380,2019-09-25,0.7001,7.0,0.417,0.2435,8.0,3.5,6.5,9.0,16.741399051925843,0.3726847975553755,0.02226126958681531,0.004529443452456703,1.4447294515630817,1.4067464984611049
005380,2019-09-26,0.4202,8.0,0.485,0.1726,14.0,3.5,6.5,9.0,16.554691999302136,0.3685284615231594,0.02226126958681531,0.004529443452456703,1.4447294515630817,1.4050203610056586
005380,2019-09-27,0.6227,8.0,0.4553,0.1645,9.0,3.5,6.5,9.0,16.61692768351004,0.3699139068672314,0.02226126958681531,0.004529443452456703,1.4447294515630817,1.405595740157474
005380,2019-09-28,,,,,0.0,3.5,6.5,9.0,16.61692768351004,0.3699139068672314,0.02226126958681531,0.004529443452456703,1.4447294515630817,1.405595740157474
005380,2019-09-29,0.0,3.0,0.0,0.1333,1.0,3.5,6.5,9.0,16.61692768351004,0.3699139068672314,0.02226126958681531,0.004529443452456703,1.4447294515630817,1.405595740157474
005380,2019-09-30,0.3601,7.0,0.6569,0.1648,9.0,3.5,6.5,9.0,16.67916336771794,0.37129935221130345,0.02226126958681531,0.004529443452456703,1.4447294515630817,1.4061711193092896
005380,2019-10-01,0.0204,7.0,0.7431,0.1743,14.0,3.5,6.5,10.0,16.492456315094234,0.36714301617908734,0.02226126958681531,0.004529443452456703,1.4447294515630817,1.404444981853843
005380,2019-10-02,0.8653,8.0,0.3275,0.2457,8.0,3.5,6.5,10.0,15.994570841431011,0.35605945342651113,0.02226126958681531,0.004529443452456703,1.4447294515630817,1.3998419486393192
005380,2019-10-03,-0.4085,4.0,0.0,0.1522,1.0,3.5,6.5,10.0,15.994570841431011,0.35605945342651113,0.02226126958681531,0.004529443452456703,1.4447294515630817,1.3998419486393192
005380,2019-10-04,0.2639,6.0,0.3924,0.1388,6.0,3.5,6.5,10.0,15.7456281045994,0.35051767205022305,0.02226126958681531,0.004529443452456703,1.4447294515630817,1.3975404320320572
005380,2019-10-05,0.9998,6.0,0.0,0.3111,1.0,3.5,6.5,10.0,15.7456281045994,0.35051767205022305,0.02226126958681531,0.004529443452456703,1.4447294515630817,1.3975404320320572
005380,2019-10-06,0.4923,4.0,0.5071,0.1627,2.0,3.5,6.5,10.0,15.7456281045994,0.35051767205022305,0.02226126958681531,0.004529443452456703,1.4447294515630817,1.3975404320320572
005380,2019-10-07,0.562,8.0,0.4681,0.1679,10.0,3.5,6.5,10.0,15.932335157223108,0.3546740080824391,0.02226126958681531,0.004529443452456703,1.4447294515630817,1.3992665694875037
005380,2019-10-08,0.6038,5.0,0.396,0.1344,2.0,3.5,6.5,10.0,16.119042209846818,0.3588303441146552,0.02226126958681531,0.004529443452456703,1.4447294515630817,1.4009927069429502
005380,2019-10-09,,,,,0.0,3.5,6.5,10.0,16.119042209846818,0.3588303441146552,0.02226126958681531,0.004529443452456703,1.4447294515630817,1.4009927069429502
005380,2019-10-10,0.3015,6.0,0.6942,0.1999,7.0,3.5,6.5,10.0,15.7456281045994,0.35051767205022305,0.02226126958681531,0.004529443452456703,1.4447294515630817,1.3975404320320572
005380,2019-10-11,0.2331,6.0,0.5012,0.2542,7.0,3.5,6.5,10.0,15.683392420391497,0.349132226706151,0.02226126958681531,0.004529443452456703,1.4447294515630817,1.3969650528802418
005380,2019-10-12,-0.0,3.0,0.0,0.8049,1.0,3.5,6.5,10.0,15.683392420391497,0.349132226706151,0.02226126958681531,0.004529443452456703,1.4447294515630817,1.3969650528802418
005380,2019-10-13,0.3518,5.0,0.4338,0.16,5.0,3.5,6.5,10.0,15.683392420391497,0.349132226706151,0.02226126958681531,0.004529443452456703,1.4447294515630817,1.3969650528802418
005380,2019-10-14,0.4997,5.0,0.4997,0.154,4.0,3.5,6.5,10.0,15.185506946728275,0.3380486639535748,0.02226126958681531,0.004529443452456703,1.4447294515630817,1.3923620196657178
005380,2019-10-15,0.3492,8.0,0.4424,0.1948,16.0,3.5,6.5,10.0,15.185506946728275,0.3380486639535748,0.02226126958681531,0.004529443452456703,1.4447294515630817,1.3923620196657178
005380,2019-10-16,0.0165,3.0,0.0132,0.5043,2.0,3.5,6.5,10.0,15.30997831514408,0.3408195546417188,0.02226126958681531,0.004529443452456703,1.4447294515630817,1.3935127779693488
005380,2019-10-17,0.3758,7.0,0.4732,0.1814,11.0,3.5,6.5,10.0,15.30997831514408,0.3408195546417188,0.02226126958681531,0.004529443452456703,1.4447294515630817,1.3935127779693488
005380,2019-10-18,0.0006,4.0,0.0009,0.1704,4.0,3.5,6.5,10.0,15.30997831514408,0.3408195546417188,0.02226126958681531,0.004529443452456703,1.4447294515630817,1.3935127779693488
005380,2019-10-19,,,,,0.0,3.5,6.5,10.0,15.30997831514408,0.3408195546417188,0.02226126958681531,0.004529443452456703,1.4447294515630817,1.3935127779693488
005380,2019-10-20,0.6641,6.0,0.4695,0.1515,3.0,3.5,6.5,10.0,15.30997831514408,0.3408195546417188,0.02226126958681531,0.004529443452456703,1.4447294515630817,1.3935127779693488
005380,2019-10-21,0.4058,5.0,0.3718,0.1337,5.0,3.5,6.5,10.0,15.185506946728275,0.3380486639535748,0.02226126958681531,0.004529443452456703,1.4447294515630817,1.3923620196657178
005380,2019-10-22,0.4092,8.0,0.4586,0.1211,14.0,3.5,6.5,10.0,15.185506946728275,0.3380486639535748,0.02226126958681531,0.004529443452456703,1.4447294515630817,1.3923620196657178
005380,2019-10-23,0.1985,5.0,0.3956,0.1774,5.0,3.5,6.5,10.0,15.06103557831247,0.33527777326543073,0.02226126958681531,0.004529443452456703,1.4447294515630817,1.3912112613620868
005380,2019-10-24,0.1589,7.0,0.7789,0.2166,28.0,3.5,6.5,10.0,15.185506946728275,0.3380486639535748,0.02226126958681531,0.004529443452456703,1.4447294515630817,1.3923620196657178
005380,2019-10-25,0.2865,6.0,0.4499,0.1813,7.0,3.5,6.5,10.0,15.372213999351983,0.34220499998579085,0.02226126958681531,0.004529443452456703,1.4447294515630817,1.3940881571211643
005380,2019-10-26,0.6251,5.0,0.3745,0.1611,2.0,3.5,6.5,10.0,15.372213999351983,0.34220499998579085,0.02226126958681531,0.004529443452456703,1.4447294515630817,1.3940881571211643
005380,2019-10-27,0.2412,5.0,0.8207,0.2104,4.0,3.5,6.5,10.0,15.372213999351983,0.34220499998579085,0.02226126958681531,0.004529443452456703,1.4447294515630817,1.3940881571211643
005380,2019-10-28,0.1647,6.0,0.3054,0.1893,10.0,3.5,6.5,10.0,15.123271262520372,0.33666321860950277,0.02226126958681531,0.004529443452456703,1.4447294515630817,1.3917866405139023
005380,2019-10-29,0.3333,7.0,0.4708,0.1498,9.0,3.5,6.5,10.0,15.247742630936179,0.3394341092976468,0.02226126958681531,0.004529443452456703,1.4447294515630817,1.3929373988175333
005380,2019-10-30,0.2914,6.0,0.576,0.1994,8.0,3.5,6.5,10.0,15.247742630936179,0.3394341092976468,0.02226126958681531,0.004529443452456703,1.4447294515630817,1.3929373988175333
005380,2019-10-31,0.2868,7.0,0.6117,0.1424,11.0,3.5,6.5,10.0,15.185506946728275,0.3380486639535748,0.02226126958681531,0.004529443452456703,1.4447294515630817,1.3923620196657178
005380,2019-11-01,0.009,6.0,0.8055,0.2056,9.0,3.5,6.5,11.0,15.434449683559887,0.3435904453298629,0.02226126958681531,0.004529443452456703,1.4447294515630817,1.3946635362729798
005380,2019-11-02,0.7051,6.0,0.4164,0.2172,3.0,3.5,6.5,11.0,15.434449683559887,0.3435904453298629,0.02226126958681531,0.004529443452456703,1.4447294515630817,1.3946635362729798
005380,2019-11-03,0.2924,6.0,0.9172,0.2636,6.0,3.5,6.5,11.0,15.434449683559887,0.3435904453298629,0.02226126958681531,0.004529443452456703,1.4447294515630817,1.3946635362729798
005380,2019-11-04,0.1161,5.0,0.8046,0.2461,7.0,3.5,6.5,11.0,15.434449683559887,0.3435904453298629,0.02226126958681531,0.004529443452456703,1.4447294515630817,1.3946635362729798
005380,2019-11-05,0.4532,8.0,0.4645,0.2104,15.0,3.5,6.5,11.0,15.558921051975691,0.34636133601800695,0.02226126958681531,0.004529443452456703,1.4447294515630817,1.3958142945766108
005380,2019-11-06,0.7488,6.0,0.4323,0.1998,4.0,3.5,6.5,11.0,15.372213999351983,0.34220499998579085,0.02226126958681531,0.004529443452456703,1.4447294515630817,1.3940881571211643
005380,2019-11-07,0.9856,8.0,0.0307,0.1867,6.0,3.5,6.5,11.0,15.372213999351983,0.34220499998579085,0.02226126958681531,0.004529443452456703,1.4447294515630817,1.3940881571211643
005380,2019-11-08,0.1644,5.0,0.3695,0.1521,6.0,3.5,6.5,11.0,15.434449683559887,0.3435904453298629,0.02226126958681531,0.004529443452456703,1.4447294515630817,1.3946635362729798
005380,2019-11-09,0.0,3.0,0.0,0.2045,1.0,3.5,6.5,11.0,15.434449683559887,0.3435904453298629,0.02226126958681531,0.004529443452456703,1.4447294515630817,1.3946635362729798
005380,2019-11-10,0.0019,3.0,0.0018,0.4411,2.0,3.5,6.5,11.0,15.434449683559887,0.3435904453298629,0.02226126958681531,0.004529443452456703,1.4447294515630817,1.3946635362729798
005380,2019-11-11,0.1981,5.0,0.7479,0.1844,5.0,3.5,6.5,11.0,15.372213999351983,0.34220499998579085,0.02226126958681531,0.004529443452456703,1.4447294515630817,1.3940881571211643
005380,2019-11-12,0.7983,6.0,0.3997,0.2088,5.0,3.5,6.5,11.0,15.621156736183595,0.347746781362079,0.02226126958681531,0.004529443452456703,1.4447294515630817,1.3963896737284263
005380,2019-11-13,0.7101,8.0,0.4378,0.165,11.0,3.5,6.5,11.0,15.496685367767789,0.3449758906739349,0.02226126958681531,0.004529443452456703,1.4447294515630817,1.3952389154247953
005380,2019-11-14,0.1252,4.0,0.9284,0.1812,5.0,3.5,6.5,11.0,15.496685367767789,0.3449758906739349,0.02226126958681531,0.004529443452456703,1.4447294515630817,1.3952389154247953
005380,2019-11-15,0.3928,5.0,0.4797,0.189,5.0,3.5,6.5,11.0,15.621156736183595,0.347746781362079,0.02226126958681531,0.004529443452456703,1.4447294515630817,1.3963896737284263
005380,2019-11-16,,,,,0.0,3.5,6.5,11.0,15.621156736183595,0.347746781362079,0.02226126958681531,0.004529443452456703,1.4447294515630817,1.3963896737284263
005380,2019-11-17,-0.25,5.0,0.8289,0.1486,4.0,3.5,6.5,11.0,15.621156736183595,0.347746781362079,0.02226126958681531,0.004529443452456703,1.4447294515630817,1.3963896737284263
005380,2019-11-18,0.4415,8.0,0.5922,0.2272,14.0,3.5,6.5,11.0,15.683392420391497,0.349132226706151,0.02226126958681531,0.004529443452456703,1.4447294515630817,1.3969650528802418
005380,2019-11-19,0.7235,9.0,0.4199,0.1866,15.0,3.5,6.5,11.0,15.558921051975691,0.34636133601800695,0.02226126958681531,0.004529443452456703,1.4447294515630817,1.3958142945766108
005380,2019-11-20,0.3977,5.0,0.487,0.173,5.0,3.5,6.5,11.0,15.496685367767789,0.3449758906739349,0.02226126958681531,0.004529443452456703,1.4447294515630817,1.3952389154247953
005380,2019-11-21,0.7388,8.0,0.4008,0.2007,9.0,3.5,6.5,11.0,15.496685367767789,0.3449758906739349,0.02226126958681531,0.004529443452456703,1.4447294515630817,1.3952389154247953
005380,2019-11-22,0.6393,8.0,0.4286,0.1622,9.0,3.5,6.5,11.0,15.372213999351983,0.34220499998579085,0.02226126958681531,0.004529443452456703,1.4447294515630817,1.3940881571211643
005380,2019-11-23,,,,,0.0,3.5,6.5,11.0,15.372213999351983,0.34220499998579085,0.02226126958681531,0.004529443452456703,1.4447294515630817,1.3940881571211643
005380,2019-11-24,0.0663,5.0,0.371,0.1914,7.0,3.5,6.5,11.0,15.372213999351983,0.34220499998579085,0.02226126958681531,0.004529443452456703,1.4447294515630817,1.3940881571211643
005380,2019-11-25,0.1959,6.0,0.6829,0.1698,6.0,3.5,6.5,11.0,15.558921051975691,0.34636133601800695,0.02226126958681531,0.004529443452456703,1.4447294515630817,1.3958142945766108
005380,2019-11-26,0.6367,9.0,0.5705,0.1589,23.0,3.5,6.5,11.0,15.247742630936179,0.3394341092976468,0.02226126958681531,0.004529443452456703,1.4447294515630817,1.3929373988175333
005380,2019-11-27,0.1741,6.0,0.2425,0.1558,6.0,3.5,6.5,11.0,15.372213999351983,0.34220499998579085,0.02226126958681531,0.004529443452456703,1.4447294515630817,1.3940881571211643
005380,2019-11-28,0.0962,4.0,0.4229,0.2606,4.0,3.5,6.5,11.0,15.434449683559887,0.3435904453298629,0.02226126958681531,0.004529443452456703,1.4447294515630817,1.3946635362729798
005380,2019-11-29,0.3348,6.0,0.4701,0.1895,6.0,3.5,6.5,11.0,15.06103557831247,0.33527777326543073,0.02226126958681531,0.004529443452456703,1.4447294515630817,1.3912112613620868
005380,2019-11-30,,,,,0.0,3.5,6.5,11.0,15.06103557831247,0.33527777326543073,0.02226126958681531,0.004529443452456703,1.4447294515630817,1.3912112613620868
005380,2019-12-01,0.064,4.0,0.0501,0.127,3.0,3.5,6.5,12.0,15.06103557831247,0.33527777326543073,0.02226126958681531,0.004529443452456703,1.4447294515630817,1.3912112613620868
005380,2019-12-02,-0.2092,6.0,0.7947,0.2018,8.0,3.5,6.5,12.0,15.123271262520372,0.33666321860950277,0.02226126958681531,0.004529443452456703,1.4447294515630817,1.3917866405139023
005380,2019-12-03,0.4354,5.0,0.8334,0.382,4.0,3.5,6.5,12.0,15.123271262520372,0.33666321860950277,0.02226126958681531,0.004529443452456703,1.4447294515630817,1.3917866405139023
005380,2019-12-04,0.4645,8.0,0.5732,0.1865,17.0,3.5,6.5,12.0,15.185506946728275,0.3380486639535748,0.02226126958681531,0.004529443452456703,1.4447294515630817,1.3923620196657178
005380,2019-12-05,0.1239,5.0,0.3311,0.2687,8.0,3.5,8.0,12.0,14.687621473065052,0.32696510120099853,0.02226126958681531,0.004529443452456703,1.4447294515630817,1.3877589864511939
005380,2019-12-06,-0.101,4.0,0.6926,0.1534,3.0,3.5,8.0,12.0,14.749857157272956,0.32835054654507057,0.02226126958681531,0.004529443452456703,1.4447294515630817,1.3883343656030096
005380,2019-12-07,,,,,0.0,3.5,8.0,12.0,14.749857157272956,0.32835054654507057,0.02226126958681531,0.004529443452456703,1.4447294515630817,1.3883343656030096
005380,2019-12-08,0.4999,4.0,0.4999,0.2123,2.0,3.5,8.0,12.0,14.749857157272956,0.32835054654507057,0.02226126958681531,0.004529443452456703,1.4447294515630817,1.3883343656030096
005380,2019-12-09,0.1166,5.0,0.7811,0.1538,8.0,3.5,8.0,12.0,14.87432852568876,0.33112143723321463,0.02226126958681531,0.004529443452456703,1.4447294515630817,1.3894851239066404
005380,2019-12-10,-0.4386,6.0,0.7285,0.2155,6.0,3.5,8.0,12.0,14.936564209896664,0.33250688257728667,0.02226126958681531,0.004529443452456703,1.4447294515630817,1.3900605030584559
005380,2019-12-11,0.1021,6.0,0.8929,0.2024,11.0,3.5,8.0,12.0,14.812092841480858,0.3297359918891426,0.02226126958681531,0.004529443452456703,1.4447294515630817,1.3889097447548249
005380,2019-12-12,0.1532,4.0,0.8444,0.1543,3.0,3.5,8.0,12.0,14.936564209896664,0.33250688257728667,0.02226126958681531,0.004529443452456703,1.4447294515630817,1.3900605030584559
005380,2019-12-13,0.5864,9.0,0.6491,0.1704,13.0,3.5,6.5,12.0,15.06103557831247,0.33527777326543073,0.02226126958681531,0.004529443452456703,1.4447294515630817,1.3912112613620868
005380,2019-12-14,,,,,0.0,3.5,6.5,12.0,15.06103557831247,0.33527777326543073,0.02226126958681531,0.004529443452456703,1.4447294515630817,1.3912112613620868
005380,2019-12-15,,,,,0.0,3.5,6.5,12.0,15.06103557831247,0.33527777326543073,0.02226126958681531,0.004529443452456703,1.4447294515630817,1.3912112613620868
005380,2019-12-16,0.5012,8.0,0.4672,0.2296,11.0,3.5,8.0,12.0,14.812092841480858,0.3297359918891426,0.02226126958681531,0.004529443452456703,1.4447294515630817,1.3889097447548249
005380,2019-12-17,0.6605,7.0,0.4669,0.1573,6.0,3.5,6.5,12.0,15.185506946728275,0.3380486639535748,0.02226126958681531,0.004529443452456703,1.4447294515630817,1.3923620196657178
005380,2019-12-18,0.5465,8.0,0.6523,0.1617,11.0,3.5,6.5,12.0,15.30997831514408,0.3408195546417188,0.02226126958681531,0.004529443452456703,1.4447294515630817,1.3935127779693488
005380,2019-12-19,0.1284,4.0,0.7572,0.1249,5.0,3.5,6.5,12.0,15.372213999351983,0.34220499998579085,0.02226126958681531,0.004529443452456703,1.4447294515630817,1.3940881571211643
005380,2019-12-20,0.2758,8.0,0.4065,0.1686,13.0,3.5,6.5,12.0,15.434449683559887,0.3435904453298629,0.02226126958681531,0.004529443452456703,1.4447294515630817,1.3946635362729798
005380,2019-12-21,,,,,0.0,3.5,6.5,12.0,15.434449683559887,0.3435904453298629,0.02226126958681531,0.004529443452456703,1.4447294515630817,1.3946635362729798
005380,2019-12-22,0.0905,5.0,0.8096,0.1557,6.0,3.5,6.5,12.0,15.434449683559887,0.3435904453298629,0.02226126958681531,0.004529443452456703,1.4447294515630817,1.3946635362729798
005380,2019-12-23,0.1891,5.0,0.7366,0.1895,5.0,3.5,6.5,12.0,15.247742630936179,0.3394341092976468,0.02226126958681531,0.004529443452456703,1.4447294515630817,1.3929373988175333
005380,2019-12-24,-0.2942,5.0,0.4961,0.2828,5.0,3.5,6.5,12.0,15.185506946728275,0.3380486639535748,0.02226126958681531,0.004529443452456703,1.4447294515630817,1.3923620196657178
005380,2019-12-25,0.0003,3.0,0.0,0.2353,1.0,3.5,6.5,12.0,15.185506946728275,0.3380486639535748,0.02226126958681531,0.004529443452456703,1.4447294515630817,1.3923620196657178
005380,2019-12-26,0.554,8.0,0.6838,0.1717,9.0,3.5,6.5,12.0,15.247742630936179,0.3394341092976468,0.02226126958681531,0.004529443452456703,1.4447294515630817,1.3929373988175333
005380,2019-12-27,0.05,7.0,0.2691,0.1218,15.0,3.5,8.0,12.0,14.998799894104566,0.3338923279213587,0.02226126958681531,0.004529443452456703,1.4447294515630817,1.3906358822102713
005380,2019-12-28,,,,,0.0,3.5,8.0,12.0,14.998799894104566,0.3338923279213587,0.02226126958681531,0.004529443452456703,1.4447294515630817,1.3906358822102713
005380,2019-12-29,-0.1193,4.0,0.8333,0.2239,3.0,3.5,8.0,12.0,14.998799894104566,0.3338923279213587,0.02226126958681531,0.004529443452456703,1.4447294515630817,1.3906358822102713
005380,2019-12-30,-0.0955,4.0,0.557,0.2124,4.0,3.5,8.0,12.0,14.998799894104566,0.3338923279213587,0.02226126958681531,0.004529443452456703,1.4447294515630817,1.3906358822102713
005380,2019-12-31,0.3223,5.0,0.4084,0.114,4.0,3.5,8.0,12.0,14.998799894104566,0.3338923279213587,0.02226126958681531,0.004529443452456703,1.4447294515630817,1.3906358822102713
005380,2020-01-01,0.7498,6.0,0.4329,0.2387,4.0,3.5,8.0,13.0,14.998799894104566,0.3338923279213587,0.02226126958681531,0.004529443452456703,1.4447294515630817,1.3906358822102713
005380,2020-01-02,0.0595,7.0,0.598,0.2167,22.0,3.5,8.0,13.0,14.687621473065052,0.32696510120099853,0.02226126958681531,0.004529443452456703,1.4447294515630817,1.3877589864511939
005380,2020-01-03,0.5672,7.0,0.4512,0.2096,7.0,3.5,8.0,13.0,14.438678736233442,0.32142331982471045,0.02226126958681531,0.004529443452456703,1.4447294515630817,1.385457469843932
005380,2020-01-04,,,,,0.0,3.5,8.0,13.0,14.438678736233442,0.32142331982471045,0.02226126958681531,0.004529443452456703,1.4447294515630817,1.385457469843932
005380,2020-01-05,0.2029,5.0,0.3985,0.189,5.0,3.5,8.0,13.0,14.438678736233442,0.32142331982471045,0.02226126958681531,0.004529443452456703,1.4447294515630817,1.385457469843932
005380,2020-01-06,0.4999,6.0,0.4999,0.1327,6.0,3.5,8.0,13.0,14.438678736233442,0.32142331982471045,0.02226126958681531,0.004529443452456703,1.4447294515630817,1.385457469843932
005380,2020-01-07,0.2787,8.0,0.4403,0.2205,14.0,3.5,8.0,13.0,14.37644305202554,0.3200378744806384,0.02226126958681531,0.004529443452456703,1.4447294515630817,1.3848820906921167
005380,2020-01-08,0.3578,7.0,0.6059,0.3983,9.0,3.5,8.0,13.0,13.94079326257022,0.31033975707213424,0.02226126958681531,0.004529443452456703,1.4447294515630817,1.3808544366294082
005380,2020-01-09,-0.0161,6.0,0.8315,0.164,11.0,3.5,8.0,13.0,13.878557578362317,0.3089543117280622,0.02226126958681531,0.004529443452456703,1.4447294515630817,1.3802790574775927
005380,2020-01-10,0.2503,5.0,0.4327,0.1332,4.0,3.5,8.0,13.0,14.127500315193927,0.3144960931043503,0.02226126958681531,0.004529443452456703,1.4447294515630817,1.3825805740848547
005380,2020-01-11,,,,,0.0,3.5,8.0,13.0,14.127500315193927,0.3144960931043503,0.02226126958681531,0.004529443452456703,1.4447294515630817,1.3825805740848547
005380,2020-01-12,0.6229,7.0,0.4696,0.2449,6.0,3.5,8.0,13.0,14.127500315193927,0.3144960931043503,0.02226126958681531,0.004529443452456703,1.4447294515630817,1.3825805740848547
005380,2020-01-13,0.3195,6.0,0.6023,0.1362,8.0,3.5,8.0,13.0,14.314207367817636,0.3186524291365664,0.02226126958681531,0.004529443452456703,1.4447294515630817,1.384306711540301
005380,2020-01-14,0.9998,6.0,0.0,0.1892,1.0,3.5,8.0,13.0,14.438678736233442,0.32142331982471045,0.02226126958681531,0.004529443452456703,1.4447294515630817,1.385457469843932
005380,2020-01-15,0.5845,8.0,0.6161,0.2403,11.0,3.5,8.0,13.0,14.314207367817636,0.3186524291365664,0.02226126958681531,0.004529443452456703,1.4447294515630817,1.384306711540301
005380,2020-01-16,0.52,9.0,0.5693,0.2747,17.0,3.5,8.0,13.0,14.749857157272956,0.32835054654507057,0.02226126958681531,0.004529443452456703,1.4447294515630817,1.3883343656030096
005380,2020-01-17,0.8331,7.0,0.3725,0.2198,6.0,3.5,8.0,13.0,14.749857157272956,0.32835054654507057,0.02226126958681531,0.004529443452456703,1.4447294515630817,1.3883343656030096
005380,2020-01-18,-0.0,3.0,0.0,0.1739,1.0,3.5,8.0,13.0,14.749857157272956,0.32835054654507057,0.02226126958681531,0.004529443452456703,1.4447294515630817,1.3883343656030096
005380,2020-01-19,,,,,0.0,3.5,8.0,13.0,14.749857157272956,0.32835054654507057,0.02226126958681531,0.004529443452456703,1.4447294515630817,1.3883343656030096
005380,2020-01-20,0.1661,5.0,0.3726,0.1731,6.0,3.5,8.0,13.0,14.687621473065052,0.32696510120099853,0.02226126958681531,0.004529443452456703,1.4447294515630817,1.3877589864511939
005380,2020-01-21,-0.2425,6.0,0.7226,0.1997,7.0,3.5,8.0,13.0,14.563150104649248,0.3241942105128545,0.02226126958681531,0.004529443452456703,1.4447294515630817,1.386608228147563
005380,2020-01-22,0.7292,9.0,0.3976,0.2352,16.0,3.5,6.5,13.0,15.807863788807303,0.35190311739429503,0.02226126958681531,0.004529443452456703,1.4447294515630817,1.3981158111838727
005380,2020-01-23,0.4818,8.0,0.5829,0.241,20.0,3.5,6.5,13.0,16.243513578262622,0.36160123480279927,0.02226126958681531,0.004529443452456703,1.4447294515630817,1.402143465246581
005380,2020-01-24,,,,,0.0,3.5,6.5,13.0,16.243513578262622,0.36160123480279927,0.02226126958681531,0.004529443452456703,1.4447294515630817,1.402143465246581
005380,2020-01-25,0.9998,6.0,0.0,0.1842,1.0,3.5,6.5,13.0,16.243513578262622,0.36160123480279927,0.02226126958681531,0.004529443452456703,1.4447294515630817,1.402143465246581
005380,2020-01-26,,,,,0.0,3.5,6.5,13.0,16.243513578262622,0.36160123480279927,0.02226126958681531,0.004529443452456703,1.4447294515630817,1.402143465246581
005380,2020-01-27,0.2797,6.0,0.5754,0.1728,8.0,3.5,6.5,13.0,16.243513578262622,0.36160123480279927,0.02226126958681531,0.004529443452456703,1.4447294515630817,1.402143465246581
005380,2020-01-28,-0.0707,4.0,0.7094,0.1767,5.0,3.5,6.5,13.0,16.305749262470524,0.3629866801468713,0.02226126958681531,0.004529443452456703,1.4447294515630817,1.4027188443983967
005380,2020-01-29,-0.3999,5.0,0.4897,0.1159,5.0,3.5,6.5,13.0,16.305749262470524,0.3629866801468713,0.02226126958681531,0.004529443452456703,1.4447294515630817,1.4027188443983967
005380,2020-01-30,0.0994,6.0,0.8669,0.1166,9.0,3.5,6.5,13.0,15.870099473015205,0.35328856273836706,0.02226126958681531,0.004529443452456703,1.4447294515630817,1.3986911903356882
005380,2020-01-31,-0.753,6.0,0.4126,0.185,4.0,3.5,6.5,13.0,15.558921051975691,0.34636133601800695,0.02226126958681531,0.004529443452456703,1.4447294515630817,1.3958142945766108
005380,2020-02-01,0.0,3.0,0.0,0.0889,1.0,3.5,6.5,14.0,15.558921051975691,0.34636133601800695,0.02226126958681531,0.004529443452456703,1.4447294515630817,1.3958142945766108
005380,2020-02-02,0.392,5.0,0.7403,0.2052,5.0,3.5,6.5,14.0,15.558921051975691,0.34636133601800695,0.02226126958681531,0.004529443452456703,1.4447294515630817,1.3958142945766108
005380,2020-02-03,-0.0904,7.0,0.8594,0.2499,14.0,3.5,6.5,14.0,15.372213999351983,0.34220499998579085,0.02226126958681531,0.004529443452456703,1.4447294515630817,1.3940881571211643
005380,2020-02-04,-0.1833,8.0,0.8979,0.2898,18.0,3.5,6.5,14.0,15.434449683559887,0.3435904453298629,0.02226126958681531,0.004529443452456703,1.4447294515630817,1.3946635362729798
005380,2020-02-05,-0.1288,7.0,0.5648,0.2448,12.0,3.5,6.5,14.0,15.434449683559887,0.3435904453298629,0.02226126958681531,0.004529443452456703,1.4447294515630817,1.3946635362729798
005380,2020-02-06,-0.4624,8.0,0.5699,0.2675,14.0,3.5,6.5,14.0,16.430220630886332,0.3657575708350153,0.02226126958681531,0.004529443452456703,1.4447294515630817,1.4038696027020277
005380,2020-02-07,-0.0624,7.0,0.5574,0.2509,18.0,3.5,6.5,14.0,16.305749262470524,0.3629866801468713,0.02226126958681531,0.004529443452456703,1.4447294515630817,1.4027188443983967
005380,2020-02-08,-0.9813,6.0,0.0,0.3913,1.0,3.5,6.5,14.0,16.305749262470524,0.3629866801468713,0.02226126958681531,0.004529443452456703,1.4447294515630817,1.4027188443983967
005380,2020-02-09,0.0002,5.0,0.5772,0.1609,6.0,3.5,6.5,14.0,16.305749262470524,0.3629866801468713,0.02226126958681531,0.004529443452456703,1.4447294515630817,1.4027188443983967
005380,2020-02-10,-0.1324,6.0,0.5296,0.2569,11.0,3.5,6.5,14.0,16.18127789405472,0.36021578945872723,0.02226126958681531,0.004529443452456703,1.4447294515630817,1.4015680860947657
005380,2020-02-11,0.3102,7.0,0.622,0.2501,10.0,3.5,6.5,14.0,16.492456315094234,0.36714301617908734,0.02226126958681531,0.004529443452456703,1.4447294515630817,1.404444981853843
005380,2020-02-12,-0.0256,7.0,0.8315,0.2459,12.0,3.5,6.5,14.0,16.928106104549553,0.3768411335875916,0.02226126958681531,0.004529443452456703,1.4447294515630817,1.4084726359165514
005380,2020-02-13,0.3497,7.0,0.6301,0.2197,10.0,3.5,6.5,14.0,16.554691999302136,0.3685284615231594,0.02226126958681531,0.004529443452456703,1.4447294515630817,1.4050203610056586
005380,2020-02-14,0.5043,7.0,0.7608,0.1544,6.0,3.5,6.5,14.0,16.61692768351004,0.3699139068672314,0.02226126958681531,0.004529443452456703,1.4447294515630817,1.405595740157474
005380,2020-02-15,,,,,0.0,3.5,6.5,14.0,16.61692768351004,0.3699139068672314,0.02226126958681531,0.004529443452456703,1.4447294515630817,1.405595740157474
005380,2020-02-16,0.5994,6.0,0.4894,0.1884,5.0,3.5,6.5,14.0,16.61692768351004,0.3699139068672314,0.02226126958681531,0.004529443452456703,1.4447294515630817,1.405595740157474
005380,2020-02-17,0.2455,6.0,0.6632,0.1893,8.0,3.5,6.5,14.0,16.86587042034165,0.37545568824351955,0.02226126958681531,0.004529443452456703,1.4447294515630817,1.4078972567647359
005380,2020-02-18,0.5394,7.0,0.6819,0.2155,8.0,3.5,6.5,14.0,16.492456315094234,0.36714301617908734,0.02226126958681531,0.004529443452456703,1.4447294515630817,1.404444981853843
005380,2020-02-19,-0.1192,7.0,0.308,0.1884,12.0,3.5,6.5,14.0,16.367984946678426,0.36437212549094333,0.02226126958681531,0.004529443452456703,1.4447294515630817,1.403294223550212
005380,2020-02-20,0.2024,5.0,0.7399,0.3081,5.0,3.5,6.5,14.0,16.18127789405472,0.36021578945872723,0.02226126958681531,0.004529443452456703,1.4447294515630817,1.4015680860947657
005380,2020-02-21,0.022,3.0,0.9778,0.2664,2.0,3.5,6.5,14.0,15.932335157223108,0.3546740080824391,0.02226126958681531,0.004529443452456703,1.4447294515630817,1.3992665694875037
005380,2020-02-22,-0.9997,6.0,0.0,0.2683,1.0,3.5,6.5,14.0,15.932335157223108,0.3546740080824391,0.02226126958681531,0.004529443452456703,1.4447294515630817,1.3992665694875037
005380,2020-02-23,-0.5044,6.0,0.412,0.1985,5.0,3.5,6.5,14.0,15.932335157223108,0.3546740080824391,0.02226126958681531,0.004529443452456703,1.4447294515630817,1.3992665694875037
005380,2020-02-24,-0.041,5.0,0.5842,0.2406,6.0,3.5,6.5,14.0,15.247742630936179,0.3394341092976468,0.02226126958681531,0.004529443452456703,1.4447294515630817,1.3929373988175333
005380,2020-02-25,-0.1605,4.0,0.736,0.2262,4.0,3.5,6.5,14.0,15.247742630936179,0.3394341092976468,0.02226126958681531,0.004529443452456703,1.4447294515630817,1.3929373988175333
005380,2020-02-26,0.1961,8.0,0.4536,0.2078,17.0,3.5,6.5,14.0,15.247742630936179,0.3394341092976468,0.02226126958681531,0.004529443452456703,1.4447294515630817,1.3929373988175333
005380,2020-02-27,-0.082,5.0,0.9199,0.2284,6.0,3.5,6.5,14.0,15.06103557831247,0.33527777326543073,0.02226126958681531,0.004529443452456703,1.4447294515630817,1.3912112613620868
005380,2020-02-28,-0.6307,9.0,0.5832,0.2816,15.0,3.5,8.0,14.0,14.314207367817636,0.3186524291365664,0.02226126958681531,0.004529443452456703,1.4447294515630817,1.384306711540301
005380,2020-02-29,,,,,0.0,3.5,8.0,14.0,14.314207367817636,0.3186524291365664,0.02226126958681531,0.004529443452456703,1.4447294515630817,1.384306711540301
005380,2020-03-01,0.9998,6.0,0.0,0.1489,1.0,3.5,8.0,15.0,14.314207367817636,0.3186524291365664,0.02226126958681531,0.004529443452456703,1.4447294515630817,1.384306711540301
005380,2020-03-02,-0.3871,6.0,0.6575,0.3061,8.0,3.5,8.0,15.0,14.127500315193927,0.3144960931043503,0.02226126958681531,0.004529443452456703,1.4447294515630817,1.3825805740848547
005380,2020-03-03,0.1128,6.0,0.5362,0.2799,10.0,3.5,8.0,15.0,14.003028946778123,0.31172520241620627,0.02226126958681531,0.004529443452456703,1.4447294515630817,1.3814298157812237
005380,2020-03-04,0.4267,6.0,0.4937,0.2223,7.0,3.5,8.0,15.0,14.065264630986025,0.3131106477602783,0.02226126958681531,0.004529443452456703,1.4447294515630817,1.382005194933039
005380,2020-03-05,0.4997,4.0,0.4998,0.2339,2.0,3.5,8.0,15.0,14.189735999401831,0.3158815384484223,0.02226126958681531,0.004529443452456703,1.4447294515630817,1.38315595323667
005380,2020-03-06,0.3302,5.0,0.9402,0.2038,3.0,3.5,8.0,15.0,13.75408620994651,0.30618342103991814,0.02226126958681531,0.004529443452456703,1.4447294515630817,1.3791282991739617
005380,2020-03-07,,,,,0.0,3.5,8.0,15.0,13.75408620994651,0.30618342103991814,0.02226126958681531,0.004529443452456703,1.4447294515630817,1.3791282991739617
005380,2020-03-08,0.4999,4.0,0.4999,0.1625,2.0,3.5,8.0,15.0,13.75408620994651,0.30618342103991814,0.02226126958681531,0.004529443452456703,1.4447294515630817,1.3791282991739617
005380,2020-03-09,0.0646,6.0,0.5871,0.2147,9.0,3.5,8.0,15.0,12.945022315243776,0.28817263156698175,0.02226126958681531,0.004529443452456703,1.4447294515630817,1.3716483702003603
005380,2020-03-10,-0.1952,5.0,0.4024,0.2736,5.0,3.5,8.0,15.0,12.696079578412164,0.28263085019069367,0.02226126958681531,0.004529443452456703,1.4447294515630817,1.3693468535930986
005380,2020-03-11,0.5796,6.0,0.5156,0.1929,5.0,3.5,8.0,15.0,12.447136841580553,0.27708906881440554,0.02226126958681531,0.004529443452456703,1.4447294515630817,1.3670453369858366
005380,2020-03-12,0.9986,7.0,0.0014,0.2089,3.0,3.5,8.0,15.0,11.824779999501526,0.26323461537368525,0.02226126958681531,0.004529443452456703,1.4447294515630817,1.3612915454676817
005380,2020-03-13,-0.1999,5.0,0.9796,0.3511,5.0,3.5,8.0,15.0,10.853903325858242,0.24162166800616164,0.02226126958681531,0.004529443452456703,1.4447294515630817,1.3523156306993602
005380,2020-03-14,,,,,0.0,3.5,8.0,15.0,10.853903325858242,0.24162166800616164,0.02226126958681531,0.004529443452456703,1.4447294515630817,1.3523156306993602
005380,2020-03-15,0.7499,6.0,0.4329,0.1823,4.0,3.5,8.0,15.0,10.853903325858242,0.24162166800616164,0.02226126958681531,0.004529443452456703,1.4447294515630817,1.3523156306993602
005380,2020-03-16,0.3494,7.0,0.4916,0.2563,11.0,3.5,8.0,15.0,10.318676441670279,0.2297068380471422,0.02226126958681531,0.004529443452456703,1.4447294515630817,1.347367369993747
005380,2020-03-17,-0.3177,6.0,0.7306,0.2415,6.0,3.5,8.0,15.0,9.970156610106024,0.22194834412033884,0.02226126958681531,0.004529443452456703,1.4447294515630817,1.3441452467435804
005380,2020-03-18,-0.0738,7.0,0.8708,0.2871,14.0,3.5,8.0,15.0,9.148645578561707,0.20366046557858808,0.02226126958681531,0.004529443452456703,1.4447294515630817,1.3365502419396158
005380,2020-03-19,-0.4094,8.0,0.6298,0.2976,14.0,3.5,8.0,15.0,8.202663178601584,0.18260169634869325,0.02226126958681531,0.004529443452456703,1.4447294515630817,1.3278044788320205
005380,2020-03-20,0.0318,4.0,0.8487,0.2704,5.0,3.5,8.0,15.0,8.849914294363773,0.19701032792704234,0.02226126958681531,0.004529443452456703,1.4447294515630817,1.3337884220109015
005380,2020-03-21,-0.0,3.0,0.0,0.2045,1.0,3.5,8.0,15.0,8.849914294363773,0.19701032792704234,0.02226126958681531,0.004529443452456703,1.4447294515630817,1.3337884220109015
005380,2020-03-22,-0.6317,7.0,0.598,0.2774,7.0,3.5,8.0,15.0,8.849914294363773,0.19701032792704234,0.02226126958681531,0.004529443452456703,1.4447294515630817,1.3337884220109015
005380,2020-03-23,-0.0716,7.0,0.8213,0.1728,17.0,3.5,8.0,15.0,8.576077283849001,0.19091436841312542,0.02226126958681531,0.004529443452456703,1.4447294515630817,1.3312567537429132
005380,2020-03-24,0.193,8.0,0.7453,0.3041,13.0,3.5,8.0,15.0,9.310458357502254,0.20726262347317537,0.02226126958681531,0.004529443452456703,1.4447294515630817,1.3380462277343361
005380,2020-03-25,0.3196,8.0,0.6976,0.2818,16.0,3.5,8.0,15.0,10.517830631135567,0.23414026314817268,0.02226126958681531,0.004529443452456703,1.4447294515630817,1.3492085832795566
005380,2020-03-26,0.2189,8.0,0.7823,0.28,18.0,3.5,8.0,15.0,10.56761917850189,0.2352486194234303,0.02226126958681531,0.004529443452456703,1.4447294515630817,1.349668886601009
005380,2020-03-27,-0.1747,8.0,0.5751,0.2118,16.0,3.5,8.0,15.0,10.754326231125598,0.2394049554556464,0.02226126958681531,0.004529443452456703,1.4447294515630817,1.3513950240564552
005380,2020-03-28,-0.5018,5.0,0.4964,0.3221,2.0,3.5,8.0,15.0,10.754326231125598,0.2394049554556464,0.02226126958681531,0.004529443452456703,1.4447294515630817,1.3513950240564552
005380,2020-03-29,0.2361,4.0,0.756,0.2411,2.0,3.5,8.0,15.0,10.754326231125598,0.2394049554556464,0.02226126958681531,0.004529443452456703,1.4447294515630817,1.3513950240564552
005380,2020-03-30,0.124,5.0,0.5967,0.2419,8.0,3.5,8.0,15.0,10.629854862709793,0.23663406476750234,0.02226126958681531,0.004529443452456703,1.4447294515630817,1.3502442657528244
005380,2020-03-31,0.5714,7.0,0.7237,0.2137,7.0,3.5,8.0,15.0,11.04061037848195,0.24577800403837774,0.02226126958681531,0.004529443452456703,1.4447294515630817,1.3540417681548065
005380,2020-04-01,-0.0909,7.0,0.7877,0.1785,15.0,3.5,9.67,4.0,5.489094901442282,0.22898108511309925,0.041715636042826215,0.09227943645233236,1.5471131994584904,1.3253147834840497
005380,2020-04-02,-0.166,6.0,0.8191,0.3276,11.0,3.5,9.67,4.0,5.566225040572618,0.2321986179249929,0.041715636042826215,0.09227943645233236,1.5471131994584904,1.3265626040622802
005380,2020-04-03,-0.3895,5.0,0.4393,0.1653,5.0,3.5,9.67,4.0,5.546942505790034,0.2313942347220195,0.041715636042826215,0.09227943645233236,1.5471131994584904,1.3262506489177226
005380,2020-04-04,,,,,0.0,3.5,9.67,4.0,5.546942505790034,0.2313942347220195,0.041715636042826215,0.09227943645233236,1.5471131994584904,1.3262506489177226
005380,2020-04-05,0.0005,3.0,0.0,0.125,1.0,3.5,9.67,4.0,5.546942505790034,0.2313942347220195,0.041715636042826215,0.09227943645233236,1.5471131994584904,1.3262506489177226
005380,2020-04-06,-0.3489,6.0,0.4408,0.2204,8.0,3.5,9.67,4.0,5.707630295644902,0.2380974280801313,0.041715636042826215,0.09227943645233236,1.5471131994584904,1.3288502751223694
005380,2020-04-07,0.3834,6.0,0.6909,0.2053,8.0,3.5,9.67,4.0,5.810470481152017,0.24238747182932285,0.041715636042826215,0.09227943645233236,1.5471131994584904,1.3305140358933434
005380,2020-04-08,0.1199,5.0,0.7813,0.2174,8.0,3.5,9.67,4.0,5.784760434775239,0.24131496089202498,0.041715636042826215,0.09227943645233236,1.5471131994584904,1.3300980957006
005380,2020-04-09,0.266,7.0,0.6238,0.2245,9.0,3.5,9.67,4.0,6.241113757963063,0.2603520300290625,0.041715636042826215,0.09227943645233236,1.5471131994584904,1.3374810341217964
005380,2020-04-10,0.6103,7.0,0.4441,0.3695,6.0,3.5,9.67,4.0,6.408229059412125,0.26732335112149874,0.041715636042826215,0.09227943645233236,1.5471131994584904,1.340184645374629
005380,2020-04-11,0.0004,3.0,0.0,0.1458,1.0,3.5,9.67,4.0,6.408229059412125,0.26732335112149874,0.041715636042826215,0.09227943645233236,1.5471131994584904,1.340184645374629
005380,2020-04-12,0.3266,5.0,0.4618,0.1505,3.0,3.5,9.67,4.0,6.408229059412125,0.26732335112149874,0.041715636042826215,0.09227943645233236,1.5471131994584904,1.340184645374629
005380,2020-04-13,-0.2677,5.0,0.6359,0.1546,5.0,3.5,9.67,4.0,6.286106339122426,0.2622289241693338,0.041715636042826215,0.09227943645233236,1.5471131994584904,1.3382089294590975
005380,2020-04-14,-0.3012,6.0,0.7509,0.328,6.0,3.5,9.67,4.0,6.427511594194709,0.2681277343244722,0.041715636042826215,0.09227943645233236,1.5471131994584904,1.3404966005191865
005380,2020-04-15,0.3434,7.0,0.8257,0.2979,10.0,3.5,9.67,4.0,6.427511594194709,0.2681277343244722,0.041715636042826215,0.09227943645233236,1.5471131994584904,1.3404966005191865
005380,2020-04-16,0.3582,6.0,0.6808,0.1841,6.0,3.5,9.67,4.0,6.369663989846957,0.2657145847155519,0.041715636042826215,0.09227943645233236,1.5471131994584904,1.3395607350855139
005380,2020-04-17,-0.224,7.0,0.5887,0.1902,9.0,3.5,9.67,4.0,6.459649152165683,0.26946837299609455,0.041715636042826215,0.09227943645233236,1.5471131994584904,1.3410165257601159
005380,2020-04-18,,,,,0.0,3.5,9.67,4.0,6.459649152165683,0.26946837299609455,0.041715636042826215,0.09227943645233236,1.5471131994584904,1.3410165257601159
005380,2020-04-19,0.5923,6.0,0.4962,0.2672,5.0,3.5,9.67,4.0,6.459649152165683,0.26946837299609455,0.041715636042826215,0.09227943645233236,1.5471131994584904,1.3410165257601159
005380,2020-04-20,0.1331,6.0,0.7237,0.2348,10.0,3.5,9.67,4.0,6.273251315934036,0.26169266870068486,0.041715636042826215,0.09227943645233236,1.5471131994584904,1.3380009593627258
005380,2020-04-21,0.3688,8.0,0.6735,0.1721,14.0,3.5,9.67,4.0,6.009723340572053,0.2506994315933815,0.041715636042826215,0.09227943645233236,1.5471131994584904,1.333737572387105
005380,2020-04-22,0.0926,6.0,0.3252,0.1765,9.0,3.5,9.67,4.0,5.951875736224301,0.24828628198446123,0.041715636042826215,0.09227943645233236,1.5471131994584904,1.3328017069534321
005380,2020-04-23,-0.078,7.0,0.9713,0.2794,22.0,3.5,9.67,4.0,5.939020713035912,0.2477500265158123,0.041715636042826215,0.09227943645233236,1.5471131994584904,1.3325937368570606
005380,2020-04-24,-0.3165,7.0,0.8038,0.278,9.0,3.5,9.67,4.0,5.791187946369433,0.24158308862634945,0.041715636042826215,0.09227943645233236,1.5471131994584904,1.3302020807487858
005380,2020-04-25,,,,,0.0,3.5,9.67,4.0,5.791187946369433,0.24158308862634945,0.041715636042826215,0.09227943645233236,1.5471131994584904,1.3302020807487858
005380,2020-04-26,0.2258,5.0,0.4833,0.1986,3.0,3.5,9.67,4.0,5.791187946369433,0.24158308862634945,0.041715636042826215,0.09227943645233236,1.5471131994584904,1.3302020807487858
005380,2020-04-27,-0.3204,6.0,0.4534,0.2371,6.0,3.5,9.67,4.0,5.887600620282354,0.2456050046412165,0.041715636042826215,0.09227943645233236,1.5471131994584904,1.3317618564715736
005380,2020-04-28,0.0114,6.0,0.7154,0.2604,11.0,3.5,9.67,4.0,5.990440805789469,0.24989504839040808,0.041715636042826215,0.09227943645233236,1.5471131994584904,1.3334256172425474
005380,2020-04-29,0.0813,6.0,0.3367,0.1912,9.0,3.5,9.67,4.0,6.016150852166248,0.250967559327706,0.041715636042826215,0.09227943645233236,1.5471131994584904,1.3338415574352909
005380,2020-04-30,0.0,3.0,0.0,0.1636,1.0,3.5,9.67,4.0,6.016150852166248,0.250967559327706,0.041715636042826215,0.09227943645233236,1.5471131994584904,1.3338415574352909
005380,2020-05-01,0.9998,7.0,0.0001,0.174,3.0,3.5,9.67,5.0,6.016150852166248,0.250967559327706,0.041715636042826215,0.09227943645233236,1.5471131994584904,1.3338415574352909
005380,2020-05-02,,,,,0.0,3.5,9.67,5.0,6.016150852166248,0.250967559327706,0.041715636042826215,0.09227943645233236,1.5471131994584904,1.3338415574352909
005380,2020-05-03,-0.5646,6.0,0.6153,0.317,3.0,3.5,9.67,5.0,6.016150852166248,0.250967559327706,0.041715636042826215,0.09227943645233236,1.5471131994584904,1.3338415574352909
005380,2020-05-04,0.7084,7.0,0.4538,0.2262,7.0,3.5,9.67,5.0,5.881173108688159,0.24533687690689204,0.041715636042826215,0.09227943645233236,1.5471131994584904,1.3316578714233878
005380,2020-05-05,0.3767,5.0,0.4149,0.2015,4.0,3.5,9.67,5.0,5.881173108688159,0.24533687690689204,0.041715636042826215,0.09227943645233236,1.5471131994584904,1.3316578714233878
005380,2020-05-06,-0.2659,6.0,0.8013,0.2361,8.0,3.5,9.67,5.0,5.990440805789469,0.24989504839040808,0.041715636042826215,0.09227943645233236,1.5471131994584904,1.3334256172425474
005380,2020-05-07,-0.1259,5.0,0.7793,0.3454,8.0,3.5,9.67,5.0,5.951875736224301,0.24828628198446123,0.041715636042826215,0.09227943645233236,1.5471131994584904,1.3328017069534321
005380,2020-05-08,0.4753,5.0,0.8525,0.35,4.0,3.5,9.67,5.0,6.073998456514,0.25338070893662623,0.041715636042826215,0.09227943645233236,1.5471131994584904,1.3347774228689637
005380,2020-05-09,0.9958,6.0,0.0,0.2857,1.0,3.5,9.67,5.0,6.073998456514,0.25338070893662623,0.041715636042826215,0.09227943645233236,1.5471131994584904,1.3347774228689637
005380,2020-05-10,0.0316,3.0,0.5515,0.1861,2.0,3.5,9.67,5.0,6.073998456514,0.25338070893662623,0.041715636042826215,0.09227943645233236,1.5471131994584904,1.3347774228689637
005380,2020-05-11,0.1743,6.0,0.7826,0.2112,8.0,3.5,9.67,5.0,6.022578363760443,0.2512356870620304,0.041715636042826215,0.09227943645233236,1.5471131994584904,1.3339455424834767
005380,2020-05-12,0.3853,6.0,0.6289,0.1935,8.0,3.5,9.67,5.0,5.906883155064938,0.24640938784418995,0.041715636042826215,0.09227943645233236,1.5471131994584904,1.3320738116161313
005380,2020-05-13,0.0395,7.0,0.6178,0.1852,17.0,3.5,9.67,5.0,5.984013294195274,0.2496269206560836,0.041715636042826215,0.09227943645233236,1.5471131994584904,1.3333216321943615
005380,2020-05-14,0.3099,8.0,0.6901,0.2735,13.0,3.5,9.67,5.0,5.932593201441717,0.24748189878148782,0.041715636042826215,0.09227943645233236,1.5471131994584904,1.3324897518088747
005380,2020-05-15,0.6551,5.0,0.3362,0.5929,2.0,3.5,9.67,5.0,5.932593201441717,0.24748189878148782,0.041715636042826215,0.09227943645233236,1.5471131994584904,1.3324897518088747
005380,2020-05-16,0.0002,3.0,0.0,0.1739,1.0,3.5,9.67,5.0,5.932593201441717,0.24748189878148782,0.041715636042826215,0.09227943645233236,1.5471131994584904,1.3324897518088747
005380,2020-05-17,0.0,4.0,0.0,0.1521,3.0,3.5,9.67,5.0,5.932593201441717,0.24748189878148782,0.041715636042826215,0.09227943645233236,1.5471131994584904,1.3324897518088747
005380,2020-05-18,0.1086,6.0,0.562,0.2217,9.0,3.5,9.67,5.0,5.906883155064938,0.24640938784418995,0.041715636042826215,0.09227943645233236,1.5471131994584904,1.3320738116161313
005380,2020-05-19,0.3081,7.0,0.6728,0.205,9.0,3.5,9.67,5.0,6.369663989846957,0.2657145847155519,0.041715636042826215,0.09227943645233236,1.5471131994584904,1.3395607350855139
005380,2020-05-20,-0.0905,5.0,0.5966,0.1982,8.0,3.5,9.67,5.0,6.253968781151452,0.2608882854977114,0.041715636042826215,0.09227943645233236,1.5471131994584904,1.3376890042181682
005380,2020-05-21,0.0268,3.0,0.0,0.2326,1.0,3.5,9.67,5.0,6.247541269557258,0.260620157763387,0.041715636042826215,0.09227943645233236,1.5471131994584904,1.3375850191699823
005380,2020-05-22,-0.2009,5.0,0.9784,0.165,5.0,3.5,9.67,5.0,6.073998456514,0.25338070893662623,0.041715636042826215,0.09227943645233236,1.5471131994584904,1.3347774228689637
005380,2020-05-23,0.0008,3.0,0.0008,0.33,2.0,3.5,9.67,5.0,6.073998456514,0.25338070893662623,0.041715636042826215,0.09227943645233236,1.5471131994584904,1.3347774228689637
005380,2020-05-24,-0.016,4.0,0.0326,0.2835,5.0,3.5,9.67,5.0,6.073998456514,0.25338070893662623,0.041715636042826215,0.09227943645233236,1.5471131994584904,1.3347774228689637
005380,2020-05-25,0.0497,4.0,0.4633,0.1898,5.0,3.5,9.67,5.0,6.170411130426921,0.2574026249514933,0.041715636042826215,0.09227943645233236,1.5471131994584904,1.3363371985917518
005380,2020-05-26,0.356,6.0,0.7032,0.1761,8.0,3.5,9.67,5.0,6.286106339122426,0.2622289241693338,0.041715636042826215,0.09227943645233236,1.5471131994584904,1.3382089294590975
005380,2020-05-27,0.1625,5.0,0.6417,0.22,8.0,3.5,9.67,5.0,6.30538887390501,0.26303330737230723,0.041715636042826215,0.09227943645233236,1.5471131994584904,1.3385208846036551
005380,2020-05-28,0.2829,6.0,0.3693,0.2764,6.0,3.5,9.67,5.0,6.247541269557258,0.260620157763387,0.041715636042826215,0.09227943645233236,1.5471131994584904,1.3375850191699823
005380,2020-05-29,0.1145,4.0,0.5636,0.147,4.0,3.5,9.67,5.0,6.298961362310815,0.26276517963798274,0.041715636042826215,0.09227943645233236,1.5471131994584904,1.3384168995554693
005380,2020-05-30,,,,,0.0,3.5,9.67,5.0,6.298961362310815,0.26276517963798274,0.041715636042826215,0.09227943645233236,1.5471131994584904,1.3384168995554693
005380,2020-05-31,0.7498,6.0,0.4328,0.1308,4.0,3.5,9.67,5.0,6.298961362310815,0.26276517963798274,0.041715636042826215,0.09227943645233236,1.5471131994584904,1.3384168995554693
005380,2020-06-01,-0.4349,7.0,0.6653,0.2189,9.0,3.5,9.67,6.0,6.427511594194709,0.2681277343244722,0.041715636042826215,0.09227943645233236,1.5471131994584904,1.3404966005191865
005380,2020-06-02,-0.3274,5.0,0.4647,0.2114,3.0,3.5,9.67,6.0,6.588199384049577,0.274830927682584,0.041715636042826215,0.09227943645233236,1.5471131994584904,1.343096226723833
005380,2020-06-03,0.7966,8.0,0.5988,0.1294,10.0,3.5,9.67,6.0,6.97385007970126,0.2909185917420523,0.041715636042826215,0.09227943645233236,1.5471131994584904,1.3493353296149853
005380,2020-06-04,0.197,7.0,0.6993,0.2172,11.0,3.5,9.67,6.0,6.97385007970126,0.2909185917420523,0.041715636042826215,0.09227943645233236,1.5471131994584904,1.3493353296149853
005380,2020-06-05,0.0587,6.0,0.5335,0.1502,11.0,3.5,9.67,6.0,7.1345378695561275,0.2976217851001641,0.041715636042826215,0.09227943645233236,1.5471131994584904,1.3519349558196319
005380,2020-06-06,-0.0,3.0,0.0,0.1915,1.0,3.5,9.67,6.0,7.1345378695561275,0.2976217851001641,0.041715636042826215,0.09227943645233236,1.5471131994584904,1.3519349558196319
005380,2020-06-07,-0.0021,3.0,0.0013,0.1032,2.0,3.5,9.67,6.0,7.1345378695561275,0.2976217851001641,0.041715636042826215,0.09227943645233236,1.5471131994584904,1.3519349558196319
005380,2020-06-08,0.4464,7.0,0.4947,0.1767,9.0,3.5,9.67,6.0,7.263088101440022,0.30298433978665357,0.041715636042826215,0.09227943645233236,1.5471131994584904,1.3540146567833493
005380,2020-06-09,0.1298,6.0,0.6607,0.1928,10.0,3.5,9.67,6.0,7.198812985498075,0.3003030624434088,0.041715636042826215,0.09227943645233236,1.5471131994584904,1.3529748063014906
005380,2020-06-10,0.0114,3.0,0.0114,0.1931,2.0,3.5,9.67,6.0,7.166675427527101,0.2989624237717865,0.041715636042826215,0.09227943645233236,1.5471131994584904,1.3524548810605612
005380,2020-06-11,0.1854,8.0,0.5105,0.1659,14.0,3.5,9.67,6.0,6.97385007970126,0.2909185917420523,0.041715636042826215,0.09227943645233236,1.5471131994584904,1.3493353296149853
005380,2020-06-12,-0.495,6.0,0.5036,0.2049,6.0,3.5,9.67,6.0,6.652474499991524,0.2775122050258287,0.041715636042826215,0.09227943645233236,1.5471131994584904,1.3441360772056918
005380,2020-06-13,,,,,0.0,3.5,9.67,6.0,6.652474499991524,0.2775122050258287,0.041715636042826215,0.09227943645233236,1.5471131994584904,1.3441360772056918
005380,2020-06-14,,,,,0.0,3.5,9.67,6.0,6.652474499991524,0.2775122050258287,0.041715636042826215,0.09227943645233236,1.5471131994584904,1.3441360772056918
005380,2020-06-15,-0.0038,5.0,0.7505,0.2307,7.0,3.5,9.67,6.0,6.234686246368868,0.260083902294738,0.041715636042826215,0.09227943645233236,1.5471131994584904,1.3373770490736105
005380,2020-06-16,0.6674,7.0,0.4688,0.1417,6.0,3.5,9.67,6.0,6.52392426810763,0.27214965033933924,0.041715636042826215,0.09227943645233236,1.5471131994584904,1.3420563762419746
005380,2020-06-17,0.3417,6.0,0.6721,0.139,8.0,3.5,9.67,6.0,6.459649152165683,0.26946837299609455,0.041715636042826215,0.09227943645233236,1.5471131994584904,1.3410165257601159
005380,2020-06-18,0.0212,5.0,0.5355,0.1864,7.0,3.5,9.67,6.0,6.427511594194709,0.2681277343244722,0.041715636042826215,0.09227943645233236,1.5471131994584904,1.3404966005191865
005380,2020-06-19,0.1838,6.0,0.3394,0.2315,7.0,3.5,9.67,6.0,6.427511594194709,0.2681277343244722,0.041715636042826215,0.09227943645233236,1.5471131994584904,1.3404966005191865
005380,2020-06-20,,,,,0.0,3.5,9.67,6.0,6.427511594194709,0.2681277343244722,0.041715636042826215,0.09227943645233236,1.5471131994584904,1.3404966005191865
005380,2020-06-21,0.6515,6.0,0.4609,0.2311,3.0,3.5,9.67,6.0,6.427511594194709,0.2681277343244722,0.041715636042826215,0.09227943645233236,1.5471131994584904,1.3404966005191865
005380,2020-06-22,-0.0835,6.0,0.3329,0.1325,9.0,3.5,9.67,6.0,6.331098920281789,0.2641058183096051,0.041715636042826215,0.09227943645233236,1.5471131994584904,1.3389368247963986
005380,2020-06-23,0.3321,8.0,0.5703,0.2611,15.0,3.5,9.67,6.0,6.343953943470178,0.26464207377825405,0.041715636042826215,0.09227943645233236,1.5471131994584904,1.3391447948927704
005380,2020-06-24,-0.009,5.0,0.4849,0.1715,6.0,3.5,9.67,6.0,6.620336942020551,0.27617156635420637,0.041715636042826215,0.09227943645233236,1.5471131994584904,1.3436161519647625
005380,2020-06-25,0.5,6.0,0.4999,0.1623,4.0,3.5,9.67,6.0,6.388946524629541,0.26651896791852536,0.041715636042826215,0.09227943645233236,1.5471131994584904,1.3398726902300715
005380,2020-06-26,0.0747,7.0,0.2565,0.1484,14.0,3.5,9.67,6.0,6.427511594194709,0.2681277343244722,0.041715636042826215,0.09227943645233236,1.5471131994584904,1.3404966005191865
005380,2020-06-27,,,,,0.0,3.5,9.67,6.0,6.427511594194709,0.2681277343244722,0.041715636042826215,0.09227943645233236,1.5471131994584904,1.3404966005191865
005380,2020-06-28,0.2875,5.0,0.4148,0.1988,4.0,3.5,9.67,6.0,6.427511594194709,0.2681277343244722,0.041715636042826215,0.09227943645233236,1.5471131994584904,1.3404966005191865
005380,2020-06-29,0.4639,7.0,0.5831,0.1595,10.0,3.5,9.67,6.0,6.279678827528231,0.2619607964350093,0.041715636042826215,0.09227943645233236,1.5471131994584904,1.3381049444109117
005380,2020-06-30,0.2622,5.0,0.7253,0.2469,5.0,3.5,9.67,6.0,6.279678827528231,0.2619607964350093,0.041715636042826215,0.09227943645233236,1.5471131994584904,1.3381049444109117
005380,2020-07-01,-0.0014,7.0,0.3518,0.2167,27.0,3.5,9.67,7.0,6.311816385499205,0.2633014351066317,0.041715636042826215,0.09227943645233236,1.5471131994584904,1.338624869651841
005380,2020-07-02,0.1831,5.0,0.731,0.2305,5.0,3.5,9.67,7.0,6.363236478252762,0.2654464569812275,0.041715636042826215,0.09227943645233236,1.5471131994584904,1.339456750037328
005380,2020-07-03,0.0001,3.0,0.0,0.1917,2.0,3.5,9.67,7.0,6.376091501441152,0.2659827124498764,0.041715636042826215,0.09227943645233236,1.5471131994584904,1.3396647201336997
005380,2020-07-04,0.315,4.0,0.0,0.325,1.0,3.5,9.67,7.0,6.376091501441152,0.2659827124498764,0.041715636042826215,0.09227943645233236,1.5471131994584904,1.3396647201336997
005380,2020-07-05,0.2207,7.0,0.41,0.2132,9.0,3.5,9.67,7.0,6.376091501441152,0.2659827124498764,0.041715636042826215,0.09227943645233236,1.5471131994584904,1.3396647201336997
005380,2020-07-06,0.4011,8.0,0.4558,0.3201,18.0,3.5,9.67,7.0,6.52392426810763,0.27214965033933924,0.041715636042826215,0.09227943645233236,1.5471131994584904,1.3420563762419746
005380,2020-07-07,0.1034,7.0,0.4468,0.1908,16.0,3.5,9.67,7.0,6.376091501441152,0.2659827124498764,0.041715636042826215,0.09227943645233236,1.5471131994584904,1.3396647201336997
005380,2020-07-08,0.1817,8.0,0.5467,0.1686,12.0,3.5,9.67,7.0,6.401801547817931,0.2670552233871743,0.041715636042826215,0.09227943645233236,1.5471131994584904,1.340080660326443
005380,2020-07-09,0.0139,4.0,0.6106,0.1596,5.0,3.5,9.67,7.0,6.401801547817931,0.2670552233871743,0.041715636042826215,0.09227943645233236,1.5471131994584904,1.340080660326443
005380,2020-07-10,0.9998,6.0,0.0001,0.1022,2.0,3.5,9.67,7.0,6.318243897093399,0.2635695628409562,0.041715636042826215,0.09227943645233236,1.5471131994584904,1.338728854700027
005380,2020-07-11,,,,,0.0,3.5,9.67,7.0,6.318243897093399,0.2635695628409562,0.041715636042826215,0.09227943645233236,1.5471131994584904,1.338728854700027
005380,2020-07-12,-0.2964,5.0,0.4906,0.1557,3.0,3.5,9.67,7.0,6.318243897093399,0.2635695628409562,0.041715636042826215,0.09227943645233236,1.5471131994584904,1.338728854700027
005380,2020-07-13,-0.0003,5.0,0.5766,0.1512,6.0,3.5,9.67,7.0,6.52392426810763,0.27214965033933924,0.041715636042826215,0.09227943645233236,1.5471131994584904,1.3420563762419746
005380,2020-07-14,0.1891,7.0,0.5716,0.2983,11.0,3.5,9.67,7.0,6.52392426810763,0.27214965033933924,0.041715636042826215,0.09227943645233236,1.5471131994584904,1.3420563762419746
005380,2020-07-15,0.6217,7.0,0.4492,0.2954,6.0,3.5,9.67,7.0,7.005987637672233,0.2922592304136747,0.041715636042826215,0.09227943645233236,1.5471131994584904,1.3498552548559146
005380,2020-07-16,0.2111,5.0,0.3949,0.201,5.0,3.5,9.67,7.0,7.07026275361418,0.2949405077569194,0.041715636042826215,0.09227943645233236,1.5471131994584904,1.3508951053377733
005380,2020-07-17,-0.6401,7.0,0.4759,0.2242,6.0,3.5,9.67,7.0,7.552326123178784,0.3150500878312548,0.041715636042826215,0.09227943645233236,1.5471131994584904,1.3586939839517134
005380,2020-07-18,,,,,0.0,3.5,9.67,7.0,7.552326123178784,0.3150500878312548,0.041715636042826215,0.09227943645233236,1.5471131994584904,1.3586939839517134
005380,2020-07-19,0.0,3.0,0.0,0.2292,1.0,3.5,9.67,7.0,7.552326123178784,0.3150500878312548,0.041715636042826215,0.09227943645233236,1.5471131994584904,1.3586939839517134
005380,2020-07-20,0.6665,6.0,0.4713,0.2335,3.0,3.5,9.67,7.0,7.809426586946572,0.3257751972042337,0.041715636042826215,0.09227943645233236,1.5471131994584904,1.362853385879148
005380,2020-07-21,0.0002,7.0,0.4077,0.1955,12.0,3.5,9.67,7.0,7.809426586946572,0.3257751972042337,0.041715636042826215,0.09227943645233236,1.5471131994584904,1.362853385879148
005380,2020-07-22,0.3845,6.0,0.6685,0.173,8.0,3.5,9.67,7.0,7.616601239120731,0.3177313651744995,0.041715636042826215,0.09227943645233236,1.5471131994584904,1.359733834433572
005380,2020-07-23,-0.2737,8.0,0.853,0.2503,18.0,3.5,8.33,7.0,8.002251934772413,0.3338190292339679,0.041715636042826215,0.09227943645233236,1.5471131994584904,1.3659729373247242
005380,2020-07-24,0.0,4.0,0.7069,0.1858,4.0,3.5,9.67,7.0,7.8737017028885194,0.32845647454747845,0.041715636042826215,0.09227943645233236,1.5471131994584904,1.3638932363610068
005380,2020-07-25,,,,,0.0,3.5,9.67,7.0,7.8737017028885194,0.32845647454747845,0.041715636042826215,0.09227943645233236,1.5471131994584904,1.3638932363610068
005380,2020-07-26,0.0,3.0,0.0,0.1463,1.0,3.5,9.67,7.0,7.8737017028885194,0.32845647454747845,0.041715636042826215,0.09227943645233236,1.5471131994584904,1.3638932363610068
005380,2020-07-27,0.3201,8.0,0.6001,0.1469,13.0,3.5,9.67,7.0,7.9379768188304665,0.33113775189072314,0.041715636042826215,0.09227943645233236,1.5471131994584904,1.3649330868428655
005380,2020-07-28,0.5354,6.0,0.4671,0.1671,4.0,3.5,9.67,7.0,7.905839260859493,0.32979711321910077,0.041715636042826215,0.09227943645233236,1.5471131994584904,1.3644131616019362
005380,2020-07-29,0.3263,6.0,0.4359,0.148,8.0,3.5,8.33,7.0,8.034389492743387,0.3351596679055902,0.041715636042826215,0.09227943645233236,1.5471131994584904,1.3664928625656536
005380,2020-07-30,0.4006,5.0,0.4854,0.2378,5.0,3.5,8.33,7.0,8.195077282598255,0.341862861263702,0.041715636042826215,0.09227943645233236,1.5471131994584904,1.3690924887703002
005380,2020-07-31,0.543,6.0,0.4472,0.2442,5.0,3.5,8.33,7.0,8.130802166656308,0.33918158392045733,0.041715636042826215,0.09227943645233236,1.5471131994584904,1.3680526382884415
005380,2020-08-01,,,,,0.0,3.5,8.33,8.0,8.130802166656308,0.33918158392045733,0.041715636042826215,0.09227943645233236,1.5471131994584904,1.3680526382884415
005380,2020-08-02,,,,,0.0,3.5,8.33,8.0,8.130802166656308,0.33918158392045733,0.041715636042826215,0.09227943645233236,1.5471131994584904,1.3680526382884415
005380,2020-08-03,-0.3447,6.0,0.4506,0.1696,8.0,3.5,8.33,8.0,8.16293972462728,0.34052222259207965,0.041715636042826215,0.09227943645233236,1.5471131994584904,1.3685725635293708
005380,2020-08-04,0.6269,8.0,0.4527,0.2823,11.0,3.5,8.33,8.0,8.516452862307991,0.35526924797992565,0.041715636042826215,0.09227943645233236,1.5471131994584904,1.3742917411795936
005380,2020-08-05,0.4956,5.0,0.4082,0.1418,3.0,3.5,8.33,8.0,8.61286553622091,0.3592911639947927,0.041715636042826215,0.09227943645233236,1.5471131994584904,1.3758515169023817
005380,2020-08-06,0.5329,7.0,0.4715,0.1286,6.0,3.5,8.33,8.0,9.287754253611356,0.3874445760988623,0.041715636042826215,0.09227943645233236,1.5471131994584904,1.3867699469618977
005380,2020-08-07,0.9857,6.0,0.0136,0.4466,2.0,3.5,8.33,8.0,9.448442043466223,0.3941477694569741,0.041715636042826215,0.09227943645233236,1.5471131994584904,1.3893695731665443
005380,2020-08-08,,,,,0.0,3.5,8.33,8.0,9.448442043466223,0.3941477694569741,0.041715636042826215,0.09227943645233236,1.5471131994584904,1.3893695731665443
005380,2020-08-09,0.5703,6.0,0.5271,0.1331,5.0,3.5,8.33,8.0,9.448442043466223,0.3941477694569741,0.041715636042826215,0.09227943645233236,1.5471131994584904,1.3893695731665443
005380,2020-08-10,0.6657,9.0,0.5491,0.1707,19.0,3.5,8.33,8.0,10.926769710131007,0.4558171483516027,0.041715636042826215,0.09227943645233236,1.5471131994584904,1.4132861342492942
005380,2020-08-11,-0.3994,5.0,0.49,0.2388,5.0,3.5,8.33,8.0,11.50524575360853,0.4799486444408052,0.041715636042826215,0.09227943645233236,1.5471131994584904,1.4226447885860223
005380,2020-08-12,0.6351,8.0,0.3976,0.1487,9.0,3.5,8.33,8.0,11.0553199420149,0.46117970303809214,0.041715636042826215,0.09227943645233236,1.5471131994584904,1.4153658352130114
005380,2020-08-13,0.8329,7.0,0.3726,0.2066,6.0,3.5,8.33,8.0,10.926769710131007,0.4558171483516027,0.041715636042826215,0.09227943645233236,1.5471131994584904,1.4132861342492942
005380,2020-08-14,0.4918,8.0,0.5695,0.2151,14.0,3.5,8.33,8.0,10.733944362305165,0.44777331632186856,0.041715636042826215,0.09227943645233236,1.5471131994584904,1.410166582803718
005380,2020-08-15,,,,,0.0,3.5,8.33,8.0,10.733944362305165,0.44777331632186856,0.041715636042826215,0.09227943645233236,1.5471131994584904,1.410166582803718
005380,2020-08-16,0.6872,6.0,0.4298,0.1928,3.0,3.5,8.33,8.0,10.733944362305165,0.44777331632186856,0.041715636042826215,0.09227943645233236,1.5471131994584904,1.410166582803718
005380,2020-08-17,0.7213,6.0,0.3825,0.2021,5.0,3.5,8.33,8.0,10.733944362305165,0.44777331632186856,0.041715636042826215,0.09227943645233236,1.5471131994584904,1.410166582803718
005380,2020-08-18,0.1865,4.0,0.0,0.0652,1.0,3.5,8.33,8.0,10.15546831882764,0.42364182023266606,0.041715636042826215,0.09227943645233236,1.5471131994584904,1.4008079284669899
005380,2020-08-19,0.3362,5.0,0.4693,0.2216,3.0,3.5,8.33,8.0,10.573256572450298,0.44107012296375675,0.041715636042826215,0.09227943645233236,1.5471131994584904,1.4075669565990712
005380,2020-08-20,0.9971,7.0,0.004,0.0856,4.0,3.5,8.33,8.0,9.9626429710018,0.41559798820293187,0.041715636042826215,0.09227943645233236,1.5471131994584904,1.3976883770214137
005380,2020-08-21,0.3924,5.0,0.6261,0.227,4.0,3.5,8.33,8.0,10.026918086943747,0.4182792655461766,0.041715636042826215,0.09227943645233236,1.5471131994584904,1.3987282275032724
005380,2020-08-22,0.0,3.0,0.0,0.1111,1.0,3.5,8.33,8.0,10.026918086943747,0.4182792655461766,0.041715636042826215,0.09227943645233236,1.5471131994584904,1.3987282275032724
005380,2020-08-23,0.3224,4.0,0.3224,0.1629,2.0,3.5,8.33,8.0,10.026918086943747,0.4182792655461766,0.041715636042826215,0.09227943645233236,1.5471131994584904,1.3987282275032724
005380,2020-08-24,0.06,4.0,0.0609,0.1986,4.0,3.5,8.33,8.0,10.380431224624456,0.43302629093402256,0.041715636042826215,0.09227943645233236,1.5471131994584904,1.4044474051534954
005380,2020-08-25,0.5228,7.0,0.4601,0.2206,7.0,3.5,8.33,8.0,10.669669246363219,0.4450920389786238,0.041715636042826215,0.09227943645233236,1.5471131994584904,1.4091267323218593
005380,2020-08-26,0.3581,6.0,0.73,0.1627,6.0,3.5,8.33,8.0,10.76608192027614,0.4491139549934909,0.041715636042826215,0.09227943645233236,1.5471131994584904,1.4106865080446473
005380,2020-08-27,0.4819,5.0,0.7486,0.2135,5.0,3.5,8.33,8.0,10.50898145650835,0.438388845620512,0.041715636042826215,0.09227943645233236,1.5471131994584904,1.4065271061172127
005380,2020-08-28,0.4205,4.0,0.4205,0.1926,2.0,3.5,8.33,8.0,11.0553199420149,0.46117970303809214,0.041715636042826215,0.09227943645233236,1.5471131994584904,1.4153658352130114
005380,2020-08-29,,,,,0.0,3.5,8.33,8.0,11.0553199420149,0.46117970303809214,0.041715636042826215,0.09227943645233236,1.5471131994584904,1.4153658352130114
005380,2020-08-30,0.4999,4.0,0.4999,0.1885,2.0,3.5,8.33,8.0,11.0553199420149,0.46117970303809214,0.041715636042826215,0.09227943645233236,1.5471131994584904,1.4153658352130114
005380,2020-08-31,0.3795,7.0,0.4423,0.1994,9.0,3.5,8.33,8.0,11.344557963753664,0.4732454510826934,0.041715636042826215,0.09227943645233236,1.5471131994584904,1.4200451623813755
005380,2020-09-01,0.2871,8.0,0.7122,0.2249,13.0,3.5,8.33,9.0,11.569520869550479,0.48262992178404995,0.041715636042826215,0.09227943645233236,1.5471131994584904,1.4236846390678808
005380,2020-09-02,0.6662,6.0,0.471,0.2847,3.0,3.5,8.33,9.0,11.312420405782689,0.471904812411071,0.041715636042826215,0.09227943645233236,1.5471131994584904,1.419525237140446
005380,2020-09-03,0.568,9.0,0.5167,0.1552,12.0,3.5,8.33,9.0,11.344557963753664,0.4732454510826934,0.041715636042826215,0.09227943645233236,1.5471131994584904,1.4200451623813755
005380,2020-09-04,0.4316,7.0,0.4718,0.2315,9.0,3.5,8.33,9.0,11.087457499985874,0.4625203417097145,0.041715636042826215,0.09227943645233236,1.5471131994584904,1.4158857604539408
005380,2020-09-05,,,,,0.0,3.5,8.33,9.0,11.087457499985874,0.4625203417097145,0.041715636042826215,0.09227943645233236,1.5471131994584904,1.4158857604539408
005380,2020-09-06,,,,,0.0,3.5,8.33,9.0,11.087457499985874,0.4625203417097145,0.041715636042826215,0.09227943645233236,1.5471131994584904,1.4158857604539408
005380,2020-09-07,0.3079,5.0,0.4332,0.3297,3.0,3.5,8.33,9.0,10.926769710131007,0.4558171483516027,0.041715636042826215,0.09227943645233236,1.5471131994584904,1.4132861342492942
005380,2020-09-08,0.5998,6.0,0.4894,0.1955,5.0,3.5,8.33,9.0,10.798219478247113,0.45045459366511326,0.041715636042826215,0.09227943645233236,1.5471131994584904,1.4112064332855767
005380,2020-09-09,0.3003,5.0,0.4963,0.1794,3.0,3.5,8.33,9.0,10.76608192027614,0.4491139549934909,0.041715636042826215,0.09227943645233236,1.5471131994584904,1.4106865080446473
005380,2020-09-10,0.3927,5.0,0.4351,0.1507,3.0,3.5,8.33,9.0,10.862494594189059,0.453135871008358,0.041715636042826215,0.09227943645233236,1.5471131994584904,1.4122462837674354
005380,2020-09-11,0.7515,6.0,0.429,0.1423,4.0,3.5,8.33,9.0,11.023182384043928,0.4598390643664698,0.041715636042826215,0.09227943645233236,1.5471131994584904,1.414845909972082
005380,2020-09-12,,,,,0.0,3.5,8.33,9.0,11.023182384043928,0.4598390643664698,0.041715636042826215,0.09227943645233236,1.5471131994584904,1.414845909972082
005380,2020-09-13,0.1253,6.0,0.5647,0.1526,9.0,3.5,8.33,9.0,11.023182384043928,0.4598390643664698,0.041715636042826215,0.09227943645233236,1.5471131994584904,1.414845909972082
005380,2020-09-14,0.2233,6.0,0.4752,0.3769,8.0,3.5,8.33,9.0,11.569520869550479,0.48262992178404995,0.041715636042826215,0.09227943645233236,1.5471131994584904,1.4236846390678808
005380,2020-09-15,0.6133,7.0,0.3991,0.1657,7.0,3.5,8.33,9.0,11.50524575360853,0.4799486444408052,0.041715636042826215,0.09227943645233236,1.5471131994584904,1.4226447885860223
005380,2020-09-16,0.609,8.0,0.47,0.1859,10.0,3.5,8.33,9.0,11.794483775347292,0.49201439248540646,0.041715636042826215,0.09227943645233236,1.5471131994584904,1.4273241157543861
005380,2020-09-17,0.3842,8.0,0.6275,0.2073,17.0,3.5,8.33,9.0,11.826621333318267,0.49335503115702883,0.041715636042826215,0.09227943645233236,1.5471131994584904,1.4278440409953155
005380,2020-09-18,0.3439,6.0,0.4642,0.1943,6.0,3.5,8.33,9.0,11.633795985492425,0.48531119912729465,0.041715636042826215,0.09227943645233236,1.5471131994584904,1.4247244895497395
005380,2020-09-19,0.3389,4.0,0.3585,0.2546,2.0,3.5,8.33,9.0,11.633795985492425,0.48531119912729465,0.041715636042826215,0.09227943645233236,1.5471131994584904,1.4247244895497395
005380,2020-09-20,0.8165,7.0,0.3464,0.1693,7.0,3.5,8.33,9.0,11.633795985492425,0.48531119912729465,0.041715636042826215,0.09227943645233236,1.5471131994584904,1.4247244895497395
005380,2020-09-21,0.6992,8.0,0.3721,0.2163,11.0,3.5,8.33,9.0,11.890896449260213,0.4960363085002735,0.041715636042826215,0.09227943645233236,1.5471131994584904,1.4288838914771742
005380,2020-09-22,-0.136,5.0,0.8925,0.372,6.0,3.5,8.33,9.0,11.537383311579504,0.4812892831124276,0.041715636042826215,0.09227943645233236,1.5471131994584904,1.4231647138269516
005380,2020-09-23,0.376,8.0,0.5395,0.185,19.0,3.5,8.33,9.0,11.537383311579504,0.4812892831124276,0.041715636042826215,0.09227943645233236,1.5471131994584904,1.4231647138269516
005380,2020-09-24,0.431,8.0,0.6842,0.1795,14.0,3.5,8.33,9.0,11.023182384043928,0.4598390643664698,0.041715636042826215,0.09227943645233236,1.5471131994584904,1.414845909972082
005380,2020-09-25,0.1047,6.0,0.6017,0.1259,9.0,3.5,8.33,9.0,10.926769710131007,0.4558171483516027,0.041715636042826215,0.09227943645233236,1.5471131994584904,1.4132861342492942
005380,2020-09-26,0.2651,6.0,0.7809,0.2342,7.0,3.5,8.33,9.0,10.926769710131007,0.4558171483516027,0.041715636042826215,0.09227943645233236,1.5471131994584904,1.4132861342492942
005380,2020-09-27,0.1444,3.0,0.1443,0.3767,2.0,3.5,8.33,9.0,10.926769710131007,0.4558171483516027,0.041715636042826215,0.09227943645233236,1.5471131994584904,1.4132861342492942
005380,2020-09-28,0.8447,10.0,0.3602,0.2442,13.0,3.5,8.33,9.0,11.280282847811716,0.4705641737394487,0.041715636042826215,0.09227943645233236,1.5471131994584904,1.4190053118995167
005380,2020-09-29,0.3194,7.0,0.6345,0.1818,11.0,3.5,8.33,9.0,11.473108195637558,0.47860800576918283,0.041715636042826215,0.09227943645233236,1.5471131994584904,1.422124863345093
005380,2020-09-30,0.0023,3.0,0.0,0.2353,1.0,3.5,8.33,9.0,11.473108195637558,0.47860800576918283,0.041715636042826215,0.09227943645233236,1.5471131994584904,1.422124863345093
005380,2020-10-01,,,,,0.0,3.5,8.33,10.0,11.473108195637558,0.47860800576918283,0.041715636042826215,0.09227943645233236,1.5471131994584904,1.422124863345093
005380,2020-10-02,0.339,5.0,0.9332,0.1942,3.0,3.5,8.33,10.0,11.473108195637558,0.47860800576918283,0.041715636042826215,0.09227943645233236,1.5471131994584904,1.422124863345093
005380,2020-10-03,0.0032,3.0,0.9965,0.2296,2.0,3.5,8.33,10.0,11.473108195637558,0.47860800576918283,0.041715636042826215,0.09227943645233236,1.5471131994584904,1.422124863345093
005380,2020-10-04,0.0003,3.0,0.0005,0.1528,2.0,3.5,8.33,10.0,11.473108195637558,0.47860800576918283,0.041715636042826215,0.09227943645233236,1.5471131994584904,1.422124863345093
005380,2020-10-05,0.0055,5.0,0.8164,0.2992,6.0,3.5,8.33,10.0,12.019446681144107,0.501398863186763,0.041715636042826215,0.09227943645233236,1.5471131994584904,1.4309635924408917
005380,2020-10-06,-0.1788,6.0,0.8437,0.2049,6.0,3.5,8.33,10.0,11.730208659405346,0.4893331151421617,0.041715636042826215,0.09227943645233236,1.5471131994584904,1.4262842652725274
005380,2020-10-07,-0.2003,5.0,0.8444,0.1504,3.0,3.5,8.33,10.0,11.762346217376319,0.4906737538137841,0.041715636042826215,0.09227943645233236,1.5471131994584904,1.4268041905134567
005380,2020-10-08,-0.1997,8.0,0.8325,0.1931,15.0,3.5,8.33,10.0,11.601658427521452,0.48397056045567227,0.041715636042826215,0.09227943645233236,1.5471131994584904,1.4242045643088102
005380,2020-10-09,0.9966,6.0,0.0,0.24,1.0,3.5,8.33,10.0,11.601658427521452,0.48397056045567227,0.041715636042826215,0.09227943645233236,1.5471131994584904,1.4242045643088102
005380,2020-10-10,0.0001,3.0,0.9997,0.3557,2.0,3.5,8.33,10.0,11.601658427521452,0.48397056045567227,0.041715636042826215,0.09227943645233236,1.5471131994584904,1.4242045643088102
005380,2020-10-11,0.084,6.0,0.7305,0.2658,9.0,3.5,8.33,10.0,11.601658427521452,0.48397056045567227,0.041715636042826215,0.09227943645233236,1.5471131994584904,1.4242045643088102
005380,2020-10-12,0.2064,8.0,0.8617,0.1909,19.0,3.5,8.33,10.0,11.569520869550479,0.48262992178404995,0.041715636042826215,0.09227943645233236,1.5471131994584904,1.4236846390678808
005380,2020-10-13,0.0773,7.0,0.5381,0.1802,18.0,3.5,8.33,10.0,11.50524575360853,0.4799486444408052,0.041715636042826215,0.09227943645233236,1.5471131994584904,1.4226447885860223
005380,2020-10-14,0.1039,7.0,0.4551,0.3321,29.0,3.5,8.33,10.0,11.440970637666583,0.47726736709756046,0.041715636042826215,0.09227943645233236,1.5471131994584904,1.4216049381041636
005380,2020-10-15,0.4458,8.0,0.4814,0.2052,30.0,3.5,8.33,10.0,11.312420405782689,0.471904812411071,0.041715636042826215,0.09227943645233236,1.5471131994584904,1.419525237140446
005380,2020-10-16,0.5035,6.0,0.4964,0.1577,4.0,3.5,8.33,10.0,11.0553199420149,0.46117970303809214,0.041715636042826215,0.09227943645233236,1.5471131994584904,1.4153658352130114
005380,2020-10-17,0.1253,5.0,0.3984,0.0922,6.0,3.5,8.33,10.0,11.0553199420149,0.46117970303809214,0.041715636042826215,0.09227943645233236,1.5471131994584904,1.4153658352130114
005380,2020-10-18,-0.2497,5.0,0.4326,0.1164,4.0,3.5,8.33,10.0,11.0553199420149,0.46117970303809214,0.041715636042826215,0.09227943645233236,1.5471131994584904,1.4153658352130114
005380,2020-10-19,-0.3508,8.0,0.4715,0.1962,14.0,3.5,8.33,10.0,10.798219478247113,0.45045459366511326,0.041715636042826215,0.09227943645233236,1.5471131994584904,1.4112064332855767
005380,2020-10-20,-0.1423,5.0,0.8327,0.2399,7.0,3.5,8.33,10.0,10.76608192027614,0.4491139549934909,0.041715636042826215,0.09227943645233236,1.5471131994584904,1.4106865080446473
005380,2020-10-21,-0.0082,6.0,0.7657,0.2126,10.0,3.5,8.33,10.0,10.637531688392245,0.44375140030700144,0.041715636042826215,0.09227943645233236,1.5471131994584904,1.40860680708093
005380,2020-10-22,0.6943,8.0,0.6104,0.1718,11.0,3.5,8.33,10.0,10.444706340566404,0.4357075682772673,0.041715636042826215,0.09227943645233236,1.5471131994584904,1.405487255635354
005380,2020-10-23,0.2415,8.0,0.6771,0.1634,13.0,3.5,8.33,10.0,10.733944362305165,0.44777331632186856,0.041715636042826215,0.09227943645233236,1.5471131994584904,1.410166582803718
005380,2020-10-24,,,,,0.0,3.5,8.33,10.0,10.733944362305165,0.44777331632186856,0.041715636042826215,0.09227943645233236,1.5471131994584904,1.410166582803718
005380,2020-10-25,,,,,0.0,3.5,8.33,10.0,10.733944362305165,0.44777331632186856,0.041715636042826215,0.09227943645233236,1.5471131994584904,1.410166582803718
005380,2020-10-26,-0.7211,9.0,0.432,0.1675,12.0,3.5,8.33,10.0,11.023182384043928,0.4598390643664698,0.041715636042826215,0.09227943645233236,1.5471131994584904,1.414845909972082
005380,2020-10-27,0.6265,8.0,0.3881,0.1532,10.0,3.5,8.33,10.0,11.087457499985874,0.4625203417097145,0.041715636042826215,0.09227943645233236,1.5471131994584904,1.4158857604539408
005380,2020-10-28,0.1347,7.0,0.4829,0.1408,16.0,3.5,8.33,10.0,11.151732615927822,0.46520161905295926,0.041715636042826215,0.09227943645233236,1.5471131994584904,1.4169256109357993
005380,2020-10-29,-0.2163,5.0,0.7401,0.1348,5.0,3.5,8.33,10.0,10.926769710131007,0.4558171483516027,0.041715636042826215,0.09227943645233236,1.5471131994584904,1.4132861342492942
005380,2020-10-30,0.4194,8.0,0.4524,0.1645,23.0,3.5,8.33,10.0,10.573256572450298,0.44107012296375675,0.041715636042826215,0.09227943645233236,1.5471131994584904,1.4075669565990712
005380,2020-10-31,0.0,3.0,0.0,0.5116,1.0,3.5,8.33,10.0,10.573256572450298,0.44107012296375675,0.041715636042826215,0.09227943645233236,1.5471131994584904,1.4075669565990712
005380,2020-11-01,0.0022,4.0,0.0038,0.2313,4.0,3.5,8.33,11.0,10.573256572450298,0.44107012296375675,0.041715636042826215,0.09227943645233236,1.5471131994584904,1.4075669565990712
005380,2020-11-02,0.0065,7.0,0.663,0.2296,12.0,3.5,8.33,11.0,10.95890726810198,0.45715778702322507,0.041715636042826215,0.09227943645233236,1.5471131994584904,1.4138060594902235
005380,2020-11-03,0.0912,6.0,0.5133,0.1874,11.0,3.5,8.33,11.0,10.95890726810198,0.45715778702322507,0.041715636042826215,0.09227943645233236,1.5471131994584904,1.4138060594902235
005380,2020-11-04,0.5789,6.0,0.5164,0.1677,5.0,3.5,8.33,11.0,11.023182384043928,0.4598390643664698,0.041715636042826215,0.09227943645233236,1.5471131994584904,1.414845909972082
005380,2020-11-05,0.6117,6.0,0.4183,0.2419,4.0,3.5,8.33,11.0,11.248145289840743,0.4692235350678263,0.041715636042826215,0.09227943645233236,1.5471131994584904,1.4184853866585874
005380,2020-11-06,0.278,6.0,0.4209,0.1409,8.0,3.5,8.33,11.0,10.95890726810198,0.45715778702322507,0.041715636042826215,0.09227943645233236,1.5471131994584904,1.4138060594902235
005380,2020-11-07,,,,,0.0,3.5,8.33,11.0,10.95890726810198,0.45715778702322507,0.041715636042826215,0.09227943645233236,1.5471131994584904,1.4138060594902235
005380,2020-11-08,-0.2851,6.0,0.8805,0.1764,7.0,3.5,8.33,11.0,10.95890726810198,0.45715778702322507,0.041715636042826215,0.09227943645233236,1.5471131994584904,1.4138060594902235
005380,2020-11-09,-0.331,6.0,0.4729,0.2034,6.0,3.5,8.33,11.0,11.087457499985874,0.4625203417097145,0.041715636042826215,0.09227943645233236,1.5471131994584904,1.4158857604539408
005380,2020-11-10,0.5426,8.0,0.4806,0.1701,11.0,3.5,8.33,11.0,11.151732615927822,0.46520161905295926,0.041715636042826215,0.09227943645233236,1.5471131994584904,1.4169256109357993
005380,2020-11-11,0.3336,5.0,0.4711,0.1618,3.0,3.5,8.33,11.0,11.280282847811716,0.4705641737394487,0.041715636042826215,0.09227943645233236,1.5471131994584904,1.4190053118995167
005380,2020-11-12,0.6223,7.0,0.4811,0.156,8.0,3.5,8.33,11.0,11.183870173898795,0.4665422577245816,0.041715636042826215,0.09227943645233236,1.5471131994584904,1.4174455361767286
005380,2020-11-13,-0.0046,4.0,0.6988,0.1058,4.0,3.5,8.33,11.0,11.40883307969561,0.47592672842593814,0.041715636042826215,0.09227943645233236,1.5471131994584904,1.4210850128632342
005380,2020-11-14,,,,,0.0,3.5,8.33,11.0,11.40883307969561,0.47592672842593814,0.041715636042826215,0.09227943645233236,1.5471131994584904,1.4210850128632342
005380,2020-11-15,0.2885,5.0,0.5059,0.2104,3.0,3.5,8.33,11.0,11.40883307969561,0.47592672842593814,0.041715636042826215,0.09227943645233236,1.5471131994584904,1.4210850128632342
005380,2020-11-16,0.027,4.0,0.028,0.1649,4.0,3.5,8.33,11.0,11.50524575360853,0.4799486444408052,0.041715636042826215,0.09227943645233236,1.5471131994584904,1.4226447885860223
005380,2020-11-17,0.29,6.0,0.4,0.192,7.0,3.5,8.33,11.0,11.730208659405346,0.4893331151421617,0.041715636042826215,0.09227943645233236,1.5471131994584904,1.4262842652725274
005380,2020-11-18,0.2689,6.0,0.6826,0.1513,7.0,3.5,8.33,11.0,11.537383311579504,0.4812892831124276,0.041715636042826215,0.09227943645233236,1.5471131994584904,1.4231647138269516
005380,2020-11-19,0.5291,8.0,0.4833,0.1659,11.0,3.5,8.33,11.0,11.569520869550479,0.48262992178404995,0.041715636042826215,0.09227943645233236,1.5471131994584904,1.4236846390678808
005380,2020-11-20,0.4472,6.0,0.4565,0.1551,6.0,3.5,8.33,11.0,11.376695521724637,0.47458608975431577,0.041715636042826215,0.09227943645233236,1.5471131994584904,1.4205650876223048
005380,2020-11-21,,,,,0.0,3.5,8.33,11.0,11.376695521724637,0.47458608975431577,0.041715636042826215,0.09227943645233236,1.5471131994584904,1.4205650876223048
005380,2020-11-22,0.0304,3.0,0.0,0.1957,1.0,3.5,8.33,11.0,11.376695521724637,0.47458608975431577,0.041715636042826215,0.09227943645233236,1.5471131994584904,1.4205650876223048
005380,2020-11-23,0.3406,7.0,0.6631,0.1521,9.0,3.5,8.33,11.0,11.50524575360853,0.4799486444408052,0.041715636042826215,0.09227943645233236,1.5471131994584904,1.4226447885860223
005380,2020-11-24,0.4991,5.0,0.4991,0.4279,4.0,3.5,8.33,11.0,11.633795985492425,0.48531119912729465,0.041715636042826215,0.09227943645233236,1.5471131994584904,1.4247244895497395
005380,2020-11-25,-0.2655,7.0,0.62,0.2211,11.0,3.5,8.33,11.0,11.537383311579504,0.4812892831124276,0.041715636042826215,0.09227943645233236,1.5471131994584904,1.4231647138269516
005380,2020-11-26,0.7057,7.0,0.411,0.1877,6.0,3.5,8.33,11.0,11.50524575360853,0.4799486444408052,0.041715636042826215,0.09227943645233236,1.5471131994584904,1.4226447885860223
005380,2020-11-27,0.3275,6.0,0.5318,0.17,8.0,3.5,8.33,11.0,11.633795985492425,0.48531119912729465,0.041715636042826215,0.09227943645233236,1.5471131994584904,1.4247244895497395
005380,2020-11-28,-0.9996,6.0,0.0,0.2326,1.0,3.5,8.33,11.0,11.633795985492425,0.48531119912729465,0.041715636042826215,0.09227943645233236,1.5471131994584904,1.4247244895497395
005380,2020-11-29,0.1672,6.0,0.3673,0.2541,6.0,3.5,8.33,11.0,11.633795985492425,0.48531119912729465,0.041715636042826215,0.09227943645233236,1.5471131994584904,1.4247244895497395
005380,2020-11-30,0.3928,5.0,0.4958,0.2402,5.0,3.5,8.33,11.0,11.665933543463398,0.486651837798917,0.041715636042826215,0.09227943645233236,1.5471131994584904,1.4252444147906689
005380,2020-12-01,-0.6637,7.0,0.4703,0.2289,6.0,3.5,8.33,12.0,11.794483775347292,0.49201439248540646,0.041715636042826215,0.09227943645233236,1.5471131994584904,1.4273241157543861
005380,2020-12-02,0.7501,6.0,0.4284,0.1153,4.0,3.5,8.33,12.0,11.730208659405346,0.4893331151421617,0.041715636042826215,0.09227943645233236,1.5471131994584904,1.4262842652725274
005380,2020-12-03,0.6658,6.0,0.4082,0.3197,4.0,3.5,8.33,12.0,12.630060282592606,0.5268709979475878,0.041715636042826215,0.09227943645233236,1.5471131994584904,1.4408421720185491
005380,2020-12-04,0.3817,5.0,0.4673,0.2041,5.0,3.5,8.33,12.0,12.630060282592606,0.5268709979475878,0.041715636042826215,0.09227943645233236,1.5471131994584904,1.4408421720185491
005380,2020-12-05,,,,,0.0,3.5,8.33,12.0,12.630060282592606,0.5268709979475878,0.041715636042826215,0.09227943645233236,1.5471131994584904,1.4408421720185491
005380,2020-12-06,0.019,4.0,0.8923,0.1774,5.0,3.5,8.33,12.0,12.630060282592606,0.5268709979475878,0.041715636042826215,0.09227943645233236,1.5471131994584904,1.4408421720185491
005380,2020-12-07,0.4018,6.0,0.4532,0.2502,7.0,3.5,8.33,12.0,12.437234934766764,0.5188271659178537,0.041715636042826215,0.09227943645233236,1.5471131994584904,1.437722620572973
005380,2020-12-08,0.8444,7.0,0.3096,0.1793,5.0,3.5,8.33,12.0,11.987309123173134,0.5000582245151406,0.041715636042826215,0.09227943645233236,1.5471131994584904,1.4304436671999623
005380,2020-12-09,0.5162,9.0,0.4864,0.1155,12.0,3.5,8.33,12.0,12.30868470288287,0.5134646112313642,0.041715636042826215,0.09227943645233236,1.5471131994584904,1.4356429196092555
005380,2020-12-10,0.6194,8.0,0.418,0.1619,10.0,3.5,8.33,12.0,12.30868470288287,0.5134646112313642,0.041715636042826215,0.09227943645233236,1.5471131994584904,1.4356429196092555
005380,2020-12-11,0.3285,8.0,0.4215,0.283,12.0,3.5,8.33,12.0,12.212272028969949,0.5094426952164971,0.041715636042826215,0.09227943645233236,1.5471131994584904,1.4340831438864676
005380,2020-12-12,0.0144,3.0,0.0262,0.708,2.0,3.5,8.33,12.0,12.212272028969949,0.5094426952164971,0.041715636042826215,0.09227943645233236,1.5471131994584904,1.4340831438864676
005380,2020-12-13,0.4503,5.0,0.4548,0.4259,4.0,3.5,8.33,12.0,12.212272028969949,0.5094426952164971,0.041715636042826215,0.09227943645233236,1.5471131994584904,1.4340831438864676
005380,2020-12-14,0.3934,7.0,0.456,0.195,9.0,3.5,8.33,12.0,12.147996913028,0.5067614178732525,0.041715636042826215,0.09227943645233236,1.5471131994584904,1.433043293404609
005380,2020-12-15,0.0586,7.0,0.1693,0.252,20.0,3.5,8.33,12.0,12.115859355057028,0.5054207792016301,0.041715636042826215,0.09227943645233236,1.5471131994584904,1.4325233681636798
005380,2020-12-16,0.3401,7.0,0.4467,0.2185,10.0,3.5,8.33,12.0,12.212272028969949,0.5094426952164971,0.041715636042826215,0.09227943645233236,1.5471131994584904,1.4340831438864676
005380,2020-12-17,-0.1741,6.0,0.6206,0.1784,7.0,3.5,8.33,12.0,12.244409586940922,0.5107833338881195,0.041715636042826215,0.09227943645233236,1.5471131994584904,1.434603069127397
005380,2020-12-18,0.2191,7.0,0.5941,0.1545,10.0,3.5,8.33,12.0,12.147996913028,0.5067614178732525,0.041715636042826215,0.09227943645233236,1.5471131994584904,1.433043293404609
005380,2020-12-19,0.9998,6.0,0.0,0.093,1.0,3.5,8.33,12.0,12.147996913028,0.5067614178732525,0.041715636042826215,0.09227943645233236,1.5471131994584904,1.433043293404609
005380,2020-12-20,0.2947,5.0,0.3969,0.1869,5.0,3.5,8.33,12.0,12.147996913028,0.5067614178732525,0.041715636042826215,0.09227943645233236,1.5471131994584904,1.433043293404609
005380,2020-12-21,0.4252,6.0,0.4606,0.1746,8.0,3.5,8.33,12.0,12.019446681144107,0.501398863186763,0.041715636042826215,0.09227943645233236,1.5471131994584904,1.4309635924408917
005380,2020-12-22,0.249,5.0,0.4291,0.207,4.0,3.5,8.33,12.0,11.826621333318267,0.49335503115702883,0.041715636042826215,0.09227943645233236,1.5471131994584904,1.4278440409953155
005380,2020-12-23,0.3341,7.0,0.8158,0.1802,9.0,3.5,8.33,12.0,11.890896449260213,0.4960363085002735,0.041715636042826215,0.09227943645233236,1.5471131994584904,1.4288838914771742
005380,2020-12-24,0.4992,5.0,0.4988,0.1613,4.0,3.5,8.33,12.0,12.019446681144107,0.501398863186763,0.041715636042826215,0.09227943645233236,1.5471131994584904,1.4309635924408917
005380,2020-12-25,0.9994,6.0,0.0,0.1373,1.0,3.5,8.33,12.0,12.019446681144107,0.501398863186763,0.041715636042826215,0.09227943645233236,1.5471131994584904,1.4309635924408917
005380,2020-12-26,0.0404,3.0,0.0,0.1429,1.0,3.5,8.33,12.0,12.019446681144107,0.501398863186763,0.041715636042826215,0.09227943645233236,1.5471131994584904,1.4309635924408917
005380,2020-12-27,,,,,0.0,3.5,8.33,12.0,12.019446681144107,0.501398863186763,0.041715636042826215,0.09227943645233236,1.5471131994584904,1.4309635924408917
005380,2020-12-28,-0.4998,4.0,0.4999,0.0962,2.0,3.5,8.33,12.0,12.180134470998976,0.5081020565448748,0.041715636042826215,0.09227943645233236,1.5471131994584904,1.4335632186455383
005380,2020-12-29,0.5261,6.0,0.4744,0.1991,4.0,3.5,8.33,12.0,12.244409586940922,0.5107833338881195,0.041715636042826215,0.09227943645233236,1.5471131994584904,1.434603069127397
005380,2020-12-30,0.0265,5.0,0.9273,0.2326,7.0,3.5,8.33,12.0,12.340822260853843,0.5148052499029866,0.041715636042826215,0.09227943645233236,1.5471131994584904,1.4361628448501849
005380,2020-12-31,0.6088,6.0,0.4337,0.1754,3.0,3.5,8.33,12.0,12.340822260853843,0.5148052499029866,0.041715636042826215,0.09227943645233236,1.5471131994584904,1.4361628448501849
005380,2021-01-01,0.1406,5.0,0.3063,0.1694,8.0,3.5,8.33,13.0,12.340822260853843,0.5148052499029866,0.041715636042826215,0.09227943645233236,1.5471131994584904,1.4361628448501849
005380,2021-01-02,,,,,0.0,3.5,8.33,13.0,12.340822260853843,0.5148052499029866,0.041715636042826215,0.09227943645233236,1.5471131994584904,1.4361628448501849
005380,2021-01-03,0.0074,4.0,0.8073,0.107,3.0,3.5,8.33,13.0,12.340822260853843,0.5148052499029866,0.041715636042826215,0.09227943645233236,1.5471131994584904,1.4361628448501849
005380,2021-01-04,0.0644,7.0,0.6822,0.2266,15.0,3.5,8.33,13.0,13.337086557954024,0.5563650487232797,0.041715636042826215,0.09227943645233236,1.5471131994584904,1.4522805273189945
005380,2021-01-05,0.8601,9.0,0.3114,0.2281,9.0,3.5,8.33,13.0,13.465636789837918,0.5617276034097692,0.041715636042826215,0.09227943645233236,1.5471131994584904,1.4543602282827117
005380,2021-01-06,0.7114,6.0,0.3879,0.2461,5.0,3.5,8.33,13.0,13.04784853621526,0.5442993006786785,0.041715636042826215,0.09227943645233236,1.5471131994584904,1.4476012001506304
005380,2021-01-07,0.6665,6.0,0.4713,0.208,3.0,3.5,8.33,13.0,13.240673884041103,0.5523431327084127,0.041715636042826215,0.09227943645233236,1.5471131994584904,1.4507207515962066
005380,2021-01-08,0.6442,9.0,0.5239,0.2659,24.0,3.5,7.33,13.0,15.811678521718987,0.6595942264382015,0.041715636042826215,0.09227943645233236,1.5471131994584904,1.4923147708705535
005380,2021-01-09,0.0001,3.0,0.0,0.3529,1.0,3.5,7.33,13.0,15.811678521718987,0.6595942264382015,0.041715636042826215,0.09227943645233236,1.5471131994584904,1.4923147708705535
005380,2021-01-10,0.332,6.0,0.744,0.204,6.0,3.5,7.33,13.0,15.811678521718987,0.6595942264382015,0.041715636042826215,0.09227943645233236,1.5471131994584904,1.4923147708705535
005380,2021-01-11,0.3144,8.0,0.7891,0.2369,24.0,3.5,7.33,13.0,17.193593514470848,0.7172416893179631,0.041715636042826215,0.09227943645233236,1.5471131994584904,1.5146715562305153
005380,2021-01-12,0.4067,8.0,0.7158,0.2076,14.0,3.5,7.33,13.0,16.77580526084819,0.6998133865868724,0.041715636042826215,0.09227943645233236,1.5471131994584904,1.5079125280984338
005380,2021-01-13,0.547,8.0,0.4268,0.1959,10.0,3.5,7.33,13.0,16.6472550289643,0.6944508319003829,0.041715636042826215,0.09227943645233236,1.5471131994584904,1.5058328271347166
005380,2021-01-14,0.4099,6.0,0.7289,0.2067,6.0,3.5,7.33,13.0,16.10091654345775,0.6716599744828028,0.041715636042826215,0.09227943645233236,1.5471131994584904,1.4969940980389178
005380,2021-01-15,0.3018,6.0,0.4962,0.1431,6.0,3.5,7.33,13.0,15.426027826067303,0.6435065623787333,0.041715636042826215,0.09227943645233236,1.5471131994584904,1.4860756679794016
005380,2021-01-16,0.9991,6.0,0.0,0.102,1.0,3.5,7.33,13.0,15.426027826067303,0.6435065623787333,0.041715636042826215,0.09227943645233236,1.5471131994584904,1.4860756679794016
005380,2021-01-17,0.5038,5.0,0.4955,0.1363,2.0,3.5,7.33,13.0,15.426027826067303,0.6435065623787333,0.041715636042826215,0.09227943645233236,1.5471131994584904,1.4860756679794016
005380,2021-01-18,0.6689,8.0,0.6636,0.207,9.0,3.5,7.33,13.0,15.49030294200925,0.6461878397219779,0.041715636042826215,0.09227943645233236,1.5471131994584904,1.4871155184612603
005380,2021-01-19,0.0958,5.0,0.8307,0.22,6.0,3.5,7.33,13.0,16.807942818819168,0.7011540252584948,0.041715636042826215,0.09227943645233236,1.5471131994584904,1.508432453339363
005380,2021-01-20,0.2295,8.0,0.67,0.1398,19.0,3.5,7.33,13.0,16.6472550289643,0.6944508319003829,0.041715636042826215,0.09227943645233236,1.5471131994584904,1.5058328271347166
005380,2021-01-21,0.4518,6.0,0.4297,0.1346,8.0,3.5,7.33,13.0,17.000768166645006,0.7091978572882289,0.041715636042826215,0.09227943645233236,1.5471131994584904,1.5115520047849391
005380,2021-01-22,0.7365,6.0,0.4559,0.2349,4.0,3.5,7.33,13.0,16.518704797080403,0.6890882772138935,0.041715636042826215,0.09227943645233236,1.5471131994584904,1.503753126170999
005380,2021-01-23,,,,,0.0,3.5,7.33,13.0,16.518704797080403,0.6890882772138935,0.041715636042826215,0.09227943645233236,1.5471131994584904,1.503753126170999
005380,2021-01-24,-0.1323,6.0,0.7812,0.178,10.0,3.5,7.33,13.0,16.518704797080403,0.6890882772138935,0.041715636042826215,0.09227943645233236,1.5471131994584904,1.503753126170999
005380,2021-01-25,0.3595,7.0,0.4397,0.1792,9.0,3.5,7.33,13.0,16.711530144906245,0.6971321092436277,0.041715636042826215,0.09227943645233236,1.5471131994584904,1.5068726776165753
005380,2021-01-26,0.5722,9.0,0.6338,0.2544,12.0,3.5,7.33,13.0,16.165191659399696,0.6743412518260475,0.041715636042826215,0.09227943645233236,1.5471131994584904,1.4980339485207765
005380,2021-01-27,0.0902,6.0,0.8707,0.2253,11.0,3.5,7.33,13.0,15.779540963748012,0.6582535877665792,0.041715636042826215,0.09227943645233236,1.5471131994584904,1.4917948456296242
005380,2021-01-28,0.2266,7.0,0.778,0.2031,9.0,3.5,7.33,13.0,15.329615152154384,0.6394846463638661,0.041715636042826215,0.09227943645233236,1.5471131994584904,1.4845158922566135
005380,2021-01-29,0.5822,7.0,0.4783,0.1663,7.0,3.5,8.33,13.0,14.719001550705885,0.6140125116030413,0.041715636042826215,0.09227943645233236,1.5471131994584904,1.474637312678956
005380,2021-01-30,-0.2627,4.0,0.0,0.2222,1.0,3.5,8.33,13.0,14.719001550705885,0.6140125116030413,0.041715636042826215,0.09227943645233236,1.5471131994584904,1.474637312678956
005380,2021-01-31,0.3177,4.0,0.0,0.2,1.0,3.5,8.33,13.0,14.719001550705885,0.6140125116030413,0.041715636042826215,0.09227943645233236,1.5471131994584904,1.474637312678956
005380,2021-02-01,0.2729,8.0,0.5539,0.2056,19.0,3.5,7.33,14.0,15.329615152154384,0.6394846463638661,0.041715636042826215,0.09227943645233236,1.5471131994584904,1.4845158922566135
005380,2021-02-02,0.363,8.0,0.6196,0.1685,17.0,3.5,7.33,14.0,15.458165384038278,0.6448472010503556,0.041715636042826215,0.09227943645233236,1.5471131994584904,1.486595593220331
005380,2021-02-03,0.7545,9.0,0.4024,0.2255,16.0,3.5,7.33,14.0,15.779540963748012,0.6582535877665792,0.041715636042826215,0.09227943645233236,1.5471131994584904,1.4917948456296242
005380,2021-02-04,0.4672,8.0,0.6067,0.2479,17.0,3.5,7.33,14.0,15.972366311573854,0.6662974197963134,0.041715636042826215,0.09227943645233236,1.5471131994584904,1.4949143970752004
005380,2021-02-05,-0.1139,5.0,0.2827,0.2762,7.0,3.5,7.33,14.0,16.0366414275158,0.668978697139558,0.041715636042826215,0.09227943645233236,1.5471131994584904,1.495954247557059
005380,2021-02-06,-0.4253,6.0,0.8257,0.1955,7.0,3.5,7.33,14.0,16.0366414275158,0.668978697139558,0.041715636042826215,0.09227943645233236,1.5471131994584904,1.495954247557059
005380,2021-02-07,-0.6446,6.0,0.3411,0.2617,3.0,3.5,7.33,14.0,16.0366414275158,0.668978697139558,0.041715636042826215,0.09227943645233236,1.5471131994584904,1.495954247557059
005380,2021-02-08,-0.7291,9.0,0.4116,0.3196,23.0,3.5,7.33,14.0,15.04037713041562,0.6274188983192649,0.041715636042826215,0.09227943645233236,1.5471131994584904,1.4798365650882495
005380,2021-02-09,-0.3364,7.0,0.7497,0.3197,11.0,3.5,7.33,14.0,15.201064920270488,0.6341220916773768,0.041715636042826215,0.09227943645233236,1.5471131994584904,1.482436191292896
005380,2021-02-10,0.1054,6.0,0.805,0.1959,9.0,3.5,7.33,14.0,15.747403405777039,0.6569129490949569,0.041715636042826215,0.09227943645233236,1.5471131994584904,1.4912749203886948
005380,2021-02-11,0.0394,4.0,0.0797,0.2042,5.0,3.5,7.33,14.0,15.747403405777039,0.6569129490949569,0.041715636042826215,0.09227943645233236,1.5471131994584904,1.4912749203886948
005380,2021-02-12,,,,,0.0,3.5,7.33,14.0,15.747403405777039,0.6569129490949569,0.041715636042826215,0.09227943645233236,1.5471131994584904,1.4912749203886948
005380,2021-02-13,-0.5418,5.0,0.4497,0.2715,2.0,3.5,7.33,14.0,15.747403405777039,0.6569129490949569,0.041715636042826215,0.09227943645233236,1.5471131994584904,1.4912749203886948
005380,2021-02-14,0.0095,3.0,0.0057,0.1977,2.0,3.5,7.33,14.0,15.747403405777039,0.6569129490949569,0.041715636042826215,0.09227943645233236,1.5471131994584904,1.4912749203886948
005380,2021-02-15,0.4761,6.0,0.7466,0.1549,6.0,3.5,7.33,14.0,15.908091195631906,0.6636161424530687,0.041715636042826215,0.09227943645233236,1.5471131994584904,1.4938745465933416
005380,2021-02-16,0.1049,6.0,0.8232,0.1634,10.0,3.5,7.33,14.0,15.908091195631906,0.6636161424530687,0.041715636042826215,0.09227943645233236,1.5471131994584904,1.4938745465933416
005380,2021-02-17,0.036,7.0,0.7466,0.2358,13.0,3.5,7.33,14.0,15.650990731864118,0.6528910330800898,0.041715636042826215,0.09227943645233236,1.5471131994584904,1.489715144665907
005380,2021-02-18,0.0681,7.0,0.5707,0.2232,15.0,3.5,7.33,14.0,15.136789804328542,0.631440814334132,0.041715636042826215,0.09227943645233236,1.5471131994584904,1.4813963408110373
005380,2021-02-19,0.1801,7.0,0.5728,0.3033,11.0,3.5,7.33,14.0,15.554578057951197,0.6488691170652227,0.041715636042826215,0.09227943645233236,1.5471131994584904,1.488155368943119
005380,2021-02-20,-0.2724,5.0,0.2806,0.4152,3.0,3.5,7.33,14.0,15.554578057951197,0.6488691170652227,0.041715636042826215,0.09227943645233236,1.5471131994584904,1.488155368943119
005380,2021-02-21,0.0177,4.0,0.6817,0.2219,4.0,3.5,7.33,14.0,15.554578057951197,0.6488691170652227,0.041715636042826215,0.09227943645233236,1.5471131994584904,1.488155368943119
005380,2021-02-22,0.1642,6.0,0.5994,0.1834,11.0,3.5,7.33,14.0,15.522440499980224,0.6475284783936003,0.041715636042826215,0.09227943645233236,1.5471131994584904,1.4876354437021897
005380,2021-02-23,0.4063,8.0,0.5632,0.1797,20.0,3.5,7.33,14.0,15.715265847806066,0.6555723104233345,0.041715636042826215,0.09227943645233236,1.5471131994584904,1.4907549951477654
005380,2021-02-24,-0.5338,9.0,0.6438,0.2402,16.0,3.5,7.33,14.0,15.104652246357569,0.6301001756625096,0.041715636042826215,0.09227943645233236,1.5471131994584904,1.4808764155701082
005380,2021-02-25,0.0567,7.0,0.7751,0.2478,15.0,3.5,7.33,14.0,15.747403405777039,0.6569129490949569,0.041715636042826215,0.09227943645233236,1.5471131994584904,1.4912749203886948
005380,2021-02-26,0.3635,7.0,0.8811,0.3871,11.0,3.5,7.33,14.0,15.233202478241463,0.635462730348999,0.041715636042826215,0.09227943645233236,1.5471131994584904,1.4829561165338254
005380,2021-02-27,-0.4744,5.0,0.7412,0.4233,3.0,3.5,7.33,14.0,15.233202478241463,0.635462730348999,0.041715636042826215,0.09227943645233236,1.5471131994584904,1.4829561165338254
005380,2021-02-28,0.5986,6.0,0.7985,0.3532,5.0,3.5,7.33,14.0,15.233202478241463,0.635462730348999,0.041715636042826215,0.09227943645233236,1.5471131994584904,1.4829561165338254
005380,2021-03-01,-0.0708,7.0,0.2807,0.187,14.0,3.5,7.33,15.0,15.233202478241463,0.635462730348999,0.041715636042826215,0.09227943645233236,1.5471131994584904,1.4829561165338254
005380,2021-03-02,0.5487,9.0,0.5353,0.2531,20.0,3.5,7.33,15.0,15.361752710125357,0.6408252850354885,0.041715636042826215,0.09227943645233236,1.5471131994584904,1.4850358174975429
005380,2021-03-03,0.3232,8.0,0.6853,0.3312,15.0,3.5,7.33,15.0,15.426027826067303,0.6435065623787333,0.041715636042826215,0.09227943645233236,1.5471131994584904,1.4860756679794016
005380,2021-03-04,-0.4164,8.0,0.759,0.2529,12.0,3.5,7.33,15.0,15.104652246357569,0.6301001756625096,0.041715636042826215,0.09227943645233236,1.5471131994584904,1.4808764155701082
005380,2021-03-05,-0.0697,6.0,0.7758,0.2863,11.0,3.5,7.33,15.0,15.104652246357569,0.6301001756625096,0.041715636042826215,0.09227943645233236,1.5471131994584904,1.4808764155701082
005380,2021-03-06,,,,,0.0,3.5,7.33,15.0,15.104652246357569,0.6301001756625096,0.041715636042826215,0.09227943645233236,1.5471131994584904,1.4808764155701082
005380,2021-03-07,0.4957,4.0,0.4958,0.1367,2.0,3.5,7.33,15.0,15.104652246357569,0.6301001756625096,0.041715636042826215,0.09227943645233236,1.5471131994584904,1.4808764155701082
005380,2021-03-08,0.0508,6.0,0.7054,0.1859,10.0,3.5,8.33,15.0,14.815414224618806,0.6180344276179084,0.041715636042826215,0.09227943645233236,1.5471131994584904,1.4761970884017441
005380,2021-03-09,0.836,7.0,0.2393,0.168,4.0,3.5,8.33,15.0,14.879689340560754,0.6207157049611531,0.041715636042826215,0.09227943645233236,1.5471131994584904,1.4772369388836029
005380,2021-03-10,0.5433,9.0,0.7911,0.234,12.0,3.5,8.33,15.0,14.622588876792964,0.6099905955881743,0.041715636042826215,0.09227943645233236,1.5471131994584904,1.473077536956168
005380,2021-03-11,0.3321,8.0,0.7351,0.1973,13.0,3.5,8.33,15.0,14.686863992734912,0.6126718729314189,0.041715636042826215,0.09227943645233236,1.5471131994584904,1.4741173874380267
005380,2021-03-12,0.3328,6.0,0.4707,0.3267,6.0,3.5,8.33,15.0,14.9439644565027,0.6233969823043978,0.041715636042826215,0.09227943645233236,1.5471131994584904,1.4782767893654616
005380,2021-03-13,0.2045,5.0,0.2597,0.1068,3.0,3.5,8.33,15.0,14.9439644565027,0.6233969823043978,0.041715636042826215,0.09227943645233236,1.5471131994584904,1.4782767893654616
005380,2021-03-14,,,,,0.0,3.5,8.33,15.0,14.9439644565027,0.6233969823043978,0.041715636042826215,0.09227943645233236,1.5471131994584904,1.4782767893654616
005380,2021-03-15,0.3552,5.0,0.6751,0.1812,4.0,3.5,8.33,15.0,14.911826898531727,0.6220563436327755,0.041715636042826215,0.09227943645233236,1.5471131994584904,1.4777568641245322
005380,2021-03-16,0.0668,5.0,0.3887,0.1699,8.0,3.5,7.33,15.0,15.04037713041562,0.6274188983192649,0.041715636042826215,0.09227943645233236,1.5471131994584904,1.4798365650882495
005380,2021-03-17,-0.0046,4.0,0.8877,0.297,5.0,3.5,8.33,15.0,14.911826898531727,0.6220563436327755,0.041715636042826215,0.09227943645233236,1.5471131994584904,1.4777568641245322
005380,2021-03-18,0.3252,7.0,0.5711,0.1811,11.0,3.5,7.33,15.0,15.04037713041562,0.6274188983192649,0.041715636042826215,0.09227943645233236,1.5471131994584904,1.4798365650882495
005380,2021-03-19,0.5455,8.0,0.6521,0.169,11.0,3.5,8.33,15.0,14.75113910867686,0.6153531502746636,0.041715636042826215,0.09227943645233236,1.5471131994584904,1.4751572379198854
005380,2021-03-20,0.6138,5.0,0.0,0.2444,1.0,3.5,8.33,15.0,14.75113910867686,0.6153531502746636,0.041715636042826215,0.09227943645233236,1.5471131994584904,1.4751572379198854
005380,2021-03-21,0.269,5.0,0.4231,0.1976,4.0,3.5,8.33,15.0,14.75113910867686,0.6153531502746636,0.041715636042826215,0.09227943645233236,1.5471131994584904,1.4751572379198854
005380,2021-03-22,0.1755,8.0,0.7732,0.245,17.0,3.5,8.33,15.0,14.719001550705885,0.6140125116030413,0.041715636042826215,0.09227943645233236,1.5471131994584904,1.474637312678956
005380,2021-03-23,0.141,7.0,0.7038,0.2962,14.0,3.5,8.33,15.0,14.558313760851018,0.6073093182449295,0.041715636042826215,0.09227943645233236,1.5471131994584904,1.4720376864743092
005380,2021-03-24,0.0702,7.0,0.8703,0.1668,14.0,3.5,8.33,15.0,14.204800623170309,0.5925622928570835,0.041715636042826215,0.09227943645233236,1.5471131994584904,1.4663185088240867
005380,2021-03-25,0.4522,6.0,0.4592,0.2102,6.0,3.5,8.33,15.0,14.011975275344467,0.5845184608273494,0.041715636042826215,0.09227943645233236,1.5471131994584904,1.4631989573785105
005380,2021-03-26,0.6006,8.0,0.6134,0.1901,9.0,3.5,8.33,15.0,13.8512874854896,0.5778152674692375,0.041715636042826215,0.09227943645233236,1.5471131994584904,1.460599331173864
005380,2021-03-27,,,,,0.0,3.5,8.33,15.0,13.8512874854896,0.5778152674692375,0.041715636042826215,0.09227943645233236,1.5471131994584904,1.460599331173864
005380,2021-03-28,0.0001,4.0,0.0001,0.1754,3.0,3.5,8.33,15.0,13.8512874854896,0.5778152674692375,0.041715636042826215,0.09227943645233236,1.5471131994584904,1.460599331173864
005380,2021-03-29,0.0196,6.0,0.6382,0.2158,9.0,3.5,8.33,15.0,13.8512874854896,0.5778152674692375,0.041715636042826215,0.09227943645233236,1.5471131994584904,1.460599331173864
005380,2021-03-30,0.0684,7.0,0.8179,0.282,13.0,3.5,8.33,15.0,14.108387949257388,0.5885403768422165,0.041715636042826215,0.09227943645233236,1.5471131994584904,1.4647587331012986
005380,2021-03-31,0.385,6.0,0.6989,0.2479,7.0,3.5,8.33,15.0,14.011975275344467,0.5845184608273494,0.041715636042826215,0.09227943645233236,1.5471131994584904,1.4631989573785105
005380,2021-04-01,0.4141,8.0,0.6785,0.2259,15.0,3.5,6.5,4.0,23.299930297580786,0.5873903718278665,0.025209962619023574,-0.016537873971754807,1.7422262515134403,1.3365398590122082
005380,2021-04-02,0.4892,8.0,0.6098,0.2851,18.0,3.5,6.5,4.0,24.842619746507367,0.6262815151680677,0.025209962619023574,-0.016537873971754807,1.7422262515134403,1.3499334615846927
005380,2021-04-03,0.248,4.0,0.2478,0.3667,2.0,3.5,6.5,4.0,24.842619746507367,0.6262815151680677,0.025209962619023574,-0.016537873971754807,1.7422262515134403,1.3499334615846927
005380,2021-04-04,-0.1447,3.0,0.0,0.383,1.0,3.5,6.5,4.0,24.842619746507367,0.6262815151680677,0.025209962619023574,-0.016537873971754807,1.7422262515134403,1.3499334615846927
005380,2021-04-05,-0.1401,5.0,0.7991,0.1824,7.0,3.5,6.5,4.0,24.895815934401387,0.6276225890763505,0.025209962619023574,-0.016537873971754807,1.7422262515134403,1.3503953099492612
005380,2021-04-06,0.013,5.0,0.5192,0.2567,6.0,3.5,6.5,4.0,24.47024643124923,0.6168939978100881,0.025209962619023574,-0.016537873971754807,1.7422262515134403,1.3467005230327138
005380,2021-04-07,-0.3113,5.0,0.4876,0.2744,3.0,3.5,6.5,4.0,24.47024643124923,0.6168939978100881,0.025209962619023574,-0.016537873971754807,1.7422262515134403,1.3467005230327138
005380,2021-04-08,0.1363,5.0,0.6297,0.2096,7.0,3.5,6.5,4.0,24.629834994931286,0.6209172195349365,0.025209962619023574,-0.016537873971754807,1.7422262515134403,1.348086068126419
005380,2021-04-09,-0.4411,6.0,0.5722,0.2426,6.0,3.5,6.5,4.0,24.31065786756717,0.6128707760852398,0.025209962619023574,-0.016537873971754807,1.7422262515134403,1.3453149779390086
005380,2021-04-10,-0.9989,6.0,0.0,0.7551,1.0,3.5,6.5,4.0,24.31065786756717,0.6128707760852398,0.025209962619023574,-0.016537873971754807,1.7422262515134403,1.3453149779390086
005380,2021-04-11,-0.5517,6.0,0.4501,0.1615,4.0,3.5,6.5,4.0,24.31065786756717,0.6128707760852398,0.025209962619023574,-0.016537873971754807,1.7422262515134403,1.3453149779390086
005380,2021-04-12,0.1536,7.0,0.4823,0.1867,16.0,3.5,6.5,4.0,24.04467692809707,0.6061654065438257,0.025209962619023574,-0.016537873971754807,1.7422262515134403,1.3430057361161662
005380,2021-04-13,0.5205,9.0,0.5478,0.228,14.0,3.5,6.5,4.0,24.47024643124923,0.6168939978100881,0.025209962619023574,-0.016537873971754807,1.7422262515134403,1.3467005230327138
005380,2021-04-14,0.2529,8.0,0.5532,0.2234,13.0,3.5,6.5,4.0,24.736227370719327,0.6235993673515021,0.025209962619023574,-0.016537873971754807,1.7422262515134403,1.349009764855556
005380,2021-04-15,0.6573,9.0,0.5434,0.2002,15.0,3.5,6.5,4.0,24.52344261914325,0.6182350717183709,0.025209962619023574,-0.016537873971754807,1.7422262515134403,1.3471623713972822
005380,2021-04-16,0.3484,8.0,0.6724,0.2737,19.0,3.5,6.5,4.0,24.629834994931286,0.6209172195349365,0.025209962619023574,-0.016537873971754807,1.7422262515134403,1.348086068126419
005380,2021-04-17,,,,,0.0,3.5,6.5,4.0,24.629834994931286,0.6209172195349365,0.025209962619023574,-0.016537873971754807,1.7422262515134403,1.348086068126419
005380,2021-04-18,0.3111,5.0,0.7386,0.1398,4.0,3.5,6.5,4.0,24.629834994931286,0.6209172195349365,0.025209962619023574,-0.016537873971754807,1.7422262515134403,1.348086068126419
005380,2021-04-19,0.5285,8.0,0.4641,0.1872,9.0,3.5,6.5,4.0,24.47024643124923,0.6168939978100881,0.025209962619023574,-0.016537873971754807,1.7422262515134403,1.3467005230327138
005380,2021-04-20,0.4759,7.0,0.632,0.3028,11.0,3.5,6.5,4.0,24.36385405546119,0.6142118499935225,0.025209962619023574,-0.016537873971754807,1.7422262515134403,1.345776826303577
005380,2021-04-21,0.3061,8.0,0.674,0.1997,16.0,3.5,6.5,4.0,23.99148074020305,0.6048243326355429,0.025209962619023574,-0.016537873971754807,1.7422262515134403,1.3425438877515978
005380,2021-04-22,0.6074,9.0,0.6407,0.2318,20.0,3.5,6.5,4.0,24.04467692809707,0.6061654065438257,0.025209962619023574,-0.016537873971754807,1.7422262515134403,1.3430057361161662
005380,2021-04-23,0.0686,7.0,0.4774,0.2807,12.0,3.5,6.5,4.0,23.512715049156867,0.5927546674609977,0.025209962619023574,-0.016537873971754807,1.7422262515134403,1.3383872524704818
005380,2021-04-24,0.0171,3.0,0.0,0.1489,1.0,3.5,6.5,4.0,23.512715049156867,0.5927546674609977,0.025209962619023574,-0.016537873971754807,1.7422262515134403,1.3383872524704818
005380,2021-04-25,0.1751,5.0,0.7164,0.1328,5.0,3.5,6.5,4.0,23.512715049156867,0.5927546674609977,0.025209962619023574,-0.016537873971754807,1.7422262515134403,1.3383872524704818
005380,2021-04-26,0.3446,8.0,0.5777,0.2128,13.0,3.5,6.5,4.0,23.565911237050887,0.5940957413692806,0.025209962619023574,-0.016537873971754807,1.7422262515134403,1.3388491008350503
005380,2021-04-27,0.5187,8.0,0.4546,0.2262,10.0,3.5,6.5,4.0,23.406322673368827,0.5900725196444321,0.025209962619023574,-0.016537873971754807,1.7422262515134403,1.337463555741345
005380,2021-04-28,0.2962,6.0,0.4568,0.1458,7.0,3.5,6.5,4.0,23.565911237050887,0.5940957413692806,0.025209962619023574,-0.016537873971754807,1.7422262515134403,1.3388491008350503
005380,2021-04-29,0.0472,7.0,0.6656,0.134,15.0,3.5,6.5,4.0,23.140341733898726,0.5833671501030181,0.025209962619023574,-0.016537873971754807,1.7422262515134403,1.335154313918503
005380,2021-04-30,0.0272,4.0,0.6653,0.4871,4.0,3.5,6.5,4.0,22.555183667064505,0.5686153371119074,0.025209962619023574,-0.016537873971754807,1.7422262515134403,1.3300739819082499
005380,2021-05-01,,,,,0.0,3.5,6.5,5.0,22.555183667064505,0.5686153371119074,0.025209962619023574,-0.016537873971754807,1.7422262515134403,1.3300739819082499
005380,2021-05-02,0.0,3.0,0.0,0.0611,2.0,3.5,6.5,5.0,22.555183667064505,0.5686153371119074,0.025209962619023574,-0.016537873971754807,1.7422262515134403,1.3300739819082499
005380,2021-05-03,-0.0789,7.0,0.7231,0.1691,12.0,3.5,6.5,5.0,23.193537921792746,0.584708224011301,0.025209962619023574,-0.016537873971754807,1.7422262515134403,1.3356161622830713
005380,2021-05-04,0.5078,7.0,0.4916,0.269,8.0,3.5,6.5,5.0,23.778695988626968,0.5994600370024117,0.025209962619023574,-0.016537873971754807,1.7422262515134403,1.340696494293324
005380,2021-05-05,0.2217,5.0,0.7404,0.247,5.0,3.5,6.5,5.0,23.778695988626968,0.5994600370024117,0.025209962619023574,-0.016537873971754807,1.7422262515134403,1.340696494293324
005380,2021-05-06,0.3734,7.0,0.6454,0.2307,9.0,3.5,6.5,5.0,23.778695988626968,0.5994600370024117,0.025209962619023574,-0.016537873971754807,1.7422262515134403,1.340696494293324
005380,2021-05-07,0.2397,7.0,0.4815,0.1968,11.0,3.5,6.5,5.0,23.831892176520988,0.6008011109106945,0.025209962619023574,-0.016537873971754807,1.7422262515134403,1.3411583426578924
005380,2021-05-08,0.1587,3.0,0.0,0.08,1.0,3.5,6.5,5.0,23.831892176520988,0.6008011109106945,0.025209962619023574,-0.016537873971754807,1.7422262515134403,1.3411583426578924
005380,2021-05-09,-0.0063,4.0,0.808,0.2073,3.0,3.5,6.5,5.0,23.831892176520988,0.6008011109106945,0.025209962619023574,-0.016537873971754807,1.7422262515134403,1.3411583426578924
005380,2021-05-10,0.1601,5.0,0.6795,0.1923,6.0,3.5,6.5,5.0,24.41705024335521,0.6155529239018053,0.025209962619023574,-0.016537873971754807,1.7422262515134403,1.3462386746681454
005380,2021-05-11,0.7497,6.0,0.4327,0.1146,4.0,3.5,6.5,5.0,24.09787311599109,0.6075064804521085,0.025209962619023574,-0.016537873971754807,1.7422262515134403,1.3434675844807347
005380,2021-05-12,0.5104,6.0,0.4887,0.2009,4.0,3.5,6.5,5.0,24.20426549177913,0.6101886282686741,0.025209962619023574,-0.016537873971754807,1.7422262515134403,1.3443912812098717
005380,2021-05-13,0.5393,8.0,0.6509,0.242,11.0,3.5,6.5,5.0,24.41705024335521,0.6155529239018053,0.025209962619023574,-0.016537873971754807,1.7422262515134403,1.3462386746681454
005380,2021-05-14,0.2561,8.0,0.6691,0.3327,15.0,3.5,6.5,5.0,24.36385405546119,0.6142118499935225,0.025209962619023574,-0.016537873971754807,1.7422262515134403,1.345776826303577
005380,2021-05-15,0.5065,5.0,0.4934,0.5113,2.0,3.5,6.5,5.0,24.36385405546119,0.6142118499935225,0.025209962619023574,-0.016537873971754807,1.7422262515134403,1.345776826303577
005380,2021-05-16,0.5786,6.0,0.4347,0.2445,4.0,3.5,6.5,5.0,24.36385405546119,0.6142118499935225,0.025209962619023574,-0.016537873971754807,1.7422262515134403,1.345776826303577
005380,2021-05-17,0.0166,4.0,0.6065,0.188,5.0,3.5,6.5,5.0,24.15106930388511,0.6088475543603913,0.025209962619023574,-0.016537873971754807,1.7422262515134403,1.3439294328453033
005380,2021-05-18,0.6991,6.0,0.3851,0.1786,5.0,3.5,6.5,5.0,24.57663880703727,0.6195761456266538,0.025209962619023574,-0.016537873971754807,1.7422262515134403,1.3476242197618507
005380,2021-05-19,,,,,0.0,3.5,6.5,5.0,24.57663880703727,0.6195761456266538,0.025209962619023574,-0.016537873971754807,1.7422262515134403,1.3476242197618507
005380,2021-05-20,0.5729,7.0,0.7248,0.198,7.0,3.5,6.5,5.0,23.885088364415008,0.6021421848189773,0.025209962619023574,-0.016537873971754807,1.7422262515134403,1.3416201910224608
005380,2021-05-21,0.571,7.0,0.728,0.1882,7.0,3.5,6.5,5.0,24.20426549177913,0.6101886282686741,0.025209962619023574,-0.016537873971754807,1.7422262515134403,1.3443912812098717
005380,2021-05-22,0.3657,4.0,0.0,0.2353,1.0,3.5,6.5,5.0,24.20426549177913,0.6101886282686741,0.025209962619023574,-0.016537873971754807,1.7422262515134403,1.3443912812098717
005380,2021-05-23,0.0003,4.0,0.0002,0.3493,3.0,3.5,6.5,5.0,24.20426549177913,0.6101886282686741,0.025209962619023574,-0.016537873971754807,1.7422262515134403,1.3443912812098717
005380,2021-05-24,0.1286,6.0,0.5637,0.1782,9.0,3.5,6.5,5.0,24.25746167967315,0.6115297021769569,0.025209962619023574,-0.016537873971754807,1.7422262515134403,1.3448531295744401
005380,2021-05-25,0.3411,8.0,0.7333,0.2138,13.0,3.5,6.5,5.0,24.20426549177913,0.6101886282686741,0.025209962619023574,-0.016537873971754807,1.7422262515134403,1.3443912812098717
005380,2021-05-26,0.6023,6.0,0.3921,0.1623,3.0,3.5,6.5,5.0,23.778695988626968,0.5994600370024117,0.025209962619023574,-0.016537873971754807,1.7422262515134403,1.340696494293324
005380,2021-05-27,0.4663,8.0,0.5959,0.1552,13.0,3.5,6.5,5.0,23.459518861262847,0.591413593552715,0.025209962619023574,-0.016537873971754807,1.7422262515134403,1.3379254041059134
005380,2021-05-28,0.0227,6.0,0.8051,0.1974,9.0,3.5,6.5,5.0,24.683031182825307,0.6222582934432194,0.025209962619023574,-0.016537873971754807,1.7422262515134403,1.3485479164909875
005380,2021-05-29,,,,,0.0,3.5,6.5,5.0,24.683031182825307,0.6222582934432194,0.025209962619023574,-0.016537873971754807,1.7422262515134403,1.3485479164909875
005380,2021-05-30,0.6006,6.0,0.4322,0.1334,3.0,3.5,6.5,5.0,24.683031182825307,0.6222582934432194,0.025209962619023574,-0.016537873971754807,1.7422262515134403,1.3485479164909875
005380,2021-05-31,-0.0901,5.0,0.5445,0.2484,7.0,3.5,6.5,5.0,25.002208310189427,0.6303047368929161,0.025209962619023574,-0.016537873971754807,1.7422262515134403,1.351319006678398
005380,2021-06-01,0.6145,9.0,0.4836,0.2683,13.0,3.5,6.5,6.0,25.214993061765508,0.6356690325260473,0.025209962619023574,-0.016537873971754807,1.7422262515134403,1.3531664001366719
005380,2021-06-02,-0.0684,7.0,0.4496,0.1962,14.0,3.5,6.5,6.0,25.32138543755355,0.638351180342613,0.025209962619023574,-0.016537873971754807,1.7422262515134403,1.3540900968658087
005380,2021-06-03,0.4969,7.0,0.6669,0.2234,10.0,3.5,6.5,6.0,25.37458162544757,0.6396922542508957,0.025209962619023574,-0.016537873971754807,1.7422262515134403,1.3545519452303771
005380,2021-06-04,0.1333,5.0,0.884,0.2763,6.0,3.5,6.5,6.0,25.69375875281169,0.6477386977005926,0.025209962619023574,-0.016537873971754807,1.7422262515134403,1.3573230354177879
005380,2021-06-05,0.4999,4.0,0.4999,0.135,2.0,3.5,6.5,6.0,25.69375875281169,0.6477386977005926,0.025209962619023574,-0.016537873971754807,1.7422262515134403,1.3573230354177879
005380,2021-06-06,0.0581,3.0,0.0593,0.2522,2.0,3.5,6.5,6.0,25.69375875281169,0.6477386977005926,0.025209962619023574,-0.016537873971754807,1.7422262515134403,1.3573230354177879
005380,2021-06-07,0.2812,6.0,0.3688,0.1152,8.0,3.5,6.5,6.0,25.69375875281169,0.6477386977005926,0.025209962619023574,-0.016537873971754807,1.7422262515134403,1.3573230354177879
005380,2021-06-08,0.6534,7.0,0.4623,0.179,6.0,3.5,6.5,6.0,25.90654350438777,0.6531029933337237,0.025209962619023574,-0.016537873971754807,1.7422262515134403,1.3591704288760615
005380,2021-06-09,0.2969,5.0,0.5876,0.2647,5.0,3.5,6.5,6.0,25.48097400123561,0.6423744020674613,0.025209962619023574,-0.016537873971754807,1.7422262515134403,1.3554756419595142
005380,2021-06-10,0.2797,8.0,0.5039,0.2455,29.0,3.5,6.5,6.0,25.108600685977468,0.6329868847094817,0.025209962619023574,-0.016537873971754807,1.7422262515134403,1.3522427034075348
005380,2021-06-11,0.4237,7.0,0.469,0.2355,10.0,3.5,6.5,6.0,25.37458162544757,0.6396922542508957,0.025209962619023574,-0.016537873971754807,1.7422262515134403,1.3545519452303771
005380,2021-06-12,0.0111,3.0,0.0,0.2083,1.0,3.5,6.5,6.0,25.37458162544757,0.6396922542508957,0.025209962619023574,-0.016537873971754807,1.7422262515134403,1.3545519452303771
005380,2021-06-13,0.4995,4.0,0.4985,0.2614,2.0,3.5,6.5,6.0,25.37458162544757,0.6396922542508957,0.025209962619023574,-0.016537873971754807,1.7422262515134403,1.3545519452303771
005380,2021-06-14,0.0038,5.0,0.5772,0.1769,6.0,3.5,6.5,6.0,25.32138543755355,0.638351180342613,0.025209962619023574,-0.016537873971754807,1.7422262515134403,1.3540900968658087
005380,2021-06-15,0.9998,6.0,0.0001,0.1786,2.0,3.5,6.5,6.0,25.214993061765508,0.6356690325260473,0.025209962619023574,-0.016537873971754807,1.7422262515134403,1.3531664001366719
005380,2021-06-16,0.5987,6.0,0.4884,0.1457,5.0,3.5,6.5,6.0,25.48097400123561,0.6423744020674613,0.025209962619023574,-0.016537873971754807,1.7422262515134403,1.3554756419595142
005380,2021-06-17,0.2102,5.0,0.395,0.1507,5.0,3.5,6.5,6.0,25.161796873871488,0.6343279586177645,0.025209962619023574,-0.016537873971754807,1.7422262515134403,1.3527045517721032
005380,2021-06-18,0.2061,5.0,0.7387,0.1517,5.0,3.5,6.5,6.0,25.002208310189427,0.6303047368929161,0.025209962619023574,-0.016537873971754807,1.7422262515134403,1.351319006678398
005380,2021-06-19,-0.4987,4.0,0.501,0.2547,2.0,3.5,6.5,6.0,25.002208310189427,0.6303047368929161,0.025209962619023574,-0.016537873971754807,1.7422262515134403,1.351319006678398
005380,2021-06-20,0.9998,6.0,0.0,0.2041,1.0,3.5,6.5,6.0,25.002208310189427,0.6303047368929161,0.025209962619023574,-0.016537873971754807,1.7422262515134403,1.351319006678398
005380,2021-06-21,0.7895,8.0,0.3627,0.1872,9.0,3.5,6.5,6.0,24.789423558613347,0.6249404412597849,0.025209962619023574,-0.016537873971754807,1.7422262515134403,1.3494716132201243
005380,2021-06-22,0.5601,8.0,0.4916,0.1925,9.0,3.5,6.5,6.0,25.64056256491767,0.6463976237923097,0.025209962619023574,-0.016537873971754807,1.7422262515134403,1.3568611870532195
005380,2021-06-23,0.4258,5.0,0.4214,0.1603,3.0,3.5,6.5,6.0,25.80015112859973,0.6504208455171582,0.025209962619023574,-0.016537873971754807,1.7422262515134403,1.3582467321469247
005380,2021-06-24,-0.0113,6.0,0.6315,0.145,10.0,3.5,6.5,6.0,25.80015112859973,0.6504208455171582,0.025209962619023574,-0.016537873971754807,1.7422262515134403,1.3582467321469247
005380,2021-06-25,0.2152,7.0,0.3534,0.2116,11.0,3.5,6.5,6.0,25.85334731649375,0.6517619194254409,0.025209962619023574,-0.016537873971754807,1.7422262515134403,1.3587085805114931
005380,2021-06-26,-0.0126,3.0,0.0,0.234,1.0,3.5,6.5,6.0,25.85334731649375,0.6517619194254409,0.025209962619023574,-0.016537873971754807,1.7422262515134403,1.3587085805114931
005380,2021-06-27,-0.4628,4.0,0.462,0.4501,2.0,3.5,6.5,6.0,25.85334731649375,0.6517619194254409,0.025209962619023574,-0.016537873971754807,1.7422262515134403,1.3587085805114931
005380,2021-06-28,-0.9948,6.0,0.0,0.1915,1.0,3.5,6.5,6.0,25.64056256491767,0.6463976237923097,0.025209962619023574,-0.016537873971754807,1.7422262515134403,1.3568611870532195
005380,2021-06-29,0.1001,5.0,0.3535,0.1573,7.0,3.5,6.5,6.0,25.48097400123561,0.6423744020674613,0.025209962619023574,-0.016537873971754807,1.7422262515134403,1.3554756419595142
005380,2021-06-30,-0.1108,7.0,0.7111,0.1428,12.0,3.5,6.5,6.0,25.48097400123561,0.6423744020674613,0.025209962619023574,-0.016537873971754807,1.7422262515134403,1.3554756419595142
005380,2021-07-01,0.0614,7.0,0.8642,0.242,14.0,3.5,6.5,7.0,25.74695494070571,0.6490797716088753,0.025209962619023574,-0.016537873971754807,1.7422262515134403,1.3577848837823563
005380,2021-07-02,0.7143,7.0,0.3594,0.3727,6.0,3.5,6.5,7.0,25.42777781334159,0.6410333281591786,0.025209962619023574,-0.016537873971754807,1.7422262515134403,1.3550137935949456
005380,2021-07-03,0.1522,3.0,0.1522,0.1073,2.0,3.5,6.5,7.0,25.42777781334159,0.6410333281591786,0.025209962619023574,-0.016537873971754807,1.7422262515134403,1.3550137935949456
005380,2021-07-04,0.3106,7.0,0.7785,0.1765,9.0,3.5,6.5,7.0,25.42777781334159,0.6410333281591786,0.025209962619023574,-0.016537873971754807,1.7422262515134403,1.3550137935949456
005380,2021-07-05,0.2593,8.0,0.7171,0.1852,12.0,3.5,6.5,7.0,25.108600685977468,0.6329868847094817,0.025209962619023574,-0.016537873971754807,1.7422262515134403,1.3522427034075348
005380,2021-07-06,-0.3329,7.0,0.4714,0.1976,9.0,3.5,6.5,7.0,25.108600685977468,0.6329868847094817,0.025209962619023574,-0.016537873971754807,1.7422262515134403,1.3522427034075348
005380,2021-07-07,0.0198,7.0,0.7766,0.1962,15.0,3.5,6.5,7.0,24.683031182825307,0.6222582934432194,0.025209962619023574,-0.016537873971754807,1.7422262515134403,1.3485479164909875
005380,2021-07-08,-0.0633,7.0,0.8894,0.2307,16.0,3.5,6.5,7.0,24.41705024335521,0.6155529239018053,0.025209962619023574,-0.016537873971754807,1.7422262515134403,1.3462386746681454
005380,2021-07-09,0.5021,9.0,0.6111,0.1958,13.0,3.5,6.5,7.0,24.04467692809707,0.6061654065438257,0.025209962619023574,-0.016537873971754807,1.7422262515134403,1.3430057361161662
005380,2021-07-10,-0.4645,4.0,0.2735,0.4254,2.0,3.5,6.5,7.0,24.04467692809707,0.6061654065438257,0.025209962619023574,-0.016537873971754807,1.7422262515134403,1.3430057361161662
005380,2021-07-11,0.5,5.0,0.4999,0.1073,2.0,3.5,6.5,7.0,24.04467692809707,0.6061654065438257,0.025209962619023574,-0.016537873971754807,1.7422262515134403,1.3430057361161662
005380,2021-07-12,-0.0976,6.0,0.8186,0.1743,10.0,3.5,6.5,7.0,24.47024643124923,0.6168939978100881,0.025209962619023574,-0.016537873971754807,1.7422262515134403,1.3467005230327138
005380,2021-07-13,-0.3054,8.0,0.5939,0.2361,14.0,3.5,6.5,7.0,24.47024643124923,0.6168939978100881,0.025209962619023574,-0.016537873971754807,1.7422262515134403,1.3467005230327138
005380,2021-07-14,0.4608,7.0,0.7836,0.2157,9.0,3.5,6.5,7.0,24.47024643124923,0.6168939978100881,0.025209962619023574,-0.016537873971754807,1.7422262515134403,1.3467005230327138
005380,2021-07-15,-0.3557,5.0,0.4028,0.2764,4.0,3.5,6.5,7.0,24.629834994931286,0.6209172195349365,0.025209962619023574,-0.016537873971754807,1.7422262515134403,1.348086068126419
005380,2021-07-16,0.1802,6.0,0.6821,0.213,6.0,3.5,6.5,7.0,24.47024643124923,0.6168939978100881,0.025209962619023574,-0.016537873971754807,1.7422262515134403,1.3467005230327138
005380,2021-07-17,0.4972,4.0,0.4972,0.2765,2.0,3.5,6.5,7.0,24.47024643124923,0.6168939978100881,0.025209962619023574,-0.016537873971754807,1.7422262515134403,1.3467005230327138
005380,2021-07-18,0.0344,4.0,0.7754,0.246,3.0,3.5,6.5,7.0,24.47024643124923,0.6168939978100881,0.025209962619023574,-0.016537873971754807,1.7422262515134403,1.3467005230327138
005380,2021-07-19,0.0086,5.0,0.7886,0.1955,6.0,3.5,6.5,7.0,24.20426549177913,0.6101886282686741,0.025209962619023574,-0.016537873971754807,1.7422262515134403,1.3443912812098717
005380,2021-07-20,0.0189,5.0,0.6167,0.1548,8.0,3.5,6.5,7.0,24.15106930388511,0.6088475543603913,0.025209962619023574,-0.016537873971754807,1.7422262515134403,1.3439294328453033
005380,2021-07-21,0.1559,5.0,0.6303,0.3596,6.0,3.5,6.5,7.0,24.25746167967315,0.6115297021769569,0.025209962619023574,-0.016537873971754807,1.7422262515134403,1.3448531295744401
005380,2021-07-22,0.6608,8.0,0.602,0.2379,9.0,3.5,6.5,7.0,24.31065786756717,0.6128707760852398,0.025209962619023574,-0.016537873971754807,1.7422262515134403,1.3453149779390086
005380,2021-07-23,0.5435,8.0,0.511,0.3188,9.0,3.5,6.5,7.0,23.99148074020305,0.6048243326355429,0.025209962619023574,-0.016537873971754807,1.7422262515134403,1.3425438877515978
005380,2021-07-24,0.0032,3.0,0.0032,0.2458,2.0,3.5,6.5,7.0,23.99148074020305,0.6048243326355429,0.025209962619023574,-0.016537873971754807,1.7422262515134403,1.3425438877515978
005380,2021-07-25,0.25,5.0,0.4328,0.2447,4.0,3.5,6.5,7.0,23.99148074020305,0.6048243326355429,0.025209962619023574,-0.016537873971754807,1.7422262515134403,1.3425438877515978
005380,2021-07-26,0.25,5.0,0.4329,0.2808,4.0,3.5,6.5,7.0,23.885088364415008,0.6021421848189773,0.025209962619023574,-0.016537873971754807,1.7422262515134403,1.3416201910224608
005380,2021-07-27,0.2402,7.0,0.6389,0.1989,11.0,3.5,6.5,7.0,23.938284552309028,0.6034832587272602,0.025209962619023574,-0.016537873971754807,1.7422262515134403,1.3420820393870292
005380,2021-07-28,-0.2419,8.0,0.6181,0.1936,12.0,3.5,6.5,7.0,23.672303612838927,0.5967778891858461,0.025209962619023574,-0.016537873971754807,1.7422262515134403,1.339772797564187
005380,2021-07-29,0.7463,9.0,0.5428,0.1604,14.0,3.5,6.5,7.0,23.619107424944907,0.5954368152775633,0.025209962619023574,-0.016537873971754807,1.7422262515134403,1.3393109491996187
005380,2021-07-30,0.2951,6.0,0.4215,0.2061,6.0,3.5,6.5,7.0,23.193537921792746,0.584708224011301,0.025209962619023574,-0.016537873971754807,1.7422262515134403,1.3356161622830713
005380,2021-07-31,,,,,0.0,3.5,6.5,7.0,23.193537921792746,0.584708224011301,0.025209962619023574,-0.016537873971754807,1.7422262515134403,1.3356161622830713
005380,2021-08-01,-0.2422,6.0,0.6284,0.1518,8.0,3.5,6.5,8.0,23.193537921792746,0.584708224011301,0.025209962619023574,-0.016537873971754807,1.7422262515134403,1.3356161622830713
005380,2021-08-02,0.1856,7.0,0.7332,0.2241,10.0,3.5,6.5,8.0,23.406322673368827,0.5900725196444321,0.025209962619023574,-0.016537873971754807,1.7422262515134403,1.337463555741345
005380,2021-08-03,-0.0714,4.0,0.607,0.2254,4.0,3.5,6.5,8.0,23.778695988626968,0.5994600370024117,0.025209962619023574,-0.016537873971754807,1.7422262515134403,1.340696494293324
005380,2021-08-04,0.5425,8.0,0.6453,0.2662,10.0,3.5,6.5,8.0,23.938284552309028,0.6034832587272602,0.025209962619023574,-0.016537873971754807,1.7422262515134403,1.3420820393870292
005380,2021-08-05,0.647,8.0,0.4213,0.2573,9.0,3.5,6.5,8.0,23.725499800732948,0.5981189630941289,0.025209962619023574,-0.016537873971754807,1.7422262515134403,1.3402346459287555
005380,2021-08-06,0.9921,6.0,0.0078,0.2664,2.0,3.5,6.5,8.0,23.672303612838927,0.5967778891858461,0.025209962619023574,-0.016537873971754807,1.7422262515134403,1.339772797564187
005380,2021-08-07,0.0113,3.0,0.0,0.1111,1.0,3.5,6.5,8.0,23.672303612838927,0.5967778891858461,0.025209962619023574,-0.016537873971754807,1.7422262515134403,1.339772797564187
005380,2021-08-08,0.9996,7.0,0.0003,0.2219,3.0,3.5,6.5,8.0,23.672303612838927,0.5967778891858461,0.025209962619023574,-0.016537873971754807,1.7422262515134403,1.339772797564187
005380,2021-08-09,0.868,9.0,0.3095,0.1537,9.0,3.5,6.5,8.0,23.512715049156867,0.5927546674609977,0.025209962619023574,-0.016537873971754807,1.7422262515134403,1.3383872524704818
005380,2021-08-10,0.1431,7.0,0.534,0.2015,12.0,3.5,6.5,8.0,23.299930297580786,0.5873903718278665,0.025209962619023574,-0.016537873971754807,1.7422262515134403,1.3365398590122082
005380,2021-08-11,-0.1964,5.0,0.3931,0.3215,5.0,3.5,6.5,8.0,23.246734109686766,0.5860492979195837,0.025209962619023574,-0.016537873971754807,1.7422262515134403,1.3360780106476398
005380,2021-08-12,-0.1514,5.0,0.5755,0.2672,6.0,3.5,6.5,8.0,23.299930297580786,0.5873903718278665,0.025209962619023574,-0.016537873971754807,1.7422262515134403,1.3365398590122082
005380,2021-08-13,0.5515,8.0,0.5014,0.166,9.0,3.5,6.5,8.0,23.087145546004706,0.5820260761947353,0.025209962619023574,-0.016537873971754807,1.7422262515134403,1.3346924655539345
005380,2021-08-14,,,,,0.0,3.5,6.5,8.0,23.087145546004706,0.5820260761947353,0.025209962619023574,-0.016537873971754807,1.7422262515134403,1.3346924655539345
005380,2021-08-15,0.4782,4.0,0.4989,0.1582,2.0,3.5,6.5,8.0,23.087145546004706,0.5820260761947353,0.025209962619023574,-0.016537873971754807,1.7422262515134403,1.3346924655539345
005380,2021-08-16,0.3917,5.0,0.4762,0.1552,5.0,3.5,6.5,8.0,23.087145546004706,0.5820260761947353,0.025209962619023574,-0.016537873971754807,1.7422262515134403,1.3346924655539345
005380,2021-08-17,0.0003,5.0,0.0004,0.154,7.0,3.5,6.5,8.0,22.661576042852545,0.5712974849284729,0.025209962619023574,-0.016537873971754807,1.7422262515134403,1.330997678637387
005380,2021-08-18,0.2337,6.0,0.623,0.1307,7.0,3.5,6.5,8.0,22.608379854958525,0.5699564110201901,0.025209962619023574,-0.016537873971754807,1.7422262515134403,1.3305358302728183
005380,2021-08-19,0.323,6.0,0.5368,0.2169,6.0,3.5,6.5,8.0,21.970025600230286,0.5538635241207965,0.025209962619023574,-0.016537873971754807,1.7422262515134403,1.3249936498979973
005380,2021-08-20,0.3328,6.0,0.7912,0.267,7.0,3.5,6.5,8.0,21.438063721290085,0.5404527850379686,0.025209962619023574,-0.016537873971754807,1.7422262515134403,1.3203751662523129
005380,2021-08-21,-0.4884,4.0,0.0,0.2264,1.0,3.5,6.5,8.0,21.438063721290085,0.5404527850379686,0.025209962619023574,-0.016537873971754807,1.7422262515134403,1.3203751662523129
005380,2021-08-22,0.3515,5.0,0.4092,0.149,4.0,3.5,6.5,8.0,21.438063721290085,0.5404527850379686,0.025209962619023574,-0.016537873971754807,1.7422262515134403,1.3203751662523129
005380,2021-08-23,0.6665,6.0,0.4713,0.1905,3.0,3.5,6.5,8.0,21.704044660760186,0.5471581545793825,0.025209962619023574,-0.016537873971754807,1.7422262515134403,1.3226844080751552
005380,2021-08-24,0.923,7.0,0.1475,0.2012,5.0,3.5,6.5,8.0,22.289202727594404,0.5619099675704933,0.025209962619023574,-0.016537873971754807,1.7422262515134403,1.3277647400854078
005380,2021-08-25,0.2513,5.0,0.4322,0.1461,4.0,3.5,6.5,8.0,22.289202727594404,0.5619099675704933,0.025209962619023574,-0.016537873971754807,1.7422262515134403,1.3277647400854078
005380,2021-08-26,0.2592,6.0,0.8598,0.1731,7.0,3.5,6.5,8.0,22.342398915488424,0.5632510414787761,0.025209962619023574,-0.016537873971754807,1.7422262515134403,1.3282265884499762
005380,2021-08-27,0.4337,5.0,0.4466,0.1675,4.0,3.5,6.5,8.0,22.182810351806367,0.5592278197539278,0.025209962619023574,-0.016537873971754807,1.7422262515134403,1.326841043356271
005380,2021-08-28,,,,,0.0,3.5,6.5,8.0,22.182810351806367,0.5592278197539278,0.025209962619023574,-0.016537873971754807,1.7422262515134403,1.326841043356271
005380,2021-08-29,-0.013,3.0,0.0,0.1778,1.0,3.5,6.5,8.0,22.182810351806367,0.5592278197539278,0.025209962619023574,-0.016537873971754807,1.7422262515134403,1.326841043356271
005380,2021-08-30,0.0154,3.0,0.0,0.1837,1.0,3.5,6.5,8.0,22.342398915488424,0.5632510414787761,0.025209962619023574,-0.016537873971754807,1.7422262515134403,1.3282265884499762
005380,2021-08-31,0.3301,6.0,0.6334,0.1393,8.0,3.5,6.5,8.0,22.608379854958525,0.5699564110201901,0.025209962619023574,-0.016537873971754807,1.7422262515134403,1.3305358302728183
005380,2021-09-01,0.1213,7.0,0.7123,0.2321,13.0,3.5,6.5,9.0,22.874360794428625,0.5766617805616041,0.025209962619023574,-0.016537873971754807,1.7422262515134403,1.3328450720956606
005380,2021-09-02,0.0915,6.0,0.7851,0.2405,10.0,3.5,6.5,9.0,22.501987479170484,0.5672742632036245,0.025209962619023574,-0.016537873971754807,1.7422262515134403,1.3296121335436815
005380,2021-09-03,0.581,6.0,0.4694,0.2263,5.0,3.5,6.5,9.0,22.821164606534605,0.5753207066533214,0.025209962619023574,-0.016537873971754807,1.7422262515134403,1.3323832237310922
005380,2021-09-04,-0.0064,3.0,0.0079,0.1721,2.0,3.5,6.5,9.0,22.821164606534605,0.5753207066533214,0.025209962619023574,-0.016537873971754807,1.7422262515134403,1.3323832237310922
005380,2021-09-05,0.9984,6.0,0.0,0.2889,1.0,3.5,6.5,9.0,22.821164606534605,0.5753207066533214,0.025209962619023574,-0.016537873971754807,1.7422262515134403,1.3323832237310922
005380,2021-09-06,0.0939,6.0,0.4261,0.1505,11.0,3.5,6.5,9.0,22.874360794428625,0.5766617805616041,0.025209962619023574,-0.016537873971754807,1.7422262515134403,1.3328450720956606
005380,2021-09-07,0.1487,6.0,0.1526,0.1982,9.0,3.5,6.5,9.0,22.608379854958525,0.5699564110201901,0.025209962619023574,-0.016537873971754807,1.7422262515134403,1.3305358302728183
005380,2021-09-08,0.1845,7.0,0.3844,0.2598,11.0,3.5,6.5,9.0,22.661576042852545,0.5712974849284729,0.025209962619023574,-0.016537873971754807,1.7422262515134403,1.330997678637387
005380,2021-09-09,-0.0459,5.0,0.8095,0.1626,8.0,3.5,6.5,9.0,22.182810351806367,0.5592278197539278,0.025209962619023574,-0.016537873971754807,1.7422262515134403,1.326841043356271
005380,2021-09-10,0.4036,6.0,0.6842,0.1705,8.0,3.5,6.5,9.0,21.970025600230286,0.5538635241207965,0.025209962619023574,-0.016537873971754807,1.7422262515134403,1.3249936498979973
005380,2021-09-11,0.0181,3.0,0.0181,0.3071,2.0,3.5,6.5,9.0,21.970025600230286,0.5538635241207965,0.025209962619023574,-0.016537873971754807,1.7422262515134403,1.3249936498979973
005380,2021-09-12,0.7485,6.0,0.432,0.1913,4.0,3.5,6.5,9.0,21.970025600230286,0.5538635241207965,0.025209962619023574,-0.016537873971754807,1.7422262515134403,1.3249936498979973
005380,2021-09-13,-0.0396,4.0,0.5984,0.1533,5.0,3.5,6.5,9.0,21.810437036548226,0.5498403023959482,0.025209962619023574,-0.016537873971754807,1.7422262515134403,1.323608104804292
005380,2021-09-14,0.5268,9.0,0.5685,0.1523,17.0,3.5,6.5,9.0,22.236006539700387,0.5605688936622105,0.025209962619023574,-0.016537873971754807,1.7422262515134403,1.3273028917208394
005380,2021-09-15,0.6232,9.0,0.5981,0.2529,16.0,3.5,6.5,9.0,22.289202727594404,0.5619099675704933,0.025209962619023574,-0.016537873971754807,1.7422262515134403,1.3277647400854078
005380,2021-09-16,0.3792,8.0,0.6969,0.1899,14.0,3.5,6.5,9.0,22.129614163912347,0.5578867458456449,0.025209962619023574,-0.016537873971754807,1.7422262515134403,1.3263791949917025
005380,2021-09-17,-0.1663,5.0,0.6842,0.1519,6.0,3.5,6.5,9.0,22.236006539700387,0.5605688936622105,0.025209962619023574,-0.016537873971754807,1.7422262515134403,1.3273028917208394
005380,2021-09-18,,,,,0.0,3.5,6.5,9.0,22.236006539700387,0.5605688936622105,0.025209962619023574,-0.016537873971754807,1.7422262515134403,1.3273028917208394
005380,2021-09-19,,,,,0.0,3.5,6.5,9.0,22.236006539700387,0.5605688936622105,0.025209962619023574,-0.016537873971754807,1.7422262515134403,1.3273028917208394
005380,2021-09-20,0.0,3.0,0.0,0.0909,1.0,3.5,6.5,9.0,22.236006539700387,0.5605688936622105,0.025209962619023574,-0.016537873971754807,1.7422262515134403,1.3273028917208394
005380,2021-09-21,,,,,0.0,3.5,6.5,9.0,22.236006539700387,0.5605688936622105,0.025209962619023574,-0.016537873971754807,1.7422262515134403,1.3273028917208394
005380,2021-09-22,0.3734,6.0,0.8552,0.114,8.0,3.5,6.5,9.0,22.236006539700387,0.5605688936622105,0.025209962619023574,-0.016537873971754807,1.7422262515134403,1.3273028917208394
005380,2021-09-23,-0.0002,4.0,0.8939,0.2619,5.0,3.5,6.5,9.0,22.182810351806367,0.5592278197539278,0.025209962619023574,-0.016537873971754807,1.7422262515134403,1.326841043356271
005380,2021-09-24,-0.7004,5.0,0.0,0.1837,1.0,3.5,6.5,9.0,22.023221788124307,0.5552045980290793,0.025209962619023574,-0.016537873971754807,1.7422262515134403,1.3254554982625657
005380,2021-09-25,,,,,0.0,3.5,6.5,9.0,22.023221788124307,0.5552045980290793,0.025209962619023574,-0.016537873971754807,1.7422262515134403,1.3254554982625657
005380,2021-09-26,0.3315,5.0,0.4716,0.112,3.0,3.5,6.5,9.0,22.023221788124307,0.5552045980290793,0.025209962619023574,-0.016537873971754807,1.7422262515134403,1.3254554982625657
005380,2021-09-27,-0.9082,7.0,0.0929,0.1728,3.0,3.5,6.5,9.0,21.704044660760186,0.5471581545793825,0.025209962619023574,-0.016537873971754807,1.7422262515134403,1.3226844080751552
005380,2021-09-28,0.0024,4.0,0.6286,0.1888,5.0,3.5,6.5,9.0,21.438063721290085,0.5404527850379686,0.025209962619023574,-0.016537873971754807,1.7422262515134403,1.3203751662523129
005380,2021-09-29,0.3093,6.0,0.6447,0.1904,8.0,3.5,6.5,9.0,21.438063721290085,0.5404527850379686,0.025209962619023574,-0.016537873971754807,1.7422262515134403,1.3203751662523129
005380,2021-09-30,0.017,5.0,0.5318,0.2016,7.0,3.5,6.5,9.0,21.278475157608025,0.5364295633131201,0.025209962619023574,-0.016537873971754807,1.7422262515134403,1.3189896211586074
005380,2021-10-01,-0.0133,5.0,0.9124,0.3136,7.0,3.5,6.5,10.0,20.586924714985763,0.5189956025054437,0.025209962619023574,-0.016537873971754807,1.7422262515134403,1.312985592419218
005380,2021-10-02,0.9998,6.0,0.0,0.3265,1.0,3.5,6.5,10.0,20.586924714985763,0.5189956025054437,0.025209962619023574,-0.016537873971754807,1.7422262515134403,1.312985592419218
005380,2021-10-03,0.9998,7.0,0.0,0.4092,3.0,3.5,6.5,10.0,20.586924714985763,0.5189956025054437,0.025209962619023574,-0.016537873971754807,1.7422262515134403,1.312985592419218
005380,2021-10-04,-0.4027,6.0,0.4715,0.1838,6.0,3.5,6.5,10.0,20.586924714985763,0.5189956025054437,0.025209962619023574,-0.016537873971754807,1.7422262515134403,1.312985592419218
005380,2021-10-05,-0.0,4.0,0.6323,0.1442,5.0,3.5,6.5,10.0,20.586924714985763,0.5189956025054437,0.025209962619023574,-0.016537873971754807,1.7422262515134403,1.312985592419218
005380,2021-10-06,0.2129,8.0,0.3946,0.1938,19.0,3.5,6.5,10.0,20.640120902879783,0.5203366764137265,0.025209962619023574,-0.016537873971754807,1.7422262515134403,1.3134474407837864
005380,2021-10-07,0.081,7.0,0.8533,0.2006,12.0,3.5,6.5,10.0,21.384867533396065,0.5391117111296857,0.025209962619023574,-0.016537873971754807,1.7422262515134403,1.3199133178877442
005380,2021-10-08,0.0007,5.0,0.7545,0.1485,7.0,3.5,6.5,10.0,21.810437036548226,0.5498403023959482,0.025209962619023574,-0.016537873971754807,1.7422262515134403,1.323608104804292
005380,2021-10-09,,,,,0.0,3.5,6.5,10.0,21.810437036548226,0.5498403023959482,0.025209962619023574,-0.016537873971754807,1.7422262515134403,1.323608104804292
005380,2021-10-10,0.9993,6.0,0.0,0.186,1.0,3.5,6.5,10.0,21.810437036548226,0.5498403023959482,0.025209962619023574,-0.016537873971754807,1.7422262515134403,1.323608104804292
005380,2021-10-11,0.1661,5.0,0.3406,0.1198,7.0,3.5,6.5,10.0,21.810437036548226,0.5498403023959482,0.025209962619023574,-0.016537873971754807,1.7422262515134403,1.323608104804292
005380,2021-10-12,0.4073,7.0,0.4953,0.1582,10.0,3.5,6.5,10.0,21.757240848654206,0.5484992284876653,0.025209962619023574,-0.016537873971754807,1.7422262515134403,1.3231462564397236
005380,2021-10-13,0.354,7.0,0.4673,0.1542,11.0,3.5,6.5,10.0,22.448791291276464,0.5659331892953418,0.025209962619023574,-0.016537873971754807,1.7422262515134403,1.329150285179113
005380,2021-10-14,0.4012,7.0,0.4466,0.1763,10.0,3.5,6.5,10.0,22.236006539700387,0.5605688936622105,0.025209962619023574,-0.016537873971754807,1.7422262515134403,1.3273028917208394
005380,2021-10-15,0.2962,5.0,0.4131,0.1652,4.0,3.5,6.5,10.0,22.182810351806367,0.5592278197539278,0.025209962619023574,-0.016537873971754807,1.7422262515134403,1.326841043356271
005380,2021-10-16,-0.9933,6.0,0.0,0.0976,1.0,3.5,6.5,10.0,22.182810351806367,0.5592278197539278,0.025209962619023574,-0.016537873971754807,1.7422262515134403,1.326841043356271
005380,2021-10-17,0.3992,5.0,0.4888,0.1384,5.0,3.5,6.5,10.0,22.182810351806367,0.5592278197539278,0.025209962619023574,-0.016537873971754807,1.7422262515134403,1.326841043356271
005380,2021-10-18,0.4195,7.0,0.447,0.209,9.0,3.5,6.5,10.0,22.289202727594404,0.5619099675704933,0.025209962619023574,-0.016537873971754807,1.7422262515134403,1.3277647400854078
005380,2021-10-19,0.9576,7.0,0.0595,0.1879,3.0,3.5,6.5,10.0,22.236006539700387,0.5605688936622105,0.025209962619023574,-0.016537873971754807,1.7422262515134403,1.3273028917208394
005380,2021-10-20,0.2473,6.0,0.4345,0.1402,8.0,3.5,6.5,10.0,22.236006539700387,0.5605688936622105,0.025209962619023574,-0.016537873971754807,1.7422262515134403,1.3273028917208394
005380,2021-10-21,0.3305,7.0,0.594,0.1777,9.0,3.5,6.5,10.0,22.076417976018327,0.5565456719373622,0.025209962619023574,-0.016537873971754807,1.7422262515134403,1.3259173466271341
005380,2021-10-22,0.2005,5.0,0.7469,0.1642,5.0,3.5,6.5,10.0,22.076417976018327,0.5565456719373622,0.025209962619023574,-0.016537873971754807,1.7422262515134403,1.3259173466271341
005380,2021-10-23,,,,,0.0,3.5,6.5,10.0,22.076417976018327,0.5565456719373622,0.025209962619023574,-0.016537873971754807,1.7422262515134403,1.3259173466271341
005380,2021-10-24,0.132,3.0,0.132,0.1245,2.0,3.5,6.5,10.0,22.076417976018327,0.5565456719373622,0.025209962619023574,-0.016537873971754807,1.7422262515134403,1.3259173466271341
005380,2021-10-25,0.0004,5.0,0.5338,0.1333,7.0,3.5,6.5,10.0,22.448791291276464,0.5659331892953418,0.025209962619023574,-0.016537873971754807,1.7422262515134403,1.329150285179113
005380,2021-10-26,0.2084,7.0,0.4746,0.2181,11.0,3.5,6.5,10.0,22.714772230746565,0.5726385588367557,0.025209962619023574,-0.016537873971754807,1.7422262515134403,1.3314595270019554
005380,2021-10-27,0.383,8.0,0.5802,0.2037,16.0,3.5,6.5,10.0,22.714772230746565,0.5726385588367557,0.025209962619023574,-0.016537873971754807,1.7422262515134403,1.3314595270019554
005380,2021-10-28,0.5294,9.0,0.6981,0.2097,15.0,3.5,6.5,10.0,22.342398915488424,0.5632510414787761,0.025209962619023574,-0.016537873971754807,1.7422262515134403,1.3282265884499762
005380,2021-10-29,0.3649,7.0,0.7929,0.2524,9.0,3.5,6.5,10.0,22.129614163912347,0.5578867458456449,0.025209962619023574,-0.016537873971754807,1.7422262515134403,1.3263791949917025
005380,2021-10-30,,,,,0.0,3.5,6.5,10.0,22.129614163912347,0.5578867458456449,0.025209962619023574,-0.016537873971754807,1.7422262515134403,1.3263791949917025
005380,2021-10-31,0.4991,4.0,0.5005,0.1578,2.0,3.5,6.5,10.0,22.129614163912347,0.5578867458456449,0.025209962619023574,-0.016537873971754807,1.7422262515134403,1.3263791949917025
005380,2021-11-01,-0.7497,6.0,0.4331,0.2172,4.0,3.5,6.5,11.0,22.129614163912347,0.5578867458456449,0.025209962619023574,-0.016537873971754807,1.7422262515134403,1.3263791949917025
005380,2021-11-02,0.0,4.0,0.0,0.2342,5.0,3.5,6.5,11.0,22.342398915488424,0.5632510414787761,0.025209962619023574,-0.016537873971754807,1.7422262515134403,1.3282265884499762
005380,2021-11-03,0.4735,6.0,0.4745,0.1701,6.0,3.5,6.5,11.0,22.182810351806367,0.5592278197539278,0.025209962619023574,-0.016537873971754807,1.7422262515134403,1.326841043356271
005380,2021-11-04,0.8314,7.0,0.3712,0.2024,6.0,3.5,6.5,11.0,22.767968418640585,0.5739796327450385,0.025209962619023574,-0.016537873971754807,1.7422262515134403,1.3319213753665238
005380,2021-11-05,0.0662,5.0,0.5581,0.1559,7.0,3.5,6.5,11.0,22.874360794428625,0.5766617805616041,0.025209962619023574,-0.016537873971754807,1.7422262515134403,1.3328450720956606
005380,2021-11-06,,,,,0.0,3.5,6.5,11.0,22.874360794428625,0.5766617805616041,0.025209962619023574,-0.016537873971754807,1.7422262515134403,1.3328450720956606
005380,2021-11-07,-0.1242,4.0,0.2159,0.1745,4.0,3.5,6.5,11.0,22.874360794428625,0.5766617805616041,0.025209962619023574,-0.016537873971754807,1.7422262515134403,1.3328450720956606
005380,2021-11-08,0.1383,4.0,0.6836,0.194,5.0,3.5,6.5,11.0,22.874360794428625,0.5766617805616041,0.025209962619023574,-0.016537873971754807,1.7422262515134403,1.3328450720956606
005380,2021-11-09,0.3488,6.0,0.4341,0.1572,7.0,3.5,6.5,11.0,22.661576042852545,0.5712974849284729,0.025209962619023574,-0.016537873971754807,1.7422262515134403,1.330997678637387
005380,2021-11-10,-0.4214,5.0,0.4524,0.2211,4.0,3.5,6.5,11.0,22.182810351806367,0.5592278197539278,0.025209962619023574,-0.016537873971754807,1.7422262515134403,1.326841043356271
005380,2021-11-11,0.2134,8.0,0.5534,0.2391,12.0,3.5,6.5,11.0,21.810437036548226,0.5498403023959482,0.025209962619023574,-0.016537873971754807,1.7422262515134403,1.323608104804292
005380,2021-11-12,0.4979,4.0,0.4979,0.322,2.0,3.5,6.5,11.0,22.129614163912347,0.5578867458456449,0.025209962619023574,-0.016537873971754807,1.7422262515134403,1.3263791949917025
005380,2021-11-13,,,,,0.0,3.5,6.5,11.0,22.129614163912347,0.5578867458456449,0.025209962619023574,-0.016537873971754807,1.7422262515134403,1.3263791949917025
005380,2021-11-14,0.4999,5.0,0.4999,0.1556,4.0,3.5,6.5,11.0,22.129614163912347,0.5578867458456449,0.025209962619023574,-0.016537873971754807,1.7422262515134403,1.3263791949917025
005380,2021-11-15,,,,,0.0,3.5,6.5,11.0,22.236006539700387,0.5605688936622105,0.025209962619023574,-0.016537873971754807,1.7422262515134403,1.3273028917208394
005380,2021-11-16,0.1225,5.0,0.7051,0.1919,8.0,3.5,6.5,11.0,21.970025600230286,0.5538635241207965,0.025209962619023574,-0.016537873971754807,1.7422262515134403,1.3249936498979973
005380,2021-11-17,0.0904,5.0,0.1411,0.1384,6.0,3.5,6.5,11.0,22.023221788124307,0.5552045980290793,0.025209962619023574,-0.016537873971754807,1.7422262515134403,1.3254554982625657
005380,2021-11-18,0.7442,9.0,0.4099,0.1878,13.0,3.5,6.5,11.0,21.810437036548226,0.5498403023959482,0.025209962619023574,-0.016537873971754807,1.7422262515134403,1.323608104804292
005380,2021-11-19,0.6588,8.0,0.6291,0.2773,10.0,3.5,6.5,11.0,22.289202727594404,0.5619099675704933,0.025209962619023574,-0.016537873971754807,1.7422262515134403,1.3277647400854078
005380,2021-11-20,,,,,0.0,3.5,6.5,11.0,22.289202727594404,0.5619099675704933,0.025209962619023574,-0.016537873971754807,1.7422262515134403,1.3277647400854078
005380,2021-11-21,0.0001,3.0,0.0,0.1087,1.0,3.5,6.5,11.0,22.289202727594404,0.5619099675704933,0.025209962619023574,-0.016537873971754807,1.7422262515134403,1.3277647400854078
005380,2021-11-22,0.2481,8.0,0.3762,0.131,17.0,3.5,6.5,11.0,23.246734109686766,0.5860492979195837,0.025209962619023574,-0.016537873971754807,1.7422262515134403,1.3360780106476398
005380,2021-11-23,0.4212,6.0,0.7078,0.1732,7.0,3.5,6.5,11.0,22.874360794428625,0.5766617805616041,0.025209962619023574,-0.016537873971754807,1.7422262515134403,1.3328450720956606
005380,2021-11-24,0.1835,5.0,0.7284,0.1736,5.0,3.5,6.5,11.0,22.555183667064505,0.5686153371119074,0.025209962619023574,-0.016537873971754807,1.7422262515134403,1.3300739819082499
005380,2021-11-25,0.5095,6.0,0.4595,0.1889,4.0,3.5,6.5,11.0,22.342398915488424,0.5632510414787761,0.025209962619023574,-0.016537873971754807,1.7422262515134403,1.3282265884499762
005380,2021-11-26,0.4412,6.0,0.4843,0.1774,7.0,3.5,6.5,11.0,21.863633224442246,0.5511813763042309,0.025209962619023574,-0.016537873971754807,1.7422262515134403,1.3240699531688604
005380,2021-11-27,,,,,0.0,3.5,6.5,11.0,21.863633224442246,0.5511813763042309,0.025209962619023574,-0.016537873971754807,1.7422262515134403,1.3240699531688604
005380,2021-11-28,0.9997,6.0,0.0,0.32,1.0,3.5,6.5,11.0,21.863633224442246,0.5511813763042309,0.025209962619023574,-0.016537873971754807,1.7422262515134403,1.3240699531688604
005380,2021-11-29,0.5329,7.0,0.4292,0.2043,6.0,3.5,6.5,11.0,21.331671345502045,0.537770637221403,0.025209962619023574,-0.016537873971754807,1.7422262515134403,1.3194514695231758
005380,2021-11-30,0.4521,5.0,0.4565,0.1316,5.0,3.5,6.5,11.0,20.799709466561843,0.5243598981385749,0.025209962619023574,-0.016537873971754807,1.7422262515134403,1.3148329858774916
005380,2021-12-01,0.0935,7.0,0.6807,0.2435,15.0,3.5,6.5,12.0,21.384867533396065,0.5391117111296857,0.025209962619023574,-0.016537873971754807,1.7422262515134403,1.3199133178877442
005380,2021-12-02,0.8946,7.0,0.0953,0.2022,5.0,3.5,6.5,12.0,21.863633224442246,0.5511813763042309,0.025209962619023574,-0.016537873971754807,1.7422262515134403,1.3240699531688604
005380,2021-12-03,0.0,5.0,0.0002,0.1956,7.0,3.5,6.5,12.0,21.916829412336266,0.5525224502125137,0.025209962619023574,-0.016537873971754807,1.7422262515134403,1.3245318015334289
005380,2021-12-04,,,,,0.0,3.5,6.5,12.0,21.916829412336266,0.5525224502125137,0.025209962619023574,-0.016537873971754807,1.7422262515134403,1.3245318015334289
005380,2021-12-05,0.0083,3.0,0.0,0.1633,1.0,3.5,6.5,12.0,21.916829412336266,0.5525224502125137,0.025209962619023574,-0.016537873971754807,1.7422262515134403,1.3245318015334289
005380,2021-12-06,0.5086,7.0,0.4842,0.1485,8.0,3.5,6.5,12.0,21.970025600230286,0.5538635241207965,0.025209962619023574,-0.016537873971754807,1.7422262515134403,1.3249936498979973
005380,2021-12-07,0.3308,6.0,0.4682,0.1211,6.0,3.5,6.5,12.0,22.076417976018327,0.5565456719373622,0.025209962619023574,-0.016537873971754807,1.7422262515134403,1.3259173466271341
005380,2021-12-08,-0.2133,5.0,0.7166,0.1657,5.0,3.5,6.5,12.0,22.076417976018327,0.5565456719373622,0.025209962619023574,-0.016537873971754807,1.7422262515134403,1.3259173466271341
005380,2021-12-09,0.19,6.0,0.6454,0.2238,6.0,3.5,6.5,12.0,22.023221788124307,0.5552045980290793,0.025209962619023574,-0.016537873971754807,1.7422262515134403,1.3254554982625657
005380,2021-12-10,0.6957,7.0,0.4422,0.2198,7.0,3.5,6.5,12.0,22.076417976018327,0.5565456719373622,0.025209962619023574,-0.016537873971754807,1.7422262515134403,1.3259173466271341
005380,2021-12-11,,,,,0.0,3.5,6.5,12.0,22.076417976018327,0.5565456719373622,0.025209962619023574,-0.016537873971754807,1.7422262515134403,1.3259173466271341
005380,2021-12-12,-0.0,3.0,0.0,0.1875,1.0,3.5,6.5,12.0,22.076417976018327,0.5565456719373622,0.025209962619023574,-0.016537873971754807,1.7422262515134403,1.3259173466271341
005380,2021-12-13,0.5581,7.0,0.5726,0.1467,7.0,3.5,6.5,12.0,22.236006539700387,0.5605688936622105,0.025209962619023574,-0.016537873971754807,1.7422262515134403,1.3273028917208394
005380,2021-12-14,0.3564,8.0,0.6441,0.1782,14.0,3.5,6.5,12.0,22.448791291276464,0.5659331892953418,0.025209962619023574,-0.016537873971754807,1.7422262515134403,1.329150285179113
005380,2021-12-15,0.6324,7.0,0.4455,0.1283,8.0,3.5,6.5,12.0,22.236006539700387,0.5605688936622105,0.025209962619023574,-0.016537873971754807,1.7422262515134403,1.3273028917208394
005380,2021-12-16,0.2773,6.0,0.4204,0.1571,8.0,3.5,6.5,12.0,22.289202727594404,0.5619099675704933,0.025209962619023574,-0.016537873971754807,1.7422262515134403,1.3277647400854078
005380,2021-12-17,0.1365,7.0,0.3308,0.1762,23.0,3.5,6.5,12.0,22.289202727594404,0.5619099675704933,0.025209962619023574,-0.016537873971754807,1.7422262515134403,1.3277647400854078
005380,2021-12-18,0.0001,3.0,0.0,0.3214,1.0,3.5,6.5,12.0,22.289202727594404,0.5619099675704933,0.025209962619023574,-0.016537873971754807,1.7422262515134403,1.3277647400854078
005380,2021-12-19,0.5085,7.0,0.4914,0.2362,6.0,3.5,6.5,12.0,22.289202727594404,0.5619099675704933,0.025209962619023574,-0.016537873971754807,1.7422262515134403,1.3277647400854078
005380,2021-12-20,0.2802,6.0,0.421,0.1777,7.0,3.5,6.5,12.0,21.810437036548226,0.5498403023959482,0.025209962619023574,-0.016537873971754807,1.7422262515134403,1.323608104804292
005380,2021-12-21,0.5856,7.0,0.6916,0.2127,7.0,3.5,6.5,12.0,21.810437036548226,0.5498403023959482,0.025209962619023574,-0.016537873971754807,1.7422262515134403,1.323608104804292
005380,2021-12-22,0.6391,6.0,0.3894,0.1995,5.0,3.5,6.5,12.0,21.970025600230286,0.5538635241207965,0.025209962619023574,-0.016537873971754807,1.7422262515134403,1.3249936498979973
005380,2021-12-23,0.4456,8.0,0.6231,0.1893,12.0,3.5,6.5,12.0,22.236006539700387,0.5605688936622105,0.025209962619023574,-0.016537873971754807,1.7422262515134403,1.3273028917208394
005380,2021-12-24,0.347,5.0,0.9163,0.2252,3.0,3.5,6.5,12.0,22.927556982322645,0.578002854469887,0.025209962619023574,-0.016537873971754807,1.7422262515134403,1.3333069204602293
005380,2021-12-25,,,,,0.0,3.5,6.5,12.0,22.927556982322645,0.578002854469887,0.025209962619023574,-0.016537873971754807,1.7422262515134403,1.3333069204602293
005380,2021-12-26,-0.1855,5.0,0.408,0.1778,5.0,3.5,6.5,12.0,22.927556982322645,0.578002854469887,0.025209962619023574,-0.016537873971754807,1.7422262515134403,1.3333069204602293
005380,2021-12-27,0.2213,8.0,0.4373,0.3324,17.0,3.5,6.5,12.0,22.714772230746565,0.5726385588367557,0.025209962619023574,-0.016537873971754807,1.7422262515134403,1.3314595270019554
005380,2021-12-28,-0.5444,6.0,0.5362,0.1689,5.0,3.5,6.5,12.0,22.767968418640585,0.5739796327450385,0.025209962619023574,-0.016537873971754807,1.7422262515134403,1.3319213753665238
005380,2021-12-29,-0.2802,6.0,0.876,0.2026,7.0,3.5,6.5,12.0,22.555183667064505,0.5686153371119074,0.025209962619023574,-0.016537873971754807,1.7422262515134403,1.3300739819082499
005380,2021-12-30,0.6347,7.0,0.4986,0.1835,6.0,3.5,6.5,12.0,22.236006539700387,0.5605688936622105,0.025209962619023574,-0.016537873971754807,1.7422262515134403,1.3273028917208394
005380,2021-12-31,0.2493,5.0,0.4306,0.1168,4.0,3.5,6.5,12.0,22.236006539700387,0.5605688936622105,0.025209962619023574,-0.016537873971754807,1.7422262515134403,1.3273028917208394
005380,2022-01-01,0.0,3.0,0.0,0.3556,1.0,3.5,6.5,13.0,22.236006539700387,0.5605688936622105,0.025209962619023574,-0.016537873971754807,1.7422262515134403,1.3273028917208394
005380,2022-01-02,0.0169,3.0,0.0169,0.176,2.0,3.5,6.5,13.0,22.236006539700387,0.5605688936622105,0.025209962619023574,-0.016537873971754807,1.7422262515134403,1.3273028917208394
005380,2022-01-03,0.3124,7.0,0.355,0.1971,10.0,3.5,6.5,13.0,22.395595103382444,0.5645921153870589,0.025209962619023574,-0.016537873971754807,1.7422262515134403,1.3286884368145446
005380,2022-01-04,0.5343,6.0,0.5279,0.3048,5.0,3.5,6.5,13.0,22.342398915488424,0.5632510414787761,0.025209962619023574,-0.016537873971754807,1.7422262515134403,1.3282265884499762
005380,2022-01-05,0.1912,8.0,0.6135,0.3254,17.0,3.5,6.5,13.0,22.714772230746565,0.5726385588367557,0.025209962619023574,-0.016537873971754807,1.7422262515134403,1.3314595270019554
005380,2022-01-06,0.4316,7.0,0.4799,0.2239,11.0,3.5,6.5,13.0,22.767968418640585,0.5739796327450385,0.025209962619023574,-0.016537873971754807,1.7422262515134403,1.3319213753665238
005380,2022-01-07,0.7891,6.0,0.3555,0.2997,5.0,3.5,6.5,13.0,22.874360794428625,0.5766617805616041,0.025209962619023574,-0.016537873971754807,1.7422262515134403,1.3328450720956606
005380,2022-01-08,0.0001,3.0,0.0,0.2653,1.0,3.5,6.5,13.0,22.874360794428625,0.5766617805616041,0.025209962619023574,-0.016537873971754807,1.7422262515134403,1.3328450720956606
005380,2022-01-09,0.2461,5.0,0.2988,0.273,3.0,3.5,6.5,13.0,22.874360794428625,0.5766617805616041,0.025209962619023574,-0.016537873971754807,1.7422262515134403,1.3328450720956606
005380,2022-01-10,0.6547,7.0,0.437,0.1952,7.0,3.5,6.5,13.0,22.289202727594404,0.5619099675704933,0.025209962619023574,-0.016537873971754807,1.7422262515134403,1.3277647400854078
005380,2022-01-11,0.15,5.0,0.7463,0.1927,8.0,3.5,6.5,13.0,22.395595103382444,0.5645921153870589,0.025209962619023574,-0.016537873971754807,1.7422262515134403,1.3286884368145446
005380,2022-01-12,0.4674,5.0,0.4564,0.2042,5.0,3.5,6.5,13.0,22.501987479170484,0.5672742632036245,0.025209962619023574,-0.016537873971754807,1.7422262515134403,1.3296121335436815
005380,2022-01-13,0.2996,5.0,0.7287,0.1365,5.0,3.5,6.5,13.0,22.342398915488424,0.5632510414787761,0.025209962619023574,-0.016537873971754807,1.7422262515134403,1.3282265884499762
005380,2022-01-14,0.003,4.0,0.0042,0.1474,3.0,3.5,6.5,13.0,22.236006539700387,0.5605688936622105,0.025209962619023574,-0.016537873971754807,1.7422262515134403,1.3273028917208394
005380,2022-01-15,-0.9997,6.0,0.0,0.1111,1.0,3.5,6.5,13.0,22.236006539700387,0.5605688936622105,0.025209962619023574,-0.016537873971754807,1.7422262515134403,1.3273028917208394
005380,2022-01-16,0.7277,6.0,0.3846,0.15,3.0,3.5,6.5,13.0,22.236006539700387,0.5605688936622105,0.025209962619023574,-0.016537873971754807,1.7422262515134403,1.3273028917208394
005380,2022-01-17,-0.2462,5.0,0.7289,0.2866,4.0,3.5,6.5,13.0,21.810437036548226,0.5498403023959482,0.025209962619023574,-0.016537873971754807,1.7422262515134403,1.323608104804292
005380,2022-01-18,0.3207,6.0,0.8092,0.1866,8.0,3.5,6.5,13.0,21.544456097078125,0.5431349328545341,0.025209962619023574,-0.016537873971754807,1.7422262515134403,1.3212988629814497
005380,2022-01-19,0.5575,6.0,0.4611,0.2308,5.0,3.5,6.5,13.0,21.331671345502045,0.537770637221403,0.025209962619023574,-0.016537873971754807,1.7422262515134403,1.3194514695231758
005380,2022-01-20,0.3744,6.0,0.4815,0.1749,8.0,3.5,6.5,13.0,21.491259909184105,0.5417938589462513,0.025209962619023574,-0.016537873971754807,1.7422262515134403,1.3208370146168813
005380,2022-01-21,-0.0004,4.0,0.0006,0.2339,3.0,3.5,6.5,13.0,21.278475157608025,0.5364295633131201,0.025209962619023574,-0.016537873971754807,1.7422262515134403,1.3189896211586074
005380,2022-01-22,,,,,0.0,3.5,6.5,13.0,21.278475157608025,0.5364295633131201,0.025209962619023574,-0.016537873971754807,1.7422262515134403,1.3189896211586074
005380,2022-01-23,0.4828,6.0,0.7184,0.1704,8.0,3.5,6.5,13.0,21.278475157608025,0.5364295633131201,0.025209962619023574,-0.016537873971754807,1.7422262515134403,1.3189896211586074
005380,2022-01-24,0.003,5.0,0.7474,0.1581,7.0,3.5,6.5,13.0,20.959298030243904,0.5283831198634233,0.025209962619023574,-0.016537873971754807,1.7422262515134403,1.316218530971197
005380,2022-01-25,0.64,8.0,0.5931,0.2635,11.0,3.5,6.5,13.0,20.693317090773803,0.5216777503220094,0.025209962619023574,-0.016537873971754807,1.7422262515134403,1.3139092891483548
005380,2022-01-26,0.4554,6.0,0.4677,0.2299,8.0,3.5,6.5,13.0,20.214551399727622,0.5096080851474641,0.025209962619023574,-0.016537873971754807,1.7422262515134403,1.3097526538672388
005380,2022-01-27,0.5502,6.0,0.4529,0.186,5.0,3.5,6.5,13.0,19.842178084469484,0.5002205677894845,0.025209962619023574,-0.016537873971754807,1.7422262515134403,1.3065197153152597
005380,2022-01-28,0.6645,6.0,0.4698,0.1623,3.0,3.5,6.5,13.0,20.1613552118336,0.5082670112391813,0.025209962619023574,-0.016537873971754807,1.7422262515134403,1.3092908055026704
005380,2022-01-29,,,,,0.0,3.5,6.5,13.0,20.1613552118336,0.5082670112391813,0.025209962619023574,-0.016537873971754807,1.7422262515134403,1.3092908055026704
005380,2022-01-30,,,,,0.0,3.5,6.5,13.0,20.1613552118336,0.5082670112391813,0.025209962619023574,-0.016537873971754807,1.7422262515134403,1.3092908055026704
005380,2022-01-31,,,,,0.0,3.5,6.5,13.0,20.1613552118336,0.5082670112391813,0.025209962619023574,-0.016537873971754807,1.7422262515134403,1.3092908055026704
005380,2022-02-01,0.2357,4.0,0.0,0.0612,1.0,3.5,6.5,14.0,20.1613552118336,0.5082670112391813,0.025209962619023574,-0.016537873971754807,1.7422262515134403,1.3092908055026704
005380,2022-02-02,0.9997,6.0,0.0,0.2346,2.0,3.5,6.5,14.0,20.1613552118336,0.5082670112391813,0.025209962619023574,-0.016537873971754807,1.7422262515134403,1.3092908055026704
005380,2022-02-03,0.2732,7.0,0.7757,0.2695,9.0,3.5,6.5,14.0,20.374139963409682,0.5136313068723125,0.025209962619023574,-0.016537873971754807,1.7422262515134403,1.3111381989609443
005380,2022-02-04,-0.0047,6.0,0.6349,0.211,9.0,3.5,6.5,14.0,20.214551399727622,0.5096080851474641,0.025209962619023574,-0.016537873971754807,1.7422262515134403,1.3097526538672388
005380,2022-02-05,0.0053,3.0,0.0,0.1154,1.0,3.5,6.5,14.0,20.214551399727622,0.5096080851474641,0.025209962619023574,-0.016537873971754807,1.7422262515134403,1.3097526538672388
005380,2022-02-06,0.9807,7.0,0.027,0.2633,3.0,3.5,6.5,14.0,20.214551399727622,0.5096080851474641,0.025209962619023574,-0.016537873971754807,1.7422262515134403,1.3097526538672388
005380,2022-02-07,-0.0032,4.0,0.9962,0.2128,4.0,3.5,6.5,14.0,19.842178084469484,0.5002205677894845,0.025209962619023574,-0.016537873971754807,1.7422262515134403,1.3065197153152597
005380,2022-02-08,0.7187,7.0,0.6286,0.259,6.0,3.5,6.5,14.0,19.629393332893404,0.4948562721563533,0.025209962619023574,-0.016537873971754807,1.7422262515134403,1.304672321856986
005380,2022-02-09,-0.1163,5.0,0.8081,0.1534,7.0,3.5,6.5,14.0,19.682589520787424,0.4961973460646361,0.025209962619023574,-0.016537873971754807,1.7422262515134403,1.3051341702215544
005380,2022-02-10,0.0817,5.0,0.572,0.1569,8.0,3.5,6.5,14.0,19.735785708681444,0.4975384199729189,0.025209962619023574,-0.016537873971754807,1.7422262515134403,1.3055960185861228
005380,2022-02-11,0.4661,6.0,0.7444,0.2919,6.0,3.5,6.5,14.0,19.469804769211343,0.4908330504315049,0.025209962619023574,-0.016537873971754807,1.7422262515134403,1.3032867767632808
005380,2022-02-12,,,,,0.0,3.5,6.5,14.0,19.469804769211343,0.4908330504315049,0.025209962619023574,-0.016537873971754807,1.7422262515134403,1.3032867767632808
005380,2022-02-13,0.4962,4.0,0.4916,0.2906,2.0,3.5,6.5,14.0,19.469804769211343,0.4908330504315049,0.025209962619023574,-0.016537873971754807,1.7422262515134403,1.3032867767632808
005380,2022-02-14,0.6083,8.0,0.6559,0.1945,10.0,3.5,6.5,14.0,18.77825432658908,0.4733990896238285,0.025209962619023574,-0.016537873971754807,1.7422262515134403,1.2972827480238909
005380,2022-02-15,0.0062,3.0,0.0,0.2075,1.0,3.5,6.5,14.0,19.203823829741243,0.4841276808900909,0.025209962619023574,-0.016537873971754807,1.7422262515134403,1.3009775349404387
005380,2022-02-16,0.4578,4.0,0.542,0.1979,2.0,3.5,6.5,14.0,19.363412393423303,0.4881509026149393,0.025209962619023574,-0.016537873971754807,1.7422262515134403,1.302363080034144
005380,2022-02-17,-0.3234,5.0,0.7693,0.3664,3.0,3.5,6.5,14.0,19.523000957105364,0.4921741243397877,0.025209962619023574,-0.016537873971754807,1.7422262515134403,1.3037486251278492
005380,2022-02-18,0.9994,6.0,0.0004,0.3082,2.0,3.5,6.5,14.0,19.523000957105364,0.4921741243397877,0.025209962619023574,-0.016537873971754807,1.7422262515134403,1.3037486251278492
005380,2022-02-19,-0.3298,4.0,0.0,0.0889,1.0,3.5,6.5,14.0,19.523000957105364,0.4921741243397877,0.025209962619023574,-0.016537873971754807,1.7422262515134403,1.3037486251278492
005380,2022-02-20,,,,,0.0,3.5,6.5,14.0,19.523000957105364,0.4921741243397877,0.025209962619023574,-0.016537873971754807,1.7422262515134403,1.3037486251278492
005380,2022-02-21,0.4999,4.0,0.4999,0.1646,2.0,3.5,6.5,14.0,19.682589520787424,0.4961973460646361,0.025209962619023574,-0.016537873971754807,1.7422262515134403,1.3051341702215544
005380,2022-02-22,-0.6665,6.0,0.4713,0.1599,3.0,3.5,6.5,14.0,19.310216205529283,0.4868098287066565,0.025209962619023574,-0.016537873971754807,1.7422262515134403,1.3019012316695755
005380,2022-02-23,0.8074,7.0,0.3654,0.1547,6.0,3.5,6.5,14.0,19.203823829741243,0.4841276808900909,0.025209962619023574,-0.016537873971754807,1.7422262515134403,1.3009775349404387
005380,2022-02-24,0.806,6.0,0.3875,0.1967,5.0,3.5,6.5,14.0,18.40588101133094,0.4640115722658489,0.025209962619023574,-0.016537873971754807,1.7422262515134403,1.294049809471912
005380,2022-02-25,0.6978,8.0,0.4394,0.2282,9.0,3.5,6.5,14.0,18.51227338711898,0.4666937200824145,0.025209962619023574,-0.016537873971754807,1.7422262515134403,1.2949735062010488
005380,2022-02-26,,,,,0.0,3.5,6.5,14.0,18.51227338711898,0.4666937200824145,0.025209962619023574,-0.016537873971754807,1.7422262515134403,1.2949735062010488
005380,2022-02-27,0.7514,6.0,0.4301,0.205,4.0,3.5,6.5,14.0,18.51227338711898,0.4666937200824145,0.025209962619023574,-0.016537873971754807,1.7422262515134403,1.2949735062010488
005380,2022-02-28,-0.4287,6.0,0.728,0.2568,7.0,3.5,6.5,14.0,18.61866576290702,0.4693758678989801,0.025209962619023574,-0.016537873971754807,1.7422262515134403,1.2958972029301856
005380,2022-03-01,-0.9997,7.0,0.0001,0.2669,4.0,3.5,6.5,15.0,18.61866576290702,0.4693758678989801,0.025209962619023574,-0.016537873971754807,1.7422262515134403,1.2958972029301856
005380,2022-03-02,0.4608,8.0,0.7043,0.2055,15.0,3.5,6.5,15.0,18.13990007186084,0.4573062027244349,0.025209962619023574,-0.016537873971754807,1.7422262515134403,1.2917405676490699
005380,2022-03-03,0.5661,7.0,0.6767,0.278,8.0,3.5,6.5,15.0,18.884646702377122,0.4760812374403941,0.025209962619023574,-0.016537873971754807,1.7422262515134403,1.298206444753028
005380,2022-03-04,0.324,7.0,0.8663,0.1794,10.0,3.5,6.5,15.0,18.35268482343692,0.4626704983575661,0.025209962619023574,-0.016537873971754807,1.7422262515134403,1.2935879611073435
005380,2022-03-05,0.0291,3.0,0.0,0.1111,1.0,3.5,6.5,15.0,18.35268482343692,0.4626704983575661,0.025209962619023574,-0.016537873971754807,1.7422262515134403,1.2935879611073435
005380,2022-03-06,0.7477,6.0,0.4315,0.1939,4.0,3.5,6.5,15.0,18.35268482343692,0.4626704983575661,0.025209962619023574,-0.016537873971754807,1.7422262515134403,1.2935879611073435
005380,2022-03-07,0.5931,9.0,0.6149,0.1623,13.0,3.5,6.5,15.0,17.87391913239074,0.4506008331830209,0.025209962619023574,-0.016537873971754807,1.7422262515134403,1.2894313258262275
005380,2022-03-08,0.3024,7.0,0.8782,0.3003,9.0,3.5,6.5,15.0,17.87391913239074,0.4506008331830209,0.025209962619023574,-0.016537873971754807,1.7422262515134403,1.2894313258262275
005380,2022-03-09,0.9981,7.0,0.0025,0.2259,3.0,3.5,6.5,15.0,17.87391913239074,0.4506008331830209,0.025209962619023574,-0.016537873971754807,1.7422262515134403,1.2894313258262275
005380,2022-03-10,-0.4998,4.0,0.4999,0.2089,2.0,3.5,6.5,15.0,17.98031150817878,0.45328298099958647,0.025209962619023574,-0.016537873971754807,1.7422262515134403,1.2903550225553646
005380,2022-03-11,0.0003,3.0,0.0,0.2766,1.0,3.5,6.5,15.0,17.98031150817878,0.45328298099958647,0.025209962619023574,-0.016537873971754807,1.7422262515134403,1.2903550225553646
005380,2022-03-12,-0.6287,5.0,0.0,0.1538,1.0,3.5,6.5,15.0,17.98031150817878,0.45328298099958647,0.025209962619023574,-0.016537873971754807,1.7422262515134403,1.2903550225553646
005380,2022-03-13,-0.7256,6.0,0.3588,0.1943,3.0,3.5,6.5,15.0,17.98031150817878,0.45328298099958647,0.025209962619023574,-0.016537873971754807,1.7422262515134403,1.2903550225553646
005380,2022-03-14,-0.1302,4.0,0.4467,0.248,5.0,3.5,6.5,15.0,17.5015458171326,0.4412133158250413,0.025209962619023574,-0.016537873971754807,1.7422262515134403,1.2861983872742484
005380,2022-03-15,0.3638,5.0,0.7755,0.1932,5.0,3.5,6.5,15.0,17.34195725345054,0.4371900941001929,0.025209962619023574,-0.016537873971754807,1.7422262515134403,1.2848128421805431
005380,2022-03-16,0.4439,7.0,0.4954,0.2402,9.0,3.5,6.5,15.0,17.87391913239074,0.4506008331830209,0.025209962619023574,-0.016537873971754807,1.7422262515134403,1.2894313258262275
005380,2022-03-17,0.6038,7.0,0.4546,0.179,7.0,3.5,6.5,15.0,17.92711532028476,0.4519419070913037,0.025209962619023574,-0.016537873971754807,1.7422262515134403,1.2898931741907962
005380,2022-03-18,0.0003,5.0,0.8653,0.2895,8.0,3.5,6.5,15.0,18.19309625975486,0.4586472766327177,0.025209962619023574,-0.016537873971754807,1.7422262515134403,1.2922024160136383
005380,2022-03-19,-0.0695,3.0,0.0696,0.3839,2.0,3.5,6.5,15.0,18.19309625975486,0.4586472766327177,0.025209962619023574,-0.016537873971754807,1.7422262515134403,1.2922024160136383
005380,2022-03-20,0.8715,6.0,0.1281,0.2056,2.0,3.5,6.5,15.0,18.19309625975486,0.4586472766327177,0.025209962619023574,-0.016537873971754807,1.7422262515134403,1.2922024160136383
005380,2022-03-21,0.1862,5.0,0.7325,0.2317,5.0,3.5,6.5,15.0,17.92711532028476,0.4519419070913037,0.025209962619023574,-0.016537873971754807,1.7422262515134403,1.2898931741907962
005380,2022-03-22,0.2198,5.0,0.3915,0.1671,5.0,3.5,6.5,15.0,18.45907719922496,0.4653526461741317,0.025209962619023574,-0.016537873971754807,1.7422262515134403,1.2945116578364804
005380,2022-03-23,0.6598,6.0,0.4162,0.1507,5.0,3.5,6.5,15.0,18.72505813869506,0.4720580157155457,0.025209962619023574,-0.016537873971754807,1.7422262515134403,1.2968208996593225
005380,2022-03-24,0.28,8.0,0.5829,0.1924,13.0,3.5,6.5,15.0,18.72505813869506,0.4720580157155457,0.025209962619023574,-0.016537873971754807,1.7422262515134403,1.2968208996593225
005380,2022-03-25,0.3406,5.0,0.9009,0.1879,3.0,3.5,6.5,15.0,18.51227338711898,0.4666937200824145,0.025209962619023574,-0.016537873971754807,1.7422262515134403,1.2949735062010488
005380,2022-03-26,0.0011,3.0,0.0,0.1111,1.0,3.5,6.5,15.0,18.51227338711898,0.4666937200824145,0.025209962619023574,-0.016537873971754807,1.7422262515134403,1.2949735062010488
005380,2022-03-27,0.4702,6.0,0.6881,0.1534,8.0,3.5,6.5,15.0,18.51227338711898,0.4666937200824145,0.025209962619023574,-0.016537873971754807,1.7422262515134403,1.2949735062010488
005380,2022-03-28,0.4993,5.0,0.5005,0.221,4.0,3.5,6.5,15.0,18.565469575013,0.4680347939906973,0.025209962619023574,-0.016537873971754807,1.7422262515134403,1.2954353545656172
005380,2022-03-29,0.4134,6.0,0.7644,0.2104,8.0,3.5,6.5,15.0,18.77825432658908,0.4733990896238285,0.025209962619023574,-0.016537873971754807,1.7422262515134403,1.2972827480238909
005380,2022-03-30,0.6617,7.0,0.6417,0.1978,8.0,3.5,6.5,15.0,19.257020017635263,0.4854687547983737,0.025209962619023574,-0.016537873971754807,1.7422262515134403,1.301439383305007
005380,2022-03-31,0.4799,6.0,0.6524,0.1596,8.0,3.5,6.5,15.0,19.203823829741243,0.4841276808900909,0.025209962619023574,-0.016537873971754807,1.7422262515134403,1.3009775349404387
005380,2022-04-01,-0.0763,7.0,0.8275,0.2388,13.0,3.5,9.67,4.0,6.401965465775362,0.441161220986463,0.06891027815518411,0.13089749060653813,1.8317397658696934,1.3040893429224725
005380,2022-04-02,0.3748,4.0,0.0485,0.3046,2.0,3.5,9.67,4.0,6.401965465775362,0.441161220986463,0.06891027815518411,0.13089749060653813,1.8317397658696934,1.3040893429224725
005380,2022-04-03,-0.8169,5.0,0.1584,0.3663,2.0,3.5,9.67,4.0,6.401965465775362,0.441161220986463,0.06891027815518411,0.13089749060653813,1.8317397658696934,1.3040893429224725
005380,2022-04-04,0.9969,6.0,0.0021,0.2932,2.0,3.5,9.67,4.0,6.401965465775362,0.441161220986463,0.06891027815518411,0.13089749060653813,1.8317397658696934,1.3040893429224725
005380,2022-04-05,-0.1087,6.0,0.5665,0.2222,9.0,3.5,9.67,4.0,6.4379315638976955,0.4436396548122296,0.06891027815518411,0.13089749060653813,1.8317397658696934,1.3049011723772717
005380,2022-04-06,0.7048,6.0,0.4114,0.2106,4.0,3.5,9.67,4.0,6.473897662020029,0.4461180886379963,0.06891027815518411,0.13089749060653813,1.8317397658696934,1.3057130018320708
005380,2022-04-07,0.7498,6.0,0.4329,0.1336,4.0,3.5,9.67,4.0,6.419948514836529,0.4424004378993463,0.06891027815518411,0.13089749060653813,1.8317397658696934,1.3044952576498723
005380,2022-04-08,0.0001,5.0,0.4998,0.3102,8.0,3.5,9.67,4.0,6.348016318591862,0.437443570247813,0.06891027815518411,0.13089749060653813,1.8317397658696934,1.302871598740274
005380,2022-04-09,,,,,0.0,3.5,9.67,4.0,6.348016318591862,0.437443570247813,0.06891027815518411,0.13089749060653813,1.8317397658696934,1.302871598740274
005380,2022-04-10,0.9998,6.0,0.0,0.1176,1.0,3.5,9.67,4.0,6.348016318591862,0.437443570247813,0.06891027815518411,0.13089749060653813,1.8317397658696934,1.302871598740274
005380,2022-04-11,0.0311,6.0,0.6603,0.1679,9.0,3.5,9.67,4.0,6.455914612958862,0.4448788717251129,0.06891027815518411,0.13089749060653813,1.8317397658696934,1.3053070871046715
005380,2022-04-12,0.3411,7.0,0.6224,0.141,9.0,3.5,9.67,4.0,6.401965465775362,0.441161220986463,0.06891027815518411,0.13089749060653813,1.8317397658696934,1.3040893429224725
005380,2022-04-13,0.2408,7.0,0.4792,0.2185,11.0,3.5,9.67,4.0,6.509863760142363,0.4485965224637629,0.06891027815518411,0.13089749060653813,1.8317397658696934,1.3065248312868702
005380,2022-04-14,0.4806,8.0,0.4853,0.2214,17.0,3.5,9.67,4.0,6.383982416714195,0.4399220040735797,0.06891027815518411,0.13089749060653813,1.8317397658696934,1.303683428195073
005380,2022-04-15,0.4799,6.0,0.477,0.2342,6.0,3.5,9.67,4.0,6.365999367653028,0.4386827871606963,0.06891027815518411,0.13089749060653813,1.8317397658696934,1.3032775134676733
005380,2022-04-16,0.6663,6.0,0.4711,0.2696,3.0,3.5,9.67,4.0,6.365999367653028,0.4386827871606963,0.06891027815518411,0.13089749060653813,1.8317397658696934,1.3032775134676733
005380,2022-04-17,0.6336,6.0,0.4375,0.1612,5.0,3.5,9.67,4.0,6.365999367653028,0.4386827871606963,0.06891027815518411,0.13089749060653813,1.8317397658696934,1.3032775134676733
005380,2022-04-18,0.4817,8.0,0.6339,0.1336,12.0,3.5,9.67,4.0,6.419948514836529,0.4424004378993463,0.06891027815518411,0.13089749060653813,1.8317397658696934,1.3044952576498723
005380,2022-04-19,0.3374,6.0,0.7434,0.198,6.0,3.5,9.67,4.0,6.509863760142363,0.4485965224637629,0.06891027815518411,0.13089749060653813,1.8317397658696934,1.3065248312868702
005380,2022-04-20,0.8582,9.0,0.203,0.1826,9.0,3.5,9.67,4.0,6.58179595638703,0.4535533901152962,0.06891027815518411,0.13089749060653813,1.8317397658696934,1.3081484901964686
005380,2022-04-21,0.2005,7.0,0.5989,0.1939,10.0,3.5,9.67,4.0,6.58179595638703,0.4535533901152962,0.06891027815518411,0.13089749060653813,1.8317397658696934,1.3081484901964686
005380,2022-04-22,0.4019,6.0,0.6626,0.234,8.0,3.5,9.67,4.0,6.473897662020029,0.4461180886379963,0.06891027815518411,0.13089749060653813,1.8317397658696934,1.3057130018320708
005380,2022-04-23,0.9887,6.0,0.0111,0.2692,2.0,3.5,9.67,4.0,6.473897662020029,0.4461180886379963,0.06891027815518411,0.13089749060653813,1.8317397658696934,1.3057130018320708
005380,2022-04-24,0.6072,6.0,0.6771,0.2795,4.0,3.5,9.67,4.0,6.473897662020029,0.4461180886379963,0.06891027815518411,0.13089749060653813,1.8317397658696934,1.3057130018320708
005380,2022-04-25,0.8308,9.0,0.3008,0.2341,12.0,3.5,9.67,4.0,6.545829858264696,0.45107495628952954,0.06891027815518411,0.13089749060653813,1.8317397658696934,1.3073366607416694
005380,2022-04-26,0.6236,9.0,0.6662,0.3438,15.0,3.5,9.67,4.0,6.725660348876364,0.46346712541836277,0.06891027815518411,0.13089749060653813,1.8317397658696934,1.3113958080156654
005380,2022-04-27,0.325,6.0,0.8237,0.2421,7.0,3.5,9.67,4.0,6.725660348876364,0.46346712541836277,0.06891027815518411,0.13089749060653813,1.8317397658696934,1.3113958080156654
005380,2022-04-28,0.2559,8.0,0.7764,0.1796,17.0,3.5,9.67,4.0,6.779609496059864,0.46718477615701276,0.06891027815518411,0.13089749060653813,1.8317397658696934,1.3126135521978641
005380,2022-04-29,-0.7494,6.0,0.4328,0.2626,4.0,3.5,9.67,4.0,6.68969425075403,0.46098869159259614,0.06891027815518411,0.13089749060653813,1.8317397658696934,1.3105839785608662
005380,2022-04-30,,,,,0.0,3.5,9.67,4.0,6.68969425075403,0.46098869159259614,0.06891027815518411,0.13089749060653813,1.8317397658696934,1.3105839785608662
005380,2022-05-01,0.6676,7.0,0.4696,0.2016,6.0,3.5,9.67,5.0,6.68969425075403,0.46098869159259614,0.06891027815518411,0.13089749060653813,1.8317397658696934,1.3105839785608662
005380,2022-05-02,-0.0354,6.0,0.8586,0.2716,10.0,3.5,9.67,5.0,6.725660348876364,0.46346712541836277,0.06891027815518411,0.13089749060653813,1.8317397658696934,1.3113958080156654
005380,2022-05-03,0.0254,4.0,0.0508,0.1928,5.0,3.5,9.67,5.0,6.599779005448196,0.45479260702817953,0.06891027815518411,0.13089749060653813,1.8317397658696934,1.3085544049238682
005380,2022-05-04,0.282,6.0,0.7556,0.1816,6.0,3.5,9.67,5.0,6.617762054509363,0.45603182394106284,0.06891027815518411,0.13089749060653813,1.8317397658696934,1.3089603196512678
005380,2022-05-05,0.3835,4.0,0.3836,0.1519,2.0,3.5,9.67,5.0,6.617762054509363,0.45603182394106284,0.06891027815518411,0.13089749060653813,1.8317397658696934,1.3089603196512678
005380,2022-05-06,0.4999,4.0,0.4999,0.1678,2.0,3.5,9.67,5.0,6.563812907325863,0.4523141732024129,0.06891027815518411,0.13089749060653813,1.8317397658696934,1.307742575469069
005380,2022-05-07,,,,,0.0,3.5,9.67,5.0,6.563812907325863,0.4523141732024129,0.06891027815518411,0.13089749060653813,1.8317397658696934,1.307742575469069
005380,2022-05-08,0.6851,6.0,0.4449,0.0855,3.0,3.5,9.67,5.0,6.563812907325863,0.4523141732024129,0.06891027815518411,0.13089749060653813,1.8317397658696934,1.307742575469069
005380,2022-05-09,-0.028,5.0,0.6235,0.2052,8.0,3.5,9.67,5.0,6.527846809203529,0.4498357393766462,0.06891027815518411,0.13089749060653813,1.8317397658696934,1.3069307460142698
005380,2022-05-10,0.455,5.0,0.4534,0.2971,4.0,3.5,9.67,5.0,6.491880711081196,0.4473573055508796,0.06891027815518411,0.13089749060653813,1.8317397658696934,1.3061189165594707
005380,2022-05-11,0.6251,7.0,0.4837,0.2047,8.0,3.5,9.67,5.0,6.58179595638703,0.4535533901152962,0.06891027815518411,0.13089749060653813,1.8317397658696934,1.3081484901964686
005380,2022-05-12,-0.2461,5.0,0.4291,0.1503,4.0,3.5,9.67,5.0,6.491880711081196,0.4473573055508796,0.06891027815518411,0.13089749060653813,1.8317397658696934,1.3061189165594707
005380,2022-05-13,0.2506,8.0,0.6583,0.1337,12.0,3.5,9.67,5.0,6.707677299815197,0.46222790850547946,0.06891027815518411,0.13089749060653813,1.8317397658696934,1.3109898932882658
005380,2022-05-14,,,,,0.0,3.5,9.67,5.0,6.707677299815197,0.46222790850547946,0.06891027815518411,0.13089749060653813,1.8317397658696934,1.3109898932882658
005380,2022-05-15,0.2499,5.0,0.4328,0.2062,4.0,3.5,9.67,5.0,6.707677299815197,0.46222790850547946,0.06891027815518411,0.13089749060653813,1.8317397658696934,1.3109898932882658
005380,2022-05-16,0.6915,8.0,0.437,0.1637,9.0,3.5,9.67,5.0,6.617762054509363,0.45603182394106284,0.06891027815518411,0.13089749060653813,1.8317397658696934,1.3089603196512678
005380,2022-05-17,0.9838,7.0,0.0262,0.2126,4.0,3.5,9.67,5.0,6.6717112016928635,0.45974947467971283,0.06891027815518411,0.13089749060653813,1.8317397658696934,1.3101780638334666
005380,2022-05-18,0.7755,8.0,0.4148,0.1488,9.0,3.5,9.67,5.0,6.6717112016928635,0.45974947467971283,0.06891027815518411,0.13089749060653813,1.8317397658696934,1.3101780638334666
005380,2022-05-19,-0.0104,6.0,0.7242,0.2214,11.0,3.5,9.67,5.0,6.545829858264696,0.45107495628952954,0.06891027815518411,0.13089749060653813,1.8317397658696934,1.3073366607416694
005380,2022-05-20,0.0004,4.0,0.0007,0.1998,5.0,3.5,9.67,5.0,6.707677299815197,0.46222790850547946,0.06891027815518411,0.13089749060653813,1.8317397658696934,1.3109898932882658
005380,2022-05-21,0.8027,6.0,0.3402,0.2546,4.0,3.5,9.67,5.0,6.707677299815197,0.46222790850547946,0.06891027815518411,0.13089749060653813,1.8317397658696934,1.3109898932882658
005380,2022-05-22,-0.0012,5.0,0.0037,0.2644,7.0,3.5,9.67,5.0,6.707677299815197,0.46222790850547946,0.06891027815518411,0.13089749060653813,1.8317397658696934,1.3109898932882658
005380,2022-05-23,0.4479,8.0,0.6109,0.2415,14.0,3.5,9.67,5.0,6.761626446998697,0.46594555924412945,0.06891027815518411,0.13089749060653813,1.8317397658696934,1.3122076374704645
005380,2022-05-24,0.3517,8.0,0.4853,0.2185,22.0,3.5,9.67,5.0,6.653728152631697,0.4585102577668295,0.06891027815518411,0.13089749060653813,1.8317397658696934,1.309772149106067
005380,2022-05-25,0.0031,5.0,0.5289,0.2641,7.0,3.5,9.67,5.0,6.599779005448196,0.45479260702817953,0.06891027815518411,0.13089749060653813,1.8317397658696934,1.3085544049238682
005380,2022-05-26,-0.0589,6.0,0.6788,0.148,11.0,3.5,9.67,5.0,6.617762054509363,0.45603182394106284,0.06891027815518411,0.13089749060653813,1.8317397658696934,1.3089603196512678
005380,2022-05-27,0.4061,6.0,0.4704,0.1261,8.0,3.5,9.67,5.0,6.6717112016928635,0.45974947467971283,0.06891027815518411,0.13089749060653813,1.8317397658696934,1.3101780638334666
005380,2022-05-28,0.0,3.0,0.0,0.1273,1.0,3.5,9.67,5.0,6.6717112016928635,0.45974947467971283,0.06891027815518411,0.13089749060653813,1.8317397658696934,1.3101780638334666
005380,2022-05-29,0.1783,5.0,0.2156,0.1879,4.0,3.5,9.67,5.0,6.6717112016928635,0.45974947467971283,0.06891027815518411,0.13089749060653813,1.8317397658696934,1.3101780638334666
005380,2022-05-30,0.5278,9.0,0.4629,0.1279,13.0,3.5,9.67,5.0,6.7436433979375305,0.46470634233124614,0.06891027815518411,0.13089749060653813,1.8317397658696934,1.311801722743065
005380,2022-05-31,0.3119,6.0,0.4286,0.1416,7.0,3.5,9.67,5.0,6.815575594182198,0.4696632099827794,0.06891027815518411,0.13089749060653813,1.8317397658696934,1.3134253816526633
005380,2022-06-01,-0.2313,5.0,0.4007,0.2091,4.0,3.5,9.67,6.0,6.815575594182198,0.4696632099827794,0.06891027815518411,0.13089749060653813,1.8317397658696934,1.3134253816526633
005380,2022-06-02,-0.5785,7.0,0.5541,0.3054,8.0,3.5,9.67,6.0,6.7436433979375305,0.46470634233124614,0.06891027815518411,0.13089749060653813,1.8317397658696934,1.311801722743065
005380,2022-06-03,0.249,5.0,0.8289,0.2011,4.0,3.5,9.67,6.0,6.725660348876364,0.46346712541836277,0.06891027815518411,0.13089749060653813,1.8317397658696934,1.3113958080156654
005380,2022-06-04,-0.9966,6.0,0.0,0.1837,1.0,3.5,9.67,6.0,6.725660348876364,0.46346712541836277,0.06891027815518411,0.13089749060653813,1.8317397658696934,1.3113958080156654
005380,2022-06-05,,,,,0.0,3.5,9.67,6.0,6.725660348876364,0.46346712541836277,0.06891027815518411,0.13089749060653813,1.8317397658696934,1.3113958080156654
005380,2022-06-06,0.3267,5.0,0.4485,0.2092,3.0,3.5,9.67,6.0,6.725660348876364,0.46346712541836277,0.06891027815518411,0.13089749060653813,1.8317397658696934,1.3113958080156654
005380,2022-06-07,0.0041,3.0,0.2064,0.2617,2.0,3.5,9.67,6.0,6.599779005448196,0.45479260702817953,0.06891027815518411,0.13089749060653813,1.8317397658696934,1.3085544049238682
005380,2022-06-08,-0.0516,5.0,0.7879,0.2004,6.0,3.5,9.67,6.0,6.58179595638703,0.4535533901152962,0.06891027815518411,0.13089749060653813,1.8317397658696934,1.3081484901964686
005380,2022-06-09,0.1414,7.0,0.541,0.1966,16.0,3.5,9.67,6.0,6.563812907325863,0.4523141732024129,0.06891027815518411,0.13089749060653813,1.8317397658696934,1.307742575469069
005380,2022-06-10,-0.0203,5.0,0.6727,0.21,8.0,3.5,9.67,6.0,6.63574510357053,0.45727104085394615,0.06891027815518411,0.13089749060653813,1.8317397658696934,1.3093662343786674
005380,2022-06-11,0.5,5.0,0.4998,0.1428,2.0,3.5,9.67,6.0,6.63574510357053,0.45727104085394615,0.06891027815518411,0.13089749060653813,1.8317397658696934,1.3093662343786674
005380,2022-06-12,-0.9057,6.0,0.0,0.1136,1.0,3.5,9.67,6.0,6.63574510357053,0.45727104085394615,0.06891027815518411,0.13089749060653813,1.8317397658696934,1.3093662343786674
005380,2022-06-13,-0.0869,6.0,0.2918,0.1586,11.0,3.5,9.67,6.0,6.294067171408361,0.43372591950916306,0.06891027815518411,0.13089749060653813,1.8317397658696934,1.301653854558075
005380,2022-06-14,-0.5918,6.0,0.4835,0.3326,5.0,3.5,9.67,6.0,6.168185827980194,0.42505140111897977,0.06891027815518411,0.13089749060653813,1.8317397658696934,1.298812451466278
005380,2022-06-15,0.7452,6.0,0.4302,0.2337,4.0,3.5,9.67,6.0,6.258101073286028,0.4312474856833964,0.06891027815518411,0.13089749060653813,1.8317397658696934,1.3008420251032757
005380,2022-06-16,0.2703,6.0,0.4244,0.1597,8.0,3.5,9.67,6.0,6.222134975163694,0.42876905185762976,0.06891027815518411,0.13089749060653813,1.8317397658696934,1.3000301956484765
005380,2022-06-17,0.1907,5.0,0.7311,0.2469,5.0,3.5,9.67,6.0,6.114236680796694,0.42133375038032983,0.06891027815518411,0.13089749060653813,1.8317397658696934,1.297594707284079
005380,2022-06-18,-0.0938,3.0,0.0943,0.1364,2.0,3.5,9.67,6.0,6.114236680796694,0.42133375038032983,0.06891027815518411,0.13089749060653813,1.8317397658696934,1.297594707284079
005380,2022-06-19,0.2538,5.0,0.3865,0.2486,5.0,3.5,9.67,6.0,6.114236680796694,0.42133375038032983,0.06891027815518411,0.13089749060653813,1.8317397658696934,1.297594707284079
005380,2022-06-20,0.4665,5.0,0.509,0.3041,4.0,3.5,9.67,6.0,6.1322197298578605,0.42257296729321314,0.06891027815518411,0.13089749060653813,1.8317397658696934,1.2980006220114788
005380,2022-06-21,0.5565,9.0,0.7033,0.2366,13.0,3.5,9.67,6.0,6.2041519261025275,0.42752983494474645,0.06891027815518411,0.13089749060653813,1.8317397658696934,1.2996242809210772
005380,2022-06-22,-0.0076,5.0,0.8845,0.1742,7.0,3.5,9.67,6.0,6.168185827980194,0.42505140111897977,0.06891027815518411,0.13089749060653813,1.8317397658696934,1.298812451466278
005380,2022-06-23,0.4999,5.0,0.4999,0.1796,4.0,3.5,9.67,6.0,6.150202778919027,0.42381218420609645,0.06891027815518411,0.13089749060653813,1.8317397658696934,1.2984065367388782
005380,2022-06-24,-0.2499,5.0,0.4329,0.1362,4.0,3.5,9.67,6.0,6.222134975163694,0.42876905185762976,0.06891027815518411,0.13089749060653813,1.8317397658696934,1.3000301956484765
005380,2022-06-25,,,,,0.0,3.5,9.67,6.0,6.222134975163694,0.42876905185762976,0.06891027815518411,0.13089749060653813,1.8317397658696934,1.3000301956484765
005380,2022-06-26,0.0716,4.0,0.7159,0.16,3.0,3.5,9.67,6.0,6.222134975163694,0.42876905185762976,0.06891027815518411,0.13089749060653813,1.8317397658696934,1.3000301956484765
005380,2022-06-27,0.4915,7.0,0.6561,0.1743,9.0,3.5,9.67,6.0,6.58179595638703,0.4535533901152962,0.06891027815518411,0.13089749060653813,1.8317397658696934,1.3081484901964686
005380,2022-06-28,0.3821,7.0,0.6474,0.1549,10.0,3.5,9.67,6.0,6.68969425075403,0.46098869159259614,0.06891027815518411,0.13089749060653813,1.8317397658696934,1.3105839785608662
005380,2022-06-29,0.001,7.0,0.7981,0.2407,16.0,3.5,9.67,6.0,6.312050220469528,0.4349651364220464,0.06891027815518411,0.13089749060653813,1.8317397658696934,1.3020597692854747
005380,2022-06-30,0.2917,8.0,0.6829,0.1824,14.0,3.5,9.67,6.0,6.491880711081196,0.4473573055508796,0.06891027815518411,0.13089749060653813,1.8317397658696934,1.3061189165594707
005380,2022-07-01,-0.0833,7.0,0.8602,0.2251,12.0,3.5,9.67,7.0,6.473897662020029,0.4461180886379963,0.06891027815518411,0.13089749060653813,1.8317397658696934,1.3057130018320708
005380,2022-07-02,0.0735,4.0,0.8225,0.2763,3.0,3.5,9.67,7.0,6.473897662020029,0.4461180886379963,0.06891027815518411,0.13089749060653813,1.8317397658696934,1.3057130018320708
005380,2022-07-03,0.1514,4.0,0.1851,0.1498,3.0,3.5,9.67,7.0,6.473897662020029,0.4461180886379963,0.06891027815518411,0.13089749060653813,1.8317397658696934,1.3057130018320708
005380,2022-07-04,-0.0704,5.0,0.7366,0.2416,6.0,3.5,9.67,7.0,6.401965465775362,0.441161220986463,0.06891027815518411,0.13089749060653813,1.8317397658696934,1.3040893429224725
005380,2022-07-05,0.0015,4.0,0.7049,0.2122,4.0,3.5,9.67,7.0,6.383982416714195,0.4399220040735797,0.06891027815518411,0.13089749060653813,1.8317397658696934,1.303683428195073
005380,2022-07-06,-0.0221,7.0,0.5671,0.2076,15.0,3.5,9.67,7.0,6.2041519261025275,0.42752983494474645,0.06891027815518411,0.13089749060653813,1.8317397658696934,1.2996242809210772
005380,2022-07-07,-0.1061,5.0,0.5564,0.1977,8.0,3.5,9.67,7.0,6.294067171408361,0.43372591950916306,0.06891027815518411,0.13089749060653813,1.8317397658696934,1.301653854558075
005380,2022-07-08,0.623,7.0,0.4797,0.1419,8.0,3.5,9.67,7.0,6.401965465775362,0.441161220986463,0.06891027815518411,0.13089749060653813,1.8317397658696934,1.3040893429224725
005380,2022-07-09,,,,,0.0,3.5,9.67,7.0,6.401965465775362,0.441161220986463,0.06891027815518411,0.13089749060653813,1.8317397658696934,1.3040893429224725
005380,2022-07-10,0.4897,6.0,0.6998,0.2127,8.0,3.5,9.67,7.0,6.401965465775362,0.441161220986463,0.06891027815518411,0.13089749060653813,1.8317397658696934,1.3040893429224725
005380,2022-07-11,-0.0865,7.0,0.7431,0.1977,15.0,3.5,9.67,7.0,6.4379315638976955,0.4436396548122296,0.06891027815518411,0.13089749060653813,1.8317397658696934,1.3049011723772717
005380,2022-07-12,0.4789,8.0,0.6555,0.2061,22.0,3.5,9.67,7.0,6.4379315638976955,0.4436396548122296,0.06891027815518411,0.13089749060653813,1.8317397658696934,1.3049011723772717
005380,2022-07-13,0.3403,8.0,0.6248,0.2115,20.0,3.5,9.67,7.0,6.599779005448196,0.45479260702817953,0.06891027815518411,0.13089749060653813,1.8317397658696934,1.3085544049238682
005380,2022-07-14,0.6563,8.0,0.4145,0.198,10.0,3.5,9.67,7.0,6.563812907325863,0.4523141732024129,0.06891027815518411,0.13089749060653813,1.8317397658696934,1.307742575469069
005380,2022-07-15,0.67,9.0,0.4262,0.3291,14.0,3.5,9.67,7.0,6.599779005448196,0.45479260702817953,0.06891027815518411,0.13089749060653813,1.8317397658696934,1.3085544049238682
005380,2022-07-16,,,,,0.0,3.5,9.67,7.0,6.599779005448196,0.45479260702817953,0.06891027815518411,0.13089749060653813,1.8317397658696934,1.3085544049238682
005380,2022-07-17,0.5078,5.0,0.492,0.171,2.0,3.5,9.67,7.0,6.599779005448196,0.45479260702817953,0.06891027815518411,0.13089749060653813,1.8317397658696934,1.3085544049238682
005380,2022-07-18,0.4705,8.0,0.6144,0.1307,12.0,3.5,9.67,7.0,6.6717112016928635,0.45974947467971283,0.06891027815518411,0.13089749060653813,1.8317397658696934,1.3101780638334666
005380,2022-07-19,0.2989,7.0,0.6258,0.2253,11.0,3.5,9.67,7.0,6.779609496059864,0.46718477615701276,0.06891027815518411,0.13089749060653813,1.8317397658696934,1.3126135521978641
005380,2022-07-20,0.1117,7.0,0.6533,0.193,14.0,3.5,9.67,7.0,6.797592545121031,0.46842399306989607,0.06891027815518411,0.13089749060653813,1.8317397658696934,1.3130194669252637
005380,2022-07-21,0.3954,8.0,0.6898,0.2656,23.0,3.5,9.67,7.0,6.797592545121031,0.46842399306989607,0.06891027815518411,0.13089749060653813,1.8317397658696934,1.3130194669252637
005380,2022-07-22,0.7905,8.0,0.3758,0.2896,11.0,3.5,9.67,7.0,6.869524741365697,0.4733808607214294,0.06891027815518411,0.13089749060653813,1.8317397658696934,1.314643125834862
005380,2022-07-23,0.5009,6.0,0.3543,0.2608,4.0,3.5,9.67,7.0,6.869524741365697,0.4733808607214294,0.06891027815518411,0.13089749060653813,1.8317397658696934,1.314643125834862
005380,2022-07-24,-0.2278,5.0,0.4331,0.3146,4.0,3.5,9.67,7.0,6.869524741365697,0.4733808607214294,0.06891027815518411,0.13089749060653813,1.8317397658696934,1.314643125834862
005380,2022-07-25,0.3143,7.0,0.4856,0.2225,9.0,3.5,9.67,7.0,7.049355231977365,0.4857730298502626,0.06891027815518411,0.13089749060653813,1.8317397658696934,1.318702273108858
005380,2022-07-26,0.206,6.0,0.3612,0.1819,6.0,3.5,9.67,7.0,7.049355231977365,0.4857730298502626,0.06891027815518411,0.13089749060653813,1.8317397658696934,1.318702273108858
005380,2022-07-27,0.3345,7.0,0.6331,0.195,9.0,3.5,9.67,7.0,7.049355231977365,0.4857730298502626,0.06891027815518411,0.13089749060653813,1.8317397658696934,1.318702273108858
005380,2022-07-28,-0.0234,6.0,0.4363,0.2491,11.0,3.5,9.67,7.0,7.013389133855031,0.483294596024496,0.06891027815518411,0.13089749060653813,1.8317397658696934,1.3178904436540588
005380,2022-07-29,0.2472,7.0,0.3874,0.1615,9.0,3.5,9.67,7.0,7.049355231977365,0.4857730298502626,0.06891027815518411,0.13089749060653813,1.8317397658696934,1.318702273108858
005380,2022-07-30,0.0064,3.0,0.0,0.2128,1.0,3.5,9.67,7.0,7.049355231977365,0.4857730298502626,0.06891027815518411,0.13089749060653813,1.8317397658696934,1.318702273108858
005380,2022-07-31,0.0005,4.0,0.8157,0.2897,3.0,3.5,9.67,7.0,7.049355231977365,0.4857730298502626,0.06891027815518411,0.13089749060653813,1.8317397658696934,1.318702273108858
005380,2022-08-01,0.3254,6.0,0.7327,0.2916,6.0,3.5,9.67,8.0,7.049355231977365,0.4857730298502626,0.06891027815518411,0.13089749060653813,1.8317397658696934,1.318702273108858
005380,2022-08-02,0.8016,6.0,0.3886,0.2332,5.0,3.5,9.67,8.0,7.0673382810385315,0.4870122467631459,0.06891027815518411,0.13089749060653813,1.8317397658696934,1.3191081878362576
005380,2022-08-03,0.3861,5.0,0.7895,0.3089,5.0,3.5,9.67,8.0,7.085321330099698,0.48825146367602923,0.06891027815518411,0.13089749060653813,1.8317397658696934,1.3195141025636572
005380,2022-08-04,0.2363,6.0,0.8787,0.2102,6.0,3.5,9.67,8.0,7.0673382810385315,0.4870122467631459,0.06891027815518411,0.13089749060653813,1.8317397658696934,1.3191081878362576
005380,2022-08-05,0.107,5.0,0.1905,0.1954,6.0,3.5,9.67,8.0,6.995406084793864,0.4820553791116126,0.06891027815518411,0.13089749060653813,1.8317397658696934,1.3174845289266592
005380,2022-08-06,,,,,0.0,3.5,9.67,8.0,6.995406084793864,0.4820553791116126,0.06891027815518411,0.13089749060653813,1.8317397658696934,1.3174845289266592
005380,2022-08-07,-0.4998,4.0,0.4999,0.2005,2.0,3.5,9.67,8.0,6.995406084793864,0.4820553791116126,0.06891027815518411,0.13089749060653813,1.8317397658696934,1.3174845289266592
005380,2022-08-08,-0.0309,5.0,0.5813,0.1871,6.0,3.5,9.67,8.0,7.049355231977365,0.4857730298502626,0.06891027815518411,0.13089749060653813,1.8317397658696934,1.318702273108858
005380,2022-08-09,0.4969,5.0,0.4969,0.1192,4.0,3.5,9.67,8.0,6.959439986671531,0.479576945285846,0.06891027815518411,0.13089749060653813,1.8317397658696934,1.31667269947186
005380,2022-08-10,0.4687,4.0,0.4562,0.11,2.0,3.5,9.67,8.0,6.923473888549197,0.47709851146007937,0.06891027815518411,0.13089749060653813,1.8317397658696934,1.3158608700170609
005380,2022-08-11,0.6105,7.0,0.4738,0.1846,8.0,3.5,9.67,8.0,6.941456937610364,0.4783377283729627,0.06891027815518411,0.13089749060653813,1.8317397658696934,1.3162667847444605
005380,2022-08-12,0.5206,6.0,0.2905,0.1246,4.0,3.5,9.67,8.0,7.049355231977365,0.4857730298502626,0.06891027815518411,0.13089749060653813,1.8317397658696934,1.318702273108858
005380,2022-08-13,-0.0,3.0,0.0,0.0654,2.0,3.5,9.67,8.0,7.049355231977365,0.4857730298502626,0.06891027815518411,0.13089749060653813,1.8317397658696934,1.318702273108858
005380,2022-08-14,0.4956,4.0,0.4953,0.2265,2.0,3.5,9.67,8.0,7.049355231977365,0.4857730298502626,0.06891027815518411,0.13089749060653813,1.8317397658696934,1.318702273108858
005380,2022-08-15,0.693,6.0,0.4323,0.1897,3.0,3.5,9.67,8.0,7.049355231977365,0.4857730298502626,0.06891027815518411,0.13089749060653813,1.8317397658696934,1.318702273108858
005380,2022-08-16,0.14,5.0,0.6388,0.2209,7.0,3.5,9.67,8.0,7.103304379160865,0.4894906805889126,0.06891027815518411,0.13089749060653813,1.8317397658696934,1.3199200172910568
005380,2022-08-17,0.3767,8.0,0.7401,0.172,13.0,3.5,9.67,8.0,6.8335586432433635,0.47090242689566275,0.06891027815518411,0.13089749060653813,1.8317397658696934,1.313831296380063
005380,2022-08-18,0.1866,8.0,0.7304,0.282,13.0,3.5,9.67,8.0,6.68969425075403,0.46098869159259614,0.06891027815518411,0.13089749060653813,1.8317397658696934,1.3105839785608662
005380,2022-08-19,0.0033,6.0,0.6441,0.2475,9.0,3.5,9.67,8.0,6.8335586432433635,0.47090242689566275,0.06891027815518411,0.13089749060653813,1.8317397658696934,1.313831296380063
005380,2022-08-20,0.4989,4.0,0.4988,0.1503,2.0,3.5,9.67,8.0,6.8335586432433635,0.47090242689566275,0.06891027815518411,0.13089749060653813,1.8317397658696934,1.313831296380063
005380,2022-08-21,-0.012,4.0,0.5822,0.1544,5.0,3.5,9.67,8.0,6.8335586432433635,0.47090242689566275,0.06891027815518411,0.13089749060653813,1.8317397658696934,1.313831296380063
005380,2022-08-22,0.1224,7.0,0.8107,0.1862,14.0,3.5,9.67,8.0,6.797592545121031,0.46842399306989607,0.06891027815518411,0.13089749060653813,1.8317397658696934,1.3130194669252637
005380,2022-08-23,0.9996,8.0,0.0005,0.3411,6.0,3.5,9.67,8.0,6.797592545121031,0.46842399306989607,0.06891027815518411,0.13089749060653813,1.8317397658696934,1.3130194669252637
005380,2022-08-24,0.3257,8.0,0.5947,0.2075,12.0,3.5,9.67,8.0,6.761626446998697,0.46594555924412945,0.06891027815518411,0.13089749060653813,1.8317397658696934,1.3122076374704645
005380,2022-08-25,0.1863,6.0,0.746,0.2121,7.0,3.5,9.67,8.0,6.9054908394880306,0.475859294547196,0.06891027815518411,0.13089749060653813,1.8317397658696934,1.3154549552896613
005380,2022-08-26,0.4461,7.0,0.4572,0.1911,9.0,3.5,9.67,8.0,6.959439986671531,0.479576945285846,0.06891027815518411,0.13089749060653813,1.8317397658696934,1.31667269947186
005380,2022-08-27,-0.9854,6.0,0.0,0.1304,1.0,3.5,9.67,8.0,6.959439986671531,0.479576945285846,0.06891027815518411,0.13089749060653813,1.8317397658696934,1.31667269947186
005380,2022-08-28,0.7114,6.0,0.3216,0.1693,4.0,3.5,9.67,8.0,6.959439986671531,0.479576945285846,0.06891027815518411,0.13089749060653813,1.8317397658696934,1.31667269947186
005380,2022-08-29,0.0024,6.0,0.0039,0.1804,9.0,3.5,9.67,8.0,6.779609496059864,0.46718477615701276,0.06891027815518411,0.13089749060653813,1.8317397658696934,1.3126135521978641
005380,2022-08-30,0.1488,7.0,0.6368,0.1618,13.0,3.5,9.67,8.0,7.031372182916198,0.4845338129373793,0.06891027815518411,0.13089749060653813,1.8317397658696934,1.3182963583814584
005380,2022-08-31,0.5048,8.0,0.4782,0.1871,10.0,3.5,9.67,8.0,7.049355231977365,0.4857730298502626,0.06891027815518411,0.13089749060653813,1.8317397658696934,1.318702273108858
005380,2022-09-01,-0.0265,5.0,0.7945,0.1396,7.0,3.5,9.67,9.0,7.031372182916198,0.4845338129373793,0.06891027815518411,0.13089749060653813,1.8317397658696934,1.3182963583814584
005380,2022-09-02,0.4875,8.0,0.7003,0.2751,12.0,3.5,9.67,9.0,7.0673382810385315,0.4870122467631459,0.06891027815518411,0.13089749060653813,1.8317397658696934,1.3191081878362576
005380,2022-09-03,-0.0014,3.0,0.0,0.2653,1.0,3.5,9.67,9.0,7.0673382810385315,0.4870122467631459,0.06891027815518411,0.13089749060653813,1.8317397658696934,1.3191081878362576
005380,2022-09-04,0.0,4.0,0.8163,0.2235,3.0,3.5,9.67,9.0,7.0673382810385315,0.4870122467631459,0.06891027815518411,0.13089749060653813,1.8317397658696934,1.3191081878362576
005380,2022-09-05,-0.0341,5.0,0.5376,0.1659,7.0,3.5,9.67,9.0,7.193219624466699,0.4956867651533292,0.06891027815518411,0.13089749060653813,1.8317397658696934,1.321949590928055
005380,2022-09-06,0.83,6.0,0.2366,0.211,3.0,3.5,9.67,9.0,7.229185722589032,0.49816519897909584,0.06891027815518411,0.13089749060653813,1.8317397658696934,1.322761420382854
005380,2022-09-07,0.2551,8.0,0.452,0.1967,15.0,3.5,9.67,9.0,7.265151820711366,0.5006436328048625,0.06891027815518411,0.13089749060653813,1.8317397658696934,1.3235732498376533
005380,2022-09-08,0.4778,8.0,0.4364,0.284,12.0,3.5,9.67,9.0,7.193219624466699,0.4956867651533292,0.06891027815518411,0.13089749060653813,1.8317397658696934,1.321949590928055
005380,2022-09-09,-0.3265,5.0,0.4617,0.1444,3.0,3.5,9.67,9.0,7.193219624466699,0.4956867651533292,0.06891027815518411,0.13089749060653813,1.8317397658696934,1.321949590928055
005380,2022-09-10,-0.0653,4.0,0.6109,0.1621,4.0,3.5,9.67,9.0,7.193219624466699,0.4956867651533292,0.06891027815518411,0.13089749060653813,1.8317397658696934,1.321949590928055
005380,2022-09-11,0.9993,6.0,0.0,0.2292,1.0,3.5,9.67,9.0,7.193219624466699,0.4956867651533292,0.06891027815518411,0.13089749060653813,1.8317397658696934,1.321949590928055
005380,2022-09-12,0.9287,6.0,0.0708,0.1932,2.0,3.5,9.67,9.0,7.193219624466699,0.4956867651533292,0.06891027815518411,0.13089749060653813,1.8317397658696934,1.321949590928055
005380,2022-09-13,-0.39,5.0,0.7596,0.139,5.0,3.5,9.67,9.0,7.211202673527866,0.4969259820662125,0.06891027815518411,0.13089749060653813,1.8317397658696934,1.3223555056554543
005380,2022-09-14,0.0446,6.0,0.3736,0.1007,9.0,3.5,9.67,9.0,7.1392704772831985,0.4919691144146792,0.06891027815518411,0.13089749060653813,1.8317397658696934,1.320731846745856
005380,2022-09-15,0.4762,8.0,0.5106,0.1717,14.0,3.5,9.67,9.0,7.121287428222032,0.4907298975017959,0.06891027815518411,0.13089749060653813,1.8317397658696934,1.3203259320184564
005380,2022-09-16,0.0,3.0,0.9998,0.1752,2.0,3.5,9.67,9.0,7.229185722589032,0.49816519897909584,0.06891027815518411,0.13089749060653813,1.8317397658696934,1.322761420382854
005380,2022-09-17,,,,,0.0,3.5,9.67,9.0,7.229185722589032,0.49816519897909584,0.06891027815518411,0.13089749060653813,1.8317397658696934,1.322761420382854
005380,2022-09-18,0.1144,5.0,0.6017,0.16,8.0,3.5,9.67,9.0,7.229185722589032,0.49816519897909584,0.06891027815518411,0.13089749060653813,1.8317397658696934,1.322761420382854
005380,2022-09-19,0.5469,9.0,0.5221,0.1958,16.0,3.5,9.67,9.0,7.247168771650199,0.49940441589197915,0.06891027815518411,0.13089749060653813,1.8317397658696934,1.3231673351102535
005380,2022-09-20,0.7999,6.0,0.3999,0.1927,5.0,3.5,9.67,9.0,7.1392704772831985,0.4919691144146792,0.06891027815518411,0.13089749060653813,1.8317397658696934,1.320731846745856
005380,2022-09-21,0.5742,8.0,0.4728,0.1578,9.0,3.5,9.67,9.0,7.085321330099698,0.48825146367602923,0.06891027815518411,0.13089749060653813,1.8317397658696934,1.3195141025636572
005380,2022-09-22,0.2944,7.0,0.6059,0.161,11.0,3.5,9.67,9.0,6.959439986671531,0.479576945285846,0.06891027815518411,0.13089749060653813,1.8317397658696934,1.31667269947186
005380,2022-09-23,0.4,5.0,0.4896,0.2062,5.0,3.5,9.67,9.0,6.85154169230453,0.47214164380854606,0.06891027815518411,0.13089749060653813,1.8317397658696934,1.3142372111074625
005380,2022-09-24,0.0,3.0,0.0,0.12,1.0,3.5,9.67,9.0,6.85154169230453,0.47214164380854606,0.06891027815518411,0.13089749060653813,1.8317397658696934,1.3142372111074625
005380,2022-09-25,0.303,6.0,0.4922,0.1886,7.0,3.5,9.67,9.0,6.85154169230453,0.47214164380854606,0.06891027815518411,0.13089749060653813,1.8317397658696934,1.3142372111074625
005380,2022-09-26,0.0337,6.0,0.4395,0.202,11.0,3.5,9.67,9.0,6.563812907325863,0.4523141732024129,0.06891027815518411,0.13089749060653813,1.8317397658696934,1.307742575469069
005380,2022-09-27,-0.3318,6.0,0.4692,0.181,6.0,3.5,9.67,9.0,6.68969425075403,0.46098869159259614,0.06891027815518411,0.13089749060653813,1.8317397658696934,1.3105839785608662
005380,2022-09-28,0.4458,8.0,0.449,0.1733,12.0,3.5,9.67,9.0,6.455914612958862,0.4448788717251129,0.06891027815518411,0.13089749060653813,1.8317397658696934,1.3053070871046715
005380,2022-09-29,0.0694,6.0,0.895,0.1441,10.0,3.5,9.67,9.0,6.527846809203529,0.4498357393766462,0.06891027815518411,0.13089749060653813,1.8317397658696934,1.3069307460142698
005380,2022-09-30,0.2565,8.0,0.5712,0.1725,13.0,3.5,9.67,9.0,6.348016318591862,0.437443570247813,0.06891027815518411,0.13089749060653813,1.8317397658696934,1.302871598740274
005380,2022-10-01,,,,,0.0,3.5,9.67,10.0,6.348016318591862,0.437443570247813,0.06891027815518411,0.13089749060653813,1.8317397658696934,1.302871598740274
005380,2022-10-02,0.9996,6.0,0.0002,0.1264,2.0,3.5,9.67,10.0,6.348016318591862,0.437443570247813,0.06891027815518411,0.13089749060653813,1.8317397658696934,1.302871598740274
005380,2022-10-03,0.3255,5.0,0.4767,0.1263,3.0,3.5,9.67,10.0,6.348016318591862,0.437443570247813,0.06891027815518411,0.13089749060653813,1.8317397658696934,1.302871598740274
005380,2022-10-04,0.305,7.0,0.7717,0.2119,10.0,3.5,9.67,10.0,6.455914612958862,0.4448788717251129,0.06891027815518411,0.13089749060653813,1.8317397658696934,1.3053070871046715
005380,2022-10-05,0.1139,5.0,0.9594,0.2633,7.0,3.5,9.67,10.0,6.365999367653028,0.4386827871606963,0.06891027815518411,0.13089749060653813,1.8317397658696934,1.3032775134676733
005380,2022-10-06,0.171,8.0,0.5076,0.1948,12.0,3.5,9.67,10.0,6.401965465775362,0.441161220986463,0.06891027815518411,0.13089749060653813,1.8317397658696934,1.3040893429224725
005380,2022-10-07,0.3435,6.0,0.6667,0.2801,7.0,3.5,9.67,10.0,6.312050220469528,0.4349651364220464,0.06891027815518411,0.13089749060653813,1.8317397658696934,1.3020597692854747
005380,2022-10-08,-0.525,5.0,0.4742,0.1344,2.0,3.5,9.67,10.0,6.312050220469528,0.4349651364220464,0.06891027815518411,0.13089749060653813,1.8317397658696934,1.3020597692854747
005380,2022-10-09,,,,,0.0,3.5,9.67,10.0,6.312050220469528,0.4349651364220464,0.06891027815518411,0.13089749060653813,1.8317397658696934,1.3020597692854747
005380,2022-10-10,0.2002,5.0,0.7477,0.1605,5.0,3.5,9.67,10.0,6.312050220469528,0.4349651364220464,0.06891027815518411,0.13089749060653813,1.8317397658696934,1.3020597692854747
005380,2022-10-11,-0.0006,4.0,0.7058,0.2034,4.0,3.5,9.67,10.0,6.042304484552027,0.4163768827287965,0.06891027815518411,0.13089749060653813,1.8317397658696934,1.2959710483744806
005380,2022-10-12,0.2085,8.0,0.4734,0.247,25.0,3.5,9.67,10.0,6.042304484552027,0.4163768827287965,0.06891027815518411,0.13089749060653813,1.8317397658696934,1.2959710483744806
005380,2022-10-13,0.1763,8.0,0.3213,0.433,12.0,3.5,9.67,10.0,5.91642314112386,0.4077023643386133,0.06891027815518411,0.13089749060653813,1.8317397658696934,1.2931296452826837
005380,2022-10-14,-0.2802,5.0,0.525,0.223,3.0,3.5,9.67,10.0,6.006338386429694,0.4138984489030299,0.06891027815518411,0.13089749060653813,1.8317397658696934,1.2951592189196814
005380,2022-10-15,,,,,0.0,3.5,9.67,10.0,6.006338386429694,0.4138984489030299,0.06891027815518411,0.13089749060653813,1.8317397658696934,1.2951592189196814
005380,2022-10-16,0.1429,5.0,0.3498,0.16,7.0,3.5,9.67,10.0,6.006338386429694,0.4138984489030299,0.06891027815518411,0.13089749060653813,1.8317397658696934,1.2951592189196814
005380,2022-10-17,0.1196,4.0,0.4527,0.1504,5.0,3.5,9.67,10.0,6.006338386429694,0.4138984489030299,0.06891027815518411,0.13089749060653813,1.8317397658696934,1.2951592189196814
005380,2022-10-18,-0.0698,7.0,0.883,0.2111,14.0,3.5,9.67,10.0,6.042304484552027,0.4163768827287965,0.06891027815518411,0.13089749060653813,1.8317397658696934,1.2959710483744806
005380,2022-10-19,0.2426,8.0,0.6394,0.1956,14.0,3.5,9.67,10.0,6.042304484552027,0.4163768827287965,0.06891027815518411,0.13089749060653813,1.8317397658696934,1.2959710483744806
005380,2022-10-20,0.024,7.0,0.5517,0.1854,13.0,3.5,9.67,10.0,6.060287533613193,0.41761609964167984,0.06891027815518411,0.13089749060653813,1.8317397658696934,1.2963769631018804
005380,2022-10-21,0.5534,8.0,0.4382,0.2477,9.0,3.5,9.67,10.0,6.006338386429694,0.4138984489030299,0.06891027815518411,0.13089749060653813,1.8317397658696934,1.2951592189196814
005380,2022-10-22,0.0013,3.0,0.0,0.1034,1.0,3.5,9.67,10.0,6.006338386429694,0.4138984489030299,0.06891027815518411,0.13089749060653813,1.8317397658696934,1.2951592189196814
005380,2022-10-23,-0.0035,3.0,0.0021,0.1323,2.0,3.5,9.67,10.0,6.006338386429694,0.4138984489030299,0.06891027815518411,0.13089749060653813,1.8317397658696934,1.2951592189196814
005380,2022-10-24,-0.2185,8.0,0.6742,0.2455,12.0,3.5,9.67,10.0,5.8085248467568595,0.4002670628613133,0.06891027815518411,0.13089749060653813,1.8317397658696934,1.2906941569182862
005380,2022-10-25,-0.4353,8.0,0.7491,0.2642,13.0,3.5,9.67,10.0,5.844490944879193,0.40274549668708,0.06891027815518411,0.13089749060653813,1.8317397658696934,1.2915059863730853
005380,2022-10-26,0.4793,7.0,0.4785,0.1981,10.0,3.5,9.67,10.0,5.772558748634526,0.3977886290355467,0.06891027815518411,0.13089749060653813,1.8317397658696934,1.289882327463487
005380,2022-10-27,0.0317,7.0,0.8615,0.2313,25.0,3.5,9.67,10.0,5.826507895818026,0.4015062797741967,0.06891027815518411,0.13089749060653813,1.8317397658696934,1.2911000716456855
005380,2022-10-28,-0.0676,6.0,0.6914,0.1812,9.0,3.5,9.67,10.0,5.898440092062693,0.4064631474257299,0.06891027815518411,0.13089749060653813,1.8317397658696934,1.292723730555284
005380,2022-10-29,0.0011,3.0,0.0,0.234,1.0,3.5,9.67,10.0,5.898440092062693,0.4064631474257299,0.06891027815518411,0.13089749060653813,1.8317397658696934,1.292723730555284
005380,2022-10-30,0.0278,4.0,0.6775,0.2617,4.0,3.5,9.67,10.0,5.898440092062693,0.4064631474257299,0.06891027815518411,0.13089749060653813,1.8317397658696934,1.292723730555284
005380,2022-10-31,0.0592,4.0,0.1183,0.3091,5.0,3.5,9.67,10.0,5.91642314112386,0.4077023643386133,0.06891027815518411,0.13089749060653813,1.8317397658696934,1.2931296452826837
005380,2022-11-01,0.4102,6.0,0.6162,0.194,6.0,3.5,9.67,11.0,5.91642314112386,0.4077023643386133,0.06891027815518411,0.13089749060653813,1.8317397658696934,1.2931296452826837
005380,2022-11-02,0.4477,6.0,0.6979,0.2213,7.0,3.5,9.67,11.0,5.934406190185027,0.4089415812514966,0.06891027815518411,0.13089749060653813,1.8317397658696934,1.293535560010083
005380,2022-11-03,0.3192,6.0,0.6375,0.1802,7.0,3.5,9.67,11.0,5.826507895818026,0.4015062797741967,0.06891027815518411,0.13089749060653813,1.8317397658696934,1.2911000716456855
005380,2022-11-04,0.4552,6.0,0.6275,0.2606,7.0,3.5,9.67,11.0,5.86247399394036,0.4039847135999633,0.06891027815518411,0.13089749060653813,1.8317397658696934,1.2919119011004847
005380,2022-11-05,-0.7211,5.0,0.0,0.0408,1.0,3.5,9.67,11.0,5.86247399394036,0.4039847135999633,0.06891027815518411,0.13089749060653813,1.8317397658696934,1.2919119011004847
005380,2022-11-06,0.3235,5.0,0.4576,0.3237,3.0,3.5,9.67,11.0,5.86247399394036,0.4039847135999633,0.06891027815518411,0.13089749060653813,1.8317397658696934,1.2919119011004847
005380,2022-11-07,0.4399,8.0,0.4755,0.2558,13.0,3.5,9.67,11.0,6.096253631735527,0.42009453346744646,0.06891027815518411,0.13089749060653813,1.8317397658696934,1.2971887925566796
005380,2022-11-08,0.1247,5.0,0.9254,0.0979,8.0,3.5,9.67,11.0,6.114236680796694,0.42133375038032983,0.06891027815518411,0.13089749060653813,1.8317397658696934,1.297594707284079
005380,2022-11-09,0.0,4.0,0.0,0.1275,5.0,3.5,9.67,11.0,6.096253631735527,0.42009453346744646,0.06891027815518411,0.13089749060653813,1.8317397658696934,1.2971887925566796
005380,2022-11-10,0.1117,6.0,0.6913,0.1467,10.0,3.5,9.67,11.0,6.096253631735527,0.42009453346744646,0.06891027815518411,0.13089749060653813,1.8317397658696934,1.2971887925566796
005380,2022-11-11,0.0003,4.0,0.7055,0.161,4.0,3.5,9.67,11.0,6.186168877041361,0.4262906180318631,0.06891027815518411,0.13089749060653813,1.8317397658696934,1.2992183661936774
005380,2022-11-12,0.0017,3.0,0.0006,0.1148,2.0,3.5,9.67,11.0,6.186168877041361,0.4262906180318631,0.06891027815518411,0.13089749060653813,1.8317397658696934,1.2992183661936774
005380,2022-11-13,0.459,7.0,0.5183,0.1696,10.0,3.5,9.67,11.0,6.186168877041361,0.4262906180318631,0.06891027815518411,0.13089749060653813,1.8317397658696934,1.2992183661936774
005380,2022-11-14,0.1693,8.0,0.549,0.233,12.0,3.5,9.67,11.0,6.330033269530695,0.4362043533349297,0.06891027815518411,0.13089749060653813,1.8317397658696934,1.302465684012874
005380,2022-11-15,-0.0025,5.0,0.5735,0.1669,6.0,3.5,9.67,11.0,6.276084122347195,0.4324867025962797,0.06891027815518411,0.13089749060653813,1.8317397658696934,1.3012479398306755
005380,2022-11-16,-0.3311,6.0,0.4728,0.1693,6.0,3.5,9.67,11.0,6.186168877041361,0.4262906180318631,0.06891027815518411,0.13089749060653813,1.8317397658696934,1.2992183661936774
005380,2022-11-17,0.3383,8.0,0.5438,0.2021,13.0,3.5,9.67,11.0,6.114236680796694,0.42133375038032983,0.06891027815518411,0.13089749060653813,1.8317397658696934,1.297594707284079
005380,2022-11-18,0.9097,8.0,0.1611,0.273,7.0,3.5,9.67,11.0,6.096253631735527,0.42009453346744646,0.06891027815518411,0.13089749060653813,1.8317397658696934,1.2971887925566796
005380,2022-11-19,,,,,0.0,3.5,9.67,11.0,6.096253631735527,0.42009453346744646,0.06891027815518411,0.13089749060653813,1.8317397658696934,1.2971887925566796
005380,2022-11-20,0.2959,5.0,0.4133,0.1467,4.0,3.5,9.67,11.0,6.096253631735527,0.42009453346744646,0.06891027815518411,0.13089749060653813,1.8317397658696934,1.2971887925566796
005380,2022-11-21,0.4,5.0,0.4897,0.223,5.0,3.5,9.67,11.0,6.042304484552027,0.4163768827287965,0.06891027815518411,0.13089749060653813,1.8317397658696934,1.2959710483744806
005380,2022-11-22,0.1433,5.0,0.3497,0.1681,7.0,3.5,9.67,11.0,5.952389239246194,0.4101807981643799,0.06891027815518411,0.13089749060653813,1.8317397658696934,1.2939414747374829
005380,2022-11-23,-0.0719,5.0,0.7242,0.1927,6.0,3.5,9.67,11.0,5.97037228830736,0.4114200150772632,0.06891027815518411,0.13089749060653813,1.8317397658696934,1.2943473894648823
005380,2022-11-24,0.0,4.0,0.0014,0.1218,5.0,3.5,9.67,11.0,6.024321435490861,0.4151376658159132,0.06891027815518411,0.13089749060653813,1.8317397658696934,1.2955651336470813
005380,2022-11-25,0.2354,5.0,0.4703,0.1913,5.0,3.5,9.67,11.0,5.97037228830736,0.4114200150772632,0.06891027815518411,0.13089749060653813,1.8317397658696934,1.2943473894648823
005380,2022-11-26,,,,,0.0,3.5,9.67,11.0,5.97037228830736,0.4114200150772632,0.06891027815518411,0.13089749060653813,1.8317397658696934,1.2943473894648823
005380,2022-11-27,0.0458,5.0,0.586,0.1491,6.0,3.5,9.67,11.0,5.97037228830736,0.4114200150772632,0.06891027815518411,0.13089749060653813,1.8317397658696934,1.2943473894648823
005380,2022-11-28,0.3887,5.0,0.4374,0.1645,3.0,3.5,9.67,11.0,6.024321435490861,0.4151376658159132,0.06891027815518411,0.13089749060653813,1.8317397658696934,1.2955651336470813
005380,2022-11-29,0.6136,6.0,0.4727,0.1418,5.0,3.5,9.67,11.0,6.07827058267436,0.41885531655456315,0.06891027815518411,0.13089749060653813,1.8317397658696934,1.2967828778292798
005380,2022-11-30,-0.0366,7.0,0.6639,0.1907,12.0,3.5,9.67,11.0,6.07827058267436,0.41885531655456315,0.06891027815518411,0.13089749060653813,1.8317397658696934,1.2967828778292798
005380,2022-12-01,0.3161,8.0,0.6661,0.2381,16.0,3.5,9.67,12.0,6.168185827980194,0.42505140111897977,0.06891027815518411,0.13089749060653813,1.8317397658696934,1.298812451466278
005380,2022-12-02,0.6555,8.0,0.6489,0.2261,9.0,3.5,9.67,12.0,6.07827058267436,0.41885531655456315,0.06891027815518411,0.13089749060653813,1.8317397658696934,1.2967828778292798
005380,2022-12-03,,,,,0.0,3.5,9.67,12.0,6.07827058267436,0.41885531655456315,0.06891027815518411,0.13089749060653813,1.8317397658696934,1.2967828778292798
005380,2022-12-04,,,,,0.0,3.5,9.67,12.0,6.07827058267436,0.41885531655456315,0.06891027815518411,0.13089749060653813,1.8317397658696934,1.2967828778292798
005380,2022-12-05,-0.2069,5.0,0.7022,0.227,5.0,3.5,9.67,12.0,5.952389239246194,0.4101807981643799,0.06891027815518411,0.13089749060653813,1.8317397658696934,1.2939414747374829
005380,2022-12-06,0.6197,6.0,0.4309,0.1944,3.0,3.5,9.67,12.0,5.91642314112386,0.4077023643386133,0.06891027815518411,0.13089749060653813,1.8317397658696934,1.2931296452826837
005380,2022-12-07,0.6614,6.0,0.4679,0.1429,3.0,3.5,9.67,12.0,5.86247399394036,0.4039847135999633,0.06891027815518411,0.13089749060653813,1.8317397658696934,1.2919119011004847
005380,2022-12-08,0.6665,6.0,0.4713,0.1416,3.0,3.5,9.67,12.0,5.826507895818026,0.4015062797741967,0.06891027815518411,0.13089749060653813,1.8317397658696934,1.2911000716456855
005380,2022-12-09,0.4621,8.0,0.5227,0.1767,14.0,3.5,9.67,12.0,5.844490944879193,0.40274549668708,0.06891027815518411,0.13089749060653813,1.8317397658696934,1.2915059863730853
005380,2022-12-10,-0.9084,6.0,0.0,0.2143,1.0,3.5,9.67,12.0,5.844490944879193,0.40274549668708,0.06891027815518411,0.13089749060653813,1.8317397658696934,1.2915059863730853
005380,2022-12-11,0.93,7.0,0.097,0.2823,5.0,3.5,9.67,12.0,5.844490944879193,0.40274549668708,0.06891027815518411,0.13089749060653813,1.8317397658696934,1.2915059863730853
005380,2022-12-12,0.6672,7.0,0.4704,0.2235,6.0,3.5,9.67,12.0,5.880457043001527,0.4052239305128466,0.06891027815518411,0.13089749060653813,1.8317397658696934,1.2923178158278845
005380,2022-12-13,0.2278,7.0,0.707,0.2084,10.0,3.5,9.67,12.0,5.7365926505121925,0.39531019520978006,0.06891027815518411,0.13089749060653813,1.8317397658696934,1.2890704980086878
005380,2022-12-14,0.4445,7.0,0.6585,0.1583,11.0,3.5,9.67,12.0,5.880457043001527,0.4052239305128466,0.06891027815518411,0.13089749060653813,1.8317397658696934,1.2923178158278845
005380,2022-12-15,0.2023,7.0,0.6315,0.1833,9.0,3.5,9.67,12.0,5.826507895818026,0.4015062797741967,0.06891027815518411,0.13089749060653813,1.8317397658696934,1.2911000716456855
005380,2022-12-16,0.01,6.0,0.4697,0.1373,9.0,3.5,9.67,12.0,5.844490944879193,0.40274549668708,0.06891027815518411,0.13089749060653813,1.8317397658696934,1.2915059863730853
005380,2022-12-17,,,,,0.0,3.5,9.67,12.0,5.844490944879193,0.40274549668708,0.06891027815518411,0.13089749060653813,1.8317397658696934,1.2915059863730853
005380,2022-12-18,0.9059,6.0,0.0939,0.1287,2.0,3.5,9.67,12.0,5.844490944879193,0.40274549668708,0.06891027815518411,0.13089749060653813,1.8317397658696934,1.2915059863730853
005380,2022-12-19,-0.2842,8.0,0.6987,0.1834,14.0,3.5,9.67,12.0,5.718609601451026,0.3940709782968967,0.06891027815518411,0.13089749060653813,1.8317397658696934,1.288664583281288
005380,2022-12-20,-0.0711,7.0,0.7189,0.1841,13.0,3.5,9.67,12.0,5.646677405206359,0.38911411064536344,0.06891027815518411,0.13089749060653813,1.8317397658696934,1.2870409243716896
005380,2022-12-21,0.3748,6.0,0.4497,0.1537,6.0,3.5,9.67,12.0,5.610711307084025,0.38663567681959676,0.06891027815518411,0.13089749060653813,1.8317397658696934,1.2862290949168904
005380,2022-12-22,0.8901,8.0,0.2071,0.1901,6.0,3.5,9.67,12.0,5.700626552389859,0.3928317613840134,0.06891027815518411,0.13089749060653813,1.8317397658696934,1.2882586685538886
005380,2022-12-23,0.2918,5.0,0.7002,0.201,4.0,3.5,9.67,12.0,5.646677405206359,0.38911411064536344,0.06891027815518411,0.13089749060653813,1.8317397658696934,1.2870409243716896
005380,2022-12-24,,,,,0.0,3.5,9.67,12.0,5.646677405206359,0.38911411064536344,0.06891027815518411,0.13089749060653813,1.8317397658696934,1.2870409243716896
005380,2022-12-25,0.5814,6.0,0.4758,0.2288,5.0,3.5,9.67,12.0,5.646677405206359,0.38911411064536344,0.06891027815518411,0.13089749060653813,1.8317397658696934,1.2870409243716896
005380,2022-12-26,0.213,6.0,0.789,0.1695,8.0,3.5,9.67,12.0,5.682643503328692,0.39159254447113007,0.06891027815518411,0.13089749060653813,1.8317397658696934,1.2878527538264888
005380,2022-12-27,0.5555,7.0,0.5039,0.189,7.0,3.5,9.67,12.0,5.682643503328692,0.39159254447113007,0.06891027815518411,0.13089749060653813,1.8317397658696934,1.2878527538264888
005380,2022-12-28,-0.1551,5.0,0.6731,0.1713,6.0,3.5,9.67,12.0,5.538779110839358,0.38167880916806346,0.06891027815518411,0.13089749060653813,1.8317397658696934,1.284605436007292
005380,2022-12-29,-0.2135,6.0,0.3742,0.3039,6.0,3.5,9.67,12.0,5.430880816472357,0.37424350769076353,0.06891027815518411,0.13089749060653813,1.8317397658696934,1.2821699476428945
005380,2022-12-30,-0.2939,6.0,0.4174,0.1254,7.0,3.5,9.67,12.0,5.430880816472357,0.37424350769076353,0.06891027815518411,0.13089749060653813,1.8317397658696934,1.2821699476428945
005380,2022-12-31,0.4881,4.0,0.5106,0.1122,2.0,3.5,9.67,12.0,5.430880816472357,0.37424350769076353,0.06891027815518411,0.13089749060653813,1.8317397658696934,1.2821699476428945
005380,2023-01-01,0.6168,6.0,0.4671,0.2242,5.0,3.5,9.67,13.0,5.430880816472357,0.37424350769076353,0.06891027815518411,0.13089749060653813,1.8317397658696934,1.2821699476428945
005380,2023-01-02,0.4246,7.0,0.4533,0.1797,9.0,3.5,9.67,13.0,5.646677405206359,0.38911411064536344,0.06891027815518411,0.13089749060653813,1.8317397658696934,1.2870409243716896
005380,2023-01-03,0.2106,8.0,0.5984,0.2869,15.0,3.5,9.67,13.0,5.718609601451026,0.3940709782968967,0.06891027815518411,0.13089749060653813,1.8317397658696934,1.288664583281288
005380,2023-01-04,0.5412,8.0,0.6758,0.2699,9.0,3.5,9.67,13.0,5.772558748634526,0.3977886290355467,0.06891027815518411,0.13089749060653813,1.8317397658696934,1.289882327463487
005380,2023-01-05,0.6072,7.0,0.646,0.2273,7.0,3.5,9.67,13.0,5.718609601451026,0.3940709782968967,0.06891027815518411,0.13089749060653813,1.8317397658696934,1.288664583281288
005380,2023-01-06,-0.4994,4.0,0.4989,0.2758,2.0,3.5,9.67,13.0,5.7365926505121925,0.39531019520978006,0.06891027815518411,0.13089749060653813,1.8317397658696934,1.2890704980086878
005380,2023-01-07,0.9905,6.0,0.0,0.3191,1.0,3.5,9.67,13.0,5.7365926505121925,0.39531019520978006,0.06891027815518411,0.13089749060653813,1.8317397658696934,1.2890704980086878
005380,2023-01-08,,,,,0.0,3.5,9.67,13.0,5.7365926505121925,0.39531019520978006,0.06891027815518411,0.13089749060653813,1.8317397658696934,1.2890704980086878
005380,2023-01-09,0.6272,7.0,0.6117,0.1046,8.0,3.5,9.67,13.0,5.898440092062693,0.4064631474257299,0.06891027815518411,0.13089749060653813,1.8317397658696934,1.292723730555284
005380,2023-01-10,0.0001,4.0,0.0,0.2023,4.0,3.5,9.67,13.0,5.86247399394036,0.4039847135999633,0.06891027815518411,0.13089749060653813,1.8317397658696934,1.2919119011004847
005380,2023-01-11,0.4618,5.0,0.6942,0.1565,5.0,3.5,9.67,13.0,5.898440092062693,0.4064631474257299,0.06891027815518411,0.13089749060653813,1.8317397658696934,1.292723730555284
005380,2023-01-12,0.3015,6.0,0.6258,0.1775,8.0,3.5,9.67,13.0,5.988355337368527,0.41265923199014654,0.06891027815518411,0.13089749060653813,1.8317397658696934,1.294753304192282
005380,2023-01-13,0.8544,8.0,0.3219,0.17,6.0,3.5,9.67,13.0,6.07827058267436,0.41885531655456315,0.06891027815518411,0.13089749060653813,1.8317397658696934,1.2967828778292798
005380,2023-01-14,,,,,0.0,3.5,9.67,13.0,6.07827058267436,0.41885531655456315,0.06891027815518411,0.13089749060653813,1.8317397658696934,1.2967828778292798
005380,2023-01-15,-0.4995,4.0,0.4988,0.1326,2.0,3.5,9.67,13.0,6.07827058267436,0.41885531655456315,0.06891027815518411,0.13089749060653813,1.8317397658696934,1.2967828778292798
005380,2023-01-16,0.3576,8.0,0.5308,0.1975,13.0,3.5,9.67,13.0,5.988355337368527,0.41265923199014654,0.06891027815518411,0.13089749060653813,1.8317397658696934,1.294753304192282
005380,2023-01-17,0.4546,5.0,0.5903,0.1773,5.0,3.5,9.67,13.0,5.97037228830736,0.4114200150772632,0.06891027815518411,0.13089749060653813,1.8317397658696934,1.2943473894648823
005380,2023-01-18,0.7725,8.0,0.349,0.2102,9.0,3.5,9.67,13.0,5.91642314112386,0.4077023643386133,0.06891027815518411,0.13089749060653813,1.8317397658696934,1.2931296452826837
005380,2023-01-19,0.0063,4.0,0.6225,0.3083,5.0,3.5,9.67,13.0,5.898440092062693,0.4064631474257299,0.06891027815518411,0.13089749060653813,1.8317397658696934,1.292723730555284
005380,2023-01-20,0.9998,6.0,0.0,0.2404,2.0,3.5,9.67,13.0,5.91642314112386,0.4077023643386133,0.06891027815518411,0.13089749060653813,1.8317397658696934,1.2931296452826837
005380,2023-01-21,0.0,3.0,0.0,0.1633,1.0,3.5,9.67,13.0,5.91642314112386,0.4077023643386133,0.06891027815518411,0.13089749060653813,1.8317397658696934,1.2931296452826837
005380,2023-01-22,-0.7617,5.0,0.0,0.1778,1.0,3.5,9.67,13.0,5.91642314112386,0.4077023643386133,0.06891027815518411,0.13089749060653813,1.8317397658696934,1.2931296452826837
005380,2023-01-23,,,,,0.0,3.5,9.67,13.0,5.91642314112386,0.4077023643386133,0.06891027815518411,0.13089749060653813,1.8317397658696934,1.2931296452826837
005380,2023-01-24,0.4283,6.0,0.4945,0.1766,7.0,3.5,9.67,13.0,5.91642314112386,0.4077023643386133,0.06891027815518411,0.13089749060653813,1.8317397658696934,1.2931296452826837
005380,2023-01-25,0.3481,5.0,0.4304,0.1904,5.0,3.5,9.67,13.0,5.95958245887066,0.41067648492953324,0.06891027815518411,0.13089749060653813,1.8317397658696934,1.2941038406284426
005380,2023-01-26,0.9584,10.0,0.0906,0.1605,12.0,3.5,9.67,13.0,6.290470561596128,0.4334780761265864,0.06891027815518411,0.13089749060653813,1.8317397658696934,1.301572671612595
005380,2023-01-27,0.5546,9.0,0.6259,0.2027,17.0,3.5,9.67,13.0,6.254504463473794,0.4309996423008197,0.06891027815518411,0.13089749060653813,1.8317397658696934,1.3007608421577959
005380,2023-01-28,0.5684,5.0,0.0,0.2273,1.0,3.5,9.67,13.0,6.254504463473794,0.4309996423008197,0.06891027815518411,0.13089749060653813,1.8317397658696934,1.3007608421577959
005380,2023-01-29,-0.4949,4.0,0.4949,0.1375,2.0,3.5,9.67,13.0,6.254504463473794,0.4309996423008197,0.06891027815518411,0.13089749060653813,1.8317397658696934,1.3007608421577959
005380,2023-01-30,0.5689,7.0,0.4926,0.1792,7.0,3.5,9.67,13.0,6.114236680796694,0.42133375038032983,0.06891027815518411,0.13089749060653813,1.8317397658696934,1.297594707284079
005380,2023-01-31,0.4867,6.0,0.6984,0.1989,8.0,3.5,9.67,13.0,6.006338386429694,0.4138984489030299,0.06891027815518411,0.13089749060653813,1.8317397658696934,1.2951592189196814
005380,2023-02-01,0.6581,9.0,0.4622,0.2487,12.0,3.5,9.67,14.0,6.114236680796694,0.42133375038032983,0.06891027815518411,0.13089749060653813,1.8317397658696934,1.297594707284079
005380,2023-02-02,0.3333,7.0,0.6645,0.3574,9.0,3.5,9.67,14.0,6.110640070984461,0.42108590699775317,0.06891027815518411,0.13089749060653813,1.8317397658696934,1.2975135243385991
005380,2023-02-03,-0.0782,4.0,0.0868,0.1401,3.0,3.5,9.67,14.0,6.214941755539228,0.42827336509247643,0.06891027815518411,0.13089749060653813,1.8317397658696934,1.2998678297575168
005380,2023-02-04,,,,,0.0,3.5,9.67,14.0,6.214941755539228,0.42827336509247643,0.06891027815518411,0.13089749060653813,1.8317397658696934,1.2998678297575168
005380,2023-02-05,0.2395,5.0,0.2184,0.1146,3.0,3.5,9.67,14.0,6.214941755539228,0.42827336509247643,0.06891027815518411,0.13089749060653813,1.8317397658696934,1.2998678297575168
005380,2023-02-06,0.7217,8.0,0.5179,0.1715,10.0,3.5,9.67,14.0,6.1394129494823275,0.42306865405836647,0.06891027815518411,0.13089749060653813,1.8317397658696934,1.2981629879024386
005380,2023-02-07,0.3987,5.0,0.7973,0.2276,5.0,3.5,9.67,14.0,6.1322197298578605,0.42257296729321314,0.06891027815518411,0.13089749060653813,1.8317397658696934,1.2980006220114788
005380,2023-02-08,0.4975,6.0,0.7103,0.2182,6.0,3.5,9.67,14.0,6.211345145726995,0.42802552170989977,0.06891027815518411,0.13089749060653813,1.8317397658696934,1.299786646812037
005380,2023-02-09,0.4214,7.0,0.5292,0.2026,11.0,3.5,9.67,14.0,6.207748535914761,0.4277776783273231,0.06891027815518411,0.13089749060653813,1.8317397658696934,1.299705463866557
005380,2023-02-10,0.688,9.0,0.4139,0.1934,14.0,3.5,9.67,14.0,6.2365214144126275,0.4297604253879364,0.06891027815518411,0.13089749060653813,1.8317397658696934,1.3003549274303965
005380,2023-02-11,,,,,0.0,3.5,9.67,14.0,6.2365214144126275,0.4297604253879364,0.06891027815518411,0.13089749060653813,1.8317397658696934,1.3003549274303965
005380,2023-02-12,0.0412,4.0,0.5486,0.228,4.0,3.5,9.67,14.0,6.2365214144126275,0.4297604253879364,0.06891027815518411,0.13089749060653813,1.8317397658696934,1.3003549274303965
005380,2023-02-13,0.3056,5.0,0.4921,0.1567,3.0,3.5,9.67,14.0,6.1717824377924275,0.42529924450155643,0.06891027815518411,0.13089749060653813,1.8317397658696934,1.2988936344117579
005380,2023-02-14,0.3328,5.0,0.9417,0.1259,3.0,3.5,9.67,14.0,6.247311243849328,0.4305039555356664,0.06891027815518411,0.13089749060653813,1.8317397658696934,1.3005984762668361
005380,2023-02-15,0.3099,5.0,0.436,0.1883,3.0,3.5,9.67,14.0,6.211345145726995,0.42802552170989977,0.06891027815518411,0.13089749060653813,1.8317397658696934,1.299786646812037
005380,2023-02-16,0.6596,7.0,0.4664,0.1392,6.0,3.5,9.67,14.0,6.448721393334395,0.4443831849599596,0.06891027815518411,0.13089749060653813,1.8317397658696934,1.3051447212137117
005380,2023-02-17,0.1886,7.0,0.6997,0.2023,9.0,3.5,9.67,14.0,6.4379315638976955,0.4436396548122296,0.06891027815518411,0.13089749060653813,1.8317397658696934,1.3049011723772717
005380,2023-02-18,-0.7979,5.0,0.0,0.1224,1.0,3.5,9.67,14.0,6.4379315638976955,0.4436396548122296,0.06891027815518411,0.13089749060653813,1.8317397658696934,1.3049011723772717
005380,2023-02-19,0.7503,6.0,0.4321,0.2209,4.0,3.5,9.67,14.0,6.4379315638976955,0.4436396548122296,0.06891027815518411,0.13089749060653813,1.8317397658696934,1.3049011723772717
005380,2023-02-20,-0.1117,4.0,0.6668,0.2069,3.0,3.5,9.67,14.0,6.409158685399829,0.4416569077516163,0.06891027815518411,0.13089749060653813,1.8317397658696934,1.3042517088134324
005380,2023-02-21,-0.2637,5.0,0.5273,0.3238,3.0,3.5,9.67,14.0,6.409158685399829,0.4416569077516163,0.06891027815518411,0.13089749060653813,1.8317397658696934,1.3042517088134324
005380,2023-02-22,0.4124,8.0,0.7157,0.174,19.0,3.5,9.67,14.0,6.265294292910495,0.4317431724485497,0.06891027815518411,0.13089749060653813,1.8317397658696934,1.3010043909942357
005380,2023-02-23,0.7521,7.0,0.6436,0.2292,8.0,3.5,9.67,14.0,6.337226489155162,0.436700040100083,0.06891027815518411,0.13089749060653813,1.8317397658696934,1.302628049903834
005380,2023-02-24,-0.0007,4.0,0.0021,0.3569,3.0,3.5,9.67,14.0,6.254504463473794,0.4309996423008197,0.06891027815518411,0.13089749060653813,1.8317397658696934,1.3007608421577959
005380,2023-02-25,,,,,0.0,3.5,9.67,14.0,6.254504463473794,0.4309996423008197,0.06891027815518411,0.13089749060653813,1.8317397658696934,1.3007608421577959
005380,2023-02-26,0.7421,7.0,0.3908,0.2127,7.0,3.5,9.67,14.0,6.254504463473794,0.4309996423008197,0.06891027815518411,0.13089749060653813,1.8317397658696934,1.3007608421577959
005380,2023-02-27,0.0016,5.0,0.576,0.1702,6.0,3.5,9.67,14.0,6.232924804600395,0.42951258200535974,0.06891027815518411,0.13089749060653813,1.8317397658696934,1.3002737444849166
005380,2023-02-28,0.6588,6.0,0.4659,0.2557,3.0,3.5,9.67,14.0,6.3408230989673955,0.43694788348265967,0.06891027815518411,0.13089749060653813,1.8317397658696934,1.3027092328493142
005380,2023-03-01,0.1999,5.0,0.3998,0.1632,5.0,3.5,9.67,15.0,6.3408230989673955,0.43694788348265967,0.06891027815518411,0.13089749060653813,1.8317397658696934,1.3027092328493142
005380,2023-03-02,0.1874,7.0,0.3832,0.2732,11.0,3.5,9.67,15.0,6.419948514836529,0.4424004378993463,0.06891027815518411,0.13089749060653813,1.8317397658696934,1.3044952576498723
005380,2023-03-03,0.6454,7.0,0.4664,0.2721,6.0,3.5,9.67,15.0,6.333629879342928,0.43645219671750635,0.06891027815518411,0.13089749060653813,1.8317397658696934,1.3025468669583542
005380,2023-03-04,-0.0033,3.0,0.0,0.0638,1.0,3.5,9.67,15.0,6.333629879342928,0.43645219671750635,0.06891027815518411,0.13089749060653813,1.8317397658696934,1.3025468669583542
005380,2023-03-05,0.9994,6.0,0.0,0.1702,1.0,3.5,9.67,15.0,6.333629879342928,0.43645219671750635,0.06891027815518411,0.13089749060653813,1.8317397658696934,1.3025468669583542
005380,2023-03-06,0.3496,6.0,0.4598,0.1769,6.0,3.5,9.67,15.0,6.383982416714195,0.4399220040735797,0.06891027815518411,0.13089749060653813,1.8317397658696934,1.303683428195073
005380,2023-03-07,0.7998,6.0,0.3999,0.2149,5.0,3.5,9.67,15.0,6.297663781220595,0.4339737628917397,0.06891027815518411,0.13089749060653813,1.8317397658696934,1.301735037503555
005380,2023-03-08,0.4999,4.0,0.4999,0.135,2.0,3.5,9.67,15.0,6.290470561596128,0.4334780761265864,0.06891027815518411,0.13089749060653813,1.8317397658696934,1.301572671612595
005380,2023-03-09,0.1501,6.0,0.3192,0.1822,9.0,3.5,9.67,15.0,6.3408230989673955,0.43694788348265967,0.06891027815518411,0.13089749060653813,1.8317397658696934,1.3027092328493142
005380,2023-03-10,0.1641,7.0,0.5322,0.1768,12.0,3.5,9.67,15.0,6.294067171408361,0.43372591950916306,0.06891027815518411,0.13089749060653813,1.8317397658696934,1.301653854558075
005380,2023-03-11,,,,,0.0,3.5,9.67,15.0,6.294067171408361,0.43372591950916306,0.06891027815518411,0.13089749060653813,1.8317397658696934,1.301653854558075
005380,2023-03-12,0.9978,7.0,0.0031,0.1519,4.0,3.5,9.67,15.0,6.294067171408361,0.43372591950916306,0.06891027815518411,0.13089749060653813,1.8317397658696934,1.301653854558075
005380,2023-03-13,0.3497,8.0,0.6286,0.2848,13.0,3.5,9.67,15.0,6.330033269530695,0.4362043533349297,0.06891027815518411,0.13089749060653813,1.8317397658696934,1.302465684012874
005380,2023-03-14,0.3988,8.0,0.4433,0.1467,14.0,3.5,9.67,15.0,6.150202778919027,0.42381218420609645,0.06891027815518411,0.13089749060653813,1.8317397658696934,1.2984065367388782
005380,2023-03-15,0.5281,9.0,0.4405,0.182,15.0,3.5,9.67,15.0,6.268890902722728,0.43199101583112637,0.06891027815518411,0.13089749060653813,1.8317397658696934,1.3010855739397158
005380,2023-03-16,0.5474,9.0,0.6195,0.29,12.0,3.5,9.67,15.0,6.258101073286028,0.4312474856833964,0.06891027815518411,0.13089749060653813,1.8317397658696934,1.3008420251032757
005380,2023-03-17,0.3985,5.0,0.4881,0.2188,5.0,3.5,9.67,15.0,6.351612928404095,0.43769141363038966,0.06891027815518411,0.13089749060653813,1.8317397658696934,1.3029527816857538
005380,2023-03-18,0.89,6.0,0.0,0.1,1.0,3.5,9.67,15.0,6.351612928404095,0.43769141363038966,0.06891027815518411,0.13089749060653813,1.8317397658696934,1.3029527816857538
005380,2023-03-19,0.0,4.0,0.0,0.17,3.0,3.5,9.67,15.0,6.351612928404095,0.43769141363038966,0.06891027815518411,0.13089749060653813,1.8317397658696934,1.3029527816857538
005380,2023-03-20,0.9998,6.0,0.0,0.12,1.0,3.5,9.67,15.0,6.297663781220595,0.4339737628917397,0.06891027815518411,0.13089749060653813,1.8317397658696934,1.301735037503555
005380,2023-03-21,0.3864,7.0,0.6521,0.1339,9.0,3.5,9.67,15.0,6.322840049906229,0.43570866656977636,0.06891027815518411,0.13089749060653813,1.8317397658696934,1.3023033181219144
005380,2023-03-22,0.3289,6.0,0.4652,0.1714,6.0,3.5,9.67,15.0,6.484687491456729,0.4468616187857263,0.06891027815518411,0.13089749060653813,1.8317397658696934,1.305956550668511
005380,2023-03-23,0.5444,8.0,0.6497,0.1374,11.0,3.5,9.67,15.0,6.491880711081196,0.4473573055508796,0.06891027815518411,0.13089749060653813,1.8317397658696934,1.3061189165594707
005380,2023-03-24,0.2968,6.0,0.4456,0.1596,7.0,3.5,9.67,15.0,6.391175636338662,0.440417690838733,0.06891027815518411,0.13089749060653813,1.8317397658696934,1.3038457940860328
005380,2023-03-25,0.4728,4.0,0.0,0.1458,1.0,3.5,9.67,15.0,6.391175636338662,0.440417690838733,0.06891027815518411,0.13089749060653813,1.8317397658696934,1.3038457940860328
005380,2023-03-26,0.1338,3.0,0.1335,0.0884,2.0,3.5,9.67,15.0,6.391175636338662,0.440417690838733,0.06891027815518411,0.13089749060653813,1.8317397658696934,1.3038457940860328
005380,2023-03-27,0.2322,6.0,0.5065,0.1762,7.0,3.5,9.67,15.0,6.333629879342928,0.43645219671750635,0.06891027815518411,0.13089749060653813,1.8317397658696934,1.3025468669583542
005380,2023-03-28,-0.4841,5.0,0.4851,0.154,4.0,3.5,9.67,15.0,6.369595977465262,0.438930630543273,0.06891027815518411,0.13089749060653813,1.8317397658696934,1.3033586964131534
005380,2023-03-29,-0.3171,6.0,0.4631,0.1728,6.0,3.5,9.67,15.0,6.488284101268962,0.44710946216830294,0.06891027815518411,0.13089749060653813,1.8317397658696934,1.3060377336139908
005380,2023-03-30,0.2043,7.0,0.7106,0.1618,11.0,3.5,9.67,15.0,6.517056979766829,0.44909220922891624,0.06891027815518411,0.13089749060653813,1.8317397658696934,1.3066871971778302
005380,2023-03-31,-0.108,4.0,0.2442,0.1882,5.0,3.5,9.67,15.0,6.63574510357053,0.45727104085394615,0.06891027815518411,0.13089749060653813,1.8317397658696934,1.3093662343786674
005380,2023-04-01,,,,,0.0,4.25,9.67,4.0,4.731918129684125,0.41561324280257295,0.08783187523794221,0.21185933488696845,1.8135553667083826,1.363153919915642
005380,2023-04-02,-0.3194,5.0,0.9329,0.1539,3.0,4.25,9.67,4.0,4.731918129684125,0.41561324280257295,0.08783187523794221,0.21185933488696845,1.8135553667083826,1.363153919915642
005380,2023-04-03,0.73,8.0,0.4028,0.1733,9.0,4.25,9.67,4.0,4.708835602222251,0.4135858611303653,0.08783187523794221,0.21185933488696845,1.8135553667083826,1.3624831772266375
005380,2023-04-04,0.1745,7.0,0.326,0.2085,10.0,4.25,9.67,4.0,4.713965052769335,0.4140363903908559,0.08783187523794221,0.21185933488696845,1.8135553667083826,1.3626322311575274
005380,2023-04-05,0.5534,8.0,0.6836,0.2272,9.0,4.25,9.67,4.0,4.788342085702039,0.4205690646679695,0.08783187523794221,0.21185933488696845,1.8135553667083826,1.3647935131554307
005380,2023-04-06,0.5146,9.0,0.6821,0.227,17.0,4.25,9.67,4.0,4.747306481325374,0.41696483058404477,0.08783187523794221,0.21185933488696845,1.8135553667083826,1.3636010817083117
005380,2023-04-07,0.5444,9.0,0.6151,0.2632,12.0,4.25,9.67,4.0,4.747306481325374,0.41696483058404477,0.08783187523794221,0.21185933488696845,1.8135553667083826,1.3636010817083117
005380,2023-04-08,0.9998,6.0,0.0,0.3023,1.0,4.25,9.67,4.0,4.747306481325374,0.41696483058404477,0.08783187523794221,0.21185933488696845,1.8135553667083826,1.3636010817083117
005380,2023-04-09,0.1887,4.0,0.1919,0.1975,2.0,4.25,9.67,4.0,4.747306481325374,0.41696483058404477,0.08783187523794221,0.21185933488696845,1.8135553667083826,1.3636010817083117
005380,2023-04-10,0.528,8.0,0.5956,0.1976,11.0,4.25,9.67,4.0,4.767824283513707,0.41876694762600714,0.08783187523794221,0.21185933488696845,1.8135553667083826,1.3641972974318712
005380,2023-04-11,0.5188,9.0,0.6314,0.204,12.0,4.25,9.67,4.0,4.926837250473282,0.43273335470121554,0.08783187523794221,0.21185933488696845,1.8135553667083826,1.3688179692894582
005380,2023-04-12,0.7085,7.0,0.3872,0.2703,6.0,4.25,9.67,4.0,5.083285492159315,0.44647449714617865,0.08783187523794221,0.21185933488696845,1.8135553667083826,1.3733641141816002
005380,2023-04-13,0.5364,7.0,0.444,0.152,7.0,4.25,9.67,4.0,5.1012385690741056,0.4480513495578957,0.08783187523794221,0.21185933488696845,1.8135553667083826,1.3738858029397147
005380,2023-04-14,-0.2382,5.0,0.3374,0.2537,3.0,4.25,9.67,4.0,5.029426261414943,0.4417439399110274,0.08783187523794221,0.21185933488696845,1.8135553667083826,1.3717990479072562
005380,2023-04-15,0.5968,5.0,0.3773,0.1686,2.0,4.25,9.67,4.0,5.029426261414943,0.4417439399110274,0.08783187523794221,0.21185933488696845,1.8135553667083826,1.3717990479072562
005380,2023-04-16,0.6697,6.0,0.4667,0.1599,3.0,4.25,9.67,4.0,5.029426261414943,0.4417439399110274,0.08783187523794221,0.21185933488696845,1.8135553667083826,1.3717990479072562
005380,2023-04-17,0.2516,6.0,0.4322,0.2294,8.0,4.25,9.67,4.0,5.001214283405986,0.43926602897832917,0.08783187523794221,0.21185933488696845,1.8135553667083826,1.3709792512873618
005380,2023-04-18,-0.2206,8.0,0.7658,0.2065,13.0,4.25,9.67,4.0,4.908884173558491,0.4311565022894985,0.08783187523794221,0.21185933488696845,1.8135553667083826,1.3682962805313434
005380,2023-04-19,0.187,6.0,0.6749,0.1806,8.0,4.25,9.67,4.0,4.965308129576405,0.436112324154895,0.08783187523794221,0.21185933488696845,1.8135553667083826,1.3699358737711322
005380,2023-04-20,0.2339,7.0,0.3858,0.2003,10.0,4.25,9.67,4.0,4.937096151567448,0.4336344132221967,0.08783187523794221,0.21185933488696845,1.8135553667083826,1.3691160771512378
005380,2023-04-21,-0.1404,6.0,0.6391,0.1789,10.0,4.25,9.67,4.0,4.883236920823076,0.4289038559870455,0.08783187523794221,0.21185933488696845,1.8135553667083826,1.367551010876894
005380,2023-04-22,0.9874,6.0,0.0,0.3256,1.0,4.25,9.67,4.0,4.883236920823076,0.4289038559870455,0.08783187523794221,0.21185933488696845,1.8135553667083826,1.367551010876894
005380,2023-04-23,0.2774,5.0,0.3984,0.1362,4.0,4.25,9.67,4.0,4.883236920823076,0.4289038559870455,0.08783187523794221,0.21185933488696845,1.8135553667083826,1.367551010876894
005380,2023-04-24,0.1852,6.0,0.6835,0.2151,6.0,4.25,9.67,4.0,4.921707799926199,0.43228282544072494,0.08783187523794221,0.21185933488696845,1.8135553667083826,1.3686689153585683
005380,2023-04-25,0.6856,9.0,0.5247,0.195,27.0,4.25,9.67,4.0,5.155097799818478,0.452781906793047,0.08783187523794221,0.21185933488696845,1.8135553667083826,1.3754508692140586
005380,2023-04-26,0.6606,9.0,0.5943,0.299,14.0,4.25,9.67,4.0,5.167921426186186,0.45390822994427343,0.08783187523794221,0.21185933488696845,1.8135553667083826,1.3758235040412834
005380,2023-04-27,0.5718,8.0,0.6453,0.1784,9.0,4.25,9.67,4.0,5.180745052553894,0.45503455309549995,0.08783187523794221,0.21185933488696845,1.8135553667083826,1.376196138868508
005380,2023-04-28,-0.1249,5.0,0.3306,0.1916,8.0,4.25,9.67,4.0,5.065332415244525,0.4448976447344616,0.08783187523794221,0.21185933488696845,1.8135553667083826,1.3728424254234854
005380,2023-04-29,0.4991,4.0,0.499,0.2651,2.0,4.25,9.67,4.0,5.065332415244525,0.4448976447344616,0.08783187523794221,0.21185933488696845,1.8135553667083826,1.3728424254234854
005380,2023-04-30,0.8582,6.0,0.0,0.2558,1.0,4.25,9.67,4.0,5.065332415244525,0.4448976447344616,0.08783187523794221,0.21185933488696845,1.8135553667083826,1.3728424254234854
005380,2023-05-01,-0.1126,4.0,0.1727,0.278,4.0,4.25,9.67,5.0,5.065332415244525,0.4448976447344616,0.08783187523794221,0.21185933488696845,1.8135553667083826,1.3728424254234854
005380,2023-05-02,0.571,8.0,0.487,0.2584,10.0,4.25,9.67,5.0,5.167921426186186,0.45390822994427343,0.08783187523794221,0.21185933488696845,1.8135553667083826,1.3758235040412834
005380,2023-05-03,0.3633,7.0,0.4663,0.1532,11.0,4.25,9.67,5.0,5.155097799818478,0.452781906793047,0.08783187523794221,0.21185933488696845,1.8135553667083826,1.3754508692140586
005380,2023-05-04,0.1734,7.0,0.7233,0.2176,10.0,4.25,9.67,5.0,5.10893274489473,0.4487271434486316,0.08783187523794221,0.21185933488696845,1.8135553667083826,1.3741093838360494
005380,2023-05-05,-0.0,3.0,0.0,0.1739,1.0,4.25,9.67,5.0,5.10893274489473,0.4487271434486316,0.08783187523794221,0.21185933488696845,1.8135553667083826,1.3741093838360494
005380,2023-05-06,,,,,0.0,4.25,9.67,5.0,5.10893274489473,0.4487271434486316,0.08783187523794221,0.21185933488696845,1.8135553667083826,1.3741093838360494
005380,2023-05-07,0.4999,4.0,0.4999,0.1925,2.0,4.25,9.67,5.0,5.10893274489473,0.4487271434486316,0.08783187523794221,0.21185933488696845,1.8135553667083826,1.3741093838360494
005380,2023-05-08,0.6112,7.0,0.4493,0.1465,7.0,4.25,9.67,5.0,5.193568678921601,0.4561608762467264,0.08783187523794221,0.21185933488696845,1.8135553667083826,1.3765687736957328
005380,2023-05-09,0.4373,8.0,0.4592,0.1087,17.0,4.25,9.67,5.0,5.2576868107601396,0.4617924920028588,0.08783187523794221,0.21185933488696845,1.8135553667083826,1.3784319478318565
005380,2023-05-10,0.5507,9.0,0.4524,0.2538,15.0,4.25,9.67,5.0,5.3859230744372155,0.4730557235151237,0.08783187523794221,0.21185933488696845,1.8135553667083826,1.3821582961041041
005380,2023-05-11,0.7583,7.0,0.3624,0.249,6.0,4.25,9.67,5.0,5.3346285689663855,0.46855043091021775,0.08783187523794221,0.21185933488696845,1.8135553667083826,1.380667756795205
005380,2023-05-12,0.4022,6.0,0.4673,0.1868,7.0,4.25,9.67,5.0,5.3474521953340926,0.46967675406144427,0.08783187523794221,0.21185933488696845,1.8135553667083826,1.3810403916224299
005380,2023-05-13,-0.0001,3.0,0.0,0.12,1.0,4.25,9.67,5.0,5.3474521953340926,0.46967675406144427,0.08783187523794221,0.21185933488696845,1.8135553667083826,1.3810403916224299
005380,2023-05-14,0.6667,6.0,0.4711,0.1478,3.0,4.25,9.67,5.0,5.3474521953340926,0.46967675406144427,0.08783187523794221,0.21185933488696845,1.8135553667083826,1.3810403916224299
005380,2023-05-15,0.2836,6.0,0.4421,0.1962,7.0,4.25,9.67,5.0,5.3346285689663855,0.46855043091021775,0.08783187523794221,0.21185933488696845,1.8135553667083826,1.380667756795205
005380,2023-05-16,0.5991,8.0,0.4621,0.1776,9.0,4.25,9.67,5.0,5.193568678921601,0.4561608762467264,0.08783187523794221,0.21185933488696845,1.8135553667083826,1.3765687736957328
005380,2023-05-17,0.4793,6.0,0.5794,0.2132,8.0,4.25,9.67,5.0,5.244863184392432,0.46066616885163236,0.08783187523794221,0.21185933488696845,1.8135553667083826,1.378059313004632
005380,2023-05-18,0.3053,8.0,0.6037,0.2308,13.0,4.25,9.67,5.0,5.2961576898632625,0.4651714614565383,0.08783187523794221,0.21185933488696845,1.8135553667083826,1.3795498523135308
005380,2023-05-19,-0.0438,5.0,0.741,0.1411,8.0,4.25,9.67,5.0,5.270510437127847,0.46291881515408534,0.08783187523794221,0.21185933488696845,1.8135553667083826,1.3788045826590813
005380,2023-05-20,0.0001,3.0,0.0,0.0909,1.0,4.25,9.67,5.0,5.270510437127847,0.46291881515408534,0.08783187523794221,0.21185933488696845,1.8135553667083826,1.3788045826590813
005380,2023-05-21,0.2649,6.0,0.3858,0.2042,8.0,4.25,9.67,5.0,5.270510437127847,0.46291881515408534,0.08783187523794221,0.21185933488696845,1.8135553667083826,1.3788045826590813
005380,2023-05-22,0.3754,6.0,0.4101,0.2345,8.0,4.25,9.67,5.0,5.3218049425986775,0.4674241077589913,0.08783187523794221,0.21185933488696845,1.8135553667083826,1.3802951219679804
005380,2023-05-23,0.4004,6.0,0.6225,0.1773,8.0,4.25,9.67,5.0,5.3218049425986775,0.4674241077589913,0.08783187523794221,0.21185933488696845,1.8135553667083826,1.3802951219679804
005380,2023-05-24,0.1683,7.0,0.3365,0.1846,11.0,4.25,9.67,5.0,5.3218049425986775,0.4674241077589913,0.08783187523794221,0.21185933488696845,1.8135553667083826,1.3802951219679804
005380,2023-05-25,0.4916,6.0,0.4066,0.1856,8.0,4.25,9.67,5.0,5.219215931657017,0.4584135225491794,0.08783187523794221,0.21185933488696845,1.8135553667083826,1.3773140433501823
005380,2023-05-26,0.3079,8.0,0.7213,0.1588,13.0,4.25,9.67,5.0,5.270510437127847,0.46291881515408534,0.08783187523794221,0.21185933488696845,1.8135553667083826,1.3788045826590813
005380,2023-05-27,,,,,0.0,4.25,9.67,5.0,5.270510437127847,0.46291881515408534,0.08783187523794221,0.21185933488696845,1.8135553667083826,1.3788045826590813
005380,2023-05-28,0.1176,4.0,0.1655,0.1497,3.0,4.25,9.67,5.0,5.270510437127847,0.46291881515408534,0.08783187523794221,0.21185933488696845,1.8135553667083826,1.3788045826590813
005380,2023-05-29,-0.0621,5.0,0.733,0.1581,6.0,4.25,9.67,5.0,5.270510437127847,0.46291881515408534,0.08783187523794221,0.21185933488696845,1.8135553667083826,1.3788045826590813
005380,2023-05-30,0.1998,5.0,0.3994,0.1889,5.0,4.25,9.67,5.0,5.142274173450771,0.45165558364182046,0.08783187523794221,0.21185933488696845,1.8135553667083826,1.3750782343868337
005380,2023-05-31,0.3323,6.0,0.4684,0.1375,6.0,4.25,9.67,5.0,5.129450547083063,0.450529260490594,0.08783187523794221,0.21185933488696845,1.8135553667083826,1.3747055995596091
005380,2023-06-01,0.7141,7.0,0.4516,0.176,7.0,4.25,9.67,6.0,5.065332415244525,0.4448976447344616,0.08783187523794221,0.21185933488696845,1.8135553667083826,1.3728424254234854
005380,2023-06-02,0.4108,7.0,0.6617,0.2416,9.0,4.25,9.67,6.0,5.116626920715355,0.44940293733936754,0.08783187523794221,0.21185933488696845,1.8135553667083826,1.3743329647323845
005380,2023-06-03,,,,,0.0,4.25,9.67,6.0,5.116626920715355,0.44940293733936754,0.08783187523794221,0.21185933488696845,1.8135553667083826,1.3743329647323845
005380,2023-06-04,-0.139,4.0,0.7294,0.1784,4.0,4.25,9.67,6.0,5.116626920715355,0.44940293733936754,0.08783187523794221,0.21185933488696845,1.8135553667083826,1.3743329647323845
005380,2023-06-05,0.2195,7.0,0.7389,0.1879,10.0,4.25,9.67,6.0,5.155097799818478,0.452781906793047,0.08783187523794221,0.21185933488696845,1.8135553667083826,1.3754508692140586
005380,2023-06-06,0.9803,6.0,0.0194,0.2091,2.0,4.25,9.67,6.0,5.155097799818478,0.452781906793047,0.08783187523794221,0.21185933488696845,1.8135553667083826,1.3754508692140586
005380,2023-06-07,0.4398,8.0,0.4414,0.1295,15.0,4.25,9.67,6.0,5.037120437235568,0.4424197338017633,0.08783187523794221,0.21185933488696845,1.8135553667083826,1.3720226288035908
005380,2023-06-08,0.2729,7.0,0.4452,0.2168,11.0,4.25,9.67,6.0,5.044814613056192,0.4430955276924992,0.08783187523794221,0.21185933488696845,1.8135553667083826,1.372246209699926
005380,2023-06-09,0.6917,8.0,0.4525,0.1813,10.0,4.25,9.67,6.0,5.055073514150358,0.44399658621348037,0.08783187523794221,0.21185933488696845,1.8135553667083826,1.3725443175617056
005380,2023-06-10,,,,,0.0,4.25,9.67,6.0,5.055073514150358,0.44399658621348037,0.08783187523794221,0.21185933488696845,1.8135553667083826,1.3725443175617056
005380,2023-06-11,0.1449,4.0,0.2895,0.1266,5.0,4.25,9.67,6.0,5.055073514150358,0.44399658621348037,0.08783187523794221,0.21185933488696845,1.8135553667083826,1.3725443175617056
005380,2023-06-12,0.4915,8.0,0.4459,0.154,13.0,4.25,9.67,6.0,5.031990986688484,0.4419692045412727,0.08783187523794221,0.21185933488696845,1.8135553667083826,1.3718735748727011
005380,2023-06-13,0.2524,5.0,0.5856,0.19,5.0,4.25,9.67,6.0,5.078156041612232,0.44602396788568804,0.08783187523794221,0.21185933488696845,1.8135553667083826,1.3732150602507103
005380,2023-06-14,0.3916,5.0,0.4965,0.175,5.0,4.25,9.67,6.0,5.155097799818478,0.452781906793047,0.08783187523794221,0.21185933488696845,1.8135553667083826,1.3754508692140586
005380,2023-06-15,-0.5304,9.0,0.766,0.1378,24.0,4.25,9.67,6.0,5.121756371262438,0.4498534665998581,0.08783187523794221,0.21185933488696845,1.8135553667083826,1.3744820186632742
005380,2023-06-16,0.4999,4.0,0.4999,0.1098,2.0,4.25,9.67,6.0,5.1140621954418135,0.44917767270912223,0.08783187523794221,0.21185933488696845,1.8135553667083826,1.3742584377669393
005380,2023-06-17,-0.9994,6.0,0.0,0.0556,1.0,4.25,9.67,6.0,5.1140621954418135,0.44917767270912223,0.08783187523794221,0.21185933488696845,1.8135553667083826,1.3742584377669393
005380,2023-06-18,0.2001,5.0,0.748,0.1869,5.0,4.25,9.67,6.0,5.1140621954418135,0.44917767270912223,0.08783187523794221,0.21185933488696845,1.8135553667083826,1.3742584377669393
005380,2023-06-19,0.6598,8.0,0.465,0.2191,9.0,4.25,9.67,6.0,5.111497470168272,0.44895240807887693,0.08783187523794221,0.21185933488696845,1.8135553667083826,1.3741839108014946
005380,2023-06-20,0.6741,7.0,0.4255,0.1793,8.0,4.25,9.67,6.0,5.0755913163386905,0.44579870325544274,0.08783187523794221,0.21185933488696845,1.8135553667083826,1.373140533285265
005380,2023-06-21,0.439,8.0,0.6146,0.2154,19.0,4.25,9.67,6.0,5.232039558024724,0.4595398457004059,0.08783187523794221,0.21185933488696845,1.8135553667083826,1.377686678177407
005380,2023-06-22,0.2611,8.0,0.702,0.2024,12.0,4.25,9.67,6.0,5.180745052553894,0.45503455309549995,0.08783187523794221,0.21185933488696845,1.8135553667083826,1.376196138868508
005380,2023-06-23,-0.0122,6.0,0.604,0.1404,10.0,4.25,9.67,6.0,5.1268858218095215,0.4503039958603487,0.08783187523794221,0.21185933488696845,1.8135553667083826,1.3746310725941642
005380,2023-06-24,0.0002,3.0,0.0,0.2,1.0,4.25,9.67,6.0,5.1268858218095215,0.4503039958603487,0.08783187523794221,0.21185933488696845,1.8135553667083826,1.3746310725941642
005380,2023-06-25,0.1037,3.0,0.1037,0.124,2.0,4.25,9.67,6.0,5.1268858218095215,0.4503039958603487,0.08783187523794221,0.21185933488696845,1.8135553667083826,1.3746310725941642
005380,2023-06-26,0.5419,7.0,0.4689,0.1422,8.0,4.25,9.67,6.0,5.142274173450771,0.45165558364182046,0.08783187523794221,0.21185933488696845,1.8135553667083826,1.3750782343868337
005380,2023-06-27,0.3245,6.0,0.431,0.1786,8.0,4.25,9.67,6.0,5.283334063495555,0.4640451383053118,0.08783187523794221,0.21185933488696845,1.8135553667083826,1.3791772174863062
005380,2023-06-28,0.4061,8.0,0.5924,0.1899,12.0,4.25,9.67,6.0,5.283334063495555,0.4640451383053118,0.08783187523794221,0.21185933488696845,1.8135553667083826,1.3791772174863062
005380,2023-06-29,-0.1233,6.0,0.8307,0.2003,10.0,4.25,9.67,6.0,5.244863184392432,0.46066616885163236,0.08783187523794221,0.21185933488696845,1.8135553667083826,1.378059313004632
005380,2023-06-30,0.4526,7.0,0.485,0.2307,9.0,4.25,9.67,6.0,5.2961576898632625,0.4651714614565383,0.08783187523794221,0.21185933488696845,1.8135553667083826,1.3795498523135308
005380,2023-07-01,0.678,6.0,0.24,0.2349,3.0,4.25,9.67,7.0,5.2961576898632625,0.4651714614565383,0.08783187523794221,0.21185933488696845,1.8135553667083826,1.3795498523135308
005380,2023-07-02,0.7998,6.0,0.3999,0.1957,5.0,4.25,9.67,7.0,5.2961576898632625,0.4651714614565383,0.08783187523794221,0.21185933488696845,1.8135553667083826,1.3795498523135308
005380,2023-07-03,0.6205,7.0,0.4595,0.2864,8.0,4.25,9.67,7.0,5.3474521953340926,0.46967675406144427,0.08783187523794221,0.21185933488696845,1.8135553667083826,1.3810403916224299
005380,2023-07-04,0.3996,6.0,0.7017,0.2478,6.0,4.25,9.67,7.0,5.3346285689663855,0.46855043091021775,0.08783187523794221,0.21185933488696845,1.8135553667083826,1.380667756795205
005380,2023-07-05,-0.2297,8.0,0.5241,0.222,12.0,4.25,9.67,7.0,5.270510437127847,0.46291881515408534,0.08783187523794221,0.21185933488696845,1.8135553667083826,1.3788045826590813
005380,2023-07-06,0.711,7.0,0.4497,0.1798,7.0,4.25,9.67,7.0,5.2961576898632625,0.4651714614565383,0.08783187523794221,0.21185933488696845,1.8135553667083826,1.3795498523135308
005380,2023-07-07,-0.5026,6.0,0.4964,0.2045,4.0,4.25,9.67,7.0,5.232039558024724,0.4595398457004059,0.08783187523794221,0.21185933488696845,1.8135553667083826,1.377686678177407
005380,2023-07-08,,,,,0.0,4.25,9.67,7.0,5.232039558024724,0.4595398457004059,0.08783187523794221,0.21185933488696845,1.8135553667083826,1.377686678177407
005380,2023-07-09,0.4674,6.0,0.4717,0.2689,6.0,4.25,9.67,7.0,5.232039558024724,0.4595398457004059,0.08783187523794221,0.21185933488696845,1.8135553667083826,1.377686678177407
005380,2023-07-10,0.4586,5.0,0.7533,0.2043,5.0,4.25,9.67,7.0,5.270510437127847,0.46291881515408534,0.08783187523794221,0.21185933488696845,1.8135553667083826,1.3788045826590813
005380,2023-07-11,-0.1874,6.0,0.6088,0.1419,8.0,4.25,9.67,7.0,5.30898131623097,0.4662977846077648,0.08783187523794221,0.21185933488696845,1.8135553667083826,1.3799224871407556
005380,2023-07-12,0.005,7.0,0.9069,0.2165,12.0,4.25,9.67,7.0,5.219215931657017,0.4584135225491794,0.08783187523794221,0.21185933488696845,1.8135553667083826,1.3773140433501823
005380,2023-07-13,-0.0761,6.0,0.7554,0.173,10.0,4.25,9.67,7.0,5.219215931657017,0.4584135225491794,0.08783187523794221,0.21185933488696845,1.8135553667083826,1.3773140433501823
005380,2023-07-14,0.1259,5.0,0.598,0.2758,8.0,4.25,9.67,7.0,5.3474521953340926,0.46967675406144427,0.08783187523794221,0.21185933488696845,1.8135553667083826,1.3810403916224299
005380,2023-07-15,,,,,0.0,4.25,9.67,7.0,5.3474521953340926,0.46967675406144427,0.08783187523794221,0.21185933488696845,1.8135553667083826,1.3810403916224299
005380,2023-07-16,0.4739,6.0,0.6405,0.1923,6.0,4.25,9.67,7.0,5.3474521953340926,0.46967675406144427,0.08783187523794221,0.21185933488696845,1.8135553667083826,1.3810403916224299
005380,2023-07-17,,,,,0.0,4.25,9.67,7.0,5.219215931657017,0.4584135225491794,0.08783187523794221,0.21185933488696845,1.8135553667083826,1.3773140433501823
005380,2023-07-18,0.1403,6.0,0.6764,0.1353,11.0,4.25,9.67,7.0,5.167921426186186,0.45390822994427343,0.08783187523794221,0.21185933488696845,1.8135553667083826,1.3758235040412834
005380,2023-07-19,0.0009,5.0,0.5343,0.1645,7.0,4.25,9.67,7.0,5.180745052553894,0.45503455309549995,0.08783187523794221,0.21185933488696845,1.8135553667083826,1.376196138868508
005380,2023-07-20,0.74,8.0,0.3979,0.1828,9.0,4.25,9.67,7.0,5.142274173450771,0.45165558364182046,0.08783187523794221,0.21185933488696845,1.8135553667083826,1.3750782343868337
005380,2023-07-21,0.7594,6.0,0.325,0.2072,4.0,4.25,9.67,7.0,5.129450547083063,0.450529260490594,0.08783187523794221,0.21185933488696845,1.8135553667083826,1.3747055995596091
005380,2023-07-22,0.0,3.0,0.0,0.1739,1.0,4.25,9.67,7.0,5.129450547083063,0.450529260490594,0.08783187523794221,0.21185933488696845,1.8135553667083826,1.3747055995596091
005380,2023-07-23,0.0018,4.0,0.003,0.2023,4.0,4.25,9.67,7.0,5.129450547083063,0.450529260490594,0.08783187523794221,0.21185933488696845,1.8135553667083826,1.3747055995596091
005380,2023-07-24,0.7409,7.0,0.4102,0.2816,7.0,4.25,9.67,7.0,5.10893274489473,0.4487271434486316,0.08783187523794221,0.21185933488696845,1.8135553667083826,1.3741093838360494
005380,2023-07-25,0.0167,6.0,0.7388,0.1585,11.0,4.25,9.67,7.0,5.142274173450771,0.45165558364182046,0.08783187523794221,0.21185933488696845,1.8135553667083826,1.3750782343868337
005380,2023-07-26,0.6111,9.0,0.5786,0.1634,17.0,4.25,9.67,7.0,5.096109118527023,0.4476008202974051,0.08783187523794221,0.21185933488696845,1.8135553667083826,1.3737367490088248
005380,2023-07-27,0.3583,8.0,0.6478,0.194,13.0,4.25,9.67,7.0,5.073026591065149,0.44557343862519744,0.08783187523794221,0.21185933488696845,1.8135553667083826,1.3730660063198203
005380,2023-07-28,0.4025,6.0,0.6718,0.1513,8.0,4.25,9.67,7.0,5.047379338329733,0.4433207923227445,0.08783187523794221,0.21185933488696845,1.8135553667083826,1.3723207366653707
005380,2023-07-29,0.7015,5.0,0.0,0.2381,1.0,4.25,9.67,7.0,5.047379338329733,0.4433207923227445,0.08783187523794221,0.21185933488696845,1.8135553667083826,1.3723207366653707
005380,2023-07-30,0.0804,3.0,0.0,0.087,1.0,4.25,9.67,7.0,5.047379338329733,0.4433207923227445,0.08783187523794221,0.21185933488696845,1.8135553667083826,1.3723207366653707
005380,2023-07-31,-0.1753,5.0,0.4446,0.108,5.0,4.25,9.67,7.0,5.026861536141402,0.4415186752807821,0.08783187523794221,0.21185933488696845,1.8135553667083826,1.3717245209418112
005380,2023-08-01,0.6829,7.0,0.438,0.2172,7.0,4.25,9.67,8.0,5.1140621954418135,0.44917767270912223,0.08783187523794221,0.21185933488696845,1.8135553667083826,1.3742584377669393
005380,2023-08-02,0.4333,7.0,0.4663,0.2599,9.0,4.25,9.67,8.0,4.937096151567448,0.4336344132221967,0.08783187523794221,0.21185933488696845,1.8135553667083826,1.3691160771512378
005380,2023-08-03,0.1757,8.0,0.7218,0.1579,15.0,4.25,9.67,8.0,4.916578349379115,0.43183229618023433,0.08783187523794221,0.21185933488696845,1.8135553667083826,1.3685198614276783
005380,2023-08-04,0.6014,6.0,0.4876,0.1682,5.0,4.25,9.67,8.0,4.929401975746823,0.43295861933146085,0.08783187523794221,0.21185933488696845,1.8135553667083826,1.3688924962549032
005380,2023-08-05,0.9912,6.0,0.0,0.1087,1.0,4.25,9.67,8.0,4.929401975746823,0.43295861933146085,0.08783187523794221,0.21185933488696845,1.8135553667083826,1.3688924962549032
005380,2023-08-06,0.0673,3.0,0.1199,0.3006,2.0,4.25,9.67,8.0,4.929401975746823,0.43295861933146085,0.08783187523794221,0.21185933488696845,1.8135553667083826,1.3688924962549032
005380,2023-08-07,-0.0006,6.0,0.444,0.2202,10.0,4.25,9.67,8.0,4.821683514258079,0.42349750486115834,0.08783187523794221,0.21185933488696845,1.8135553667083826,1.365762363706215
005380,2023-08-08,0.231,7.0,0.4117,0.1898,9.0,4.25,9.67,8.0,4.831942415352245,0.42439856338213955,0.08783187523794221,0.21185933488696845,1.8135553667083826,1.366060471567995
005380,2023-08-09,0.0732,7.0,0.2389,0.1773,15.0,4.25,9.67,8.0,4.857589668087661,0.4266512096845925,0.08783187523794221,0.21185933488696845,1.8135553667083826,1.3668057412224446
005380,2023-08-10,0.5916,8.0,0.4056,0.2518,9.0,4.25,9.67,8.0,4.831942415352245,0.42439856338213955,0.08783187523794221,0.21185933488696845,1.8135553667083826,1.366060471567995
005380,2023-08-11,0.357,8.0,0.4791,0.2072,14.0,4.25,9.67,8.0,4.885801646096617,0.4291291206172908,0.08783187523794221,0.21185933488696845,1.8135553667083826,1.367625537842339
005380,2023-08-12,0.1996,5.0,0.3992,0.2205,5.0,4.25,9.67,8.0,4.885801646096617,0.4291291206172908,0.08783187523794221,0.21185933488696845,1.8135553667083826,1.367625537842339
005380,2023-08-13,0.0,3.0,0.0,0.1837,2.0,4.25,9.67,8.0,4.885801646096617,0.4291291206172908,0.08783187523794221,0.21185933488696845,1.8135553667083826,1.367625537842339
005380,2023-08-14,0.7364,7.0,0.439,0.1302,8.0,4.25,9.67,8.0,4.8422013164464115,0.42529962190312076,0.08783187523794221,0.21185933488696845,1.8135553667083826,1.3663585794297748
005380,2023-08-15,0.523,7.0,0.4801,0.2266,8.0,4.25,9.67,8.0,4.8422013164464115,0.42529962190312076,0.08783187523794221,0.21185933488696845,1.8135553667083826,1.3663585794297748
005380,2023-08-16,0.5045,9.0,0.7256,0.1576,14.0,4.25,9.67,8.0,4.765259558240166,0.41854168299576183,0.08783187523794221,0.21185933488696845,1.8135553667083826,1.3641227704664263
005380,2023-08-17,0.2842,5.0,0.3841,0.1759,5.0,4.25,9.67,8.0,4.73961230550475,0.41628903669330886,0.08783187523794221,0.21185933488696845,1.8135553667083826,1.3633775008119768
005380,2023-08-18,0.2516,8.0,0.8103,0.1735,12.0,4.25,9.67,8.0,4.77295373406079,0.41921747688649774,0.08783187523794221,0.21185933488696845,1.8135553667083826,1.3643463513627612
005380,2023-08-19,,,,,0.0,4.25,9.67,8.0,4.77295373406079,0.41921747688649774,0.08783187523794221,0.21185933488696845,1.8135553667083826,1.3643463513627612
005380,2023-08-20,0.9997,6.0,0.0,0.3333,1.0,4.25,9.67,8.0,4.77295373406079,0.41921747688649774,0.08783187523794221,0.21185933488696845,1.8135553667083826,1.3643463513627612
005380,2023-08-21,0.1121,6.0,0.3139,0.151,9.0,4.25,9.67,8.0,4.77295373406079,0.41921747688649774,0.08783187523794221,0.21185933488696845,1.8135553667083826,1.3643463513627612
005380,2023-08-22,-0.0006,5.0,0.5708,0.2267,6.0,4.25,9.67,8.0,4.819118788984538,0.4232722402309131,0.08783187523794221,0.21185933488696845,1.8135553667083826,1.3656878367407703
005380,2023-08-23,-0.027,5.0,0.7855,0.1398,6.0,4.25,9.67,8.0,4.808859887890371,0.4223711817099319,0.08783187523794221,0.21185933488696845,1.8135553667083826,1.3653897288789905
005380,2023-08-24,0.5969,7.0,0.7074,0.1807,7.0,4.25,9.67,8.0,4.780647909881415,0.4198932707772336,0.08783187523794221,0.21185933488696845,1.8135553667083826,1.364569932259096
005380,2023-08-25,0.1226,6.0,0.7798,0.2065,11.0,4.25,9.67,8.0,4.775518459334331,0.419442741516743,0.08783187523794221,0.21185933488696845,1.8135553667083826,1.3644208783282061
005380,2023-08-26,0.4997,4.0,0.5001,0.2078,2.0,4.25,9.67,8.0,4.775518459334331,0.419442741516743,0.08783187523794221,0.21185933488696845,1.8135553667083826,1.3644208783282061
005380,2023-08-27,0.3091,6.0,0.7246,0.204,6.0,4.25,9.67,8.0,4.775518459334331,0.419442741516743,0.08783187523794221,0.21185933488696845,1.8135553667083826,1.3644208783282061
005380,2023-08-28,-0.159,7.0,0.6515,0.221,13.0,4.25,9.67,8.0,4.755000657145999,0.4176406244747806,0.08783187523794221,0.21185933488696845,1.8135553667083826,1.3638246626046464
005380,2023-08-29,0.2051,5.0,0.7416,0.0969,5.0,4.25,9.67,8.0,4.788342085702039,0.4205690646679695,0.08783187523794221,0.21185933488696845,1.8135553667083826,1.3647935131554307
005380,2023-08-30,0.5905,9.0,0.6398,0.1781,20.0,4.25,9.67,8.0,4.816554063710996,0.4230469756006678,0.08783187523794221,0.21185933488696845,1.8135553667083826,1.3656133097753254
005380,2023-08-31,0.3273,8.0,0.6582,0.1944,18.0,4.25,9.67,8.0,4.849895492267036,0.4259754157938566,0.08783187523794221,0.21185933488696845,1.8135553667083826,1.3665821603261097
005380,2023-09-01,0.4518,7.0,0.7798,0.2457,11.0,4.25,9.67,9.0,4.80629516261683,0.4221459170796866,0.08783187523794221,0.21185933488696845,1.8135553667083826,1.3653152019135455
005380,2023-09-02,0.8897,6.0,0.0,0.2558,1.0,4.25,9.67,9.0,4.80629516261683,0.4221459170796866,0.08783187523794221,0.21185933488696845,1.8135553667083826,1.3653152019135455
005380,2023-09-03,0.5074,7.0,0.4926,0.2826,6.0,4.25,9.67,9.0,4.80629516261683,0.4221459170796866,0.08783187523794221,0.21185933488696845,1.8135553667083826,1.3653152019135455
005380,2023-09-04,0.7131,7.0,0.4509,0.1919,7.0,4.25,9.67,9.0,4.8037304373432885,0.42192065244944127,0.08783187523794221,0.21185933488696845,1.8135553667083826,1.3652406749481005
005380,2023-09-05,0.1119,6.0,0.7338,0.2127,9.0,4.25,9.67,9.0,4.785777360428497,0.4203438000377242,0.08783187523794221,0.21185933488696845,1.8135553667083826,1.364718986189986
005380,2023-09-06,0.0878,7.0,0.641,0.1703,16.0,4.25,9.67,9.0,4.788342085702039,0.4205690646679695,0.08783187523794221,0.21185933488696845,1.8135553667083826,1.3647935131554307
005380,2023-09-07,0.4897,8.0,0.4698,0.1808,18.0,4.25,9.67,9.0,4.801165712069746,0.42169538781919597,0.08783187523794221,0.21185933488696845,1.8135553667083826,1.3651661479826556
005380,2023-09-08,-0.085,7.0,0.7546,0.1894,12.0,4.25,9.67,9.0,4.762694832966623,0.41831641836551653,0.08783187523794221,0.21185933488696845,1.8135553667083826,1.3640482435009815
005380,2023-09-09,,,,,0.0,4.25,9.67,9.0,4.762694832966623,0.41831641836551653,0.08783187523794221,0.21185933488696845,1.8135553667083826,1.3640482435009815
005380,2023-09-10,0.1885,6.0,0.2277,0.1144,7.0,4.25,9.67,9.0,4.762694832966623,0.41831641836551653,0.08783187523794221,0.21185933488696845,1.8135553667083826,1.3640482435009815
005380,2023-09-11,0.109,6.0,0.7231,0.1455,9.0,4.25,9.67,9.0,4.757565382419541,0.4178658891050259,0.08783187523794221,0.21185933488696845,1.8135553667083826,1.3638991895700916
005380,2023-09-12,0.2523,5.0,0.6898,0.238,5.0,4.25,9.67,9.0,4.775518459334331,0.419442741516743,0.08783187523794221,0.21185933488696845,1.8135553667083826,1.3644208783282061
005380,2023-09-13,0.2856,8.0,0.6605,0.25,15.0,4.25,9.67,9.0,4.8678485691818265,0.4275522682055737,0.08783187523794221,0.21185933488696845,1.8135553667083826,1.3671038490842244
005380,2023-09-14,0.3656,7.0,0.61,0.1795,10.0,4.25,9.67,9.0,4.8909310966437,0.42957964987778136,0.08783187523794221,0.21185933488696845,1.8135553667083826,1.367774591773229
005380,2023-09-15,0.1289,7.0,0.7744,0.1896,16.0,4.25,9.67,9.0,4.929401975746823,0.43295861933146085,0.08783187523794221,0.21185933488696845,1.8135553667083826,1.3688924962549032
005380,2023-09-16,,,,,0.0,4.25,9.67,9.0,4.929401975746823,0.43295861933146085,0.08783187523794221,0.21185933488696845,1.8135553667083826,1.3688924962549032
005380,2023-09-17,0.5063,7.0,0.4915,0.1563,6.0,4.25,9.67,9.0,4.929401975746823,0.43295861933146085,0.08783187523794221,0.21185933488696845,1.8135553667083826,1.3688924962549032
005380,2023-09-18,-0.0006,4.0,0.706,0.1741,4.0,4.25,9.67,9.0,4.898625272464325,0.43025544376851727,0.08783187523794221,0.21185933488696845,1.8135553667083826,1.3679981726695636
005380,2023-09-19,0.0204,7.0,0.5452,0.1751,16.0,4.25,9.67,9.0,4.87297801972891,0.4280027974660643,0.08783187523794221,0.21185933488696845,1.8135553667083826,1.3672529030151142
005380,2023-09-20,0.0105,7.0,0.6489,0.1913,22.0,4.25,9.67,9.0,4.998649558132445,0.43904076434808387,0.08783187523794221,0.21185933488696845,1.8135553667083826,1.3709047243219168
005380,2023-09-21,0.0831,7.0,0.4432,0.1706,15.0,4.25,9.67,9.0,4.921707799926199,0.43228282544072494,0.08783187523794221,0.21185933488696845,1.8135553667083826,1.3686689153585683
005380,2023-09-22,0.4472,6.0,0.4054,0.1779,7.0,4.25,9.67,9.0,4.911448898832033,0.4313817669197438,0.08783187523794221,0.21185933488696845,1.8135553667083826,1.3683708074967884
005380,2023-09-23,,,,,0.0,4.25,9.67,9.0,4.911448898832033,0.4313817669197438,0.08783187523794221,0.21185933488696845,1.8135553667083826,1.3683708074967884
005380,2023-09-24,0.2298,5.0,0.3859,0.1414,5.0,4.25,9.67,9.0,4.911448898832033,0.4313817669197438,0.08783187523794221,0.21185933488696845,1.8135553667083826,1.3683708074967884
005380,2023-09-25,0.076,7.0,0.2523,0.0979,13.0,4.25,9.67,9.0,4.947355052661614,0.4345354717431779,0.08783187523794221,0.21185933488696845,1.8135553667083826,1.3694141850130177
005380,2023-09-26,0.7965,7.0,0.3651,0.1946,6.0,4.25,9.67,9.0,4.8909310966437,0.42957964987778136,0.08783187523794221,0.21185933488696845,1.8135553667083826,1.367774591773229
005380,2023-09-27,0.0365,4.0,0.9647,0.1531,4.0,4.25,9.67,9.0,4.901189997737866,0.43048070839876257,0.08783187523794221,0.21185933488696845,1.8135553667083826,1.3680726996350088
005380,2023-09-28,0.4982,4.0,0.5017,0.4857,2.0,4.25,9.67,9.0,4.901189997737866,0.43048070839876257,0.08783187523794221,0.21185933488696845,1.8135553667083826,1.3680726996350088
005380,2023-09-29,,,,,0.0,4.25,9.67,9.0,4.901189997737866,0.43048070839876257,0.08783187523794221,0.21185933488696845,1.8135553667083826,1.3680726996350088
005380,2023-09-30,-0.0134,4.0,0.7887,0.1533,3.0,4.25,9.67,9.0,4.901189997737866,0.43048070839876257,0.08783187523794221,0.21185933488696845,1.8135553667083826,1.3680726996350088
005380,2023-10-01,0.0247,3.0,0.9748,0.2699,2.0,4.25,9.67,10.0,4.901189997737866,0.43048070839876257,0.08783187523794221,0.21185933488696845,1.8135553667083826,1.3680726996350088
005380,2023-10-02,,,,,0.0,4.25,9.67,10.0,4.901189997737866,0.43048070839876257,0.08783187523794221,0.21185933488696845,1.8135553667083826,1.3680726996350088
005380,2023-10-03,0.3355,5.0,0.4626,0.2923,3.0,4.25,9.67,10.0,4.901189997737866,0.43048070839876257,0.08783187523794221,0.21185933488696845,1.8135553667083826,1.3680726996350088
005380,2023-10-04,0.0227,5.0,0.9781,0.2467,6.0,4.25,9.67,10.0,4.8934958219172415,0.42980491450802666,0.08783187523794221,0.21185933488696845,1.8135553667083826,1.3678491187386737
005380,2023-10-05,0.3883,6.0,0.4276,0.2417,6.0,4.25,9.67,10.0,4.885801646096617,0.4291291206172908,0.08783187523794221,0.21185933488696845,1.8135553667083826,1.367625537842339
005380,2023-10-06,0.7123,7.0,0.4505,0.1974,7.0,4.25,9.67,10.0,4.929401975746823,0.43295861933146085,0.08783187523794221,0.21185933488696845,1.8135553667083826,1.3688924962549032
005380,2023-10-07,0.0001,3.0,0.0,0.3571,1.0,4.25,9.67,10.0,4.929401975746823,0.43295861933146085,0.08783187523794221,0.21185933488696845,1.8135553667083826,1.3688924962549032
005380,2023-10-08,0.5569,7.0,0.4728,0.2153,6.0,4.25,9.67,10.0,4.929401975746823,0.43295861933146085,0.08783187523794221,0.21185933488696845,1.8135553667083826,1.3688924962549032
005380,2023-10-09,0.0487,5.0,0.801,0.2127,6.0,4.25,9.67,10.0,4.929401975746823,0.43295861933146085,0.08783187523794221,0.21185933488696845,1.8135553667083826,1.3688924962549032
005380,2023-10-10,0.3509,5.0,0.537,0.1484,5.0,4.25,9.67,10.0,4.831942415352245,0.42439856338213955,0.08783187523794221,0.21185933488696845,1.8135553667083826,1.366060471567995
005380,2023-10-11,0.25,5.0,0.4329,0.2265,4.0,4.25,9.67,10.0,4.857589668087661,0.4266512096845925,0.08783187523794221,0.21185933488696845,1.8135553667083826,1.3668057412224446
005380,2023-10-12,0.2515,6.0,0.6578,0.189,8.0,4.25,9.67,10.0,4.821683514258079,0.42349750486115834,0.08783187523794221,0.21185933488696845,1.8135553667083826,1.365762363706215
005380,2023-10-13,0.2644,4.0,0.0,0.0889,1.0,4.25,9.67,10.0,4.798600986796205,0.42147012318895066,0.08783187523794221,0.21185933488696845,1.8135553667083826,1.3650916210172106
005380,2023-10-14,0.0082,3.0,0.0037,0.1435,2.0,4.25,9.67,10.0,4.798600986796205,0.42147012318895066,0.08783187523794221,0.21185933488696845,1.8135553667083826,1.3650916210172106
005380,2023-10-15,0.716,6.0,0.399,0.1863,3.0,4.25,9.67,10.0,4.798600986796205,0.42147012318895066,0.08783187523794221,0.21185933488696845,1.8135553667083826,1.3650916210172106
005380,2023-10-16,0.7504,6.0,0.432,0.1788,4.0,4.25,9.67,10.0,4.790906810975581,0.4207943292982148,0.08783187523794221,0.21185933488696845,1.8135553667083826,1.364868040120876
005380,2023-10-17,0.1967,5.0,0.7471,0.1752,5.0,4.25,9.67,10.0,4.834507140625787,0.42462382801238485,0.08783187523794221,0.21185933488696845,1.8135553667083826,1.36613499853344
005380,2023-10-18,0.4527,7.0,0.7789,0.2647,11.0,4.25,9.67,10.0,4.919143074652657,0.43205756081047964,0.08783187523794221,0.21185933488696845,1.8135553667083826,1.3685943883931233
005380,2023-10-19,0.3813,7.0,0.4311,0.174,9.0,4.25,9.67,10.0,4.844766041719953,0.425524886533366,0.08783187523794221,0.21185933488696845,1.8135553667083826,1.3664331063952198
005380,2023-10-20,0.25,5.0,0.8289,0.2064,4.0,4.25,9.67,10.0,4.70627087694871,0.41336059650011997,0.08783187523794221,0.21185933488696845,1.8135553667083826,1.3624086502611925
005380,2023-10-21,,,,,0.0,4.25,9.67,10.0,4.70627087694871,0.41336059650011997,0.08783187523794221,0.21185933488696845,1.8135553667083826,1.3624086502611925
005380,2023-10-22,-0.0022,3.0,0.9974,0.1831,2.0,4.25,9.67,10.0,4.70627087694871,0.41336059650011997,0.08783187523794221,0.21185933488696845,1.8135553667083826,1.3624086502611925
005380,2023-10-23,0.7697,8.0,0.3869,0.2034,11.0,4.25,9.67,10.0,4.755000657145999,0.4176406244747806,0.08783187523794221,0.21185933488696845,1.8135553667083826,1.3638246626046464
005380,2023-10-24,0.1566,6.0,0.5439,0.2117,9.0,4.25,9.67,10.0,4.688317800033919,0.4117837440884029,0.08783187523794221,0.21185933488696845,1.8135553667083826,1.3618869615030778
005380,2023-10-25,0.9262,7.0,0.1265,0.184,4.0,4.25,9.67,10.0,4.667799997845587,0.40998162704644053,0.08783187523794221,0.21185933488696845,1.8135553667083826,1.3612907457795183
005380,2023-10-26,0.8182,9.0,0.3234,0.2509,12.0,4.25,9.67,10.0,4.603681866007048,0.4043500112903081,0.08783187523794221,0.21185933488696845,1.8135553667083826,1.3594275716433946
005380,2023-10-27,0.3159,8.0,0.5511,0.2391,15.0,4.25,9.67,10.0,4.5036575803389285,0.3955646907107415,0.08783187523794221,0.21185933488696845,1.8135553667083826,1.3565210199910416
005380,2023-10-28,,,,,0.0,4.25,9.67,10.0,4.5036575803389285,0.3955646907107415,0.08783187523794221,0.21185933488696845,1.8135553667083826,1.3565210199910416
005380,2023-10-29,0.0,3.0,0.0,0.1675,2.0,4.25,9.67,10.0,4.5036575803389285,0.3955646907107415,0.08783187523794221,0.21185933488696845,1.8135553667083826,1.3565210199910416
005380,2023-10-30,0.36,7.0,0.4101,0.2291,11.0,4.25,9.67,10.0,4.424151096859141,0.38858148717313734,0.08783187523794221,0.21185933488696845,1.8135553667083826,1.354210684062248
005380,2023-10-31,0.0,3.0,0.0,0.2664,2.0,4.25,9.67,10.0,4.352338789199979,0.382274077526269,0.08783187523794221,0.21185933488696845,1.8135553667083826,1.3521239290297895
005380,2023-11-01,0.4092,8.0,0.5862,0.2077,17.0,4.25,9.67,11.0,4.367727140841228,0.3836256653077408,0.08783187523794221,0.21185933488696845,1.8135553667083826,1.352571090822459
005380,2023-11-02,0.8312,7.0,0.3234,0.2495,8.0,4.25,9.67,11.0,4.411327470491433,0.3874551640219108,0.08783187523794221,0.21185933488696845,1.8135553667083826,1.3538380492350233
005380,2023-11-03,0.3995,5.0,0.4892,0.2201,5.0,4.25,9.67,11.0,4.447233624321015,0.390608868845345,0.08783187523794221,0.21185933488696845,1.8135553667083826,1.3548814267512526
005380,2023-11-04,,,,,0.0,4.25,9.67,11.0,4.447233624321015,0.390608868845345,0.08783187523794221,0.21185933488696845,1.8135553667083826,1.3548814267512526
005380,2023-11-05,0.0,3.0,0.0,0.3335,2.0,4.25,9.67,11.0,4.447233624321015,0.390608868845345,0.08783187523794221,0.21185933488696845,1.8135553667083826,1.3548814267512526
005380,2023-11-06,0.1607,4.0,0.695,0.1584,5.0,4.25,9.67,11.0,4.562646261630384,0.4007457772063834,0.08783187523794221,0.21185933488696845,1.8135553667083826,1.3582351401962753
005380,2023-11-07,-0.9618,6.0,0.0,0.2593,1.0,4.25,9.67,11.0,4.516481206706636,0.39669101386196803,0.08783187523794221,0.21185933488696845,1.8135553667083826,1.3568936548182662
005380,2023-11-08,0.5,7.0,0.4774,0.1847,8.0,4.25,9.67,11.0,4.483139778150597,0.39376257366877915,0.08783187523794221,0.21185933488696845,1.8135553667083826,1.3559248042674819
005380,2023-11-09,0.3643,6.0,0.6867,0.1956,8.0,4.25,9.67,11.0,4.480575052877055,0.39353730903853384,0.08783187523794221,0.21185933488696845,1.8135553667083826,1.3558502773020369
005380,2023-11-10,0.0702,4.0,0.1406,0.1787,5.0,4.25,9.67,11.0,4.45492780014164,0.39128466273608087,0.08783187523794221,0.21185933488696845,1.8135553667083826,1.3551050076475875
005380,2023-11-11,,,,,0.0,4.25,9.67,11.0,4.45492780014164,0.39128466273608087,0.08783187523794221,0.21185933488696845,1.8135553667083826,1.3551050076475875
005380,2023-11-12,0.0001,3.0,0.0,0.2708,1.0,4.25,9.67,11.0,4.45492780014164,0.39128466273608087,0.08783187523794221,0.21185933488696845,1.8135553667083826,1.3551050076475875
005380,2023-11-13,0.4493,8.0,0.4444,0.1674,12.0,4.25,9.67,11.0,4.444668899047474,0.3903836042150997,0.08783187523794221,0.21185933488696845,1.8135553667083826,1.3548068997858076
005380,2023-11-14,0.379,7.0,0.4601,0.2529,11.0,4.25,9.67,11.0,4.493398679244763,0.39466363218976036,0.08783187523794221,0.21185933488696845,1.8135553667083826,1.3562229121292617
005380,2023-11-15,0.2799,6.0,0.6157,0.2,8.0,4.25,9.67,11.0,4.680623624213294,0.41110795019766705,0.08783187523794221,0.21185933488696845,1.8135553667083826,1.361663380606743
005380,2023-11-16,0.2629,7.0,0.3854,0.1864,11.0,4.25,9.67,11.0,4.73961230550475,0.41628903669330886,0.08783187523794221,0.21185933488696845,1.8135553667083826,1.3633775008119768
005380,2023-11-17,0.3374,8.0,0.7354,0.2193,12.0,4.25,9.67,11.0,4.729353404410584,0.41538797817232764,0.08783187523794221,0.21185933488696845,1.8135553667083826,1.363079392950197
005380,2023-11-18,,,,,0.0,4.25,9.67,11.0,4.729353404410584,0.41538797817232764,0.08783187523794221,0.21185933488696845,1.8135553667083826,1.363079392950197
005380,2023-11-19,0.0081,4.0,0.0094,0.171,3.0,4.25,9.67,11.0,4.729353404410584,0.41538797817232764,0.08783187523794221,0.21185933488696845,1.8135553667083826,1.363079392950197
005380,2023-11-20,0.2609,7.0,0.7359,0.2652,11.0,4.25,9.67,11.0,4.708835602222251,0.4135858611303653,0.08783187523794221,0.21185933488696845,1.8135553667083826,1.3624831772266375
005380,2023-11-21,0.6716,9.0,0.4533,0.1839,16.0,4.25,9.67,11.0,4.7242239538635005,0.4149374489118371,0.08783187523794221,0.21185933488696845,1.8135553667083826,1.3629303390193073
005380,2023-11-22,0.4347,8.0,0.4588,0.2556,16.0,4.25,9.67,11.0,4.693447250581002,0.4122342733488935,0.08783187523794221,0.21185933488696845,1.8135553667083826,1.3620360154339677
005380,2023-11-23,0.7142,9.0,0.4358,0.1769,14.0,4.25,9.67,11.0,4.73961230550475,0.41628903669330886,0.08783187523794221,0.21185933488696845,1.8135553667083826,1.3633775008119768
005380,2023-11-24,0.5827,8.0,0.6245,0.1772,9.0,4.25,9.67,11.0,4.719094503316418,0.4144869196513465,0.08783187523794221,0.21185933488696845,1.8135553667083826,1.3627812850884173
005380,2023-11-25,,,,,0.0,4.25,9.67,11.0,4.719094503316418,0.4144869196513465,0.08783187523794221,0.21185933488696845,1.8135553667083826,1.3627812850884173
005380,2023-11-26,0.3307,5.0,0.4671,0.2735,3.0,4.25,9.67,11.0,4.719094503316418,0.4144869196513465,0.08783187523794221,0.21185933488696845,1.8135553667083826,1.3627812850884173
005380,2023-11-27,0.2426,7.0,0.6016,0.1445,9.0,4.25,9.67,11.0,4.742177030778292,0.41651430132355416,0.08783187523794221,0.21185933488696845,1.8135553667083826,1.3634520277774218
005380,2023-11-28,0.5237,7.0,0.4778,0.1571,8.0,4.25,9.67,11.0,4.762694832966623,0.41831641836551653,0.08783187523794221,0.21185933488696845,1.8135553667083826,1.3640482435009815
005380,2023-11-29,-0.0073,5.0,0.0183,0.1621,6.0,4.25,9.67,11.0,4.73961230550475,0.41628903669330886,0.08783187523794221,0.21185933488696845,1.8135553667083826,1.3633775008119768
005380,2023-11-30,0.047,5.0,0.8216,0.1335,8.0,4.25,9.67,11.0,4.726788679137043,0.4151627135420824,0.08783187523794221,0.21185933488696845,1.8135553667083826,1.363004865984752
005380,2023-12-01,0.5087,7.0,0.7366,0.2111,6.0,4.25,9.67,12.0,4.688317800033919,0.4117837440884029,0.08783187523794221,0.21185933488696845,1.8135553667083826,1.3618869615030778
005380,2023-12-02,,,,,0.0,4.25,9.67,12.0,4.688317800033919,0.4117837440884029,0.08783187523794221,0.21185933488696845,1.8135553667083826,1.3618869615030778
005380,2023-12-03,0.2338,5.0,0.8146,0.2583,4.0,4.25,9.67,12.0,4.688317800033919,0.4117837440884029,0.08783187523794221,0.21185933488696845,1.8135553667083826,1.3618869615030778
005380,2023-12-04,0.4999,6.0,0.8658,0.2656,8.0,4.25,9.67,12.0,4.65754109675142,0.4090805685254594,0.08783187523794221,0.21185933488696845,1.8135553667083826,1.3609926379177384
005380,2023-12-05,0.4962,7.0,0.4711,0.1757,9.0,4.25,9.67,12.0,4.652411646204338,0.40863003926496877,0.08783187523794221,0.21185933488696845,1.8135553667083826,1.3608435839868487
005380,2023-12-06,0.5947,9.0,0.4454,0.186,14.0,4.25,9.67,12.0,4.690882525307461,0.4120090087186482,0.08783187523794221,0.21185933488696845,1.8135553667083826,1.361961488468523
005380,2023-12-07,0.6087,7.0,0.562,0.2291,6.0,4.25,9.67,12.0,4.683188349486836,0.4113332148279123,0.08783187523794221,0.21185933488696845,1.8135553667083826,1.3617379075721878
005380,2023-12-08,0.0002,4.0,0.0003,0.1648,5.0,4.25,9.67,12.0,4.747306481325374,0.41696483058404477,0.08783187523794221,0.21185933488696845,1.8135553667083826,1.3636010817083117
005380,2023-12-09,,,,,0.0,4.25,9.67,12.0,4.747306481325374,0.41696483058404477,0.08783187523794221,0.21185933488696845,1.8135553667083826,1.3636010817083117
005380,2023-12-10,0.8303,6.0,0.2354,0.2048,3.0,4.25,9.67,12.0,4.747306481325374,0.41696483058404477,0.08783187523794221,0.21185933488696845,1.8135553667083826,1.3636010817083117
005380,2023-12-11,0.2642,8.0,0.5905,0.2163,12.0,4.25,9.67,12.0,4.755000657145999,0.4176406244747806,0.08783187523794221,0.21185933488696845,1.8135553667083826,1.3638246626046464
005380,2023-12-12,0.2611,8.0,0.8106,0.1797,16.0,4.25,9.67,12.0,4.760130107693082,0.4180911537352712,0.08783187523794221,0.21185933488696845,1.8135553667083826,1.3639737165355363
005380,2023-12-13,0.5315,8.0,0.6409,0.1675,10.0,4.25,9.67,12.0,4.744741756051833,0.41673956595379946,0.08783187523794221,0.21185933488696845,1.8135553667083826,1.3635265547428668
005380,2023-12-14,-0.2206,6.0,0.4609,0.255,7.0,4.25,9.67,12.0,4.73961230550475,0.41628903669330886,0.08783187523794221,0.21185933488696845,1.8135553667083826,1.3633775008119768
005380,2023-12-15,0.1652,5.0,0.3733,0.1452,6.0,4.25,9.67,12.0,4.9447903273880724,0.4343102071129326,0.08783187523794221,0.21185933488696845,1.8135553667083826,1.3693396580475727
005380,2023-12-16,0.9915,6.0,0.0,0.0889,1.0,4.25,9.67,12.0,4.9447903273880724,0.4343102071129326,0.08783187523794221,0.21185933488696845,1.8135553667083826,1.3693396580475727
005380,2023-12-17,0.5052,7.0,0.4907,0.2376,6.0,4.25,9.67,12.0,4.9447903273880724,0.4343102071129326,0.08783187523794221,0.21185933488696845,1.8135553667083826,1.3693396580475727
005380,2023-12-18,0.2188,7.0,0.6249,0.2774,9.0,4.25,9.67,12.0,4.92427252519974,0.43250809007097024,0.08783187523794221,0.21185933488696845,1.8135553667083826,1.3687434423240132
005380,2023-12-19,0.1304,7.0,0.7422,0.1696,12.0,4.25,9.67,12.0,4.929401975746823,0.43295861933146085,0.08783187523794221,0.21185933488696845,1.8135553667083826,1.3688924962549032
005380,2023-12-20,0.2503,8.0,0.5949,0.1816,18.0,4.25,9.67,12.0,5.106368019621189,0.4485018788183863,0.08783187523794221,0.21185933488696845,1.8135553667083826,1.3740348568706047
005380,2023-12-21,0.4326,7.0,0.5388,0.2029,11.0,4.25,9.67,12.0,5.096109118527023,0.4476008202974051,0.08783187523794221,0.21185933488696845,1.8135553667083826,1.3737367490088248
005380,2023-12-22,0.2378,6.0,0.4124,0.2333,8.0,4.25,9.67,12.0,5.103803294347648,0.448276614188141,0.08783187523794221,0.21185933488696845,1.8135553667083826,1.3739603299051597
005380,2023-12-23,0.0,3.0,0.0,0.25,1.0,4.25,9.67,12.0,5.103803294347648,0.448276614188141,0.08783187523794221,0.21185933488696845,1.8135553667083826,1.3739603299051597
005380,2023-12-24,0.725,5.0,0.2748,0.2453,2.0,4.25,9.67,12.0,5.103803294347648,0.448276614188141,0.08783187523794221,0.21185933488696845,1.8135553667083826,1.3739603299051597
005380,2023-12-25,-0.0128,3.0,0.0,0.3137,1.0,4.25,9.67,12.0,5.103803294347648,0.448276614188141,0.08783187523794221,0.21185933488696845,1.8135553667083826,1.3739603299051597
005380,2023-12-26,-0.3199,5.0,0.4719,0.1998,3.0,4.25,9.67,12.0,5.098673843800564,0.4478260849276504,0.08783187523794221,0.21185933488696845,1.8135553667083826,1.3738112759742698
005380,2023-12-27,0.4726,6.0,0.4612,0.1458,8.0,4.25,9.67,12.0,5.09097966797994,0.44715029103691456,0.08783187523794221,0.21185933488696845,1.8135553667083826,1.3735876950779349
005380,2023-12-28,0.2364,6.0,0.3717,0.1824,6.0,4.25,9.67,12.0,5.219215931657017,0.4584135225491794,0.08783187523794221,0.21185933488696845,1.8135553667083826,1.3773140433501823
005380,2023-12-29,0.3434,5.0,0.4643,0.1452,3.0,4.25,9.67,12.0,5.219215931657017,0.4584135225491794,0.08783187523794221,0.21185933488696845,1.8135553667083826,1.3773140433501823
005380,2023-12-30,0.9997,6.0,0.0,0.8043,1.0,4.25,9.67,12.0,5.219215931657017,0.4584135225491794,0.08783187523794221,0.21185933488696845,1.8135553667083826,1.3773140433501823
005380,2023-12-31,0.0008,3.0,0.0,0.1,1.0,4.25,9.67,12.0,5.219215931657017,0.4584135225491794,0.08783187523794221,0.21185933488696845,1.8135553667083826,1.3773140433501823
005380,2024-01-01,0.6881,6.0,0.4087,0.4136,5.0,4.25,9.67,13.0,5.219215931657017,0.4584135225491794,0.08783187523794221,0.21185933488696845,1.8135553667083826,1.3773140433501823
005380,2024-01-02,0.4797,6.0,0.686,0.236,8.0,4.25,9.67,13.0,5.142274173450771,0.45165558364182046,0.08783187523794221,0.21185933488696845,1.8135553667083826,1.3750782343868337
005380,2024-01-03,0.1252,5.0,0.7799,0.2065,8.0,4.25,9.67,13.0,4.9704375801234875,0.4365628534153856,0.08783187523794221,0.21185933488696845,1.8135553667083826,1.3700849277020222
005380,2024-01-04,0.0412,7.0,0.6999,0.2601,13.0,4.25,9.67,13.0,4.87297801972891,0.4280027974660643,0.08783187523794221,0.21185933488696845,1.8135553667083826,1.3672529030151142
005380,2024-01-05,0.2524,6.0,0.802,0.1998,8.0,4.25,9.67,13.0,4.8037304373432885,0.42192065244944127,0.08783187523794221,0.21185933488696845,1.8135553667083826,1.3652406749481005
005380,2024-01-06,,,,,0.0,4.25,9.67,13.0,4.8037304373432885,0.42192065244944127,0.08783187523794221,0.21185933488696845,1.8135553667083826,1.3652406749481005
005380,2024-01-07,0.3854,4.0,0.0,0.2558,1.0,4.25,9.67,13.0,4.8037304373432885,0.42192065244944127,0.08783187523794221,0.21185933488696845,1.8135553667083826,1.3652406749481005
005380,2024-01-08,-0.4524,4.0,0.5473,0.2176,2.0,4.25,9.67,13.0,4.762694832966623,0.41831641836551653,0.08783187523794221,0.21185933488696845,1.8135553667083826,1.3640482435009815
005380,2024-01-09,0.378,7.0,0.3902,0.185,10.0,4.25,9.67,13.0,4.760130107693082,0.4180911537352712,0.08783187523794221,0.21185933488696845,1.8135553667083826,1.3639737165355363
005380,2024-01-10,0.159,7.0,0.6153,0.2899,17.0,4.25,9.67,13.0,4.788342085702039,0.4205690646679695,0.08783187523794221,0.21185933488696845,1.8135553667083826,1.3647935131554307
005380,2024-01-11,0.435,5.0,0.5666,0.2268,4.0,4.25,9.67,13.0,4.796036261522664,0.4212448585587054,0.08783187523794221,0.21185933488696845,1.8135553667083826,1.3650170940517659
005380,2024-01-12,0.7942,6.0,0.3972,0.1728,5.0,4.25,9.67,13.0,4.770389008787248,0.41899221225625244,0.08783187523794221,0.21185933488696845,1.8135553667083826,1.3642718243973162
005380,2024-01-13,,,,,0.0,4.25,9.67,13.0,4.770389008787248,0.41899221225625244,0.08783187523794221,0.21185933488696845,1.8135553667083826,1.3642718243973162
005380,2024-01-14,0.0332,3.0,0.0332,0.2649,2.0,4.25,9.67,13.0,4.770389008787248,0.41899221225625244,0.08783187523794221,0.21185933488696845,1.8135553667083826,1.3642718243973162
005380,2024-01-15,0.3259,7.0,0.8182,0.225,9.0,4.25,9.67,13.0,4.808859887890371,0.4223711817099319,0.08783187523794221,0.21185933488696845,1.8135553667083826,1.3653897288789905
005380,2024-01-16,0.0393,6.0,0.5479,0.1936,11.0,4.25,9.67,13.0,4.775518459334331,0.419442741516743,0.08783187523794221,0.21185933488696845,1.8135553667083826,1.3644208783282061
005380,2024-01-17,0.4751,6.0,0.6725,0.2718,7.0,4.25,9.67,13.0,4.662670547298504,0.4095310977859499,0.08783187523794221,0.21185933488696845,1.8135553667083826,1.3611416918486283
005380,2024-01-18,0.1718,7.0,0.6949,0.1815,11.0,4.25,9.67,13.0,4.6216349429218395,0.4059268637020252,0.08783187523794221,0.21185933488696845,1.8135553667083826,1.359949260401509
005380,2024-01-19,0.7381,7.0,0.5308,0.2574,6.0,4.25,9.67,13.0,4.6601058220249625,0.4093058331557046,0.08783187523794221,0.21185933488696845,1.8135553667083826,1.3610671648831834
005380,2024-01-20,-0.0,3.0,0.0,0.1628,1.0,4.25,9.67,13.0,4.6601058220249625,0.4093058331557046,0.08783187523794221,0.21185933488696845,1.8135553667083826,1.3610671648831834
005380,2024-01-21,0.4575,7.0,0.4436,0.2449,9.0,4.25,9.67,13.0,4.6601058220249625,0.4093058331557046,0.08783187523794221,0.21185933488696845,1.8135553667083826,1.3610671648831834
005380,2024-01-22,0.2171,7.0,0.4172,0.2842,9.0,4.25,9.67,13.0,4.619070217648297,0.4057015990717799,0.08783187523794221,0.21185933488696845,1.8135553667083826,1.3598747334360644
005380,2024-01-23,0.9936,8.0,0.0088,0.1277,6.0,4.25,9.67,13.0,4.73961230550475,0.41628903669330886,0.08783187523794221,0.21185933488696845,1.8135553667083826,1.3633775008119768
005380,2024-01-24,0.4077,5.0,0.4592,0.158,5.0,4.25,9.67,13.0,4.744741756051833,0.41673956595379946,0.08783187523794221,0.21185933488696845,1.8135553667083826,1.3635265547428668
005380,2024-01-25,0.9385,10.0,0.2239,0.1693,19.0,4.25,9.67,13.0,4.839636591172869,0.42507435727287546,0.08783187523794221,0.21185933488696845,1.8135553667083826,1.3662840524643298
005380,2024-01-26,0.3821,7.0,0.659,0.3082,10.0,4.25,9.67,13.0,4.8037304373432885,0.42192065244944127,0.08783187523794221,0.21185933488696845,1.8135553667083826,1.3652406749481005
005380,2024-01-27,0.4984,4.0,0.5001,0.2674,2.0,4.25,9.67,13.0,4.8037304373432885,0.42192065244944127,0.08783187523794221,0.21185933488696845,1.8135553667083826,1.3652406749481005
005380,2024-01-28,,,,,0.0,4.25,9.67,13.0,4.8037304373432885,0.42192065244944127,0.08783187523794221,0.21185933488696845,1.8135553667083826,1.3652406749481005
005380,2024-01-29,0.2104,8.0,0.6443,0.2034,12.0,4.25,9.67,13.0,5.016602635047235,0.44061761675980093,0.08783187523794221,0.21185933488696845,1.8135553667083826,1.3714264130800313
005380,2024-01-30,-0.3176,5.0,0.4824,0.0888,3.0,4.25,9.67,13.0,4.87297801972891,0.4280027974660643,0.08783187523794221,0.21185933488696845,1.8135553667083826,1.3672529030151142
005380,2024-01-31,0.4418,6.0,0.4836,0.1543,7.0,4.25,9.67,13.0,4.99095538231182,0.43836497045734796,0.08783187523794221,0.21185933488696845,1.8135553667083826,1.370681143425582
005380,2024-02-01,0.568,8.0,0.5265,0.2229,10.0,4.25,9.67,14.0,5.3346285689663855,0.46855043091021775,0.08783187523794221,0.21185933488696845,1.8135553667083826,1.380667756795205
005380,2024-02-02,0.3527,7.0,0.7613,0.2537,11.0,4.25,9.67,14.0,5.821926370939276,0.5113507106568241,0.08783187523794221,0.21185933488696845,1.8135553667083826,1.3948278802297454
005380,2024-02-03,0.9991,6.0,0.0,0.2727,1.0,4.25,9.67,14.0,5.821926370939276,0.5113507106568241,0.08783187523794221,0.21185933488696845,1.8135553667083826,1.3948278802297454
005380,2024-02-04,0.4913,5.0,0.492,0.2495,4.0,4.25,9.67,14.0,5.821926370939276,0.5113507106568241,0.08783187523794221,0.21185933488696845,1.8135553667083826,1.3948278802297454
005380,2024-02-05,0.5917,9.0,0.4344,0.2439,13.0,4.25,9.67,14.0,6.104046151028845,0.5361298199838068,0.08783187523794221,0.21185933488696845,1.8135553667083826,1.4030258464286898
005380,2024-02-06,0.4744,8.0,0.6525,0.2397,20.0,4.25,9.67,14.0,6.039928019190306,0.5304982042276745,0.08783187523794221,0.21185933488696845,1.8135553667083826,1.4011626722925663
005380,2024-02-07,0.5533,7.0,0.4559,0.2084,8.0,4.25,9.67,14.0,6.283576920176752,0.5518983441009776,0.08783187523794221,0.21185933488696845,1.8135553667083826,1.4082427340098365
005380,2024-02-08,0.2208,6.0,0.8059,0.2278,8.0,4.25,9.67,14.0,6.411813183853829,0.5631615756132425,0.08783187523794221,0.21185933488696845,1.8135553667083826,1.4119690822820838
005380,2024-02-09,0.6574,6.0,0.465,0.2337,3.0,4.25,9.67,14.0,6.411813183853829,0.5631615756132425,0.08783187523794221,0.21185933488696845,1.8135553667083826,1.4119690822820838
005380,2024-02-10,0.4999,4.0,0.4999,0.2023,2.0,4.25,9.67,14.0,6.411813183853829,0.5631615756132425,0.08783187523794221,0.21185933488696845,1.8135553667083826,1.4119690822820838
005380,2024-02-11,-0.0039,3.0,0.9921,0.2203,2.0,4.25,9.67,14.0,6.411813183853829,0.5631615756132425,0.08783187523794221,0.21185933488696845,1.8135553667083826,1.4119690822820838
005380,2024-02-12,-0.242,5.0,0.8232,0.5049,4.0,4.25,9.67,14.0,6.411813183853829,0.5631615756132425,0.08783187523794221,0.21185933488696845,1.8135553667083826,1.4119690822820838
005380,2024-02-13,0.6471,6.0,0.4077,0.0913,3.0,4.25,9.67,14.0,6.386165931118413,0.5609089293107895,0.08783187523794221,0.21185933488696845,1.8135553667083826,1.4112238126276344
005380,2024-02-14,0.7979,8.0,0.3989,0.2785,10.0,4.25,9.67,14.0,6.29640054654446,0.5530246672522041,0.08783187523794221,0.21185933488696845,1.8135553667083826,1.408615368837061
005380,2024-02-15,0.3463,8.0,0.7535,0.2367,13.0,4.25,9.67,14.0,6.155340656499675,0.5406351125887128,0.08783187523794221,0.21185933488696845,1.8135553667083826,1.404516385737589
005380,2024-02-16,0.546,9.0,0.4816,0.1516,17.0,4.25,9.67,14.0,6.475931315692367,0.5687931913693749,0.08783187523794221,0.21185933488696845,1.8135553667083826,1.4138322564182078
005380,2024-02-17,0.0,3.0,0.0,0.1333,1.0,4.25,9.67,14.0,6.475931315692367,0.5687931913693749,0.08783187523794221,0.21185933488696845,1.8135553667083826,1.4138322564182078
005380,2024-02-18,0.9826,7.0,0.0206,0.2257,3.0,4.25,9.67,14.0,6.475931315692367,0.5687931913693749,0.08783187523794221,0.21185933488696845,1.8135553667083826,1.4138322564182078
005380,2024-02-19,0.3084,7.0,0.6081,0.2561,10.0,4.25,9.67,14.0,6.475931315692367,0.5687931913693749,0.08783187523794221,0.21185933488696845,1.8135553667083826,1.4138322564182078
005380,2024-02-20,0.1574,6.0,0.6912,0.1865,11.0,4.25,9.67,14.0,6.206635161970506,0.5451404051936187,0.08783187523794221,0.21185933488696845,1.8135553667083826,1.406006925046488
005380,2024-02-21,0.3544,8.0,0.5795,0.1859,24.0,4.25,9.67,14.0,6.142517030131968,0.5395087894374863,0.08783187523794221,0.21185933488696845,1.8135553667083826,1.404143750910364
005380,2024-02-22,0.358,6.0,0.4467,0.3151,6.0,4.25,9.67,14.0,6.245106041073629,0.5485193746472982,0.08783187523794221,0.21185933488696845,1.8135553667083826,1.4071248295281622
005380,2024-02-23,0.1337,7.0,0.39,0.1913,13.0,4.25,9.67,14.0,6.257929667441337,0.5496456977985247,0.08783187523794221,0.21185933488696845,1.8135553667083826,1.4074974643553868
005380,2024-02-24,0.0,3.0,0.0,0.225,1.0,4.25,9.67,14.0,6.257929667441337,0.5496456977985247,0.08783187523794221,0.21185933488696845,1.8135553667083826,1.4074974643553868
005380,2024-02-25,0.1668,6.0,0.3725,0.1452,6.0,4.25,9.67,14.0,6.257929667441337,0.5496456977985247,0.08783187523794221,0.21185933488696845,1.8135553667083826,1.4074974643553868
005380,2024-02-26,-0.2091,6.0,0.622,0.2584,8.0,4.25,9.67,14.0,6.12969340376426,0.5383824662862599,0.08783187523794221,0.21185933488696845,1.8135553667083826,1.4037711160831394
005380,2024-02-27,0.2246,7.0,0.5905,0.1277,10.0,4.25,9.67,14.0,6.116869777396552,0.5372561431350333,0.08783187523794221,0.21185933488696845,1.8135553667083826,1.4033984812559148
005380,2024-02-28,0.6511,9.0,0.4347,0.1864,14.0,4.25,9.67,14.0,6.360518678382998,0.5586562830083366,0.08783187523794221,0.21185933488696845,1.8135553667083826,1.410478542973185
005380,2024-02-29,0.5997,8.0,0.4846,0.199,10.0,4.25,9.67,14.0,6.424636810221536,0.5642878987644689,0.08783187523794221,0.21185933488696845,1.8135553667083826,1.4123417171093084
005380,2024-03-01,0.2317,6.0,0.3799,0.1915,7.0,4.25,9.67,15.0,6.424636810221536,0.5642878987644689,0.08783187523794221,0.21185933488696845,1.8135553667083826,1.4123417171093084
005380,2024-03-02,-0.0001,3.0,0.0001,0.1701,2.0,4.25,9.67,15.0,6.424636810221536,0.5642878987644689,0.08783187523794221,0.21185933488696845,1.8135553667083826,1.4123417171093084
005380,2024-03-03,0.4262,5.0,0.788,0.2914,5.0,4.25,9.67,15.0,6.424636810221536,0.5642878987644689,0.08783187523794221,0.21185933488696845,1.8135553667083826,1.4123417171093084
005380,2024-03-04,0.3706,8.0,0.8339,0.2333,16.0,4.25,9.67,15.0,6.5528730738986125,0.5755511302767339,0.08783187523794221,0.21185933488696845,1.8135553667083826,1.416068065381556
005380,2024-03-05,0.3394,8.0,0.6758,0.2742,15.0,4.25,9.67,15.0,6.386165931118413,0.5609089293107895,0.08783187523794221,0.21185933488696845,1.8135553667083826,1.4112238126276344
005380,2024-03-06,0.4179,7.0,0.5185,0.1986,9.0,4.25,9.67,15.0,6.437460436589244,0.5654142219156955,0.08783187523794221,0.21185933488696845,1.8135553667083826,1.4127143519365335
005380,2024-03-07,0.5177,9.0,0.4663,0.2075,13.0,4.25,9.67,15.0,6.411813183853829,0.5631615756132425,0.08783187523794221,0.21185933488696845,1.8135553667083826,1.4119690822820838
005380,2024-03-08,0.9278,6.0,0.0681,0.0919,2.0,4.25,9.67,15.0,6.4887549420600745,0.5699195145206014,0.08783187523794221,0.21185933488696845,1.8135553667083826,1.4142048912454324
005380,2024-03-09,-0.0318,4.0,0.7731,0.1188,3.0,4.25,9.67,15.0,6.4887549420600745,0.5699195145206014,0.08783187523794221,0.21185933488696845,1.8135553667083826,1.4142048912454324
005380,2024-03-10,-0.0002,3.0,0.0,0.12,1.0,4.25,9.67,15.0,6.4887549420600745,0.5699195145206014,0.08783187523794221,0.21185933488696845,1.8135553667083826,1.4142048912454324
005380,2024-03-11,0.3339,7.0,0.4709,0.1716,9.0,4.25,9.67,15.0,6.245106041073629,0.5485193746472982,0.08783187523794221,0.21185933488696845,1.8135553667083826,1.4071248295281622
005380,2024-03-12,0.1144,6.0,0.3054,0.2059,9.0,4.25,9.67,15.0,6.193811535602798,0.5440140820423922,0.08783187523794221,0.21185933488696845,1.8135553667083826,1.4056342902192631
005380,2024-03-13,0.6666,8.0,0.4707,0.2697,9.0,4.25,9.67,15.0,6.373342304750706,0.559782606159563,0.08783187523794221,0.21185933488696845,1.8135553667083826,1.4108511778004096
005380,2024-03-14,0.0628,7.0,0.8263,0.1734,16.0,4.25,9.67,15.0,6.450284062956952,0.566540545066922,0.08783187523794221,0.21185933488696845,1.8135553667083826,1.413086986763758
005380,2024-03-15,0.4165,5.0,0.4714,0.2163,5.0,4.25,9.67,15.0,6.245106041073629,0.5485193746472982,0.08783187523794221,0.21185933488696845,1.8135553667083826,1.4071248295281622
005380,2024-03-16,-0.9997,6.0,0.0,0.2558,1.0,4.25,9.67,15.0,6.245106041073629,0.5485193746472982,0.08783187523794221,0.21185933488696845,1.8135553667083826,1.4071248295281622
005380,2024-03-17,-0.0006,4.0,0.8162,0.1626,3.0,4.25,9.67,15.0,6.245106041073629,0.5485193746472982,0.08783187523794221,0.21185933488696845,1.8135553667083826,1.4071248295281622
005380,2024-03-18,0.9703,8.0,0.0634,0.0918,6.0,4.25,9.67,15.0,6.219458788338214,0.5462667283448452,0.08783187523794221,0.21185933488696845,1.8135553667083826,1.4063795598737125
005380,2024-03-19,0.3211,8.0,0.6033,0.1324,15.0,4.25,9.67,15.0,6.091222524661137,0.5350034968325804,0.08783187523794221,0.21185933488696845,1.8135553667083826,1.4026532116014652
005380,2024-03-20,-0.4974,5.0,0.5017,0.1769,4.0,4.25,9.67,15.0,6.180987909235091,0.5428877588911658,0.08783187523794221,0.21185933488696845,1.8135553667083826,1.4052616553920383
005380,2024-03-21,0.1858,8.0,0.5419,0.1604,19.0,4.25,9.67,15.0,6.463107689324659,0.5676668682181485,0.08783187523794221,0.21185933488696845,1.8135553667083826,1.4134596215909827
005380,2024-03-22,0.236,5.0,0.3881,0.2215,5.0,4.25,9.67,15.0,6.245106041073629,0.5485193746472982,0.08783187523794221,0.21185933488696845,1.8135553667083826,1.4071248295281622
005380,2024-03-23,0.0938,3.0,0.0,0.2745,1.0,4.25,9.67,15.0,6.245106041073629,0.5485193746472982,0.08783187523794221,0.21185933488696845,1.8135553667083826,1.4071248295281622
005380,2024-03-24,0.9988,6.0,0.0002,0.211,2.0,4.25,9.67,15.0,6.245106041073629,0.5485193746472982,0.08783187523794221,0.21185933488696845,1.8135553667083826,1.4071248295281622
005380,2024-03-25,0.4908,5.0,0.4924,0.18,4.0,4.25,9.67,15.0,6.142517030131968,0.5395087894374863,0.08783187523794221,0.21185933488696845,1.8135553667083826,1.404143750910364
005380,2024-03-26,0.0682,4.0,0.6458,0.1884,5.0,4.25,9.67,15.0,6.168164282867383,0.5417614357399393,0.08783187523794221,0.21185933488696845,1.8135553667083826,1.4048890205648137
005380,2024-03-27,0.1467,6.0,0.5905,0.1243,11.0,4.25,9.67,15.0,6.257929667441337,0.5496456977985247,0.08783187523794221,0.21185933488696845,1.8135553667083826,1.4074974643553868
005380,2024-03-28,0.7743,9.0,0.3782,0.2626,17.0,4.25,9.67,15.0,6.078398898293429,0.5338771736813539,0.08783187523794221,0.21185933488696845,1.8135553667083826,1.4022805767742406
005380,2024-03-29,-0.1629,5.0,0.3738,0.1581,6.0,4.25,9.67,15.0,5.975809887351768,0.524866588471542,0.08783187523794221,0.21185933488696845,1.8135553667083826,1.3992994981564424
005380,2024-03-30,-0.9992,6.0,0.0,0.2273,1.0,4.25,9.67,15.0,5.975809887351768,0.524866588471542,0.08783187523794221,0.21185933488696845,1.8135553667083826,1.3992994981564424
005380,2024-03-31,0.7497,6.0,0.4328,0.1862,4.0,4.25,9.67,15.0,5.975809887351768,0.524866588471542,0.08783187523794221,0.21185933488696845,1.8135553667083826,1.3992994981564424
005380,2024-04-01,-0.7445,6.0,0.4302,0.3213,4.0,4.25,9.67,4.0,3.7957341304617613,0.4575449169055443,0.12054187705973042,0.1442975591057733,1.774431869971979,1.4672708723372656
005380,2024-04-02,0.5031,8.0,0.6605,0.1952,10.0,4.25,9.67,4.0,3.670600038248736,0.4424610185460209,0.12054187705973042,0.1442975591057733,1.774431869971979,1.4621704572867533
005380,2024-04-03,0.5359,9.0,0.6436,0.2228,14.0,4.25,9.67,4.0,3.6038618557351225,0.434416272754275,0.12054187705973042,0.1442975591057733,1.774431869971979,1.45945023592648
005380,2024-04-04,-0.1427,5.0,0.6938,0.1906,8.0,4.25,9.67,4.0,3.770707312019156,0.4545281372336396,0.12054187705973042,0.1442975591057733,1.774431869971979,1.4662507893271632
005380,2024-04-05,0.0463,3.0,0.0449,0.1812,2.0,4.25,9.67,4.0,3.7623650392049544,0.4535225440096714,0.12054187705973042,0.1442975591057733,1.774431869971979,1.465910761657129
005380,2024-04-06,,,,,0.0,4.25,9.67,4.0,3.7623650392049544,0.4535225440096714,0.12054187705973042,0.1442975591057733,1.774431869971979,1.465910761657129
005380,2024-04-07,,,,,0.0,4.25,9.67,4.0,3.7623650392049544,0.4535225440096714,0.12054187705973042,0.1442975591057733,1.774431869971979,1.465910761657129
005380,2024-04-08,0.9876,9.0,0.0353,0.1846,10.0,4.25,9.67,4.0,3.879156858603778,0.4676008491452266,0.12054187705973042,0.1442975591057733,1.774431869971979,1.4706711490376074
005380,2024-04-09,0.3074,6.0,0.4863,0.1756,6.0,4.25,9.67,4.0,3.8040764032759626,0.45855051012951253,0.12054187705973042,0.1442975591057733,1.774431869971979,1.4676109000072999
005380,2024-04-10,0.9988,6.0,0.0,0.3158,1.0,4.25,9.67,4.0,3.8040764032759626,0.45855051012951253,0.12054187705973042,0.1442975591057733,1.774431869971979,1.4676109000072999
005380,2024-04-11,0.3364,6.0,0.4406,0.202,8.0,4.25,9.67,4.0,4.020975496445207,0.4846959339526865,0.12054187705973042,0.1442975591057733,1.774431869971979,1.4764516194281883
005380,2024-04-12,0.7991,6.0,0.3996,0.2349,5.0,4.25,9.67,4.0,3.970921859559996,0.4786623746088771,0.12054187705973042,0.1442975591057733,1.774431869971979,1.474411453407983
005380,2024-04-13,,,,,0.0,4.25,9.67,4.0,3.970921859559996,0.4786623746088771,0.12054187705973042,0.1442975591057733,1.774431869971979,1.474411453407983
005380,2024-04-14,0.9485,7.0,0.0678,0.0936,3.0,4.25,9.67,4.0,3.970921859559996,0.4786623746088771,0.12054187705973042,0.1442975591057733,1.774431869971979,1.474411453407983
005380,2024-04-15,0.4879,5.0,0.4865,0.2398,4.0,4.25,9.67,4.0,4.029317769259408,0.4857015271766547,0.12054187705973042,0.1442975591057733,1.774431869971979,1.4767916470982223
005380,2024-04-16,0.2037,8.0,0.5445,0.137,13.0,4.25,9.67,4.0,4.037660042073609,0.486707120400623,0.12054187705973042,0.1442975591057733,1.774431869971979,1.4771316747682564
005380,2024-04-17,0.2165,8.0,0.5034,0.1765,13.0,4.25,9.67,4.0,3.8958414042321814,0.46961203559316306,0.12054187705973042,0.1442975591057733,1.774431869971979,1.4713512043776757
005380,2024-04-18,0.184,8.0,0.7634,0.1544,12.0,4.25,9.67,4.0,3.8541300401611727,0.4645840694733219,0.12054187705973042,0.1442975591057733,1.774431869971979,1.469651066027505
005380,2024-04-19,0.2459,5.0,0.4258,0.2198,4.0,4.25,9.67,4.0,3.920868222674786,0.4726288152650677,0.12054187705973042,0.1442975591057733,1.774431869971979,1.4723712873877783
005380,2024-04-20,,,,,0.0,4.25,9.67,4.0,3.920868222674786,0.4726288152650677,0.12054187705973042,0.1442975591057733,1.774431869971979,1.4723712873877783
005380,2024-04-21,0.0,3.0,0.0,0.0444,1.0,4.25,9.67,4.0,3.920868222674786,0.4726288152650677,0.12054187705973042,0.1442975591057733,1.774431869971979,1.4723712873877783
005380,2024-04-22,0.0764,6.0,0.6161,0.189,9.0,4.25,9.67,4.0,4.08771367895882,0.4927406797444323,0.12054187705973042,0.1442975591057733,1.774431869971979,1.4791718407884615
005380,2024-04-23,0.2443,8.0,0.7085,0.1497,12.0,4.25,9.67,4.0,4.162794134286635,0.5017910187601464,0.12054187705973042,0.1442975591057733,1.774431869971979,1.482232089818769
005380,2024-04-24,0.7627,9.0,0.4015,0.1432,15.0,4.25,9.67,4.0,4.212847771171845,0.5078245781039558,0.12054187705973042,0.1442975591057733,1.774431869971979,1.4842722558389738
005380,2024-04-25,0.4246,8.0,0.6699,0.2039,25.0,4.25,9.67,4.0,4.171136407100836,0.5027966119841146,0.12054187705973042,0.1442975591057733,1.774431869971979,1.4825721174888031
005380,2024-04-26,-0.1458,5.0,0.6196,0.2494,7.0,4.25,9.67,4.0,4.162794134286635,0.5017910187601464,0.12054187705973042,0.1442975591057733,1.774431869971979,1.482232089818769
005380,2024-04-27,-0.3391,4.0,0.0,0.6735,1.0,4.25,9.67,4.0,4.162794134286635,0.5017910187601464,0.12054187705973042,0.1442975591057733,1.774431869971979,1.482232089818769
005380,2024-04-28,0.7065,6.0,0.4146,0.2479,3.0,4.25,9.67,4.0,4.162794134286635,0.5017910187601464,0.12054187705973042,0.1442975591057733,1.774431869971979,1.482232089818769
005380,2024-04-29,0.1429,5.0,0.6387,0.1692,7.0,4.25,9.67,4.0,4.196163225543441,0.5058133916560194,0.12054187705973042,0.1442975591057733,1.774431869971979,1.4835922004989057
005380,2024-04-30,0.1671,6.0,0.3724,0.1071,6.0,4.25,9.67,4.0,4.18782095272924,0.504807798432051,0.12054187705973042,0.1442975591057733,1.774431869971979,1.4832521728288715
005380,2024-05-01,-0.7914,5.0,0.1779,0.1448,2.0,4.25,9.67,5.0,4.18782095272924,0.504807798432051,0.12054187705973042,0.1442975591057733,1.774431869971979,1.4832521728288715
005380,2024-05-02,0.1515,7.0,0.7623,0.1722,13.0,4.25,9.67,5.0,4.154451861472433,0.5007854255361781,0.12054187705973042,0.1442975591057733,1.774431869971979,1.4818920621487348
005380,2024-05-03,0.6223,9.0,0.5501,0.2038,12.0,4.25,9.67,5.0,4.020975496445207,0.4846959339526865,0.12054187705973042,0.1442975591057733,1.774431869971979,1.4764516194281883
005380,2024-05-04,0.4909,4.0,0.4947,0.1426,2.0,4.25,9.67,5.0,4.020975496445207,0.4846959339526865,0.12054187705973042,0.1442975591057733,1.774431869971979,1.4764516194281883
005380,2024-05-05,0.0002,3.0,0.0,0.1667,1.0,4.25,9.67,5.0,4.020975496445207,0.4846959339526865,0.12054187705973042,0.1442975591057733,1.774431869971979,1.4764516194281883
005380,2024-05-06,0.0074,3.0,0.0074,0.241,2.0,4.25,9.67,5.0,4.020975496445207,0.4846959339526865,0.12054187705973042,0.1442975591057733,1.774431869971979,1.4764516194281883
005380,2024-05-07,-0.0002,4.0,0.0005,0.2842,5.0,4.25,9.67,5.0,4.037660042073609,0.486707120400623,0.12054187705973042,0.1442975591057733,1.774431869971979,1.4771316747682564
005380,2024-05-08,0.1113,6.0,0.7345,0.1273,9.0,4.25,9.67,5.0,4.037660042073609,0.486707120400623,0.12054187705973042,0.1442975591057733,1.774431869971979,1.4771316747682564
005380,2024-05-09,0.5443,8.0,0.6489,0.2368,11.0,4.25,9.67,5.0,3.9542373139315927,0.47665118816094065,0.12054187705973042,0.1442975591057733,1.774431869971979,1.473731398067915
005380,2024-05-10,-0.0009,4.0,0.0028,0.1543,3.0,4.25,9.67,5.0,4.029317769259408,0.4857015271766547,0.12054187705973042,0.1442975591057733,1.774431869971979,1.4767916470982223
005380,2024-05-11,-0.1616,3.0,0.0,0.102,1.0,4.25,9.67,5.0,4.029317769259408,0.4857015271766547,0.12054187705973042,0.1442975591057733,1.774431869971979,1.4767916470982223
005380,2024-05-12,0.9998,7.0,0.0001,0.1452,3.0,4.25,9.67,5.0,4.029317769259408,0.4857015271766547,0.12054187705973042,0.1442975591057733,1.774431869971979,1.4767916470982223
005380,2024-05-13,-0.3996,4.0,0.3996,0.1325,2.0,4.25,9.67,5.0,4.08771367895882,0.4927406797444323,0.12054187705973042,0.1442975591057733,1.774431869971979,1.4791718407884615
005380,2024-05-14,0.9998,6.0,0.0,0.2083,1.0,4.25,9.67,5.0,4.1127404974014246,0.49575745941633703,0.12054187705973042,0.1442975591057733,1.774431869971979,1.480191923798564
005380,2024-05-15,,,,,0.0,4.25,9.67,5.0,4.1127404974014246,0.49575745941633703,0.12054187705973042,0.1442975591057733,1.774431869971979,1.480191923798564
005380,2024-05-16,0.0,3.0,0.0,0.1385,2.0,4.25,9.67,5.0,4.121082770215627,0.49676305264030524,0.12054187705973042,0.1442975591057733,1.774431869971979,1.4805319514685982
005380,2024-05-17,-0.1479,5.0,0.3824,0.1722,6.0,4.25,9.67,5.0,4.071029133330416,0.49072949329649584,0.12054187705973042,0.1442975591057733,1.774431869971979,1.4784917854483932
005380,2024-05-18,,,,,0.0,4.25,9.67,5.0,4.071029133330416,0.49072949329649584,0.12054187705973042,0.1442975591057733,1.774431869971979,1.4784917854483932
005380,2024-05-19,-0.4493,5.0,0.4124,0.1447,3.0,4.25,9.67,5.0,4.071029133330416,0.49072949329649584,0.12054187705973042,0.1442975591057733,1.774431869971979,1.4784917854483932
005380,2024-05-20,0.2273,6.0,0.6525,0.2869,7.0,4.25,9.67,5.0,4.179478679915038,0.5038022052080828,0.12054187705973042,0.1442975591057733,1.774431869971979,1.4829121451588372
005380,2024-05-21,0.1638,4.0,0.3274,0.1138,5.0,4.25,9.67,5.0,4.221190043986047,0.508830171327924,0.12054187705973042,0.1442975591057733,1.774431869971979,1.484612283509008
005380,2024-05-22,0.6946,9.0,0.4813,0.1475,12.0,4.25,9.67,5.0,4.621619139067727,0.557098646078399,0.12054187705973042,0.1442975591057733,1.774431869971979,1.500933611670648
005380,2024-05-23,-0.1871,8.0,0.7205,0.1889,14.0,4.25,9.67,5.0,4.529854138111508,0.5460371206147485,0.12054187705973042,0.1442975591057733,1.774431869971979,1.4971933073002721
005380,2024-05-24,-0.488,4.0,0.5116,0.1486,2.0,4.25,9.67,5.0,4.463115955597895,0.5379923748230027,0.12054187705973042,0.1442975591057733,1.774431869971979,1.4944730859399988
005380,2024-05-25,0.4888,4.0,0.4887,0.1456,2.0,4.25,9.67,5.0,4.463115955597895,0.5379923748230027,0.12054187705973042,0.1442975591057733,1.774431869971979,1.4944730859399988
005380,2024-05-26,,,,,0.0,4.25,9.67,5.0,4.463115955597895,0.5379923748230027,0.12054187705973042,0.1442975591057733,1.774431869971979,1.4944730859399988
005380,2024-05-27,0.3241,6.0,0.4587,0.202,6.0,4.25,9.67,5.0,4.429746864341088,0.5339700019271297,0.12054187705973042,0.1442975591057733,1.774431869971979,1.4931129752598622
005380,2024-05-28,-0.0383,6.0,0.3098,0.2825,11.0,4.25,9.67,5.0,4.421404591526887,0.5329644087031615,0.12054187705973042,0.1442975591057733,1.774431869971979,1.492772947589828
005380,2024-05-29,0.9997,6.0,0.0,0.1518,2.0,4.25,9.67,5.0,4.354666409013273,0.5249196629114157,0.12054187705973042,0.1442975591057733,1.774431869971979,1.4900527262295546
005380,2024-05-30,0.0589,5.0,0.582,0.1831,6.0,4.25,9.67,5.0,4.28792822649966,0.5168749171196698,0.12054187705973042,0.1442975591057733,1.774431869971979,1.4873325048692814
005380,2024-05-31,0.0005,4.0,0.7069,0.3053,4.0,4.25,9.67,5.0,4.221190043986047,0.508830171327924,0.12054187705973042,0.1442975591057733,1.774431869971979,1.484612283509008
005380,2024-06-01,,,,,0.0,4.25,9.67,6.0,4.221190043986047,0.508830171327924,0.12054187705973042,0.1442975591057733,1.774431869971979,1.484612283509008
005380,2024-06-02,,,,,0.0,4.25,9.67,6.0,4.221190043986047,0.508830171327924,0.12054187705973042,0.1442975591057733,1.774431869971979,1.484612283509008
005380,2024-06-03,0.3042,8.0,0.4621,0.2011,18.0,4.25,9.67,6.0,4.421404591526887,0.5329644087031615,0.12054187705973042,0.1442975591057733,1.774431869971979,1.492772947589828
005380,2024-06-04,0.5909,6.0,0.7853,0.2739,5.0,4.25,9.67,6.0,4.321297317756467,0.5208972900155427,0.12054187705973042,0.1442975591057733,1.774431869971979,1.488692615549418
005380,2024-06-05,0.2609,5.0,0.4218,0.1899,4.0,4.25,9.67,6.0,4.404720045898483,0.530953222255225,0.12054187705973042,0.1442975591057733,1.774431869971979,1.4920928922497598
005380,2024-06-06,-0.4994,4.0,0.4996,0.1169,2.0,4.25,9.67,6.0,4.404720045898483,0.530953222255225,0.12054187705973042,0.1442975591057733,1.774431869971979,1.4920928922497598
005380,2024-06-07,0.3246,6.0,0.4776,0.2646,6.0,4.25,9.67,6.0,4.421404591526887,0.5329644087031615,0.12054187705973042,0.1442975591057733,1.774431869971979,1.492772947589828
005380,2024-06-08,0.9725,6.0,0.0,0.375,1.0,4.25,9.67,6.0,4.421404591526887,0.5329644087031615,0.12054187705973042,0.1442975591057733,1.774431869971979,1.492772947589828
005380,2024-06-09,0.9406,7.0,0.1024,0.1574,4.0,4.25,9.67,6.0,4.421404591526887,0.5329644087031615,0.12054187705973042,0.1442975591057733,1.774431869971979,1.492772947589828
005380,2024-06-10,0.7918,7.0,0.2886,0.2742,7.0,4.25,9.67,6.0,4.463115955597895,0.5379923748230027,0.12054187705973042,0.1442975591057733,1.774431869971979,1.4944730859399988
005380,2024-06-11,0.26,8.0,0.4598,0.1643,14.0,4.25,9.67,6.0,4.521511865297307,0.5450315273907802,0.12054187705973042,0.1442975591057733,1.774431869971979,1.496853279630238
005380,2024-06-12,0.4756,7.0,0.6538,0.2181,10.0,4.25,9.67,6.0,4.5048273196689035,0.5430203409428438,0.12054187705973042,0.1442975591057733,1.774431869971979,1.4961732242901697
005380,2024-06-13,-0.0717,5.0,0.7973,0.1997,8.0,4.25,9.67,6.0,4.4881427740405,0.5410091544949073,0.12054187705973042,0.1442975591057733,1.774431869971979,1.4954931689501014
005380,2024-06-14,0.2352,6.0,0.8154,0.2496,8.0,4.25,9.67,6.0,4.4714582284120965,0.5389979680469709,0.12054187705973042,0.1442975591057733,1.774431869971979,1.494813113610033
005380,2024-06-15,0.5589,5.0,0.3076,0.2938,2.0,4.25,9.67,6.0,4.4714582284120965,0.5389979680469709,0.12054187705973042,0.1442975591057733,1.774431869971979,1.494813113610033
005380,2024-06-16,0.3862,5.0,0.7888,0.3556,5.0,4.25,9.67,6.0,4.4714582284120965,0.5389979680469709,0.12054187705973042,0.1442975591057733,1.774431869971979,1.494813113610033
005380,2024-06-17,0.2728,8.0,0.6675,0.2074,15.0,4.25,9.67,6.0,4.646645957510332,0.5601154257503037,0.12054187705973042,0.1442975591057733,1.774431869971979,1.5019536946807506
005380,2024-06-18,0.5722,9.0,0.5533,0.2666,26.0,4.25,9.67,6.0,4.721726412838147,0.5691657647660178,0.12054187705973042,0.1442975591057733,1.774431869971979,1.5050139437110581
005380,2024-06-19,0.7766,9.0,0.382,0.2155,14.0,4.25,9.67,6.0,4.780122322537559,0.5762049173337953,0.12054187705973042,0.1442975591057733,1.774431869971979,1.5073941374012971
005380,2024-06-20,0.2682,7.0,0.7333,0.174,11.0,4.25,9.67,6.0,4.763437776909155,0.5741937308858589,0.12054187705973042,0.1442975591057733,1.774431869971979,1.5067140820612288
005380,2024-06-21,0.0179,5.0,0.736,0.2075,7.0,4.25,9.67,6.0,4.671672775952937,0.5631322054222083,0.12054187705973042,0.1442975591057733,1.774431869971979,1.502973777690853
005380,2024-06-22,-0.0516,4.0,0.747,0.2378,3.0,4.25,9.67,6.0,4.671672775952937,0.5631322054222083,0.12054187705973042,0.1442975591057733,1.774431869971979,1.502973777690853
005380,2024-06-23,0.3468,5.0,0.4257,0.1897,5.0,4.25,9.67,6.0,4.671672775952937,0.5631322054222083,0.12054187705973042,0.1442975591057733,1.774431869971979,1.502973777690853
005380,2024-06-24,0.2243,5.0,0.4492,0.1772,4.0,4.25,9.67,6.0,4.68835732158134,0.5651433918701448,0.12054187705973042,0.1442975591057733,1.774431869971979,1.5036538330309215
005380,2024-06-25,0.1765,6.0,0.6073,0.1572,7.0,4.25,9.67,6.0,4.813491413794365,0.5802272902296682,0.12054187705973042,0.1442975591057733,1.774431869971979,1.5087542480814338
005380,2024-06-26,-0.1253,5.0,0.7798,0.1994,8.0,4.25,9.67,6.0,4.8301759594227685,0.5822384766776048,0.12054187705973042,0.1442975591057733,1.774431869971979,1.5094343034215023
005380,2024-06-27,0.5224,9.0,0.4567,0.186,14.0,4.25,9.67,6.0,4.971994597264197,0.5993335614850647,0.12054187705973042,0.1442975591057733,1.774431869971979,1.515214773812083
005380,2024-06-28,0.477,6.0,0.443,0.1661,8.0,4.25,9.67,6.0,4.921940960378987,0.5933000021412552,0.12054187705973042,0.1442975591057733,1.774431869971979,1.513174607791878
005380,2024-06-29,0.4999,4.0,0.4999,0.465,2.0,4.25,9.67,6.0,4.921940960378987,0.5933000021412552,0.12054187705973042,0.1442975591057733,1.774431869971979,1.513174607791878
005380,2024-06-30,0.4999,4.0,0.4999,0.2502,2.0,4.25,9.67,6.0,4.921940960378987,0.5933000021412552,0.12054187705973042,0.1442975591057733,1.774431869971979,1.513174607791878
005380,2024-07-01,0.2959,8.0,0.8117,0.1714,13.0,4.25,9.67,7.0,4.771780049723357,0.5751993241098271,0.12054187705973042,0.1442975591057733,1.774431869971979,1.5070541097312629
005380,2024-07-02,-0.3641,5.0,0.5081,0.2265,5.0,4.25,9.67,7.0,4.546538683739912,0.5480483070626849,0.12054187705973042,0.1442975591057733,1.774431869971979,1.4978733626403407
005380,2024-07-03,0.5368,9.0,0.5314,0.1648,22.0,4.25,9.67,7.0,4.6049345934393235,0.5550874596304626,0.12054187705973042,0.1442975591057733,1.774431869971979,1.5002535563305797
005380,2024-07-04,0.1203,5.0,0.9208,0.2135,8.0,4.25,9.67,7.0,4.629961411881928,0.5581042393023672,0.12054187705973042,0.1442975591057733,1.774431869971979,1.501273639340682
005380,2024-07-05,0.2864,7.0,0.4209,0.137,9.0,4.25,9.67,7.0,4.68835732158134,0.5651433918701448,0.12054187705973042,0.1442975591057733,1.774431869971979,1.5036538330309215
005380,2024-07-06,,,,,0.0,4.25,9.67,7.0,4.68835732158134,0.5651433918701448,0.12054187705973042,0.1442975591057733,1.774431869971979,1.5036538330309215
005380,2024-07-07,0.0,3.0,0.0,0.1136,2.0,4.25,9.67,7.0,4.68835732158134,0.5651433918701448,0.12054187705973042,0.1442975591057733,1.774431869971979,1.5036538330309215
005380,2024-07-08,0.4987,8.0,0.7043,0.1436,21.0,4.25,9.67,7.0,4.721726412838147,0.5691657647660178,0.12054187705973042,0.1442975591057733,1.774431869971979,1.5050139437110581
005380,2024-07-09,0.1581,7.0,0.6532,0.2354,14.0,4.25,9.67,7.0,4.579907774996719,0.5520706799585579,0.12054187705973042,0.1442975591057733,1.774431869971979,1.4992334733204773
005380,2024-07-10,0.0515,7.0,0.7087,0.2155,21.0,4.25,9.67,7.0,4.579907774996719,0.5520706799585579,0.12054187705973042,0.1442975591057733,1.774431869971979,1.4992334733204773
005380,2024-07-11,-0.0002,4.0,0.894,0.2059,5.0,4.25,9.67,7.0,4.646645957510332,0.5601154257503037,0.12054187705973042,0.1442975591057733,1.774431869971979,1.5019536946807506
005380,2024-07-12,-0.1966,7.0,0.5306,0.1837,9.0,4.25,9.67,7.0,4.529854138111508,0.5460371206147485,0.12054187705973042,0.1442975591057733,1.774431869971979,1.4971933073002721
005380,2024-07-13,0.4246,5.0,0.2636,0.3927,4.0,4.25,9.67,7.0,4.529854138111508,0.5460371206147485,0.12054187705973042,0.1442975591057733,1.774431869971979,1.4971933073002721
005380,2024-07-14,0.9998,6.0,0.0,0.0682,1.0,4.25,9.67,7.0,4.529854138111508,0.5460371206147485,0.12054187705973042,0.1442975591057733,1.774431869971979,1.4971933073002721
005380,2024-07-15,-0.326,5.0,0.4721,0.3955,3.0,4.25,9.67,7.0,4.479800501226299,0.5400035612709391,0.12054187705973042,0.1442975591057733,1.774431869971979,1.4951531412800674
005380,2024-07-16,0.5276,6.0,0.3971,0.1604,3.0,4.25,9.67,7.0,4.579907774996719,0.5520706799585579,0.12054187705973042,0.1442975591057733,1.774431869971979,1.4992334733204773
005380,2024-07-17,0.1059,4.0,0.7125,0.1659,4.0,4.25,9.67,7.0,4.479800501226299,0.5400035612709391,0.12054187705973042,0.1442975591057733,1.774431869971979,1.4951531412800674
005380,2024-07-18,-0.3335,6.0,0.4234,0.1396,7.0,4.25,9.67,7.0,4.346324136199072,0.5239140696874475,0.12054187705973042,0.1442975591057733,1.774431869971979,1.4897126985595206
005380,2024-07-19,-0.0365,3.0,0.0365,0.0729,2.0,4.25,9.67,7.0,4.312955044942265,0.5198916967915745,0.12054187705973042,0.1442975591057733,1.774431869971979,1.488352587879384
005380,2024-07-20,,,,,0.0,4.25,9.67,7.0,4.312955044942265,0.5198916967915745,0.12054187705973042,0.1442975591057733,1.774431869971979,1.488352587879384
005380,2024-07-21,0.7329,6.0,0.2027,0.127,3.0,4.25,9.67,7.0,4.312955044942265,0.5198916967915745,0.12054187705973042,0.1442975591057733,1.774431869971979,1.488352587879384
005380,2024-07-22,0.3756,8.0,0.4627,0.2125,16.0,4.25,9.67,7.0,4.254559135242853,0.5128525442237969,0.12054187705973042,0.1442975591057733,1.774431869971979,1.4859723941891447
005380,2024-07-23,0.4586,8.0,0.7038,0.1544,14.0,4.25,9.67,7.0,4.396377773084281,0.5299476290312568,0.12054187705973042,0.1442975591057733,1.774431869971979,1.4917528645797256
005380,2024-07-24,0.7529,6.0,0.4277,0.1853,4.0,4.25,9.67,7.0,4.312955044942265,0.5198916967915745,0.12054187705973042,0.1442975591057733,1.774431869971979,1.488352587879384
005380,2024-07-25,0.3324,8.0,0.7032,0.1874,16.0,4.25,9.67,7.0,4.196163225543441,0.5058133916560194,0.12054187705973042,0.1442975591057733,1.774431869971979,1.4835922004989057
005380,2024-07-26,-0.5273,6.0,0.5893,0.1904,5.0,4.25,9.67,7.0,4.062686860516215,0.48972390007252764,0.12054187705973042,0.1442975591057733,1.774431869971979,1.4781517577783592
005380,2024-07-27,0.9998,6.0,0.0,0.3617,1.0,4.25,9.67,7.0,4.062686860516215,0.48972390007252764,0.12054187705973042,0.1442975591057733,1.774431869971979,1.4781517577783592
005380,2024-07-28,0.4039,5.0,0.8422,0.117,3.0,4.25,9.67,7.0,4.062686860516215,0.48972390007252764,0.12054187705973042,0.1442975591057733,1.774431869971979,1.4781517577783592
005380,2024-07-29,0.5642,7.0,0.4875,0.1047,7.0,4.25,9.67,7.0,4.262901408057055,0.5138581374477651,0.12054187705973042,0.1442975591057733,1.774431869971979,1.486312421859179
005380,2024-07-30,0.0604,6.0,0.3614,0.1486,9.0,4.25,9.67,7.0,4.171136407100836,0.5027966119841146,0.12054187705973042,0.1442975591057733,1.774431869971979,1.4825721174888031
005380,2024-07-31,0.608,7.0,0.4713,0.2722,8.0,4.25,9.67,7.0,4.154451861472433,0.5007854255361781,0.12054187705973042,0.1442975591057733,1.774431869971979,1.4818920621487348
005380,2024-08-01,-0.1307,6.0,0.6037,0.2425,11.0,4.25,9.67,8.0,4.229532316800248,0.5098357645518922,0.12054187705973042,0.1442975591057733,1.774431869971979,1.4849523111790424
005380,2024-08-02,0.0976,4.0,0.4903,0.49,5.0,4.25,9.67,8.0,4.071029133330416,0.49072949329649584,0.12054187705973042,0.1442975591057733,1.774431869971979,1.4784917854483932
005380,2024-08-03,0.4725,4.0,0.0,0.1522,1.0,4.25,9.67,8.0,4.071029133330416,0.49072949329649584,0.12054187705973042,0.1442975591057733,1.774431869971979,1.4784917854483932
005380,2024-08-04,0.6841,7.0,0.43,0.1985,6.0,4.25,9.67,8.0,4.071029133330416,0.49072949329649584,0.12054187705973042,0.1442975591057733,1.774431869971979,1.4784917854483932
005380,2024-08-05,0.7816,6.0,0.157,0.2179,3.0,4.25,9.67,8.0,3.7373382207623496,0.4505057643377667,0.12054187705973042,0.1442975591057733,1.774431869971979,1.4648906786470266
005380,2024-08-06,0.6469,7.0,0.4216,0.1191,7.0,4.25,9.67,8.0,3.920868222674786,0.4726288152650677,0.12054187705973042,0.1442975591057733,1.774431869971979,1.4723712873877783
005380,2024-08-07,0.3363,7.0,0.4458,0.2164,10.0,4.25,9.67,8.0,3.9375527683031897,0.4746400017130042,0.12054187705973042,0.1442975591057733,1.774431869971979,1.4730513427278464
005380,2024-08-08,-0.0002,4.0,0.7065,0.1501,4.0,4.25,9.67,8.0,3.9458950411173914,0.47564559493697245,0.12054187705973042,0.1442975591057733,1.774431869971979,1.4733913703978807
005380,2024-08-09,0.662,6.0,0.4049,0.1614,4.0,4.25,9.67,8.0,4.054344587702013,0.4887183068485594,0.12054187705973042,0.1442975591057733,1.774431869971979,1.477811730108325
005380,2024-08-10,0.9995,6.0,0.0,0.2222,1.0,4.25,9.67,8.0,4.054344587702013,0.4887183068485594,0.12054187705973042,0.1442975591057733,1.774431869971979,1.477811730108325
005380,2024-08-11,0.99,7.0,0.0139,0.2844,3.0,4.25,9.67,8.0,4.054344587702013,0.4887183068485594,0.12054187705973042,0.1442975591057733,1.774431869971979,1.477811730108325
005380,2024-08-12,0.8013,7.0,0.3646,0.4621,6.0,4.25,9.67,8.0,4.062686860516215,0.48972390007252764,0.12054187705973042,0.1442975591057733,1.774431869971979,1.4781517577783592
005380,2024-08-13,0.3369,7.0,0.4917,0.2119,11.0,4.25,9.67,8.0,4.054344587702013,0.4887183068485594,0.12054187705973042,0.1442975591057733,1.774431869971979,1.477811730108325
005380,2024-08-14,-0.3025,5.0,0.4277,0.2096,3.0,4.25,9.67,8.0,4.020975496445207,0.4846959339526865,0.12054187705973042,0.1442975591057733,1.774431869971979,1.4764516194281883
005380,2024-08-15,0.3612,6.0,0.827,0.221,6.0,4.25,9.67,8.0,4.020975496445207,0.4846959339526865,0.12054187705973042,0.1442975591057733,1.774431869971979,1.4764516194281883
005380,2024-08-16,0.0,3.0,0.0,0.1778,1.0,4.25,9.67,8.0,4.254559135242853,0.5128525442237969,0.12054187705973042,0.1442975591057733,1.774431869971979,1.4859723941891447
005380,2024-08-17,,,,,0.0,4.25,9.67,8.0,4.254559135242853,0.5128525442237969,0.12054187705973042,0.1442975591057733,1.774431869971979,1.4859723941891447
005380,2024-08-18,0.0011,3.0,0.0,0.0698,1.0,4.25,9.67,8.0,4.254559135242853,0.5128525442237969,0.12054187705973042,0.1442975591057733,1.774431869971979,1.4859723941891447
005380,2024-08-19,0.25,5.0,0.4329,0.2357,4.0,4.25,9.67,8.0,4.254559135242853,0.5128525442237969,0.12054187705973042,0.1442975591057733,1.774431869971979,1.4859723941891447
005380,2024-08-20,0.4822,6.0,0.6995,0.2064,7.0,4.25,9.67,8.0,4.271243680871256,0.5148637306717334,0.12054187705973042,0.1442975591057733,1.774431869971979,1.4866524495292133
005380,2024-08-21,0.1725,5.0,0.6154,0.2781,3.0,4.25,9.67,8.0,4.212847771171845,0.5078245781039558,0.12054187705973042,0.1442975591057733,1.774431869971979,1.4842722558389738
005380,2024-08-22,0.1928,8.0,0.7423,0.1732,12.0,4.25,9.67,8.0,4.137767315844029,0.4987742390882417,0.12054187705973042,0.1442975591057733,1.774431869971979,1.4812120068086665
005380,2024-08-23,0.6756,7.0,0.4342,0.1742,8.0,4.25,9.67,8.0,4.212847771171845,0.5078245781039558,0.12054187705973042,0.1442975591057733,1.774431869971979,1.4842722558389738
005380,2024-08-24,0.0002,4.0,0.0008,0.1193,3.0,4.25,9.67,8.0,4.212847771171845,0.5078245781039558,0.12054187705973042,0.1442975591057733,1.774431869971979,1.4842722558389738
005380,2024-08-25,0.8501,8.0,0.3347,0.2669,6.0,4.25,9.67,8.0,4.212847771171845,0.5078245781039558,0.12054187705973042,0.1442975591057733,1.774431869971979,1.4842722558389738
005380,2024-08-26,0.448,6.0,0.49,0.2403,8.0,4.25,9.67,8.0,4.162794134286635,0.5017910187601464,0.12054187705973042,0.1442975591057733,1.774431869971979,1.482232089818769
005380,2024-08-27,0.3017,8.0,0.6964,0.1789,17.0,4.25,9.67,8.0,4.129425043029828,0.49776864586427344,0.12054187705973042,0.1442975591057733,1.774431869971979,1.4808719791386324
005380,2024-08-28,0.859,10.0,0.3141,0.1934,19.0,4.25,9.67,8.0,4.321297317756467,0.5208972900155427,0.12054187705973042,0.1442975591057733,1.774431869971979,1.488692615549418
005380,2024-08-29,0.1523,7.0,0.761,0.219,21.0,4.25,9.67,8.0,4.312955044942265,0.5198916967915745,0.12054187705973042,0.1442975591057733,1.774431869971979,1.488352587879384
005380,2024-08-30,0.034,5.0,0.7157,0.1829,7.0,4.25,9.67,8.0,4.262901408057055,0.5138581374477651,0.12054187705973042,0.1442975591057733,1.774431869971979,1.486312421859179
005380,2024-08-31,,,,,0.0,4.25,9.67,8.0,4.262901408057055,0.5138581374477651,0.12054187705973042,0.1442975591057733,1.774431869971979,1.486312421859179
005380,2024-09-01,0.5353,6.0,0.4232,0.1189,5.0,4.25,9.67,9.0,4.262901408057055,0.5138581374477651,0.12054187705973042,0.1442975591057733,1.774431869971979,1.486312421859179
005380,2024-09-02,0.1528,7.0,0.7797,0.1905,15.0,4.25,9.67,9.0,4.104398224587223,0.49475186619236877,0.12054187705973042,0.1442975591057733,1.774431869971979,1.4798518961285299
005380,2024-09-03,0.6189,9.0,0.4543,0.2124,12.0,4.25,9.67,9.0,3.9625795867457945,0.47765678138490886,0.12054187705973042,0.1442975591057733,1.774431869971979,1.474071425737949
005380,2024-09-04,0.4225,6.0,0.4848,0.1297,7.0,4.25,9.67,9.0,3.879156858603778,0.4676008491452266,0.12054187705973042,0.1442975591057733,1.774431869971979,1.4706711490376074
005380,2024-09-05,0.5554,7.0,0.6795,0.1768,8.0,4.25,9.67,9.0,3.820760948904366,0.460561696577449,0.12054187705973042,0.1442975591057733,1.774431869971979,1.4682909553473684
005380,2024-09-06,-0.1744,5.0,0.4894,0.2268,4.0,4.25,9.67,9.0,3.7957341304617613,0.4575449169055443,0.12054187705973042,0.1442975591057733,1.774431869971979,1.4672708723372656
005380,2024-09-07,,,,,0.0,4.25,9.67,9.0,3.7957341304617613,0.4575449169055443,0.12054187705973042,0.1442975591057733,1.774431869971979,1.4672708723372656
005380,2024-09-08,0.9998,6.0,0.0,0.1796,2.0,4.25,9.67,9.0,3.7957341304617613,0.4575449169055443,0.12054187705973042,0.1442975591057733,1.774431869971979,1.4672708723372656
005380,2024-09-09,0.4005,4.0,0.3966,0.1609,2.0,4.25,9.67,9.0,3.829103221718568,0.4615672898014172,0.12054187705973042,0.1442975591057733,1.774431869971979,1.4686309830174022
005380,2024-09-10,0.7519,8.0,0.4042,0.2148,11.0,4.25,9.67,9.0,3.8541300401611727,0.4645840694733219,0.12054187705973042,0.1442975591057733,1.774431869971979,1.469651066027505
005380,2024-09-11,0.374,6.0,0.6763,0.3093,7.0,4.25,9.67,9.0,3.728995947948148,0.4495001711137985,0.12054187705973042,0.1442975591057733,1.774431869971979,1.4645506509769923
005380,2024-09-12,0.216,7.0,0.564,0.1569,11.0,4.25,9.67,9.0,3.870814585789576,0.4665952559212584,0.12054187705973042,0.1442975591057733,1.774431869971979,1.4703311213675732
005380,2024-09-13,0.555,7.0,0.6665,0.2092,8.0,4.25,9.67,9.0,3.9542373139315927,0.47665118816094065,0.12054187705973042,0.1442975591057733,1.774431869971979,1.473731398067915
005380,2024-09-14,0.9244,6.0,0.0,0.3673,1.0,4.25,9.67,9.0,3.9542373139315927,0.47665118816094065,0.12054187705973042,0.1442975591057733,1.774431869971979,1.473731398067915
005380,2024-09-15,,,,,0.0,4.25,9.67,9.0,3.9542373139315927,0.47665118816094065,0.12054187705973042,0.1442975591057733,1.774431869971979,1.473731398067915
005380,2024-09-16,0.5536,6.0,0.6255,0.1808,3.0,4.25,9.67,9.0,3.9542373139315927,0.47665118816094065,0.12054187705973042,0.1442975591057733,1.774431869971979,1.473731398067915
005380,2024-09-17,,,,,0.0,4.25,9.67,9.0,3.9542373139315927,0.47665118816094065,0.12054187705973042,0.1442975591057733,1.774431869971979,1.473731398067915
005380,2024-09-18,0.385,5.0,0.6358,0.1908,4.0,4.25,9.67,9.0,3.9542373139315927,0.47665118816094065,0.12054187705973042,0.1442975591057733,1.774431869971979,1.473731398067915
005380,2024-09-19,0.8108,7.0,0.3483,0.3216,7.0,4.25,9.67,9.0,4.104398224587223,0.49475186619236877,0.12054187705973042,0.1442975591057733,1.774431869971979,1.4798518961285299
005380,2024-09-20,0.3444,8.0,0.475,0.1525,13.0,4.25,9.67,9.0,4.179478679915038,0.5038022052080828,0.12054187705973042,0.1442975591057733,1.774431869971979,1.4829121451588372
005380,2024-09-21,-0.9989,6.0,0.0,0.1429,1.0,4.25,9.67,9.0,4.179478679915038,0.5038022052080828,0.12054187705973042,0.1442975591057733,1.774431869971979,1.4829121451588372
005380,2024-09-22,0.6138,6.0,0.3697,0.1697,4.0,4.25,9.67,9.0,4.179478679915038,0.5038022052080828,0.12054187705973042,0.1442975591057733,1.774431869971979,1.4829121451588372
005380,2024-09-23,0.2097,6.0,0.3657,0.1263,6.0,4.25,9.67,9.0,4.154451861472433,0.5007854255361781,0.12054187705973042,0.1442975591057733,1.774431869971979,1.4818920621487348
005380,2024-09-24,0.3515,6.0,0.7013,0.2178,8.0,4.25,9.67,9.0,4.221190043986047,0.508830171327924,0.12054187705973042,0.1442975591057733,1.774431869971979,1.484612283509008
005380,2024-09-25,0.4081,8.0,0.5789,0.1892,19.0,4.25,9.67,9.0,4.196163225543441,0.5058133916560194,0.12054187705973042,0.1442975591057733,1.774431869971979,1.4835922004989057
005380,2024-09-26,0.6804,9.0,0.4305,0.2114,12.0,4.25,9.67,9.0,4.321297317756467,0.5208972900155427,0.12054187705973042,0.1442975591057733,1.774431869971979,1.488692615549418
005380,2024-09-27,0.2008,5.0,0.3989,0.2798,5.0,4.25,9.67,9.0,4.246216862428652,0.5118469509998287,0.12054187705973042,0.1442975591057733,1.774431869971979,1.4856323665191105
005380,2024-09-28,,,,,0.0,4.25,9.67,9.0,4.246216862428652,0.5118469509998287,0.12054187705973042,0.1442975591057733,1.774431869971979,1.4856323665191105
005380,2024-09-29,0.2287,5.0,0.5433,0.1295,5.0,4.25,9.67,9.0,4.246216862428652,0.5118469509998287,0.12054187705973042,0.1442975591057733,1.774431869971979,1.4856323665191105
005380,2024-09-30,0.2609,7.0,0.6981,0.2785,9.0,4.25,9.67,9.0,4.071029133330416,0.49072949329649584,0.12054187705973042,0.1442975591057733,1.774431869971979,1.4784917854483932
005380,2024-10-01,0.9033,6.0,0.0964,0.2698,2.0,4.25,9.67,10.0,4.071029133330416,0.49072949329649584,0.12054187705973042,0.1442975591057733,1.774431869971979,1.4784917854483932
005380,2024-10-02,-0.9997,7.0,0.0001,0.2849,5.0,4.25,9.67,10.0,3.9542373139315927,0.47665118816094065,0.12054187705973042,0.1442975591057733,1.774431869971979,1.473731398067915
005380,2024-10-03,-0.2247,5.0,0.3178,0.1569,3.0,4.25,9.67,10.0,3.9542373139315927,0.47665118816094065,0.12054187705973042,0.1442975591057733,1.774431869971979,1.473731398067915
005380,2024-10-04,0.5769,9.0,0.4655,0.1678,13.0,4.25,9.67,10.0,3.9959486780026015,0.4816791542807818,0.12054187705973042,0.1442975591057733,1.774431869971979,1.4754315364180857
005380,2024-10-05,,,,,0.0,4.25,9.67,10.0,3.9959486780026015,0.4816791542807818,0.12054187705973042,0.1442975591057733,1.774431869971979,1.4754315364180857
005380,2024-10-06,0.4438,6.0,0.7186,0.2568,7.0,4.25,9.67,10.0,3.9959486780026015,0.4816791542807818,0.12054187705973042,0.1442975591057733,1.774431869971979,1.4754315364180857
005380,2024-10-07,0.9995,6.0,0.0,0.1951,1.0,4.25,9.67,10.0,4.121082770215627,0.49676305264030524,0.12054187705973042,0.1442975591057733,1.774431869971979,1.4805319514685982
005380,2024-10-08,0.2272,6.0,0.3601,0.1597,7.0,4.25,9.67,10.0,4.104398224587223,0.49475186619236877,0.12054187705973042,0.1442975591057733,1.774431869971979,1.4798518961285299
005380,2024-10-09,0.1954,7.0,0.4111,0.2331,9.0,4.25,9.67,10.0,4.104398224587223,0.49475186619236877,0.12054187705973042,0.1442975591057733,1.774431869971979,1.4798518961285299
005380,2024-10-10,0.548,9.0,0.5913,0.191,14.0,4.25,9.67,10.0,4.104398224587223,0.49475186619236877,0.12054187705973042,0.1442975591057733,1.774431869971979,1.4798518961285299
005380,2024-10-11,-0.2628,5.0,0.6493,0.3075,5.0,4.25,9.67,10.0,4.1461095886582315,0.4997798323122099,0.12054187705973042,0.1442975591057733,1.774431869971979,1.4815520344787005
005380,2024-10-12,,,,,0.0,4.25,9.67,10.0,4.1461095886582315,0.4997798323122099,0.12054187705973042,0.1442975591057733,1.774431869971979,1.4815520344787005
005380,2024-10-13,0.2695,5.0,0.4111,0.1687,4.0,4.25,9.67,10.0,4.1461095886582315,0.4997798323122099,0.12054187705973042,0.1442975591057733,1.774431869971979,1.4815520344787005
005380,2024-10-14,0.5469,8.0,0.4691,0.1831,10.0,4.25,9.67,10.0,4.1461095886582315,0.4997798323122099,0.12054187705973042,0.1442975591057733,1.774431869971979,1.4815520344787005
005380,2024-10-15,0.516,7.0,0.4046,0.1932,7.0,4.25,9.67,10.0,4.104398224587223,0.49475186619236877,0.12054187705973042,0.1442975591057733,1.774431869971979,1.4798518961285299
005380,2024-10-16,0.2575,8.0,0.4486,0.1686,15.0,4.25,9.67,10.0,4.121082770215627,0.49676305264030524,0.12054187705973042,0.1442975591057733,1.774431869971979,1.4805319514685982
005380,2024-10-17,0.24,8.0,0.7112,0.1659,12.0,4.25,9.67,10.0,3.929210495488988,0.473634408489036,0.12054187705973042,0.1442975591057733,1.774431869971979,1.4727113150578124
005380,2024-10-18,0.0074,7.0,0.4063,0.2085,12.0,4.25,9.67,10.0,3.9125259498605844,0.4716232220410995,0.12054187705973042,0.1442975591057733,1.774431869971979,1.472031259717744
005380,2024-10-19,,,,,0.0,4.25,9.67,10.0,3.9125259498605844,0.4716232220410995,0.12054187705973042,0.1442975591057733,1.774431869971979,1.472031259717744
005380,2024-10-20,0.7936,6.0,0.3969,0.1677,5.0,4.25,9.67,10.0,3.9125259498605844,0.4716232220410995,0.12054187705973042,0.1442975591057733,1.774431869971979,1.472031259717744
005380,2024-10-21,0.3342,8.0,0.4264,0.2393,12.0,4.25,9.67,10.0,3.9542373139315927,0.47665118816094065,0.12054187705973042,0.1442975591057733,1.774431869971979,1.473731398067915
005380,2024-10-22,0.4308,8.0,0.6747,0.2534,22.0,4.25,9.67,10.0,3.9125259498605844,0.4716232220410995,0.12054187705973042,0.1442975591057733,1.774431869971979,1.472031259717744
005380,2024-10-23,0.6306,9.0,0.426,0.2497,14.0,4.25,9.67,10.0,4.020975496445207,0.4846959339526865,0.12054187705973042,0.1442975591057733,1.774431869971979,1.4764516194281883
005380,2024-10-24,0.1376,7.0,0.8724,0.1718,12.0,4.25,9.67,10.0,3.8124186760901644,0.45955610335348074,0.12054187705973042,0.1442975591057733,1.774431869971979,1.4679509276773341
005380,2024-10-25,0.2582,8.0,0.6959,0.1907,17.0,4.25,9.67,10.0,3.7623650392049544,0.4535225440096714,0.12054187705973042,0.1442975591057733,1.774431869971979,1.465910761657129
005380,2024-10-26,-0.0,3.0,0.0,0.1154,1.0,4.25,9.67,10.0,3.7623650392049544,0.4535225440096714,0.12054187705973042,0.1442975591057733,1.774431869971979,1.465910761657129
005380,2024-10-27,0.0002,4.0,0.0002,0.2102,4.0,4.25,9.67,10.0,3.7623650392049544,0.4535225440096714,0.12054187705973042,0.1442975591057733,1.774431869971979,1.465910761657129
005380,2024-10-28,0.4429,7.0,0.4951,0.1921,9.0,4.25,9.67,10.0,3.779049584833358,0.45553373045760787,0.12054187705973042,0.1442975591057733,1.774431869971979,1.4665908169971975
005380,2024-10-29,0.2498,8.0,0.5683,0.217,13.0,4.25,9.67,10.0,3.7373382207623496,0.4505057643377667,0.12054187705973042,0.1442975591057733,1.774431869971979,1.4648906786470266
005380,2024-10-30,0.8898,9.0,0.2502,0.2248,10.0,4.25,9.67,10.0,3.678942311062938,0.4434666117699891,0.12054187705973042,0.1442975591057733,1.774431869971979,1.4625104849567876
005380,2024-10-31,0.4461,8.0,0.4828,0.173,12.0,4.25,9.67,10.0,3.5871773101067195,0.43240508630633856,0.12054187705973042,0.1442975591057733,1.774431869971979,1.4587701805864115
005380,2024-11-01,-0.1798,7.0,0.5715,0.2219,11.0,4.25,9.67,11.0,3.5621504916641142,0.4293883066344339,0.12054187705973042,0.1442975591057733,1.774431869971979,1.4577500975763091
005380,2024-11-02,,,,,0.0,4.25,9.67,11.0,3.5621504916641142,0.4293883066344339,0.12054187705973042,0.1442975591057733,1.774431869971979,1.4577500975763091
005380,2024-11-03,0.1692,6.0,0.6555,0.2149,8.0,4.25,9.67,11.0,3.5621504916641142,0.4293883066344339,0.12054187705973042,0.1442975591057733,1.774431869971979,1.4577500975763091
005380,2024-11-04,0.1383,7.0,0.7019,0.2203,15.0,4.25,9.67,11.0,3.6122041285493243,0.4354218659782433,0.12054187705973042,0.1442975591057733,1.774431869971979,1.459790263596514
005380,2024-11-05,0.001,5.0,0.8163,0.231,6.0,4.25,9.67,11.0,3.5871773101067195,0.43240508630633856,0.12054187705973042,0.1442975591057733,1.774431869971979,1.4587701805864115
005380,2024-11-06,0.1636,5.0,0.6817,0.1606,6.0,4.25,9.67,11.0,3.4453586722652907,0.41531000149887864,0.12054187705973042,0.1442975591057733,1.774431869971979,1.4529897101958307
005380,2024-11-07,-0.2934,7.0,0.6902,0.1838,9.0,4.25,9.67,11.0,3.462043217893694,0.4173211879468151,0.12054187705973042,0.1442975591057733,1.774431869971979,1.4536697655358992
005380,2024-11-08,0.372,5.0,0.4642,0.1602,5.0,4.25,9.67,11.0,3.3953050353800807,0.4092764421550693,0.12054187705973042,0.1442975591057733,1.774431869971979,1.450949544175626
005380,2024-11-09,-0.9996,6.0,0.0,0.1667,1.0,4.25,9.67,11.0,3.3953050353800807,0.4092764421550693,0.12054187705973042,0.1442975591057733,1.774431869971979,1.450949544175626
005380,2024-11-10,,,,,0.0,4.25,9.67,11.0,3.3953050353800807,0.4092764421550693,0.12054187705973042,0.1442975591057733,1.774431869971979,1.450949544175626
005380,2024-11-11,-0.3332,5.0,0.4713,0.176,3.0,4.25,9.67,11.0,3.520439127593106,0.42436034051459276,0.12054187705973042,0.1442975591057733,1.774431869971979,1.4560499592261382
005380,2024-11-12,0.3048,6.0,0.3668,0.2352,8.0,4.25,9.67,11.0,3.4537009450794924,0.4163155947228469,0.12054187705973042,0.1442975591057733,1.774431869971979,1.453329737865865
005380,2024-11-13,0.606,7.0,0.4715,0.117,8.0,4.25,9.67,11.0,3.3352406711178286,0.40203617094249805,0.12054187705973042,0.1442975591057733,1.774431869971979,1.4485013449513797
005380,2024-11-14,0.2492,6.0,0.6597,0.1377,8.0,4.25,9.67,11.0,3.361935944123274,0.4052540692591964,0.12054187705973042,0.1442975591057733,1.774431869971979,1.4495894334954893
005380,2024-11-15,0.0967,7.0,0.3194,0.1829,18.0,4.25,9.67,11.0,3.4370163994510894,0.41430440827491044,0.12054187705973042,0.1442975591057733,1.774431869971979,1.4526496825257966
005380,2024-11-16,0.0,3.0,0.0,0.6327,1.0,4.25,9.67,11.0,3.4370163994510894,0.41430440827491044,0.12054187705973042,0.1442975591057733,1.774431869971979,1.4526496825257966
005380,2024-11-17,0.9998,6.0,0.0,0.15,1.0,4.25,9.67,11.0,3.4370163994510894,0.41430440827491044,0.12054187705973042,0.1442975591057733,1.774431869971979,1.4526496825257966
005380,2024-11-18,0.4996,5.0,0.4996,0.2059,4.0,4.25,9.67,11.0,3.620546401363526,0.4364274592022115,0.12054187705973042,0.1442975591057733,1.774431869971979,1.4601302912665481
005380,2024-11-19,0.0938,7.0,0.818,0.1778,26.0,4.25,9.67,11.0,3.5955195829209208,0.4334106795303068,0.12054187705973042,0.1442975591057733,1.774431869971979,1.4591102082564458
005380,2024-11-20,0.2619,8.0,0.6835,0.2505,15.0,4.25,9.67,11.0,3.645573219806131,0.43944423887411616,0.12054187705973042,0.1442975591057733,1.774431869971979,1.461150374276651
005380,2024-11-21,0.2203,8.0,0.5724,0.227,16.0,4.25,9.67,11.0,3.5955195829209208,0.4334106795303068,0.12054187705973042,0.1442975591057733,1.774431869971979,1.4591102082564458
005380,2024-11-22,0.3778,7.0,0.4723,0.2459,10.0,4.25,9.67,11.0,3.620546401363526,0.4364274592022115,0.12054187705973042,0.1442975591057733,1.774431869971979,1.4601302912665481
005380,2024-11-23,-0.0,3.0,0.9997,0.2529,2.0,4.25,9.67,11.0,3.620546401363526,0.4364274592022115,0.12054187705973042,0.1442975591057733,1.774431869971979,1.4601302912665481
005380,2024-11-24,0.4984,6.0,0.4981,0.1922,6.0,4.25,9.67,11.0,3.620546401363526,0.4364274592022115,0.12054187705973042,0.1442975591057733,1.774431869971979,1.4601302912665481
005380,2024-11-25,0.4621,7.0,0.5726,0.222,10.0,4.25,9.67,11.0,3.6539154926203326,0.4404498320980844,0.12054187705973042,0.1442975591057733,1.774431869971979,1.4614904019466848
005380,2024-11-26,0.4598,6.0,0.4745,0.1812,7.0,4.25,9.67,11.0,3.728995947948148,0.4495001711137985,0.12054187705973042,0.1442975591057733,1.774431869971979,1.4645506509769923
005380,2024-11-27,0.5945,8.0,0.4558,0.1864,11.0,4.25,9.67,11.0,3.6872845838771395,0.44447220499395734,0.12054187705973042,0.1442975591057733,1.774431869971979,1.4628505126268214
005380,2024-11-28,0.6646,8.0,0.6561,0.1594,9.0,4.25,9.67,11.0,3.6539154926203326,0.4404498320980844,0.12054187705973042,0.1442975591057733,1.774431869971979,1.4614904019466848
005380,2024-11-29,0.8835,7.0,0.1627,0.1745,3.0,4.25,9.67,11.0,3.645573219806131,0.43944423887411616,0.12054187705973042,0.1442975591057733,1.774431869971979,1.461150374276651
005380,2024-11-30,0.0007,3.0,0.0,0.0952,1.0,4.25,9.67,11.0,3.645573219806131,0.43944423887411616,0.12054187705973042,0.1442975591057733,1.774431869971979,1.461150374276651
005380,2024-12-01,-0.0487,4.0,0.6045,0.1408,4.0,4.25,9.67,12.0,3.645573219806131,0.43944423887411616,0.12054187705973042,0.1442975591057733,1.774431869971979,1.461150374276651
005380,2024-12-02,-0.1193,6.0,0.868,0.1993,11.0,4.25,9.67,12.0,3.6038618557351225,0.434416272754275,0.12054187705973042,0.1442975591057733,1.774431869971979,1.45945023592648
005380,2024-12-03,0.4311,8.0,0.6858,0.2177,14.0,4.25,9.67,12.0,3.5788350372925177,0.43139949308237036,0.12054187705973042,0.1442975591057733,1.774431869971979,1.4584301529163775
005380,2024-12-04,0.0174,5.0,0.9075,0.3356,7.0,4.25,9.67,12.0,3.4870700363362994,0.42033796761871983,0.12054187705973042,0.1442975591057733,1.774431869971979,1.4546898485460016
005380,2024-12-05,0.1508,6.0,0.7756,0.3147,10.0,4.25,9.67,12.0,3.411989581008484,0.4112876286030058,0.12054187705973042,0.1442975591057733,1.774431869971979,1.451629599515694
005380,2024-12-06,0.1942,6.0,0.5986,0.2031,8.0,4.25,9.67,12.0,3.3953050353800807,0.4092764421550693,0.12054187705973042,0.1442975591057733,1.774431869971979,1.450949544175626
005380,2024-12-07,,,,,0.0,4.25,9.67,12.0,3.3953050353800807,0.4092764421550693,0.12054187705973042,0.1442975591057733,1.774431869971979,1.450949544175626
005380,2024-12-08,-0.1958,5.0,0.7407,0.2008,5.0,4.25,9.67,12.0,3.3953050353800807,0.4092764421550693,0.12054187705973042,0.1442975591057733,1.774431869971979,1.450949544175626
005380,2024-12-09,0.2821,6.0,0.4028,0.1684,7.0,4.25,9.67,12.0,3.3535936713090724,0.4042484760352282,0.12054187705973042,0.1442975591057733,1.774431869971979,1.449249405825455
005380,2024-12-10,-0.1666,5.0,0.3726,0.1142,6.0,4.25,9.67,12.0,3.512096854778904,0.4233547472906245,0.12054187705973042,0.1442975591057733,1.774431869971979,1.4557099315561042
005380,2024-12-11,0.7002,8.0,0.4575,0.1207,10.0,4.25,9.67,12.0,3.4870700363362994,0.42033796761871983,0.12054187705973042,0.1442975591057733,1.774431869971979,1.4546898485460016
005380,2024-12-12,0.2614,8.0,0.6413,0.1488,15.0,4.25,9.67,12.0,3.5287814004073077,0.42536593373856096,0.12054187705973042,0.1442975591057733,1.774431869971979,1.4563899868961725
005380,2024-12-13,0.0,3.0,0.0,0.1311,2.0,4.25,9.67,12.0,3.5871773101067195,0.43240508630633856,0.12054187705973042,0.1442975591057733,1.774431869971979,1.4587701805864115
005380,2024-12-14,,,,,0.0,4.25,9.67,12.0,3.5871773101067195,0.43240508630633856,0.12054187705973042,0.1442975591057733,1.774431869971979,1.4587701805864115
005380,2024-12-15,0.0156,4.0,0.0217,0.1701,3.0,4.25,9.67,12.0,3.5871773101067195,0.43240508630633856,0.12054187705973042,0.1442975591057733,1.774431869971979,1.4587701805864115
005380,2024-12-16,0.4706,4.0,0.4708,0.0874,2.0,4.25,9.67,12.0,3.520439127593106,0.42436034051459276,0.12054187705973042,0.1442975591057733,1.774431869971979,1.4560499592261382
005380,2024-12-17,-0.0,4.0,0.8163,0.2287,3.0,4.25,9.67,12.0,3.4453586722652907,0.41531000149887864,0.12054187705973042,0.1442975591057733,1.774431869971979,1.4529897101958307
005380,2024-12-18,-0.0198,6.0,0.6922,0.2298,10.0,4.25,9.67,12.0,3.6122041285493243,0.4354218659782433,0.12054187705973042,0.1442975591057733,1.774431869971979,1.459790263596514
005380,2024-12-19,0.4235,6.0,0.8224,0.157,6.0,4.25,9.67,12.0,3.5371236732215094,0.42637152696252917,0.12054187705973042,0.1442975591057733,1.774431869971979,1.4567300145662068
005380,2024-12-20,0.2085,7.0,0.6612,0.201,11.0,4.25,9.67,12.0,3.512096854778904,0.4233547472906245,0.12054187705973042,0.1442975591057733,1.774431869971979,1.4557099315561042
005380,2024-12-21,-0.6171,5.0,0.0,0.1667,1.0,4.25,9.67,12.0,3.512096854778904,0.4233547472906245,0.12054187705973042,0.1442975591057733,1.774431869971979,1.4557099315561042
005380,2024-12-22,-0.4265,4.0,0.0,0.0962,1.0,4.25,9.67,12.0,3.512096854778904,0.4233547472906245,0.12054187705973042,0.1442975591057733,1.774431869971979,1.4557099315561042
005380,2024-12-23,-0.0112,3.0,0.0,0.1429,1.0,4.25,9.67,12.0,3.5871773101067195,0.43240508630633856,0.12054187705973042,0.1442975591057733,1.774431869971979,1.4587701805864115
005380,2024-12-24,0.3331,5.0,0.4713,0.1288,3.0,4.25,9.67,12.0,3.6122041285493243,0.4354218659782433,0.12054187705973042,0.1442975591057733,1.774431869971979,1.459790263596514
005380,2024-12-25,0.5643,6.0,0.4056,0.1713,4.0,4.25,9.67,12.0,3.6122041285493243,0.4354218659782433,0.12054187705973042,0.1442975591057733,1.774431869971979,1.459790263596514
005380,2024-12-26,0.1517,6.0,0.7239,0.177,9.0,4.25,9.67,12.0,3.6288886741777278,0.4374330524261797,0.12054187705973042,0.1442975591057733,1.774431869971979,1.4604703189365824
005380,2024-12-27,0.5015,5.0,0.4955,0.1195,2.0,4.25,9.67,12.0,3.5871773101067195,0.43240508630633856,0.12054187705973042,0.1442975591057733,1.774431869971979,1.4587701805864115
005380,2024-12-28,0.1299,3.0,0.0,0.7959,1.0,4.25,9.67,12.0,3.5871773101067195,0.43240508630633856,0.12054187705973042,0.1442975591057733,1.774431869971979,1.4587701805864115
005380,2024-12-29,,,,,0.0,4.25,9.67,12.0,3.5871773101067195,0.43240508630633856,0.12054187705973042,0.1442975591057733,1.774431869971979,1.4587701805864115
005380,2024-12-30,0.4762,5.0,0.4169,0.1034,5.0,4.25,9.67,12.0,3.5371236732215094,0.42637152696252917,0.12054187705973042,0.1442975591057733,1.774431869971979,1.4567300145662068
005380,2024-12-31,,,,,0.0,4.25,9.67,12.0,3.5371236732215094,0.42637152696252917,0.12054187705973042,0.1442975591057733,1.774431869971979,1.4567300145662068
005380,2025-01-01,-0.9821,6.0,0.0,0.1277,1.0,4.25,9.67,13.0,3.5371236732215094,0.42637152696252917,0.12054187705973042,0.1442975591057733,1.774431869971979,1.4567300145662068
005380,2025-01-02,0.686,7.0,0.4195,0.2271,7.0,4.25,9.67,13.0,3.5287814004073077,0.42536593373856096,0.12054187705973042,0.1442975591057733,1.774431869971979,1.4563899868961725
005380,2025-01-03,-0.0002,7.0,0.7839,0.2672,13.0,4.25,9.67,13.0,3.5538082188499125,0.42838271341046563,0.12054187705973042,0.1442975591057733,1.774431869971979,1.4574100699062749
005380,2025-01-04,0.9998,6.0,0.0,0.3409,1.0,4.25,9.67,13.0,3.5538082188499125,0.42838271341046563,0.12054187705973042,0.1442975591057733,1.774431869971979,1.4574100699062749
005380,2025-01-05,0.7497,6.0,0.4328,0.2291,4.0,4.25,9.67,13.0,3.5538082188499125,0.42838271341046563,0.12054187705973042,0.1442975591057733,1.774431869971979,1.4574100699062749
005380,2025-01-06,0.2146,7.0,0.4652,0.2435,9.0,4.25,9.67,13.0,3.5287814004073077,0.42536593373856096,0.12054187705973042,0.1442975591057733,1.774431869971979,1.4563899868961725
005380,2025-01-07,0.3534,5.0,0.4511,0.1603,3.0,4.25,9.67,13.0,3.520439127593106,0.42436034051459276,0.12054187705973042,0.1442975591057733,1.774431869971979,1.4560499592261382
005380,2025-01-08,0.933,7.0,0.1023,0.214,4.0,4.25,9.67,13.0,3.5621504916641142,0.4293883066344339,0.12054187705973042,0.1442975591057733,1.774431869971979,1.4577500975763091
005380,2025-01-09,0.6746,9.0,0.41,0.2164,12.0,4.25,9.67,13.0,3.5538082188499125,0.42838271341046563,0.12054187705973042,0.1442975591057733,1.774431869971979,1.4574100699062749
005380,2025-01-10,0.5272,9.0,0.4701,0.2888,15.0,4.25,9.67,13.0,3.770707312019156,0.4545281372336396,0.12054187705973042,0.1442975591057733,1.774431869971979,1.4662507893271632
005380,2025-01-11,0.0,3.0,0.0,0.1818,1.0,4.25,9.67,13.0,3.770707312019156,0.4545281372336396,0.12054187705973042,0.1442975591057733,1.774431869971979,1.4662507893271632
005380,2025-01-12,0.8624,8.0,0.3273,0.3364,8.0,4.25,9.67,13.0,3.770707312019156,0.4545281372336396,0.12054187705973042,0.1442975591057733,1.774431869971979,1.4662507893271632
005380,2025-01-13,0.1392,7.0,0.7431,0.2101,13.0,4.25,9.67,13.0,3.670600038248736,0.4424610185460209,0.12054187705973042,0.1442975591057733,1.774431869971979,1.4621704572867533
005380,2025-01-14,0.2426,6.0,0.8063,0.1884,8.0,4.25,9.67,13.0,3.7039691295055426,0.44648339144189375,0.12054187705973042,0.1442975591057733,1.774431869971979,1.46353056796689
005380,2025-01-15,0.1223,6.0,0.8624,0.2165,10.0,4.25,9.67,13.0,3.678942311062938,0.4434666117699891,0.12054187705973042,0.1442975591057733,1.774431869971979,1.4625104849567876
005380,2025-01-16,0.2627,5.0,0.6165,0.3412,5.0,4.25,9.67,13.0,3.6539154926203326,0.4404498320980844,0.12054187705973042,0.1442975591057733,1.774431869971979,1.4614904019466848
005380,2025-01-17,0.6666,7.0,0.4713,0.1457,6.0,4.25,9.67,13.0,3.5287814004073077,0.42536593373856096,0.12054187705973042,0.1442975591057733,1.774431869971979,1.4563899868961725
005380,2025-01-18,,,,,0.0,4.25,9.67,13.0,3.5287814004073077,0.42536593373856096,0.12054187705973042,0.1442975591057733,1.774431869971979,1.4563899868961725
005380,2025-01-19,0.9998,6.0,0.0,0.2439,1.0,4.25,9.67,13.0,3.5287814004073077,0.42536593373856096,0.12054187705973042,0.1442975591057733,1.774431869971979,1.4563899868961725
005380,2025-01-20,-0.2659,6.0,0.6801,0.272,7.0,4.25,9.67,13.0,3.4787277635220977,0.4193323743947516,0.12054187705973042,0.1442975591057733,1.774431869971979,1.4543498208759675
005380,2025-01-21,0.5339,9.0,0.5639,0.2223,12.0,4.25,9.67,13.0,3.4453586722652907,0.41531000149887864,0.12054187705973042,0.1442975591057733,1.774431869971979,1.4529897101958307
005380,2025-01-22,0.3401,6.0,0.7204,0.1691,8.0,4.25,9.67,13.0,3.4787277635220977,0.4193323743947516,0.12054187705973042,0.1442975591057733,1.774431869971979,1.4543498208759675
005380,2025-01-23,0.1133,7.0,0.816,0.1939,18.0,4.25,9.67,13.0,3.4870700363362994,0.42033796761871983,0.12054187705973042,0.1442975591057733,1.774431869971979,1.4546898485460016
005380,2025-01-24,-0.5902,6.0,0.5017,0.2678,5.0,4.25,9.67,13.0,3.420331853822686,0.412293221826974,0.12054187705973042,0.1442975591057733,1.774431869971979,1.4519696271857283
005380,2025-01-25,,,,,0.0,4.25,9.67,13.0,3.420331853822686,0.412293221826974,0.12054187705973042,0.1442975591057733,1.774431869971979,1.4519696271857283
005380,2025-01-26,,,,,0.0,4.25,9.67,13.0,3.420331853822686,0.412293221826974,0.12054187705973042,0.1442975591057733,1.774431869971979,1.4519696271857283
005380,2025-01-27,,,,,0.0,4.25,9.67,13.0,3.420331853822686,0.412293221826974,0.12054187705973042,0.1442975591057733,1.774431869971979,1.4519696271857283
005380,2025-01-28,0.3932,4.0,0.0,0.2245,1.0,4.25,9.67,13.0,3.420331853822686,0.412293221826974,0.12054187705973042,0.1442975591057733,1.774431869971979,1.4519696271857283
005380,2025-01-29,-0.4823,4.0,0.4823,0.3571,2.0,4.25,9.67,13.0,3.420331853822686,0.412293221826974,0.12054187705973042,0.1442975591057733,1.774431869971979,1.4519696271857283
005380,2025-01-30,0.4916,6.0,0.4269,0.2373,6.0,4.25,9.67,13.0,3.420331853822686,0.412293221826974,0.12054187705973042,0.1442975591057733,1.774431869971979,1.4519696271857283
005380,2025-01-31,0.6849,6.0,0.4453,0.1494,3.0,4.25,9.67,13.0,3.4370163994510894,0.41430440827491044,0.12054187705973042,0.1442975591057733,1.774431869971979,1.4526496825257966
005380,2025-02-01,,,,,0.0,4.25,9.67,14.0,3.4370163994510894,0.41430440827491044,0.12054187705973042,0.1442975591057733,1.774431869971979,1.4526496825257966
005380,2025-02-02,0.9553,6.0,0.0446,0.274,2.0,4.25,9.67,14.0,3.4370163994510894,0.41430440827491044,0.12054187705973042,0.1442975591057733,1.774431869971979,1.4526496825257966
005380,2025-02-03,0.3334,8.0,0.9424,0.2889,12.0,4.25,9.67,14.0,3.370278216937476,0.4062596624831646,0.12054187705973042,0.1442975591057733,1.774431869971979,1.4499294611655233
005380,2025-02-04,-0.0269,6.0,0.6327,0.2401,11.0,4.25,9.67,14.0,3.3535936713090724,0.4042484760352282,0.12054187705973042,0.1442975591057733,1.774431869971979,1.449249405825455
005380,2025-02-05,0.0083,5.0,0.4944,0.1987,8.0,4.25,9.67,14.0,3.411989581008484,0.4112876286030058,0.12054187705973042,0.1442975591057733,1.774431869971979,1.451629599515694
005380,2025-02-06,-0.3913,5.0,0.7779,0.3296,5.0,4.25,9.67,14.0,3.3953050353800807,0.4092764421550693,0.12054187705973042,0.1442975591057733,1.774431869971979,1.450949544175626
005380,2025-02-07,0.5502,8.0,0.6829,0.2402,9.0,4.25,9.67,14.0,3.3452513984948706,0.4032428828112599,0.12054187705973042,0.1442975591057733,1.774431869971979,1.4489093781554208
005380,2025-02-08,,,,,0.0,4.25,9.67,14.0,3.3452513984948706,0.4032428828112599,0.12054187705973042,0.1442975591057733,1.774431869971979,1.4489093781554208
005380,2025-02-09,0.5,5.0,0.4996,0.1632,2.0,4.25,9.67,14.0,3.3452513984948706,0.4032428828112599,0.12054187705973042,0.1442975591057733,1.774431869971979,1.4489093781554208
005380,2025-02-10,0.3099,6.0,0.9272,0.1722,6.0,4.25,9.67,14.0,3.3268983983036273,0.4010305777185298,0.12054187705973042,0.1442975591057733,1.774431869971979,1.4481613172813457
005380,2025-02-11,0.7176,6.0,0.4151,0.2296,4.0,4.25,9.67,14.0,3.3268983983036273,0.4010305777185298,0.12054187705973042,0.1442975591057733,1.774431869971979,1.4481613172813457
005380,2025-02-12,0.4312,7.0,0.7679,0.2118,11.0,4.25,9.67,14.0,3.3052084889867026,0.3984160353362124,0.12054187705973042,0.1442975591057733,1.774431869971979,1.4472772453392568
005380,2025-02-13,0.4137,8.0,0.4869,0.1868,17.0,4.25,9.67,14.0,3.4787277635220977,0.4193323743947516,0.12054187705973042,0.1442975591057733,1.774431869971979,1.4543498208759675
005380,2025-02-14,0.5793,7.0,0.7218,0.1785,7.0,4.25,9.67,14.0,3.4370163994510894,0.41430440827491044,0.12054187705973042,0.1442975591057733,1.774431869971979,1.4526496825257966
005380,2025-02-15,0.0,3.0,0.0,0.1818,1.0,4.25,9.67,14.0,3.4370163994510894,0.41430440827491044,0.12054187705973042,0.1442975591057733,1.774431869971979,1.4526496825257966
005380,2025-02-16,0.418,6.0,0.8322,0.2756,8.0,4.25,9.67,14.0,3.4370163994510894,0.41430440827491044,0.12054187705973042,0.1442975591057733,1.774431869971979,1.4526496825257966
005380,2025-02-17,0.4559,6.0,0.4603,0.2517,6.0,4.25,9.67,14.0,3.3335722165549884,0.4018350522977044,0.12054187705973042,0.1442975591057733,1.774431869971979,1.448433339417373
005380,2025-02-18,0.8166,7.0,0.3352,0.1334,6.0,4.25,9.67,14.0,3.3452513984948706,0.4032428828112599,0.12054187705973042,0.1442975591057733,1.774431869971979,1.4489093781554208
005380,2025-02-19,0.2494,5.0,0.8284,0.2328,4.0,4.25,9.67,14.0,3.4036473081942824,0.4102820353790375,0.12054187705973042,0.1442975591057733,1.774431869971979,1.45128957184566
005380,2025-02-20,0.0797,7.0,0.4191,0.179,13.0,4.25,9.67,14.0,3.3869627625658794,0.40827084893110105,0.12054187705973042,0.1442975591057733,1.774431869971979,1.4506095165055917
005380,2025-02-21,0.1473,7.0,0.5831,0.1748,16.0,4.25,9.67,14.0,3.4370163994510894,0.41430440827491044,0.12054187705973042,0.1442975591057733,1.774431869971979,1.4526496825257966
005380,2025-02-22,,,,,0.0,4.25,9.67,14.0,3.4370163994510894,0.41430440827491044,0.12054187705973042,0.1442975591057733,1.774431869971979,1.4526496825257966
005380,2025-02-23,0.0164,4.0,0.0248,0.1336,4.0,4.25,9.67,14.0,3.4370163994510894,0.41430440827491044,0.12054187705973042,0.1442975591057733,1.774431869971979,1.4526496825257966
005380,2025-02-24,0.5098,5.0,0.4897,0.2387,2.0,4.25,9.67,14.0,3.4537009450794924,0.4163155947228469,0.12054187705973042,0.1442975591057733,1.774431869971979,1.453329737865865
005380,2025-02-25,0.2169,7.0,0.6303,0.2427,9.0,4.25,9.67,14.0,3.3786204897516776,0.40726525570713284,0.12054187705973042,0.1442975591057733,1.774431869971979,1.4502694888355574
005380,2025-02-26,0.8967,8.0,0.1639,0.1783,7.0,4.25,9.67,14.0,3.420331853822686,0.412293221826974,0.12054187705973042,0.1442975591057733,1.774431869971979,1.4519696271857283
005380,2025-02-27,0.3329,6.0,0.4708,0.1803,6.0,4.25,9.67,14.0,3.3452513984948706,0.4032428828112599,0.12054187705973042,0.1442975591057733,1.774431869971979,1.4489093781554208
005380,2025-02-28,0.5263,6.0,0.3472,0.1967,5.0,4.25,9.67,14.0,3.220117306281846,0.38815898445173647,0.12054187705973042,0.1442975591057733,1.774431869971979,1.4438089631049085
005380,2025-03-01,0.0811,3.0,0.0,0.1154,1.0,4.25,9.67,15.0,3.220117306281846,0.38815898445173647,0.12054187705973042,0.1442975591057733,1.774431869971979,1.4438089631049085
005380,2025-03-02,,,,,0.0,4.25,9.67,15.0,3.220117306281846,0.38815898445173647,0.12054187705973042,0.1442975591057733,1.774431869971979,1.4438089631049085
005380,2025-03-03,0.2091,5.0,0.3957,0.216,5.0,4.25,9.67,15.0,3.220117306281846,0.38815898445173647,0.12054187705973042,0.1442975591057733,1.774431869971979,1.4438089631049085
005380,2025-03-04,0.0007,5.0,0.9242,0.2221,7.0,4.25,9.67,15.0,3.1750690330851565,0.38272878104230806,0.12054187705973042,0.1442975591057733,1.774431869971979,1.441972813686724
005380,2025-03-05,0.088,5.0,0.757,0.189,7.0,4.25,9.67,15.0,3.2484810338501315,0.39157800141322846,0.12054187705973042,0.1442975591057733,1.774431869971979,1.4449650571830246
005380,2025-03-06,0.3814,7.0,0.744,0.1905,9.0,4.25,9.67,15.0,3.2968662161725013,0.3974104421122442,0.12054187705973042,0.1442975591057733,1.774431869971979,1.4469372176692228
005380,2025-03-07,-0.4361,5.0,0.7571,0.3009,4.0,4.25,9.67,15.0,3.280181670544098,0.3953992556643077,0.12054187705973042,0.1442975591057733,1.774431869971979,1.4462571623291542
005380,2025-03-08,,,,,0.0,4.25,9.67,15.0,3.280181670544098,0.3953992556643077,0.12054187705973042,0.1442975591057733,1.774431869971979,1.4462571623291542
005380,2025-03-09,,,,,0.0,4.25,9.67,15.0,3.280181670544098,0.3953992556643077,0.12054187705973042,0.1442975591057733,1.774431869971979,1.4462571623291542
005380,2025-03-10,0.3864,7.0,0.4444,0.1647,10.0,4.25,9.67,15.0,3.2935293070468203,0.3970082048226569,0.12054187705973042,0.1442975591057733,1.774431869971979,1.446801206601209
005380,2025-03-11,-0.0023,6.0,0.6005,0.2542,11.0,4.25,9.67,15.0,3.2634971249156943,0.39338806921637126,0.12054187705973042,0.1442975591057733,1.774431869971979,1.4455771069890861
005380,2025-03-12,0.01,5.0,0.7407,0.2692,7.0,4.25,9.67,15.0,3.3068769435495433,0.39861715398100606,0.12054187705973042,0.1442975591057733,1.774431869971979,1.4473452508732638
005380,2025-03-13,0.3777,5.0,0.6804,0.1293,3.0,4.25,9.67,15.0,3.3535936713090724,0.4042484760352282,0.12054187705973042,0.1442975591057733,1.774431869971979,1.449249405825455
005380,2025-03-14,0.0141,5.0,0.816,0.2591,6.0,4.25,9.67,15.0,3.311882307238064,0.399220509915387,0.12054187705973042,0.1442975591057733,1.774431869971979,1.4475492674752841
005380,2025-03-15,0.9997,6.0,0.0,0.102,1.0,4.25,9.67,15.0,3.311882307238064,0.399220509915387,0.12054187705973042,0.1442975591057733,1.774431869971979,1.4475492674752841
005380,2025-03-16,-0.1011,4.0,0.5718,0.2951,4.0,4.25,9.67,15.0,3.311882307238064,0.399220509915387,0.12054187705973042,0.1442975591057733,1.774431869971979,1.4475492674752841
005380,2025-03-17,-0.3147,5.0,0.4846,0.1466,3.0,4.25,9.67,15.0,3.320224580052266,0.40022610313935525,0.12054187705973042,0.1442975591057733,1.774431869971979,1.4478892951453184
005380,2025-03-18,0.9998,7.0,0.0,0.1702,4.0,4.25,9.67,15.0,3.3452513984948706,0.4032428828112599,0.12054187705973042,0.1442975591057733,1.774431869971979,1.4489093781554208
005380,2025-03-19,0.2577,5.0,0.416,0.1842,4.0,4.25,9.67,15.0,3.4036473081942824,0.4102820353790375,0.12054187705973042,0.1442975591057733,1.774431869971979,1.45128957184566
005380,2025-03-20,0.335,6.0,0.4701,0.3453,6.0,4.25,9.67,15.0,3.3786204897516776,0.40726525570713284,0.12054187705973042,0.1442975591057733,1.774431869971979,1.4502694888355574
005380,2025-03-21,0.7466,6.0,0.4302,0.3113,4.0,4.25,9.67,15.0,3.420331853822686,0.412293221826974,0.12054187705973042,0.1442975591057733,1.774431869971979,1.4519696271857283
005380,2025-03-22,,,,,0.0,4.25,9.67,15.0,3.420331853822686,0.412293221826974,0.12054187705973042,0.1442975591057733,1.774431869971979,1.4519696271857283
005380,2025-03-23,0.0,3.0,0.0001,0.3044,2.0,4.25,9.67,15.0,3.420331853822686,0.412293221826974,0.12054187705973042,0.1442975591057733,1.774431869971979,1.4519696271857283
005380,2025-03-24,0.284,8.0,0.4262,0.2434,15.0,4.25,9.67,15.0,3.5538082188499125,0.42838271341046563,0.12054187705973042,0.1442975591057733,1.774431869971979,1.4574100699062749
005380,2025-03-25,0.4224,8.0,0.5132,0.2886,43.0,4.25,9.67,15.0,3.670600038248736,0.4424610185460209,0.12054187705973042,0.1442975591057733,1.774431869971979,1.4621704572867533
005380,2025-03-26,0.4083,7.0,0.4558,0.2779,9.0,4.25,9.67,15.0,3.7039691295055426,0.44648339144189375,0.12054187705973042,0.1442975591057733,1.774431869971979,1.46353056796689
005380,2025-03-27,-0.1673,8.0,0.7588,0.1678,27.0,4.25,9.67,15.0,3.5454659460357107,0.42737712018649743,0.12054187705973042,0.1442975591057733,1.774431869971979,1.4570700422362408
005380,2025-03-28,-0.214,8.0,0.5463,0.2016,15.0,4.25,9.67,15.0,3.420331853822686,0.412293221826974,0.12054187705973042,0.1442975591057733,1.774431869971979,1.4519696271857283
005380,2025-03-29,-0.4486,5.0,0.4134,0.3953,3.0,4.25,9.67,15.0,3.420331853822686,0.412293221826974,0.12054187705973042,0.1442975591057733,1.774431869971979,1.4519696271857283
005380,2025-03-30,0.1995,5.0,0.746,0.1877,5.0,4.25,9.67,15.0,3.420331853822686,0.412293221826974,0.12054187705973042,0.1442975591057733,1.774431869971979,1.4519696271857283
005380,2025-03-31,0.18,7.0,0.4956,0.2921,10.0,4.25,9.67,15.0,3.29019239792114,0.3966059675330696,0.12054187705973042,0.1442975591057733,1.774431869971979,1.4466651955331953
005380,2025-04-01,0.0889,7.0,0.7625,0.1605,14.0,4.25,9.67,4.0,3.073709380866443,0.33809666916156866,0.10999630325045992,0.07726114276632264,1.8251572906110818,1.2911430426653472
005380,2025-04-02,-0.0045,7.0,0.6495,0.2764,20.0,4.25,9.67,4.0,3.038112545136368,0.3341811488238466,0.10999630325045992,0.07726114276632264,1.8251572906110818,1.289855859245749
005380,2025-04-03,0.3484,8.0,0.6856,0.2268,14.0,4.25,9.67,4.0,2.999420332386287,0.32992514845675736,0.10999630325045992,0.07726114276632264,1.8251572906110818,1.2884567468331425
005380,2025-04-04,0.2496,5.0,0.433,0.2444,4.0,4.25,9.67,4.0,2.9684665621862223,0.32652034816308595,0.10999630325045992,0.07726114276632264,1.8251572906110818,1.2873374569030571
005380,2025-04-05,0.0854,4.0,0.1204,0.34,4.0,4.25,9.67,4.0,2.9684665621862223,0.32652034816308595,0.10999630325045992,0.07726114276632264,1.8251572906110818,1.2873374569030571
005380,2025-04-06,-0.3173,5.0,0.7217,0.2557,5.0,4.25,9.67,4.0,2.9684665621862223,0.32652034816308595,0.10999630325045992,0.07726114276632264,1.8251572906110818,1.2873374569030571
005380,2025-04-07,0.5563,7.0,0.4912,0.2506,7.0,4.25,9.67,4.0,2.77191012141581,0.30489986629827265,0.10999630325045992,0.07726114276632264,1.8251572906110818,1.280229965847015
005380,2025-04-08,-0.1823,8.0,0.6352,0.1836,14.0,4.25,9.67,4.0,2.7734578099258136,0.3050701063129562,0.10999630325045992,0.07726114276632264,1.8251572906110818,1.2802859303435192
005380,2025-04-09,0.0013,4.0,0.0021,0.1033,3.0,4.25,9.67,4.0,2.7548855478057743,0.30302722613675337,0.10999630325045992,0.07726114276632264,1.8251572906110818,1.2796143563854683
005380,2025-04-10,0.3906,5.0,0.4194,0.2293,4.0,4.25,9.67,4.0,2.8941775137060666,0.31834882745827464,0.10999630325045992,0.07726114276632264,1.8251572906110818,1.2846511610708522
005380,2025-04-11,0.2873,6.0,0.699,0.1235,7.0,4.25,9.67,4.0,2.7471471052557583,0.30217602606333555,0.10999630325045992,0.07726114276632264,1.8251572906110818,1.2793345339029467
005380,2025-04-12,-0.015,3.0,0.0144,0.0752,2.0,4.25,9.67,4.0,2.7471471052557583,0.30217602606333555,0.10999630325045992,0.07726114276632264,1.8251572906110818,1.2793345339029467
005380,2025-04-13,,,,,0.0,4.25,9.67,4.0,2.7471471052557583,0.30217602606333555,0.10999630325045992,0.07726114276632264,1.8251572906110818,1.2793345339029467
005380,2025-04-14,0.3333,5.0,0.4713,0.1402,3.0,4.25,9.67,4.0,2.775005498435817,0.3052403463276398,0.10999630325045992,0.07726114276632264,1.8251572906110818,1.2803418948400238
005380,2025-04-15,0.5247,9.0,0.5959,0.1302,14.0,4.25,9.67,4.0,2.8941775137060666,0.31834882745827464,0.10999630325045992,0.07726114276632264,1.8251572906110818,1.2846511610708522
005380,2025-04-16,0.4311,7.0,0.5419,0.3257,10.0,4.25,9.67,4.0,2.8121500226758944,0.30932610668004545,0.10999630325045992,0.07726114276632264,1.8251572906110818,1.2816850427561262
005380,2025-04-17,0.3747,8.0,0.7362,0.3692,12.0,4.25,9.67,4.0,2.8121500226758944,0.30932610668004545,0.10999630325045992,0.07726114276632264,1.8251572906110818,1.2816850427561262
005380,2025-04-18,0.5465,8.0,0.5067,0.2391,9.0,4.25,9.67,4.0,2.897272890726073,0.31868930748764174,0.10999630325045992,0.07726114276632264,1.8251572906110818,1.2847630900638607
005380,2025-04-19,-0.0149,3.0,0.0,0.1111,1.0,4.25,9.67,4.0,2.897272890726073,0.31868930748764174,0.10999630325045992,0.07726114276632264,1.8251572906110818,1.2847630900638607
005380,2025-04-20,0.375,6.0,0.6647,0.132,6.0,4.25,9.67,4.0,2.897272890726073,0.31868930748764174,0.10999630325045992,0.07726114276632264,1.8251572906110818,1.2847630900638607
005380,2025-04-21,0.594,9.0,0.5329,0.1967,19.0,4.25,9.67,4.0,2.898820579236076,0.3188595475023253,0.10999630325045992,0.07726114276632264,1.8251572906110818,1.284819054560365
005380,2025-04-22,0.146,5.0,0.805,0.2061,7.0,4.25,9.67,4.0,2.872509874566021,0.31596546725270463,0.10999630325045992,0.07726114276632264,1.8251572906110818,1.2838676581197923
005380,2025-04-23,0.2517,7.0,0.5169,0.2187,11.0,4.25,9.67,4.0,2.940608169006164,0.3234560278987817,0.10999630325045992,0.07726114276632264,1.8251572906110818,1.2863300959659802
005380,2025-04-24,0.3397,8.0,0.794,0.2273,17.0,4.25,9.67,4.0,2.923583595396128,0.3215833877372624,0.10999630325045992,0.07726114276632264,1.8251572906110818,1.2857144865044332
005380,2025-04-25,-0.1929,7.0,0.7415,0.3337,10.0,4.25,9.67,4.0,2.922035906886125,0.32141314772257884,0.10999630325045992,0.07726114276632264,1.8251572906110818,1.285658522007929
005380,2025-04-26,0.9996,6.0,0.0,0.1136,1.0,4.25,9.67,4.0,2.922035906886125,0.32141314772257884,0.10999630325045992,0.07726114276632264,1.8251572906110818,1.285658522007929
005380,2025-04-27,0.017,5.0,0.535,0.1717,7.0,4.25,9.67,4.0,2.922035906886125,0.32141314772257884,0.10999630325045992,0.07726114276632264,1.8251572906110818,1.285658522007929
005380,2025-04-28,-0.027,6.0,0.733,0.2225,10.0,4.25,9.67,4.0,2.9251312839061314,0.321753627751946,0.10999630325045992,0.07726114276632264,1.8251572906110818,1.2857704510009376
005380,2025-04-29,0.2883,8.0,0.6827,0.3156,14.0,4.25,9.67,4.0,2.9839434472862547,0.32822274830992165,0.10999630325045992,0.07726114276632264,1.8251572906110818,1.2878971018680998
005380,2025-04-30,-0.1396,5.0,0.826,0.1855,7.0,4.25,9.67,4.0,2.949894300066183,0.3244774679868831,0.10999630325045992,0.07726114276632264,1.8251572906110818,1.2866658829450057
005380,2025-05-01,0.2109,7.0,0.4213,0.1924,9.0,4.25,9.67,5.0,2.949894300066183,0.3244774679868831,0.10999630325045992,0.07726114276632264,1.8251572906110818,1.2866658829450057
005380,2025-05-02,-0.0334,7.0,0.6577,0.2169,15.0,4.25,9.67,5.0,2.931322037946144,0.3224345878106803,0.10999630325045992,0.07726114276632264,1.8251572906110818,1.2859943089869548
005380,2025-05-03,0.0003,3.0,0.0003,0.1509,2.0,4.25,9.67,5.0,2.931322037946144,0.3224345878106803,0.10999630325045992,0.07726114276632264,1.8251572906110818,1.2859943089869548
005380,2025-05-04,0.5027,5.0,0.4954,0.2767,2.0,4.25,9.67,5.0,2.931322037946144,0.3224345878106803,0.10999630325045992,0.07726114276632264,1.8251572906110818,1.2859943089869548
005380,2025-05-05,,,,,0.0,4.25,9.67,5.0,2.931322037946144,0.3224345878106803,0.10999630325045992,0.07726114276632264,1.8251572906110818,1.2859943089869548
005380,2025-05-06,0.9787,6.0,0.0,0.1667,1.0,4.25,9.67,5.0,2.931322037946144,0.3224345878106803,0.10999630325045992,0.07726114276632264,1.8251572906110818,1.2859943089869548
005380,2025-05-07,0.7083,7.0,0.4329,0.1674,7.0,4.25,9.67,5.0,2.9034636447660858,0.31937026754637604,0.10999630325045992,0.07726114276632264,1.8251572906110818,1.2849869480498777
005380,2025-05-08,0.1322,5.0,0.5813,0.2431,8.0,4.25,9.67,5.0,2.8957252022160698,0.31851906747295816,0.10999630325045992,0.07726114276632264,1.8251572906110818,1.2847071255673566
005380,2025-05-09,0.8666,8.0,0.3278,0.29,8.0,4.25,9.67,5.0,2.9390604804961606,0.3232857878840981,0.10999630325045992,0.07726114276632264,1.8251572906110818,1.286274131469476
005380,2025-05-10,0.9944,6.0,0.0043,0.1856,2.0,4.25,9.67,5.0,2.9390604804961606,0.3232857878840981,0.10999630325045992,0.07726114276632264,1.8251572906110818,1.286274131469476
005380,2025-05-11,,,,,0.0,4.25,9.67,5.0,2.9390604804961606,0.3232857878840981,0.10999630325045992,0.07726114276632264,1.8251572906110818,1.286274131469476
005380,2025-05-12,0.1617,4.0,0.6984,0.1442,5.0,4.25,9.67,5.0,3.030374102586352,0.3333299487504287,0.10999630325045992,0.07726114276632264,1.8251572906110818,1.2895760367632279
005380,2025-05-13,-0.0178,6.0,0.6958,0.117,11.0,4.25,9.67,5.0,3.044303299176381,0.33486210888258083,0.10999630325045992,0.07726114276632264,1.8251572906110818,1.2900797172317662
005380,2025-05-14,-0.2053,5.0,0.583,0.1445,3.0,4.25,9.67,5.0,3.050494053216394,0.33554306894131514,0.10999630325045992,0.07726114276632264,1.8251572906110818,1.2903035752177832
005380,2025-05-15,0.8472,8.0,0.2361,0.1705,8.0,4.25,9.67,5.0,2.985491135796258,0.32839298832460523,0.10999630325045992,0.07726114276632264,1.8251572906110818,1.287953066364604
005380,2025-05-16,0.6441,7.0,0.458,0.2457,6.0,4.25,9.67,5.0,2.999420332386287,0.32992514845675736,0.10999630325045992,0.07726114276632264,1.8251572906110818,1.2884567468331425
005380,2025-05-17,-0.4476,4.0,0.5522,0.1927,2.0,4.25,9.67,5.0,2.999420332386287,0.32992514845675736,0.10999630325045992,0.07726114276632264,1.8251572906110818,1.2884567468331425
005380,2025-05-18,0.2828,5.0,0.4172,0.1647,4.0,4.25,9.67,5.0,2.999420332386287,0.32992514845675736,0.10999630325045992,0.07726114276632264,1.8251572906110818,1.2884567468331425
005380,2025-05-19,0.4528,5.0,0.6859,0.4869,5.0,4.25,9.67,5.0,2.9560850541061963,0.3251584280456174,0.10999630325045992,0.07726114276632264,1.8251572906110818,1.286889740931023
005380,2025-05-20,-0.2186,6.0,0.6514,0.1368,8.0,4.25,9.67,5.0,2.9328697264561474,0.32260482782536387,0.10999630325045992,0.07726114276632264,1.8251572906110818,1.286050273483459
005380,2025-05-21,0.0209,4.0,0.5999,0.1716,5.0,4.25,9.67,5.0,2.909654398806099,0.3200512276051103,0.10999630325045992,0.07726114276632264,1.8251572906110818,1.2852108060358949
005380,2025-05-22,0.4775,5.0,0.4788,0.2611,4.0,4.25,9.67,5.0,2.8229838422459173,0.31051778678283043,0.10999630325045992,0.07726114276632264,1.8251572906110818,1.282076794231656
005380,2025-05-23,0.0,3.0,0.0,0.0768,2.0,4.25,9.67,5.0,2.784291629495836,0.3062617864157412,0.10999630325045992,0.07726114276632264,1.8251572906110818,1.2806776818190493
005380,2025-05-24,-0.9997,6.0,0.0,0.2222,1.0,4.25,9.67,5.0,2.784291629495836,0.3062617864157412,0.10999630325045992,0.07726114276632264,1.8251572906110818,1.2806776818190493
005380,2025-05-25,0.181,4.0,0.0,0.1707,1.0,4.25,9.67,5.0,2.784291629495836,0.3062617864157412,0.10999630325045992,0.07726114276632264,1.8251572906110818,1.2806776818190493
005380,2025-05-26,0.1239,6.0,0.4955,0.102,11.0,4.25,9.67,5.0,2.815245399695901,0.3096665867094126,0.10999630325045992,0.07726114276632264,1.8251572906110818,1.2817969717491344
005380,2025-05-27,-0.0004,4.0,0.8157,0.2014,3.0,4.25,9.67,5.0,2.815245399695901,0.3096665867094126,0.10999630325045992,0.07726114276632264,1.8251572906110818,1.2817969717491344
005380,2025-05-28,0.6665,6.0,0.4713,0.1889,3.0,4.25,9.67,5.0,2.877152940096031,0.31647618729675536,0.10999630325045992,0.07726114276632264,1.8251572906110818,1.2840355516093052
005380,2025-05-29,0.0025,5.0,0.8125,0.1403,6.0,4.25,9.67,5.0,2.9560850541061963,0.3251584280456174,0.10999630325045992,0.07726114276632264,1.8251572906110818,1.286889740931023
005380,2025-05-30,-0.6581,6.0,0.4652,0.2343,3.0,4.25,9.67,5.0,2.8678668090360113,0.31545474720865396,0.10999630325045992,0.07726114276632264,1.8251572906110818,1.2836997646302797
005380,2025-05-31,,,,,0.0,4.25,9.67,5.0,2.8678668090360113,0.31545474720865396,0.10999630325045992,0.07726114276632264,1.8251572906110818,1.2836997646302797
005380,2025-06-01,-0.2091,6.0,0.8085,0.193,7.0,4.25,9.67,6.0,2.8678668090360113,0.31545474720865396,0.10999630325045992,0.07726114276632264,1.8251572906110818,1.2836997646302797
005380,2025-06-02,-0.2926,7.0,0.6432,0.3003,10.0,4.25,9.67,6.0,2.8477468584059693,0.31324162701776753,0.10999630325045992,0.07726114276632264,1.8251572906110818,1.2829722261757242
005380,2025-06-03,0.9998,6.0,0.0,0.2359,2.0,4.25,9.67,6.0,2.8477468584059693,0.31324162701776753,0.10999630325045992,0.07726114276632264,1.8251572906110818,1.2829722261757242
005380,2025-06-04,0.3308,5.0,0.5217,0.2654,5.0,4.25,9.67,6.0,2.878700628606034,0.31664642731143894,0.10999630325045992,0.07726114276632264,1.8251572906110818,1.2840915161058095
005380,2025-06-05,0.5998,6.0,0.4897,0.1781,5.0,4.25,9.67,6.0,2.9344174149661506,0.3227750678400474,0.10999630325045992,0.07726114276632264,1.8251572906110818,1.286106237979963
005380,2025-06-06,,,,,0.0,4.25,9.67,6.0,2.9344174149661506,0.3227750678400474,0.10999630325045992,0.07726114276632264,1.8251572906110818,1.286106237979963
005380,2025-06-07,,,,,0.0,4.25,9.67,6.0,2.9344174149661506,0.3227750678400474,0.10999630325045992,0.07726114276632264,1.8251572906110818,1.286106237979963
005380,2025-06-08,,,,,0.0,4.25,9.67,6.0,2.9344174149661506,0.3227750678400474,0.10999630325045992,0.07726114276632264,1.8251572906110818,1.286106237979963
005380,2025-06-09,0.1152,4.0,0.1997,0.1956,4.0,4.25,9.67,6.0,3.061327872786417,0.3367347490441001,0.10999630325045992,0.07726114276632264,1.8251572906110818,1.2906953266933132
005380,2025-06-10,0.2372,5.0,0.6877,0.2948,5.0,4.25,9.67,6.0,3.048946364706391,0.33537282892663156,0.10999630325045992,0.07726114276632264,1.8251572906110818,1.2902476107212788
005380,2025-06-11,0.3249,5.0,0.5674,0.132,5.0,4.25,9.67,6.0,3.1108539051065205,0.3421824295139743,0.10999630325045992,0.07726114276632264,1.8251572906110818,1.2924861905814495
005380,2025-06-12,0.3076,8.0,0.4738,0.1691,12.0,4.25,9.67,6.0,3.118592347656537,0.34303362958739214,0.10999630325045992,0.07726114276632264,1.8251572906110818,1.292766013063971
005380,2025-06-13,0.3236,7.0,0.4809,0.1712,9.0,4.25,9.67,6.0,3.0799001349064556,0.3387776292203029,0.10999630325045992,0.07726114276632264,1.8251572906110818,1.2913669006513642
005380,2025-06-14,0.0,4.0,0.0,0.2752,3.0,4.25,9.67,6.0,3.0799001349064556,0.3387776292203029,0.10999630325045992,0.07726114276632264,1.8251572906110818,1.2913669006513642
005380,2025-06-15,-0.0032,3.0,0.9964,0.1594,2.0,4.25,9.67,6.0,3.0799001349064556,0.3387776292203029,0.10999630325045992,0.07726114276632264,1.8251572906110818,1.2913669006513642
005380,2025-06-16,0.3295,6.0,0.4495,0.1521,6.0,4.25,9.67,6.0,3.118592347656537,0.34303362958739214,0.10999630325045992,0.07726114276632264,1.8251572906110818,1.292766013063971
005380,2025-06-17,0.0175,4.0,0.0357,0.1569,5.0,4.25,9.67,6.0,3.17276144550665,0.3489920301013171,0.10999630325045992,0.07726114276632264,1.8251572906110818,1.2947247704416203
005380,2025-06-18,0.7674,7.0,0.3876,0.1957,8.0,4.25,9.67,6.0,3.1882383306066826,0.3506944302481528,0.10999630325045992,0.07726114276632264,1.8251572906110818,1.295284415406663
005380,2025-06-19,0.4598,6.0,0.4695,0.1238,8.0,4.25,9.67,6.0,3.2037152157067155,0.3523968303949885,0.10999630325045992,0.07726114276632264,1.8251572906110818,1.2958440603717056
005380,2025-06-20,-0.3682,6.0,0.4882,0.1265,8.0,4.25,9.67,6.0,3.2501458710068127,0.35750403083549553,0.10999630325045992,0.07726114276632264,1.8251572906110818,1.2975229952668337
005380,2025-06-21,0.7112,6.0,0.4078,0.2477,4.0,4.25,9.67,6.0,3.2501458710068127,0.35750403083549553,0.10999630325045992,0.07726114276632264,1.8251572906110818,1.2975229952668337
005380,2025-06-22,0.4287,6.0,0.7277,0.1893,7.0,4.25,9.67,6.0,3.2501458710068127,0.35750403083549553,0.10999630325045992,0.07726114276632264,1.8251572906110818,1.2975229952668337
005380,2025-06-23,0.1997,7.0,0.8225,0.2267,11.0,4.25,9.67,6.0,3.118592347656537,0.34303362958739214,0.10999630325045992,0.07726114276632264,1.8251572906110818,1.292766013063971
005380,2025-06-24,-0.1642,5.0,0.6875,0.217,6.0,4.25,9.67,6.0,3.1882383306066826,0.3506944302481528,0.10999630325045992,0.07726114276632264,1.8251572906110818,1.295284415406663
005380,2025-06-25,0.1156,4.0,0.9188,0.2662,5.0,4.25,9.67,6.0,3.3584840667070397,0.3694208318633454,0.10999630325045992,0.07726114276632264,1.8251572906110818,1.3014405100221325
005380,2025-06-26,-0.0482,6.0,0.8028,0.1977,11.0,4.25,9.67,6.0,3.2424074284567963,0.3566528307620777,0.10999630325045992,0.07726114276632264,1.8251572906110818,1.2972431727843123
005380,2025-06-27,0.2129,7.0,0.8362,0.1769,10.0,4.25,9.67,6.0,3.17276144550665,0.3489920301013171,0.10999630325045992,0.07726114276632264,1.8251572906110818,1.2947247704416203
005380,2025-06-28,-0.9988,6.0,0.0,0.7273,1.0,4.25,9.67,6.0,3.17276144550665,0.3489920301013171,0.10999630325045992,0.07726114276632264,1.8251572906110818,1.2947247704416203
005380,2025-06-29,0.4977,5.0,0.4976,0.2027,4.0,4.25,9.67,6.0,3.17276144550665,0.3489920301013171,0.10999630325045992,0.07726114276632264,1.8251572906110818,1.2947247704416203
005380,2025-06-30,0.1982,5.0,0.4002,0.2007,5.0,4.25,9.67,6.0,3.1495461178566018,0.34643842988106355,0.10999630325045992,0.07726114276632264,1.8251572906110818,1.2938853029940565
005380,2025-07-01,0.1609,6.0,0.4269,0.2159,10.0,4.25,9.67,7.0,3.2501458710068127,0.35750403083549553,0.10999630325045992,0.07726114276632264,1.8251572906110818,1.2975229952668337
005380,2025-07-02,0.3457,6.0,0.4509,0.2935,8.0,4.25,9.67,7.0,3.304314968856926,0.36346243134942047,0.10999630325045992,0.07726114276632264,1.8251572906110818,1.2994817526444828
005380,2025-07-03,0.2654,6.0,0.6785,0.3023,7.0,4.25,9.67,7.0,3.3197918539569584,0.36516483149625617,0.10999630325045992,0.07726114276632264,1.8251572906110818,1.3000413976095255
005380,2025-07-04,0.9998,7.0,0.0,0.147,4.0,4.25,9.67,7.0,3.2578843135568287,0.3583552309089134,0.10999630325045992,0.07726114276632264,1.8251572906110818,1.297802817749355
005380,2025-07-05,,,,,0.0,4.25,9.67,7.0,3.2578843135568287,0.3583552309089134,0.10999630325045992,0.07726114276632264,1.8251572906110818,1.297802817749355
005380,2025-07-06,-0.0,3.0,0.0,0.1765,1.0,4.25,9.67,7.0,3.2578843135568287,0.3583552309089134,0.10999630325045992,0.07726114276632264,1.8251572906110818,1.297802817749355
005380,2025-07-07,0.3908,7.0,0.5266,0.2315,10.0,4.25,9.67,7.0,3.226930543356764,0.354950430615242,0.10999630325045992,0.07726114276632264,1.8251572906110818,1.2966835278192697
005380,2025-07-08,0.1999,4.0,0.2308,0.4762,2.0,4.25,9.67,7.0,3.265622756106845,0.35920643098233124,0.10999630325045992,0.07726114276632264,1.8251572906110818,1.2980826402318764
005380,2025-07-09,0.0595,6.0,0.685,0.2027,11.0,4.25,9.67,7.0,3.2424074284567963,0.3566528307620777,0.10999630325045992,0.07726114276632264,1.8251572906110818,1.2972431727843123
005380,2025-07-10,0.856,8.0,0.3457,0.1799,7.0,4.25,9.67,7.0,3.219192100806748,0.3540992305418242,0.10999630325045992,0.07726114276632264,1.8251572906110818,1.2964037053367483
005380,2025-07-11,-0.2498,5.0,0.8289,0.118,4.0,4.25,9.67,7.0,3.219192100806748,0.3540992305418242,0.10999630325045992,0.07726114276632264,1.8251572906110818,1.2964037053367483
005380,2025-07-12,,,,,0.0,4.25,9.67,7.0,3.219192100806748,0.3540992305418242,0.10999630325045992,0.07726114276632264,1.8251572906110818,1.2964037053367483
005380,2025-07-13,-0.4885,5.0,0.4979,0.1416,4.0,4.25,9.67,7.0,3.219192100806748,0.3540992305418242,0.10999630325045992,0.07726114276632264,1.8251572906110818,1.2964037053367483
005380,2025-07-14,0.0425,5.0,0.576,0.1199,8.0,4.25,9.67,7.0,3.3584840667070397,0.3694208318633454,0.10999630325045992,0.07726114276632264,1.8251572906110818,1.3014405100221325
005380,2025-07-15,0.5063,6.0,0.4528,0.3063,4.0,4.25,9.67,7.0,3.265622756106845,0.35920643098233124,0.10999630325045992,0.07726114276632264,1.8251572906110818,1.2980826402318764
005380,2025-07-16,0.1603,5.0,0.6886,0.1845,6.0,4.25,9.67,7.0,3.2114536582567315,0.3532480304684063,0.10999630325045992,0.07726114276632264,1.8251572906110818,1.296123882854227
005380,2025-07-17,0.1195,5.0,0.256,0.2344,8.0,4.25,9.67,7.0,3.2501458710068127,0.35750403083549553,0.10999630325045992,0.07726114276632264,1.8251572906110818,1.2975229952668337
005380,2025-07-18,0.0,3.0,0.0,0.4118,1.0,4.25,9.67,7.0,3.2578843135568287,0.3583552309089134,0.10999630325045992,0.07726114276632264,1.8251572906110818,1.297802817749355
005380,2025-07-19,0.9967,6.0,0.0,0.1136,1.0,4.25,9.67,7.0,3.2578843135568287,0.3583552309089134,0.10999630325045992,0.07726114276632264,1.8251572906110818,1.297802817749355
005380,2025-07-20,-0.9954,6.0,0.0,0.1556,1.0,4.25,9.67,7.0,3.2578843135568287,0.3583552309089134,0.10999630325045992,0.07726114276632264,1.8251572906110818,1.297802817749355
005380,2025-07-21,0.797,8.0,0.4042,0.1791,10.0,4.25,9.67,7.0,3.2346689859067803,0.3558016306886599,0.10999630325045992,0.07726114276632264,1.8251572906110818,1.296963350301791
005380,2025-07-22,0.1041,5.0,0.9085,0.2234,8.0,4.25,9.67,7.0,3.195976773156699,0.35154563032157066,0.10999630325045992,0.07726114276632264,1.8251572906110818,1.2955642378891843
005380,2025-07-23,0.1331,7.0,0.6909,0.2042,16.0,4.25,9.67,7.0,3.435868492207202,0.37793283259752386,0.10999630325045992,0.07726114276632264,1.8251572906110818,1.3042387348473459
005380,2025-07-24,-0.5649,8.0,0.6173,0.1831,9.0,4.25,9.67,7.0,3.3662225092570557,0.3702720319367633,0.10999630325045992,0.07726114276632264,1.8251572906110818,1.3017203325046536
005380,2025-07-25,0.4869,7.0,0.6443,0.3044,11.0,4.25,9.67,7.0,3.3507456241570233,0.3685696317899276,0.10999630325045992,0.07726114276632264,1.8251572906110818,1.301160687539611
005380,2025-07-26,,,,,0.0,4.25,9.67,7.0,3.3507456241570233,0.3685696317899276,0.10999630325045992,0.07726114276632264,1.8251572906110818,1.301160687539611
005380,2025-07-27,,,,,0.0,4.25,9.67,7.0,3.3507456241570233,0.3685696317899276,0.10999630325045992,0.07726114276632264,1.8251572906110818,1.301160687539611
005380,2025-07-28,0.4064,6.0,0.7326,0.1933,7.0,4.25,9.67,7.0,3.381699394357088,0.3719744320835989,0.10999630325045992,0.07726114276632264,1.8251572906110818,1.3022799774696963
005380,2025-07-29,0.2866,5.0,0.3758,0.4416,4.0,4.25,9.67,7.0,3.373960951807072,0.3711232320101811,0.10999630325045992,0.07726114276632264,1.8251572906110818,1.3020001549871751
005380,2025-07-30,,,,,0.0,4.25,9.67,7.0,3.4513453773072342,0.37963523274435956,0.10999630325045992,0.07726114276632264,1.8251572906110818,1.3047983798123886
005380,2025-07-31,-0.3194,6.0,0.6552,0.2166,7.0,4.25,9.67,7.0,3.29657652630691,0.36261123127600264,0.10999630325045992,0.07726114276632264,1.8251572906110818,1.2992019301619617
005380,2025-08-01,0.3206,7.0,0.7837,0.2466,9.0,4.25,9.67,8.0,3.2501458710068127,0.35750403083549553,0.10999630325045992,0.07726114276632264,1.8251572906110818,1.2975229952668337
005380,2025-08-02,,,,,0.0,4.25,9.67,8.0,3.2501458710068127,0.35750403083549553,0.10999630325045992,0.07726114276632264,1.8251572906110818,1.2975229952668337
005380,2025-08-03,0.2506,6.0,0.8497,0.1983,6.0,4.25,9.67,8.0,3.2501458710068127,0.35750403083549553,0.10999630325045992,0.07726114276632264,1.8251572906110818,1.2975229952668337
005380,2025-08-04,0.7053,6.0,0.4135,0.2347,3.0,4.25,9.67,8.0,3.265622756106845,0.35920643098233124,0.10999630325045992,0.07726114276632264,1.8251572906110818,1.2980826402318764
005380,2025-08-05,0.6428,7.0,0.5136,0.1758,7.0,4.25,9.67,8.0,3.2578843135568287,0.3583552309089134,0.10999630325045992,0.07726114276632264,1.8251572906110818,1.297802817749355
005380,2025-08-06,0.0358,4.0,0.569,0.1947,5.0,4.25,9.67,8.0,3.2578843135568287,0.3583552309089134,0.10999630325045992,0.07726114276632264,1.8251572906110818,1.297802817749355
005380,2025-08-07,0.3652,8.0,0.8251,0.184,16.0,4.25,9.67,8.0,3.2888380837568936,0.36176003120258476,0.10999630325045992,0.07726114276632264,1.8251572906110818,1.2989221076794402
005380,2025-08-08,0.1937,6.0,0.3653,0.1781,6.0,4.25,9.67,8.0,3.2888380837568936,0.36176003120258476,0.10999630325045992,0.07726114276632264,1.8251572906110818,1.2989221076794402
005380,2025-08-09,0.0001,3.0,0.0,0.0816,1.0,4.25,9.67,8.0,3.2888380837568936,0.36176003120258476,0.10999630325045992,0.07726114276632264,1.8251572906110818,1.2989221076794402
005380,2025-08-10,0.1929,5.0,0.8301,0.2977,4.0,4.25,9.67,8.0,3.2888380837568936,0.36176003120258476,0.10999630325045992,0.07726114276632264,1.8251572906110818,1.2989221076794402
005380,2025-08-11,0.0105,5.0,0.6959,0.3144,7.0,4.25,9.67,8.0,3.2888380837568936,0.36176003120258476,0.10999630325045992,0.07726114276632264,1.8251572906110818,1.2989221076794402
005380,2025-08-12,0.1384,4.0,0.17,0.2345,5.0,4.25,9.67,8.0,3.29657652630691,0.36261123127600264,0.10999630325045992,0.07726114276632264,1.8251572906110818,1.2992019301619617
005380,2025-08-13,-0.1938,7.0,0.6013,0.1051,9.0,4.25,9.67,8.0,3.3430071816070073,0.3677184317165097,0.10999630325045992,0.07726114276632264,1.8251572906110818,1.3008808650570898
005380,2025-08-14,-0.018,5.0,0.7297,0.2926,7.0,4.25,9.67,8.0,3.3662225092570557,0.3702720319367633,0.10999630325045992,0.07726114276632264,1.8251572906110818,1.3017203325046536
005380,2025-08-15,,,,,0.0,4.25,9.67,8.0,3.3662225092570557,0.3702720319367633,0.10999630325045992,0.07726114276632264,1.8251572906110818,1.3017203325046536
005380,2025-08-16,-0.3902,4.0,0.4083,0.2354,2.0,4.25,9.67,8.0,3.3662225092570557,0.3702720319367633,0.10999630325045992,0.07726114276632264,1.8251572906110818,1.3017203325046536
005380,2025-08-17,-0.3139,5.0,0.6912,0.2222,4.0,4.25,9.67,8.0,3.3662225092570557,0.3702720319367633,0.10999630325045992,0.07726114276632264,1.8251572906110818,1.3017203325046536
005380,2025-08-18,-0.1479,6.0,0.7308,0.1854,10.0,4.25,9.67,8.0,3.3507456241570233,0.3685696317899276,0.10999630325045992,0.07726114276632264,1.8251572906110818,1.301160687539611
005380,2025-08-19,0.206,8.0,0.6442,0.2319,12.0,4.25,9.67,8.0,3.3894378369071045,0.3728256321570168,0.10999630325045992,0.07726114276632264,1.8251572906110818,1.3025597999522178
005380,2025-08-20,0.2188,8.0,0.5181,0.2287,15.0,4.25,9.67,8.0,3.4126531645571534,0.37537923237727033,0.10999630325045992,0.07726114276632264,1.8251572906110818,1.3033992673997816
005380,2025-08-21,0.0861,5.0,0.7886,0.1882,8.0,4.25,9.67,8.0,3.428130049657186,0.37708163252410604,0.10999630325045992,0.07726114276632264,1.8251572906110818,1.3039589123648243
005380,2025-08-22,0.4873,7.0,0.4655,0.1996,10.0,4.25,9.67,8.0,3.404914722007137,0.3745280323038525,0.10999630325045992,0.07726114276632264,1.8251572906110818,1.3031194449172605
005380,2025-08-23,,,,,0.0,4.25,9.67,8.0,3.404914722007137,0.3745280323038525,0.10999630325045992,0.07726114276632264,1.8251572906110818,1.3031194449172605
005380,2025-08-24,0.9998,7.0,0.0,0.098,3.0,4.25,9.67,8.0,3.404914722007137,0.3745280323038525,0.10999630325045992,0.07726114276632264,1.8251572906110818,1.3031194449172605
005380,2025-08-25,0.4309,8.0,0.7827,0.1787,12.0,4.25,9.67,8.0,3.435868492207202,0.37793283259752386,0.10999630325045992,0.07726114276632264,1.8251572906110818,1.3042387348473459
005380,2025-08-26,0.4312,7.0,0.572,0.2986,11.0,4.25,9.67,8.0,3.381699394357088,0.3719744320835989,0.10999630325045992,0.07726114276632264,1.8251572906110818,1.3022799774696963
005380,2025-08-27,0.2722,7.0,0.3507,0.2004,11.0,4.25,9.67,8.0,3.404914722007137,0.3745280323038525,0.10999630325045992,0.07726114276632264,1.8251572906110818,1.3031194449172605
005380,2025-08-28,0.1108,6.0,0.6641,0.1963,11.0,4.25,9.67,8.0,3.435868492207202,0.37793283259752386,0.10999630325045992,0.07726114276632264,1.8251572906110818,1.3042387348473459
005380,2025-08-29,0.6415,8.0,0.4246,0.2569,10.0,4.25,9.67,8.0,3.404914722007137,0.3745280323038525,0.10999630325045992,0.07726114276632264,1.8251572906110818,1.3031194449172605
005380,2025-08-30,0.0027,3.0,0.0035,0.1066,2.0,4.25,9.67,8.0,3.404914722007137,0.3745280323038525,0.10999630325045992,0.07726114276632264,1.8251572906110818,1.3031194449172605
005380,2025-08-31,,,,,0.0,4.25,9.67,8.0,3.404914722007137,0.3745280323038525,0.10999630325045992,0.07726114276632264,1.8251572906110818,1.3031194449172605
005380,2025-09-01,0.1409,7.0,0.6365,0.1974,15.0,4.25,9.67,9.0,3.4126531645571534,0.37537923237727033,0.10999630325045992,0.07726114276632264,1.8251572906110818,1.3033992673997816
005380,2025-09-02,0.1379,7.0,0.717,0.157,15.0,4.25,9.67,9.0,3.404914722007137,0.3745280323038525,0.10999630325045992,0.07726114276632264,1.8251572906110818,1.3031194449172605
005380,2025-09-03,-0.3652,7.0,0.6915,0.2491,10.0,4.25,9.67,9.0,3.428130049657186,0.37708163252410604,0.10999630325045992,0.07726114276632264,1.8251572906110818,1.3039589123648243
005380,2025-09-04,0.4211,7.0,0.8113,0.1793,9.0,4.25,9.67,9.0,3.428130049657186,0.37708163252410604,0.10999630325045992,0.07726114276632264,1.8251572906110818,1.3039589123648243
005380,2025-09-05,-0.4692,8.0,0.4547,0.1899,15.0,4.25,9.67,9.0,3.404914722007137,0.3745280323038525,0.10999630325045992,0.07726114276632264,1.8251572906110818,1.3031194449172605
005380,2025-09-06,-0.7011,9.0,0.4136,0.3913,16.0,4.25,9.67,9.0,3.404914722007137,0.3745280323038525,0.10999630325045992,0.07726114276632264,1.8251572906110818,1.3031194449172605
005380,2025-09-07,-0.3338,8.0,0.6535,0.4008,16.0,4.25,9.67,9.0,3.404914722007137,0.3745280323038525,0.10999630325045992,0.07726114276632264,1.8251572906110818,1.3031194449172605
005380,2025-09-08,-0.3238,8.0,0.4315,0.3925,17.0,4.25,9.67,9.0,3.381699394357088,0.3719744320835989,0.10999630325045992,0.07726114276632264,1.8251572906110818,1.3022799774696963
005380,2025-09-09,0.1537,7.0,0.669,0.2445,23.0,4.25,9.67,9.0,3.3894378369071045,0.3728256321570168,0.10999630325045992,0.07726114276632264,1.8251572906110818,1.3025597999522178
005380,2025-09-10,-0.0162,7.0,0.5875,0.2712,14.0,4.25,9.67,9.0,3.4126531645571534,0.37537923237727033,0.10999630325045992,0.07726114276632264,1.8251572906110818,1.3033992673997816
005380,2025-09-11,-0.2886,7.0,0.7025,0.2692,10.0,4.25,9.67,9.0,3.4513453773072342,0.37963523274435956,0.10999630325045992,0.07726114276632264,1.8251572906110818,1.3047983798123886
005380,2025-09-12,-0.1988,8.0,0.5485,0.3096,12.0,4.25,9.67,9.0,3.4590838198572507,0.3804864328177774,0.10999630325045992,0.07726114276632264,1.8251572906110818,1.3050782022949097
005380,2025-09-13,-0.1309,5.0,0.2673,0.3025,6.0,4.25,9.67,9.0,3.4590838198572507,0.3804864328177774,0.10999630325045992,0.07726114276632264,1.8251572906110818,1.3050782022949097
005380,2025-09-14,-0.4526,6.0,0.4197,0.1929,7.0,4.25,9.67,9.0,3.4590838198572507,0.3804864328177774,0.10999630325045992,0.07726114276632264,1.8251572906110818,1.3050782022949097
005380,2025-09-15,0.8317,7.0,0.3714,0.1581,6.0,4.25,9.67,9.0,3.327530296506975,0.36601603156967405,0.10999630325045992,0.07726114276632264,1.8251572906110818,1.300321220092047
005380,2025-09-16,0.075,7.0,0.689,0.1441,13.0,4.25,9.67,9.0,3.327530296506975,0.36601603156967405,0.10999630325045992,0.07726114276632264,1.8251572906110818,1.300321220092047
005380,2025-09-17,0.2754,7.0,0.717,0.2167,11.0,4.25,9.67,9.0,3.3430071816070073,0.3677184317165097,0.10999630325045992,0.07726114276632264,1.8251572906110818,1.3008808650570898
005380,2025-09-18,0.0256,7.0,0.4919,0.1855,14.0,4.25,9.67,9.0,3.381699394357088,0.3719744320835989,0.10999630325045992,0.07726114276632264,1.8251572906110818,1.3022799774696963
005380,2025-09-19,0.1649,7.0,0.5318,0.2853,17.0,4.25,9.67,9.0,3.3120534114069424,0.36431363142283835,0.10999630325045992,0.07726114276632264,1.8251572906110818,1.2997615751270044
005380,2025-09-20,-0.3224,5.0,0.4559,0.2225,3.0,4.25,9.67,9.0,3.3120534114069424,0.36431363142283835,0.10999630325045992,0.07726114276632264,1.8251572906110818,1.2997615751270044
005380,2025-09-21,0.0384,5.0,0.4124,0.2653,8.0,4.25,9.67,9.0,3.3120534114069424,0.36431363142283835,0.10999630325045992,0.07726114276632264,1.8251572906110818,1.2997615751270044
005380,2025-09-22,0.4263,8.0,0.5286,0.2405,14.0,4.25,9.67,9.0,3.373960951807072,0.3711232320101811,0.10999630325045992,0.07726114276632264,1.8251572906110818,1.3020001549871751
005380,2025-09-23,0.4004,7.0,0.7128,0.1386,11.0,4.25,9.67,9.0,3.3894378369071045,0.3728256321570168,0.10999630325045992,0.07726114276632264,1.8251572906110818,1.3025597999522178
005380,2025-09-24,0.0031,6.0,0.6665,0.1946,9.0,4.25,9.67,9.0,3.3662225092570557,0.3702720319367633,0.10999630325045992,0.07726114276632264,1.8251572906110818,1.3017203325046536
005380,2025-09-25,0.2296,8.0,0.6202,0.2089,17.0,4.25,9.67,9.0,3.3584840667070397,0.3694208318633454,0.10999630325045992,0.07726114276632264,1.8251572906110818,1.3014405100221325
005380,2025-09-26,0.0075,7.0,0.7485,0.1658,14.0,4.25,9.67,9.0,3.3197918539569584,0.36516483149625617,0.10999630325045992,0.07726114276632264,1.8251572906110818,1.3000413976095255
005380,2025-09-27,-0.9994,6.0,0.0001,0.1969,2.0,4.25,9.67,9.0,3.3197918539569584,0.36516483149625617,0.10999630325045992,0.07726114276632264,1.8251572906110818,1.3000413976095255
005380,2025-09-28,0.4887,4.0,0.5111,0.2739,2.0,4.25,9.67,9.0,3.3197918539569584,0.36516483149625617,0.10999630325045992,0.07726114276632264,1.8251572906110818,1.3000413976095255
005380,2025-09-29,0.7265,6.0,0.4327,0.1724,4.0,4.25,9.67,9.0,3.327530296506975,0.36601603156967405,0.10999630325045992,0.07726114276632264,1.8251572906110818,1.300321220092047
005380,2025-09-30,0.0,3.0,0.0,0.1,2.0,4.25,9.67,9.0,3.327530296506975,0.36601603156967405,0.10999630325045992,0.07726114276632264,1.8251572906110818,1.300321220092047
005380,2025-10-01,0.2642,7.0,0.7894,0.2699,10.0,4.25,9.67,10.0,3.335268739056991,0.3668672316430919,0.10999630325045992,0.07726114276632264,1.8251572906110818,1.3006010425745682
005380,2025-10-02,0.4697,7.0,0.6315,0.2497,11.0,4.25,9.67,10.0,3.404914722007137,0.3745280323038525,0.10999630325045992,0.07726114276632264,1.8251572906110818,1.3031194449172605
005380,2025-10-03,0.0,3.0,0.0,0.1316,1.0,4.25,9.67,10.0,3.404914722007137,0.3745280323038525,0.10999630325045992,0.07726114276632264,1.8251572906110818,1.3031194449172605
005380,2025-10-04,-0.7524,6.0,0.3497,0.194,3.0,4.25,9.67,10.0,3.404914722007137,0.3745280323038525,0.10999630325045992,0.07726114276632264,1.8251572906110818,1.3031194449172605
005380,2025-10-05,0.3459,4.0,0.6538,0.1078,2.0,4.25,9.67,10.0,3.404914722007137,0.3745280323038525,0.10999630325045992,0.07726114276632264,1.8251572906110818,1.3031194449172605
005380,2025-10-06,0.9984,6.0,0.0014,0.1901,2.0,4.25,9.67,10.0,3.404914722007137,0.3745280323038525,0.10999630325045992,0.07726114276632264,1.8251572906110818,1.3031194449172605
005380,2025-10-07,,,,,0.0,4.25,9.67,10.0,3.404914722007137,0.3745280323038525,0.10999630325045992,0.07726114276632264,1.8251572906110818,1.3031194449172605
005380,2025-10-08,0.081,3.0,0.9189,0.131,2.0,4.25,9.67,10.0,3.404914722007137,0.3745280323038525,0.10999630325045992,0.07726114276632264,1.8251572906110818,1.3031194449172605
005380,2025-10-09,0.9998,6.0,0.0,0.1778,1.0,4.25,9.67,10.0,3.404914722007137,0.3745280323038525,0.10999630325045992,0.07726114276632264,1.8251572906110818,1.3031194449172605
005380,2025-10-10,0.6656,7.0,0.4707,0.1917,6.0,4.25,9.67,10.0,3.3584840667070397,0.3694208318633454,0.10999630325045992,0.07726114276632264,1.8251572906110818,1.3014405100221325
005380,2025-10-11,0.9998,6.0,0.0,0.75,1.0,4.25,9.67,10.0,3.3584840667070397,0.3694208318633454,0.10999630325045992,0.07726114276632264,1.8251572906110818,1.3014405100221325
005380,2025-10-12,0.0516,4.0,0.7189,0.2542,3.0,4.25,9.67,10.0,3.3584840667070397,0.3694208318633454,0.10999630325045992,0.07726114276632264,1.8251572906110818,1.3014405100221325
005380,2025-10-13,0.3173,6.0,0.4833,0.1964,6.0,4.25,9.67,10.0,3.381699394357088,0.3719744320835989,0.10999630325045992,0.07726114276632264,1.8251572906110818,1.3022799774696963
005380,2025-10-14,-0.0146,5.0,0.2605,0.2356,7.0,4.25,9.67,10.0,3.4513453773072342,0.37963523274435956,0.10999630325045992,0.07726114276632264,1.8251572906110818,1.3047983798123886
005380,2025-10-15,0.2132,8.0,0.6709,0.1707,22.0,4.25,9.67,10.0,3.4590838198572507,0.3804864328177774,0.10999630325045992,0.07726114276632264,1.8251572906110818,1.3050782022949097
005380,2025-10-16,0.5343,9.0,0.4595,0.2543,17.0,4.25,9.67,10.0,3.7454061942078507,0.41198083553423775,0.10999630325045992,0.07726114276632264,1.8251572906110818,1.315431634148199
005380,2025-10-17,0.5267,8.0,0.6888,0.2021,10.0,4.25,9.67,10.0,3.760883079307883,0.4136832356810734,0.10999630325045992,0.07726114276632264,1.8251572906110818,1.3159912791132418
005380,2025-10-18,0.4942,4.0,0.4942,0.2853,2.0,4.25,9.67,10.0,3.760883079307883,0.4136832356810734,0.10999630325045992,0.07726114276632264,1.8251572906110818,1.3159912791132418
005380,2025-10-19,0.995,6.0,0.0,0.3019,1.0,4.25,9.67,10.0,3.760883079307883,0.4136832356810734,0.10999630325045992,0.07726114276632264,1.8251572906110818,1.3159912791132418
005380,2025-10-20,0.6541,8.0,0.46,0.1929,11.0,4.25,9.67,10.0,3.8382675048080452,0.4221952364152519,0.10999630325045992,0.07726114276632264,1.8251572906110818,1.3187895039384552
005380,2025-10-21,0.5122,9.0,0.6039,0.2118,14.0,4.25,9.67,10.0,3.969821028158321,0.4366656376633553,0.10999630325045992,0.07726114276632264,1.8251572906110818,1.3235464861413178
005380,2025-10-22,0.0004,7.0,0.0013,0.1708,12.0,4.25,9.67,10.0,4.039467011108467,0.4443264383241159,0.10999630325045992,0.07726114276632264,1.8251572906110818,1.32606488848401
005380,2025-10-23,0.7822,6.0,0.3925,0.2801,5.0,4.25,9.67,10.0,3.900175045208175,0.4290048370025947,0.10999630325045992,0.07726114276632264,1.8251572906110818,1.321028083798626
005380,2025-10-24,0.0312,4.0,0.5939,0.1706,5.0,4.25,9.67,10.0,3.9079134877581914,0.4298560370760125,0.10999630325045992,0.07726114276632264,1.8251572906110818,1.321307906281147
005380,2025-10-25,,,,,0.0,4.25,9.67,10.0,3.9079134877581914,0.4298560370760125,0.10999630325045992,0.07726114276632264,1.8251572906110818,1.321307906281147
005380,2025-10-26,-0.2613,4.0,0.7378,0.1752,2.0,4.25,9.67,10.0,3.9079134877581914,0.4298560370760125,0.10999630325045992,0.07726114276632264,1.8251572906110818,1.321307906281147
005380,2025-10-27,0.5298,8.0,0.6458,0.1647,11.0,4.25,9.67,10.0,3.938867257958256,0.4332608373696839,0.10999630325045992,0.07726114276632264,1.8251572906110818,1.3224271962112324
005380,2025-10-28,-0.1589,5.0,0.3424,0.2595,7.0,4.25,9.67,10.0,3.8769597175581265,0.42645123678234115,0.10999630325045992,0.07726114276632264,1.8251572906110818,1.3201886163510619
005380,2025-10-29,0.6475,9.0,0.461,0.1718,12.0,4.25,9.67,10.0,3.99303635580837,0.43921923788360884,0.10999630325045992,0.07726114276632264,1.8251572906110818,1.324385953588882
005380,2025-10-30,0.2321,8.0,0.6778,0.2911,36.0,4.25,9.67,10.0,4.101374551508597,0.4511360389114587,0.10999630325045992,0.07726114276632264,1.8251572906110818,1.3283034683441806
005380,2025-10-31,0.4219,8.0,0.6074,0.3005,25.0,4.25,9.67,10.0,4.488296679009408,0.493696042582351,0.10999630325045992,0.07726114276632264,1.8251572906110818,1.3422945924702474
005380,2025-11-01,0.0,3.0,0.0,0.3478,1.0,4.25,9.67,11.0,4.488296679009408,0.493696042582351,0.10999630325045992,0.07726114276632264,1.8251572906110818,1.3422945924702474
005380,2025-11-02,0.0,4.0,0.0001,0.2889,5.0,4.25,9.67,11.0,4.488296679009408,0.493696042582351,0.10999630325045992,0.07726114276632264,1.8251572906110818,1.3422945924702474
005380,2025-11-03,0.1355,7.0,0.6623,0.2204,25.0,4.25,9.67,11.0,4.511512006659457,0.49624964280260453,0.10999630325045992,0.07726114276632264,1.8251572906110818,1.3431340599178114
005380,2025-11-04,-0.333,5.0,0.4713,0.4211,3.0,4.25,9.67,11.0,4.271620287608954,0.4698624405266513,0.10999630325045992,0.07726114276632264,1.8251572906110818,1.3344595629596498
005380,2025-11-05,0.3494,7.0,0.4319,0.2635,11.0,4.25,9.67,11.0,4.155543649358711,0.4570944394253836,0.10999630325045992,0.07726114276632264,1.8251572906110818,1.33026222572183
005380,2025-11-06,0.4332,7.0,0.5789,0.2733,10.0,4.25,9.67,11.0,4.163282091908727,0.45794563949880146,0.10999630325045992,0.07726114276632264,1.8251572906110818,1.3305420482043513
005380,2025-11-07,0.5097,9.0,0.4696,0.1563,12.0,4.25,9.67,11.0,4.085897666408564,0.449433638764623,0.10999630325045992,0.07726114276632264,1.8251572906110818,1.327743823379138
005380,2025-11-08,0.0006,3.0,0.0,0.2041,1.0,4.25,9.67,11.0,4.085897666408564,0.449433638764623,0.10999630325045992,0.07726114276632264,1.8251572906110818,1.327743823379138
005380,2025-11-09,0.0066,3.0,0.0,0.2128,1.0,4.25,9.67,11.0,4.085897666408564,0.449433638764623,0.10999630325045992,0.07726114276632264,1.8251572906110818,1.327743823379138
005380,2025-11-10,0.4999,6.0,0.4998,0.1904,6.0,4.25,9.67,11.0,4.186497419558775,0.460499239719055,0.10999630325045992,0.07726114276632264,1.8251572906110818,1.3313815156519153
005380,2025-11-11,0.3641,8.0,0.7071,0.1655,13.0,4.25,9.67,11.0,4.163282091908727,0.45794563949880146,0.10999630325045992,0.07726114276632264,1.8251572906110818,1.3305420482043513
005380,2025-11-12,0.7923,6.0,0.4137,0.136,5.0,4.25,9.67,11.0,4.263881845058937,0.46901124045323345,0.10999630325045992,0.07726114276632264,1.8251572906110818,1.3341797404771287
005380,2025-11-13,0.2003,5.0,0.3997,0.1668,5.0,4.25,9.67,11.0,4.310312500359035,0.47411844089374056,0.10999630325045992,0.07726114276632264,1.8251572906110818,1.3358586753722568
005380,2025-11-14,-0.1139,5.0,0.583,0.1976,8.0,4.25,9.67,11.0,4.21745118975884,0.4639040400127264,0.10999630325045992,0.07726114276632264,1.8251572906110818,1.3325008055820007
005380,2025-11-15,-0.0,3.0,0.0,0.2941,1.0,4.25,9.67,11.0,4.21745118975884,0.4639040400127264,0.10999630325045992,0.07726114276632264,1.8251572906110818,1.3325008055820007
005380,2025-11-16,0.4309,7.0,0.4459,0.2288,11.0,4.25,9.67,11.0,4.21745118975884,0.4639040400127264,0.10999630325045992,0.07726114276632264,1.8251572906110818,1.3325008055820007
005380,2025-11-17,0.4578,8.0,0.4061,0.2753,16.0,4.25,9.67,11.0,4.201974304658807,0.4622016398658907,0.10999630325045992,0.07726114276632264,1.8251572906110818,1.331941160616958
005380,2025-11-18,0.56,7.0,0.4463,0.1484,8.0,4.25,9.67,11.0,4.093636108958581,0.4502848388380408,0.10999630325045992,0.07726114276632264,1.8251572906110818,1.3280236458616592
005380,2025-11-19,-0.0449,6.0,0.4812,0.2546,11.0,4.25,9.67,11.0,4.085897666408564,0.449433638764623,0.10999630325045992,0.07726114276632264,1.8251572906110818,1.327743823379138
005380,2025-11-20,0.6178,7.0,0.4906,0.2075,8.0,4.25,9.67,11.0,4.054943896208499,0.4460288384709516,0.10999630325045992,0.07726114276632264,1.8251572906110818,1.3266245334490527
005380,2025-11-21,0.7998,6.0,0.3996,0.1741,5.0,4.25,9.67,11.0,4.016251683458418,0.44177283810386236,0.10999630325045992,0.07726114276632264,1.8251572906110818,1.3252254210364458
005380,2025-11-22,-0.0467,3.0,0.0466,0.202,2.0,4.25,9.67,11.0,4.016251683458418,0.44177283810386236,0.10999630325045992,0.07726114276632264,1.8251572906110818,1.3252254210364458
005380,2025-11-23,0.0001,3.0,0.0,0.1333,1.0,4.25,9.67,11.0,4.016251683458418,0.44177283810386236,0.10999630325045992,0.07726114276632264,1.8251572906110818,1.3252254210364458
005380,2025-11-24,0.9676,7.0,0.0239,0.1931,4.0,4.25,9.67,11.0,3.9852979132583535,0.43836803781019096,0.10999630325045992,0.07726114276632264,1.8251572906110818,1.3241061311063604
005380,2025-11-25,0.4047,6.0,0.8076,0.2503,8.0,4.25,9.67,11.0,3.9852979132583535,0.43836803781019096,0.10999630325045992,0.07726114276632264,1.8251572906110818,1.3241061311063604
005380,2025-11-26,0.8458,8.0,0.367,0.1703,7.0,4.25,9.67,11.0,4.047205453658483,0.44517763839753377,0.10999630325045992,0.07726114276632264,1.8251572906110818,1.3263447109665312
005380,2025-11-27,0.1687,5.0,0.2921,0.1749,4.0,4.25,9.67,11.0,4.047205453658483,0.44517763839753377,0.10999630325045992,0.07726114276632264,1.8251572906110818,1.3263447109665312
005380,2025-11-28,0.5803,9.0,0.5219,0.2472,15.0,4.25,9.67,11.0,4.047205453658483,0.44517763839753377,0.10999630325045992,0.07726114276632264,1.8251572906110818,1.3263447109665312
005380,2025-11-29,-0.0566,3.0,0.0,0.1698,1.0,4.25,9.67,11.0,4.047205453658483,0.44517763839753377,0.10999630325045992,0.07726114276632264,1.8251572906110818,1.3263447109665312
005380,2025-11-30,0.4755,5.0,0.3649,0.1756,3.0,4.25,9.67,11.0,4.047205453658483,0.44517763839753377,0.10999630325045992,0.07726114276632264,1.8251572906110818,1.3263447109665312
005380,2025-12-01,-0.2188,7.0,0.6297,0.2134,9.0,4.25,9.67,12.0,3.938867257958256,0.4332608373696839,0.10999630325045992,0.07726114276632264,1.8251572906110818,1.3224271962112324
005380,2025-12-02,0.6057,8.0,0.629,0.2883,11.0,4.25,9.67,12.0,4.116851436608629,0.45283843905829435,0.10999630325045992,0.07726114276632264,1.8251572906110818,1.3288631133092232
005380,2025-12-03,0.701,9.0,0.4378,0.2142,16.0,4.25,9.67,12.0,4.124589879158646,0.45368963913171223,0.10999630325045992,0.07726114276632264,1.8251572906110818,1.3291429357917446
005380,2025-12-04,0.2691,8.0,0.4283,0.1988,15.0,4.25,9.67,12.0,4.387696925859197,0.482630441627919,0.10999630325045992,0.07726114276632264,1.8251572906110818,1.3386569001974702
005380,2025-12-05,0.6519,8.0,0.4476,0.27,9.0,4.25,9.67,12.0,4.875218806510219,0.5362560462532433,0.10999630325045992,0.07726114276632264,1.8251572906110818,1.356285716596314
005380,2025-12-06,0.001,3.0,0.001,0.3957,2.0,4.25,9.67,12.0,4.875218806510219,0.5362560462532433,0.10999630325045992,0.07726114276632264,1.8251572906110818,1.356285716596314
005380,2025-12-07,-0.0,3.0,0.0,0.2041,1.0,4.25,9.67,12.0,4.875218806510219,0.5362560462532433,0.10999630325045992,0.07726114276632264,1.8251572906110818,1.356285716596314
005380,2025-12-08,0.0838,7.0,0.4022,0.1626,15.0,4.25,9.67,12.0,4.882957249060235,0.5371072463266612,0.10999630325045992,0.07726114276632264,1.8251572906110818,1.3565655390788356
005380,2025-12-09,0.1558,5.0,0.7729,0.1948,6.0,4.25,9.67,12.0,4.7514037257099595,0.5226368450785578,0.10999630325045992,0.07726114276632264,1.8251572906110818,1.3518085568759728
005380,2025-12-10,0.1408,7.0,0.6181,0.1544,12.0,4.25,9.67,12.0,4.681757742759813,0.5149760444177972,0.10999630325045992,0.07726114276632264,1.8251572906110818,1.3492901545332807
005380,2025-12-11,0.3299,8.0,0.574,0.2408,15.0,4.25,9.67,12.0,4.573419547059586,0.5030592433899473,0.10999630325045992,0.07726114276632264,1.8251572906110818,1.345372639777982
005380,2025-12-12,0.2266,7.0,0.7838,0.1447,9.0,4.25,9.67,12.0,4.666280857659781,0.5132736442709614,0.10999630325045992,0.07726114276632264,1.8251572906110818,1.348730509568238
005380,2025-12-13,,,,,0.0,4.25,9.67,12.0,4.666280857659781,0.5132736442709614,0.10999630325045992,0.07726114276632264,1.8251572906110818,1.348730509568238
005380,2025-12-14,0.6106,7.0,0.4441,0.1217,6.0,4.25,9.67,12.0,4.666280857659781,0.5132736442709614,0.10999630325045992,0.07726114276632264,1.8251572906110818,1.348730509568238
005380,2025-12-15,0.275,6.0,0.3771,0.2805,8.0,4.25,9.67,12.0,4.542465776859522,0.49965444309627594,0.10999630325045992,0.07726114276632264,1.8251572906110818,1.3442533498478966
005380,2025-12-16,0.4176,8.0,0.478,0.1879,25.0,4.25,9.67,12.0,4.426389138609278,0.48688644199500825,0.10999630325045992,0.07726114276632264,1.8251572906110818,1.3400560126100767
005380,2025-12-17,0.3967,7.0,0.6613,0.2217,10.0,4.25,9.67,12.0,4.426389138609278,0.48688644199500825,0.10999630325045992,0.07726114276632264,1.8251572906110818,1.3400560126100767
005380,2025-12-18,0.1626,7.0,0.3639,0.2795,12.0,4.25,9.67,12.0,4.3722200407591645,0.4809280414810833,0.10999630325045992,0.07726114276632264,1.8251572906110818,1.3380972552324275
005380,2025-12-19,0.2975,7.0,0.4283,0.2075,9.0,4.25,9.67,12.0,4.465081351359359,0.4911424423620975,0.10999630325045992,0.07726114276632264,1.8251572906110818,1.3414551250226834
005380,2025-12-20,0.7558,5.0,0.0,0.08,1.0,4.25,9.67,12.0,4.465081351359359,0.4911424423620975,0.10999630325045992,0.07726114276632264,1.8251572906110818,1.3414551250226834
005380,2025-12-21,0.5939,6.0,0.3625,0.3919,4.0,4.25,9.67,12.0,4.465081351359359,0.4911424423620975,0.10999630325045992,0.07726114276632264,1.8251572906110818,1.3414551250226834
005380,2025-12-22,0.4689,7.0,0.4415,0.1646,11.0,4.25,9.67,12.0,4.472819793909375,0.4919936424355153,0.10999630325045992,0.07726114276632264,1.8251572906110818,1.3417349475052047
005380,2025-12-23,0.5782,7.0,0.7226,0.1644,7.0,4.25,9.67,12.0,4.44186602370931,0.48858884214184395,0.10999630325045992,0.07726114276632264,1.8251572906110818,1.3406156575751194
005380,2025-12-24,0.2512,8.0,0.4113,0.1516,14.0,4.25,9.67,12.0,4.472819793909375,0.4919936424355153,0.10999630325045992,0.07726114276632264,1.8251572906110818,1.3417349475052047
005380,2025-12-25,0.5018,6.0,0.4471,0.1853,5.0,4.25,9.67,12.0,4.472819793909375,0.4919936424355153,0.10999630325045992,0.07726114276632264,1.8251572906110818,1.3417349475052047
005380,2025-12-26,0.351,6.0,0.4586,0.1789,6.0,4.25,9.67,12.0,4.426389138609278,0.48688644199500825,0.10999630325045992,0.07726114276632264,1.8251572906110818,1.3400560126100767
005380,2025-12-27,-0.0,3.0,0.0,0.5417,1.0,4.25,9.67,12.0,4.426389138609278,0.48688644199500825,0.10999630325045992,0.07726114276632264,1.8251572906110818,1.3400560126100767
005380,2025-12-28,0.3385,5.0,0.4677,0.1935,3.0,4.25,9.67,12.0,4.426389138609278,0.48688644199500825,0.10999630325045992,0.07726114276632264,1.8251572906110818,1.3400560126100767
005380,2025-12-29,0.4197,6.0,0.7251,0.2626,7.0,4.25,9.67,12.0,4.542465776859522,0.49965444309627594,0.10999630325045992,0.07726114276632264,1.8251572906110818,1.3442533498478966
005380,2025-12-30,0.2486,6.0,0.4309,0.2753,8.0,4.25,9.67,12.0,4.588896432159618,0.504761643536783,0.10999630325045992,0.07726114276632264,1.8251572906110818,1.3459322847430246
005380,2025-12-31,-0.0133,3.0,0.0,0.1064,1.0,4.25,9.67,12.0,4.588896432159618,0.504761643536783,0.10999630325045992,0.07726114276632264,1.8251572906110818,1.3459322847430246
