Code,DelistingDate,ListingDate,ListingDateSource,Market,Name,SecuGroup,SnapshotDate,Source,IsDelisted
000010,2004-07-02,1956-03-03,FDR_DELISTING,KOSPI,조흥은행,주권,2026-09-06,KRX-DELISTING,True
000020,,1976-03-24,FDR_DESC,KOSPI,동화약품,주권,2026-09-06,KOSPI-DESC,False
000030,2019-02-13,2014-11-19,FDR_DELISTING,KOSPI,우리은행,주권,2026-09-06,KRX-DELISTING,True
000040,,1976-05-25,FDR_DESC,KOSPI,KR모터스,주권,2026-09-06,KOSPI-DESC,False
000050,,1956-03-03,FDR_DESC,KOSPI,경방,주권,2026-09-06,KOSPI-DESC,False
000060,2023-02-21,1956-07-02,FDR_DELISTING,KOSPI,메리츠화재,주권,2026-09-06,KRX-DELISTING,True
000070,,1968-12-27,FDR_DESC,KOSPI,삼양홀딩스,주권,2026-09-06,KOSPI-DESC,False
000075,2025-08-20,1992-02-21,FDR_DELISTING,KOSPI,삼양홀딩스우,주권,2026-09-06,KRX-DELISTING,True
000080,,2009-10-19,FDR_DESC,KOSPI,하이트진로,주권,2026-09-06,KOSPI-DESC,False
000085,2003-01-10,1989-08-31,FDR_DELISTING,KOSPI,진로(1우),주권,2026-09-06,KRX-DELISTING,True
000087,,2014-06-17,FDR_FIRST_TRADE,KOSPI,하이트진로2우B,주권,2026-09-06,KOSPI-DESC,False
000090,1998-10-09,1989-01-26,FDR_DELISTING,KOSPI,두산상사,주권,2026-09-06,KRX-DELISTING,True
000100,,1962-11-01,FDR_DESC,KOSPI,유한양행,주권,2026-09-06,KOSPI-DESC,False
000105,,2014-06-17,FDR_FIRST_TRADE,KOSPI,유한양행우,주권,2026-09-06,KOSPI-DESC,False
000107,2004-01-08,1999-01-29,FDR_DELISTING,KOSPI,유한양행(2우B),주권,2026-09-06,KRX-DELISTING,True
000110,2005-04-22,1956-03-03,FDR_DELISTING,KOSPI,제일은행,주권,2026-09-06,KRX-DELISTING,True
000120,,1956-07-02,FDR_DESC,KOSPI,CJ대한통운,주권,2026-09-06,KOSPI-DESC,False
000130,1999-01-11,1956-03-03,FDR_DELISTING,KOSPI,한일은행,주권,2026-09-06,KRX-DELISTING,True
000140,,1973-09-19,FDR_DESC,KOSPI,하이트진로홀딩스,주권,2026-09-06,KOSPI-DESC,False
000145,,2014-06-17,FDR_FIRST_TRADE,KOSPI,하이트진로홀딩스우,주권,2026-09-06,KOSPI-DESC,False
000147,2001-07-24,1998-08-17,FDR_DELISTING,KOSPI,하이트맥주(2우B),주권,2026-09-06,KRX-DELISTING,True
000149,2002-05-21,2000-01-11,FDR_DELISTING,KOSPI,하이트맥주(3우B),주권,2026-09-06,KRX-DELISTING,True
000150,,1973-06-29,FDR_DESC,KOSPI,두산,주권,2026-09-06,KOSPI-DESC,False
000155,,2014-06-17,FDR_FIRST_TRADE,KOSPI,두산우,주권,2026-09-06,KOSPI-DESC,False
000157,,2014-06-17,FDR_FIRST_TRADE,KOSPI,두산2우B,주권,2026-09-06,KOSPI-DESC,False
000160,1999-10-27,1961-07-13,FDR_DELISTING,KOSPI,대한중석,주권,2026-09-06,KRX-DELISTING,True
000170,1999-04-08,1975-12-13,FDR_DELISTING,KOSPI,LG금속,주권,2026-09-06,KRX-DELISTING,True
000180,,1976-06-02,FDR_DESC,KOSPI,성창기업지주,주권,2026-09-06,KOSPI-DESC,False
0001A0,,2026-01-30,FDR_DESC,KOSDAQ,덕양에너젠,주권,2026-09-06,KOSDAQ-DESC,False
000200,2001-05-23,1966-03-18,FDR_DELISTING,KOSPI,대우중공업,주권,2026-09-06,KRX-DELISTING,True
000205,2001-05-23,1989-11-21,FDR_DELISTING,KOSPI,대우중공업(1우),주권,2026-09-06,KRX-DELISTING,True
000210,,1976-02-02,FDR_DESC,KOSPI,DL,주권,2026-09-06,KOSPI-DESC,False
000215,,2014-06-17,FDR_FIRST_TRADE,KOSPI,DL우,주권,2026-09-06,KOSPI-DESC,False
000220,,1975-11-18,FDR_DESC,KOSPI,유유제약,주권,2026-09-06,KOSPI-DESC,False
000225,,2014-06-17,FDR_FIRST_TRADE,KOSPI,유유제약1우,주권,2026-09-06,KOSPI-DESC,False
000227,,2014-06-17,FDR_FIRST_TRADE,KOSPI,유유제약2우B,주권,2026-09-06,KOSPI-DESC,False
000230,,1975-06-28,FDR_DESC,KOSPI,일동홀딩스,주권,2026-09-06,KOSPI-DESC,False
000240,,1968-12-27,FDR_DESC,KOSPI,한국앤컴퍼니,주권,2026-09-06,KOSPI-DESC,False
000250,,2000-10-04,FDR_DESC,KOSDAQ,삼천당제약,주권,2026-09-06,KOSDAQ-DESC,False
000270,,1973-07-21,FDR_DESC,KOSPI,기아,주권,2026-09-06,KOSPI-DESC,False
000280,2001-06-07,1973-11-08,FDR_DELISTING,KOSPI,동아건설,주권,2026-09-06,KRX-DELISTING,True
000300,,1975-06-09,FDR_DESC,KOSPI,DH오토넥스,주권,2026-09-06,KOSPI-DESC,False
000305,1997-10-23,1990-06-15,FDR_DELISTING,KOSPI,삼선공업(1우),주권,2026-09-06,KRX-DELISTING,True
000310,2001-11-10,1972-05-01,FDR_DELISTING,KOSPI,해태제과,주권,2026-09-06,KRX-DELISTING,True
000315,2001-11-10,1990-02-21,FDR_DELISTING,KOSPI,해태제과(1우),주권,2026-09-06,KRX-DELISTING,True
000317,2001-11-10,2000-01-11,FDR_DELISTING,KOSPI,해태제과(2우B),주권,2026-09-06,KRX-DELISTING,True
000320,,1973-08-10,FDR_DESC,KOSPI,노루홀딩스,주권,2026-09-06,KOSPI-DESC,False
000325,,2014-06-17,FDR_FIRST_TRADE,KOSPI,노루홀딩스우,주권,2026-09-06,KOSPI-DESC,False
000327,2017-09-28,2007-09-28,FDR_DELISTING,KOSPI,노루홀딩스2우B,주권,2026-09-06,KRX-DELISTING,True
000330,1998-10-09,1973-12-28,FDR_DELISTING,KOSPI,두산백화,주권,2026-09-06,KRX-DELISTING,True
000360,2015-04-15,1973-09-03,FDR_DELISTING,KOSPI,삼환기업,주권,2026-09-06,KRX-DELISTING,True
000365,2015-04-15,1989-10-27,FDR_DELISTING,KOSPI,삼환기업우,주권,2026-09-06,KRX-DELISTING,True
000370,,1975-06-30,FDR_DESC,KOSPI,한화손해보험,주권,2026-09-06,KOSPI-DESC,False
000380,2004-10-21,1993-07-30,FDR_DELISTING,KOSDAQ,대아건설,주권,2026-09-06,KRX-DELISTING,True
000390,,1993-09-10,FDR_DESC,KOSPI,SP삼화,주권,2026-09-06,KOSPI-DESC,False
000400,,1971-04-16,FDR_DESC,KOSPI,롯데손해보험,주권,2026-09-06,KOSPI-DESC,False
000420,2015-02-24,1988-08-05,FDR_DELISTING,KOSPI,로케트전기,주권,2026-09-06,KRX-DELISTING,True
000425,2015-02-24,1989-09-23,FDR_DELISTING,KOSPI,로케트전우,주권,2026-09-06,KRX-DELISTING,True
000430,,1977-06-22,FDR_DESC,KOSPI,대원강업,주권,2026-09-06,KOSPI-DESC,False
000440,,1993-03-24,FDR_DESC,KOSDAQ,중앙에너비스,주권,2026-09-06,KOSDAQ-DESC,False
000450,1998-11-18,1989-03-08,FDR_DELISTING,KOSPI,한주통산,주권,2026-09-06,KRX-DELISTING,True
000470,2012-07-16,1975-06-30,FDR_DELISTING,KOSPI,그린손해보험,주권,2026-09-06,KRX-DELISTING,True
000475,2002-02-08,1990-01-05,FDR_DELISTING,KOSPI,국제화재(1우),주권,2026-09-06,KRX-DELISTING,True
000480,,1978-06-30,FDR_DESC,KOSPI,CR홀딩스,주권,2026-09-06,KOSPI-DESC,False
000490,,1975-06-27,FDR_DESC,KOSPI,대동,주권,2026-09-06,KOSPI-DESC,False
0004V0,,2026-01-14,FDR_DESC,KOSDAQ,엔비알모션,주권,2026-09-06,KOSDAQ-DESC,False
0004Y0,,2025-07-22,FDR_DESC,KOSDAQ,디비금융제14호스팩,주권,2026-09-06,KOSDAQ-DESC,False
000500,,1987-06-08,FDR_DESC,KOSPI,가온전선,주권,2026-09-06,KOSPI-DESC,False
000510,1999-05-25,1974-06-28,FDR_DELISTING,KOSPI,태    화,주권,2026-09-06,KRX-DELISTING,True
000520,,1985-05-29,FDR_DESC,KOSPI,삼일제약,주권,2026-09-06,KOSPI-DESC,False
000530,1997-07-10,1996-07-01,FDR_DELISTING,KOSDAQ,대한제지,주권,2026-09-06,KRX-DELISTING,True
000540,,1974-12-05,FDR_DESC,KOSPI,흥국화재,주권,2026-09-06,KOSPI-DESC,False
000545,,2014-06-17,FDR_FIRST_TRADE,KOSPI,흥국화재우,주권,2026-09-06,KOSPI-DESC,False
000547,2023-07-17,1999-08-09,FDR_DELISTING,KOSPI,흥국화재2우B,주권,2026-09-06,KRX-DELISTING,True
000550,1997-07-10,1996-07-01,FDR_DELISTING,KOSDAQ,삼덕제지,주권,2026-09-06,KRX-DELISTING,True
000570,1999-03-22,1975-12-27,FDR_DELISTING,KOSPI,금호건설,주권,2026-09-06,KRX-DELISTING,True
000590,,1975-12-22,FDR_DESC,KOSPI,CS홀딩스,주권,2026-09-06,KOSPI-DESC,False
000600,1997-01-01,1996-07-01,FDR_DELISTING,KOSDAQ,삼화실업,주권,2026-09-06,KRX-DELISTING,True
000610,2010-01-20,1976-06-05,FDR_DELISTING,KOSPI,제일화재,주권,2026-09-06,KRX-DELISTING,True
000640,,1970-02-10,FDR_DESC,KOSPI,동아쏘시오홀딩스,주권,2026-09-06,KOSPI-DESC,False
000645,1976-04-22,1970-02-10,FDR_DELISTING,KOSPI,동아제약우,주권,2026-09-06,KRX-DELISTING,True
000650,,1977-06-23,FDR_DESC,KOSPI,천일고속,주권,2026-09-06,KOSPI-DESC,False
000660,,1996-12-26,FDR_DESC,KOSPI,SK하이닉스,주권,2026-09-06,KOSPI-DESC,False
000670,,1976-06-12,FDR_DESC,KOSPI,영풍,주권,2026-09-06,KOSPI-DESC,False
000680,,1973-11-15,FDR_DESC,KOSPI,LS네트웍스,주권,2026-09-06,KOSPI-DESC,False
000685,2014-07-15,1994-09-22,FDR_DELISTING,KOSPI,LS네트웍스우,주권,2026-09-06,KRX-DELISTING,True
000687,2015-11-26,2010-12-01,FDR_DELISTING,KOSPI,LS네트웍스전환상환2우B,주권,2026-09-06,KRX-DELISTING,True
000700,,1956-03-03,FDR_DESC,KOSPI,유수홀딩스,주권,2026-09-06,KOSPI-DESC,False
000720,,1984-12-22,FDR_DESC,KOSPI,현대건설,주권,2026-09-06,KOSPI-DESC,False
000725,,2014-06-17,FDR_FIRST_TRADE,KOSPI,현대건설우,주권,2026-09-06,KOSPI-DESC,False
000730,1995-05-25,1969-02-07,FDR_DELISTING,KOSPI,서울교통,주권,2026-09-06,KRX-DELISTING,True
000760,,1994-04-29,FDR_DESC,KOSPI,이화산업,주권,2026-09-06,KOSPI-DESC,False
000790,2009-05-13,1977-11-09,FDR_DELISTING,KOSPI,C&상선,주권,2026-09-06,KRX-DELISTING,True
000795,1989-03-27,1977-11-09,FDR_DELISTING,KOSPI,세양선박우,주권,2026-09-06,KRX-DELISTING,True
0007C0,,2025-12-16,FDR_DESC,KOSDAQ,아크릴,주권,2026-09-06,KOSDAQ-DESC,False
0007J0,,2026-04-02,FDR_DESC,KOSDAQ,인벤테라,주권,2026-09-06,KOSDAQ-DESC,False
000800,2015-04-15,1973-02-12,FDR_DELISTING,KOSPI,경남기업,주권,2026-09-06,KRX-DELISTING,True
000805,2006-04-28,2003-01-02,FDR_DELISTING,KOSPI,경남기업(1우B),주권,2026-09-06,KRX-DELISTING,True
000810,,1975-06-30,FDR_DESC,KOSPI,삼성화재,주권,2026-09-06,KOSPI-DESC,False
000815,,2014-06-17,FDR_FIRST_TRADE,KOSPI,삼성화재우,주권,2026-09-06,KOSPI-DESC,False
000830,2015-09-15,1975-12-12,FDR_DELISTING,KOSPI,삼성물산,주권,2026-09-06,KRX-DELISTING,True
000835,2015-09-15,1989-07-24,FDR_DELISTING,KOSPI,삼성물산우,주권,2026-09-06,KRX-DELISTING,True
000840,2000-06-30,1988-10-13,FDR_DELISTING,KOSPI,한국벨트,주권,2026-09-06,KRX-DELISTING,True
000850,,1999-11-18,FDR_DESC,KOSPI,화천기공,주권,2026-09-06,KOSPI-DESC,False
000860,,1975-11-12,FDR_DESC,KOSPI,강남제비스코,주권,2026-09-06,KOSPI-DESC,False
000870,1999-01-15,1996-07-01,FDR_DELISTING,KOSDAQ,전진산업,주권,2026-09-06,KRX-DELISTING,True
000880,,1976-06-24,FDR_DESC,KOSPI,한화,주권,2026-09-06,KOSPI-DESC,False
000885,2025-07-15,1990-01-22,FDR_DELISTING,KOSPI,한화우,주권,2026-09-06,KRX-DELISTING,True
000887,2004-03-23,1999-02-01,FDR_DELISTING,KOSPI,한화(2우B),주권,2026-09-06,KRX-DELISTING,True
00088K,,2016-10-19,FDR_FIRST_TRADE,KOSPI,한화3우B,주권,2026-09-06,KOSPI-DESC,False
000890,,1988-09-23,FDR_DESC,KOSPI,보해양조,주권,2026-09-06,KOSPI-DESC,False
000895,2015-07-15,1994-11-22,FDR_DELISTING,KOSPI,보해양조우,주권,2026-09-06,KRX-DELISTING,True
0008Z0,,2025-08-19,FDR_DESC,KOSDAQ,에스엔시스,주권,2026-09-06,KOSDAQ-DESC,False
000900,2000-04-12,1976-03-05,FDR_DELISTING,KOSPI,강원산업,주권,2026-09-06,KRX-DELISTING,True
000905,2000-04-12,1989-07-20,FDR_DELISTING,KOSPI,강원산업(1우),주권,2026-09-06,KRX-DELISTING,True
000910,,1996-07-03,FDR_DESC,KOSPI,유니온,주권,2026-09-06,KOSPI-DESC,False
000930,1999-01-04,1973-08-08,FDR_DELISTING,KOSPI,한화기계,주권,2026-09-06,KRX-DELISTING,True
000935,1976-04-01,1973-08-08,FDR_DELISTING,KOSPI,한화기계우,주권,2026-09-06,KRX-DELISTING,True
000950,,1968-10-21,FDR_DESC,KOSPI,전방,주권,2026-09-06,KOSPI-DESC,False
000970,,1969-12-12,FDR_DESC,KOSPI,한국주철관,주권,2026-09-06,KOSPI-DESC,False
000980,2003-10-15,1976-12-13,FDR_DELISTING,KOSPI,극동건설,주권,2026-09-06,KRX-DELISTING,True
000985,2003-10-15,1990-01-09,FDR_DELISTING,KOSPI,극동건설(1우),주권,2026-09-06,KRX-DELISTING,True
000990,,1975-12-12,FDR_DESC,KOSPI,DB하이텍,주권,2026-09-06,KOSPI-DESC,False
000995,2023-07-17,2007-05-21,FDR_DELISTING,KOSPI,DB하이텍1우,주권,2026-09-06,KRX-DELISTING,True
000997,2015-07-15,2007-05-21,FDR_DELISTING,KOSPI,동부하이텍2우B,주권,2026-09-06,KRX-DELISTING,True
0009K0,,2025-12-04,FDR_DESC,KOSDAQ,에임드바이오,주권,2026-09-06,KOSDAQ-DESC,False
001000,,1994-06-28,FDR_DESC,KOSDAQ,신라섬유,주권,2026-09-06,KOSDAQ-DESC,False
001020,,1976-06-26,FDR_DESC,KOSPI,페이퍼코리아,주권,2026-09-06,KOSPI-DESC,False
001030,2002-08-10,1962-07-13,FDR_DELISTING,KOSPI,리젠트화재,주권,2026-09-06,KRX-DELISTING,True
001035,2002-08-10,1999-05-27,FDR_DELISTING,KOSPI,리젠트화재(1우B),주권,2026-09-06,KRX-DELISTING,True
001040,,1973-06-29,FDR_DESC,KOSPI,CJ,주권,2026-09-06,KOSPI-DESC,False
001045,,2014-06-17,FDR_FIRST_TRADE,KOSPI,CJ우,주권,2026-09-06,KOSPI-DESC,False
001047,2009-03-21,1999-01-29,FDR_DELISTING,KOSPI,CJ2우B,주권,2026-09-06,KRX-DELISTING,True
001049,2010-01-13,2000-01-28,FDR_DELISTING,KOSPI,CJ3우B,주권,2026-09-06,KRX-DELISTING,True
00104K,,2019-08-09,FDR_FIRST_TRADE,KOSPI,CJ4우(전환),주권,2026-09-06,KOSPI-DESC,False
001060,,1976-06-14,FDR_DESC,KOSPI,JW중외제약,주권,2026-09-06,KOSPI-DESC,False
001065,,2014-06-17,FDR_FIRST_TRADE,KOSPI,JW중외제약우,주권,2026-09-06,KOSPI-DESC,False
001067,,2014-06-17,FDR_FIRST_TRADE,KOSPI,JW중외제약2우B,주권,2026-09-06,KOSPI-DESC,False
001070,,1973-12-28,FDR_DESC,KOSPI,대한방직,주권,2026-09-06,KOSPI-DESC,False
001080,,1977-06-18,FDR_DESC,KOSPI,만호제강,주권,2026-09-06,KOSPI-DESC,False
001090,1998-10-17,1975-09-30,FDR_DELISTING,KOSPI,동서증권,주권,2026-09-06,KRX-DELISTING,True
001095,1998-10-17,1989-04-13,FDR_DELISTING,KOSPI,동서증권(1우),주권,2026-09-06,KRX-DELISTING,True
0010F0,,2026-04-03,FDR_DESC,KOSDAQ,보원케미칼,주권,2026-09-06,KOSDAQ-DESC,False
0010V0,,2025-08-21,FDR_DESC,KOSDAQ,제이피아이헬스케어,주권,2026-09-06,KOSDAQ-DESC,False
001100,1994-12-23,1973-06-26,FDR_DELISTING,KOSPI,동양정밀공업,주권,2026-09-06,KRX-DELISTING,True
001105,1994-12-23,1989-12-21,FDR_DELISTING,KOSPI,동양정밀공업우,주권,2026-09-06,KRX-DELISTING,True
001110,2002-04-27,1991-01-14,FDR_DELISTING,KOSPI,대농,주권,2026-09-06,KRX-DELISTING,True
001120,,1976-01-30,FDR_DESC,KOSPI,LX인터내셔널,주권,2026-09-06,KOSPI-DESC,False
001130,,1970-11-25,FDR_DESC,KOSPI,대한제분,주권,2026-09-06,KOSPI-DESC,False
001140,2026-01-27,1989-12-02,FDR_DELISTING,KOSPI,국보,주권,2026-09-06,KRX-DELISTING,True
001150,2003-10-02,1974-11-26,FDR_DELISTING,KOSPI,서통,주권,2026-09-06,KRX-DELISTING,True
001155,2003-10-02,1989-01-21,FDR_DELISTING,KOSPI,서통(1우),주권,2026-09-06,KRX-DELISTING,True
001160,1999-08-27,1978-08-28,FDR_DELISTING,KOSPI,신원제이엠씨,주권,2026-09-06,KRX-DELISTING,True
001170,1999-11-25,1988-10-14,FDR_DELISTING,KOSPI,장은증권,주권,2026-09-06,KRX-DELISTING,True
001190,2009-04-27,1988-10-20,FDR_DELISTING,KOSPI,마이크로닉스,주권,2026-09-06,KRX-DELISTING,True
0011A0,,2026-03-09,FDR_DESC,KOSDAQ,액스비스,주권,2026-09-06,KOSDAQ-DESC,False
0011T0,,2026-04-29,FDR_DESC,KOSDAQ,채비,주권,2026-09-06,KOSDAQ-DESC,False
001200,,1987-08-24,FDR_DESC,KOSPI,유진투자증권,주권,2026-09-06,KOSPI-DESC,False
001210,,1973-11-15,FDR_DESC,KOSPI,금호전기,주권,2026-09-06,KOSPI-DESC,False
001230,,1988-05-09,FDR_DESC,KOSPI,동국홀딩스,주권,2026-09-06,KOSPI-DESC,False
001250,,1976-06-26,FDR_DESC,KOSPI,GS글로벌,주권,2026-09-06,KOSPI-DESC,False
001260,,1976-12-28,FDR_DESC,KOSPI,남광토건,주권,2026-09-06,KOSPI-DESC,False
001265,2007-06-26,1999-05-20,FDR_DELISTING,KOSPI,남광토건(1우B),주권,2026-09-06,KRX-DELISTING,True
001270,,1988-07-19,FDR_DESC,KOSPI,부국증권,주권,2026-09-06,KOSPI-DESC,False
001275,,2014-06-17,FDR_FIRST_TRADE,KOSPI,부국증권우,주권,2026-09-06,KOSPI-DESC,False
001280,2004-06-24,1988-07-26,FDR_DELISTING,KOSPI,우리증권,주권,2026-09-06,KRX-DELISTING,True
001290,,1988-09-23,FDR_DESC,KOSPI,상상인증권,주권,2026-09-06,KOSPI-DESC,False
001295,2000-08-05,1989-04-17,FDR_DELISTING,KOSPI,대유리젠트증권(1우),주권,2026-09-06,KRX-DELISTING,True
001300,2014-07-15,1975-05-15,FDR_DELISTING,KOSPI,제일모직,주권,2026-09-06,KRX-DELISTING,True
001310,2012-05-18,1978-11-30,FDR_DELISTING,KOSPI,풍림산업,주권,2026-09-06,KRX-DELISTING,True
001340,,1976-06-10,FDR_DESC,KOSPI,PKC,주권,2026-09-06,KOSPI-DESC,False
001350,2000-06-30,1977-06-30,FDR_DELISTING,KOSPI,대한모방,주권,2026-09-06,KRX-DELISTING,True
001355,1983-04-09,1977-06-30,FDR_DELISTING,KOSPI,대한모방우,주권,2026-09-06,KRX-DELISTING,True
001360,,1975-07-04,FDR_DESC,KOSPI,삼성제약,주권,2026-09-06,KOSPI-DESC,False
001370,2009-08-17,1988-05-25,FDR_DELISTING,KOSPI,FnC코오롱,주권,2026-09-06,KRX-DELISTING,True
001375,2009-08-17,1988-11-21,FDR_DELISTING,KOSPI,FnC코오롱우,주권,2026-09-06,KRX-DELISTING,True
001380,,1976-06-29,FDR_DESC,KOSPI,SG글로벌,주권,2026-09-06,KOSPI-DESC,False
001385,2013-12-09,1995-03-21,FDR_DELISTING,KOSPI,SG충남방적우,주권,2026-09-06,KRX-DELISTING,True
001390,,1989-08-25,FDR_DESC,KOSPI,KG케미칼,주권,2026-09-06,KOSPI-DESC,False
0013V0,,2025-12-22,FDR_DESC,KOSDAQ,삼진식품,주권,2026-09-06,KOSDAQ-DESC,False
001400,2001-04-24,1976-06-08,FDR_DELISTING,KOSPI,동산씨앤지,주권,2026-09-06,KRX-DELISTING,True
001420,,1975-06-24,FDR_DESC,KOSPI,태원물산,주권,2026-09-06,KOSPI-DESC,False
001430,,1991-03-12,FDR_DESC,KOSPI,세아베스틸지주,주권,2026-09-06,KOSPI-DESC,False
001440,,1968-12-27,FDR_DESC,KOSPI,대한전선,주권,2026-09-06,KOSPI-DESC,False
001445,1976-04-19,1970-06-30,FDR_DELISTING,KOSPI,대한전선우,주권,2026-09-06,KRX-DELISTING,True
001450,,1989-08-25,FDR_DESC,KOSPI,현대해상,주권,2026-09-06,KOSPI-DESC,False
001460,,1975-06-02,FDR_DESC,KOSPI,BYC,주권,2026-09-06,KOSPI-DESC,False
001465,,2014-06-17,FDR_FIRST_TRADE,KOSPI,BYC우,주권,2026-09-06,KOSPI-DESC,False
001470,,1976-06-26,FDR_DESC,KOSPI,삼부토건,주권,2026-09-06,KOSPI-DESC,False
001490,2004-10-22,1976-12-24,FDR_DELISTING,KOSPI,천지산업,주권,2026-09-06,KRX-DELISTING,True
001500,,1990-06-09,FDR_DESC,KOSPI,현대차증권,주권,2026-09-06,KOSPI-DESC,False
001510,,1986-09-20,FDR_DESC,KOSPI,SK증권,주권,2026-09-06,KOSPI-DESC,False
001515,,2014-06-17,FDR_FIRST_TRADE,KOSPI,SK증권우,주권,2026-09-06,KOSPI-DESC,False
001520,,1976-06-25,FDR_DESC,KOSPI,동양,주권,2026-09-06,KOSPI-DESC,False
001525,,2014-06-17,FDR_FIRST_TRADE,KOSPI,동양우,주권,2026-09-06,KOSPI-DESC,False
001527,,2014-06-17,FDR_FIRST_TRADE,KOSPI,동양2우B,주권,2026-09-06,KOSPI-DESC,False
001529,2022-07-15,2007-08-03,FDR_DELISTING,KOSPI,동양3우B,주권,2026-09-06,KRX-DELISTING,True
001530,,1964-01-04,FDR_DESC,KOSPI,DI동일,주권,2026-09-06,KOSPI-DESC,False
001540,,2000-06-15,FDR_DESC,KOSDAQ,안국약품,주권,2026-09-06,KOSDAQ-DESC,False
001550,,1976-12-28,FDR_DESC,KOSPI,조비,주권,2026-09-06,KOSPI-DESC,False
001560,,2005-12-09,FDR_DESC,KOSPI,제일연마,주권,2026-09-06,KOSPI-DESC,False
001570,,1976-12-17,FDR_DESC,KOSPI,금양,주권,2026-09-06,KOSPI-DESC,False
001575,1980-03-20,1976-12-17,FDR_DELISTING,KOSPI,금양우,주권,2026-09-06,KRX-DELISTING,True
001580,2005-08-05,1988-10-26,FDR_DELISTING,KOSPI,신광기업,주권,2026-09-06,KRX-DELISTING,True
001590,2004-09-02,1989-07-29,FDR_DELISTING,KOSPI,일화모직,주권,2026-09-06,KRX-DELISTING,True
0015G0,,2025-11-17,FDR_DESC,KOSDAQ,그린광학,주권,2026-09-06,KOSDAQ-DESC,False
0015N0,,2025-11-27,FDR_DESC,KOSDAQ,아로마티카,주권,2026-09-06,KOSDAQ-DESC,False
0015S0,,2025-12-10,FDR_DESC,KOSDAQ,페스카로,주권,2026-09-06,KOSDAQ-DESC,False
001600,2010-04-15,1989-11-16,FDR_DELISTING,KOSPI,서광건설,주권,2026-09-06,KRX-DELISTING,True
001610,1996-10-08,1975-12-27,FDR_DELISTING,KOSPI,두산종합식품,주권,2026-09-06,KRX-DELISTING,True
001615,1996-10-08,1987-06-11,FDR_DELISTING,KOSPI,두산종합식품(1우),주권,2026-09-06,KRX-DELISTING,True
001620,,1990-09-15,FDR_DESC,KOSPI,케이비아이동국실업,주권,2026-09-06,KOSPI-DESC,False
001630,,1976-06-30,FDR_DESC,KOSPI,종근당홀딩스,주권,2026-09-06,KOSPI-DESC,False
001670,2005-04-28,1975-12-27,FDR_DELISTING,KOSPI,경남모직,주권,2026-09-06,KRX-DELISTING,True
001675,2005-04-28,1990-09-21,FDR_DELISTING,KOSPI,경남모직(1우),주권,2026-09-06,KRX-DELISTING,True
001680,,1970-04-01,FDR_DESC,KOSPI,대상,주권,2026-09-06,KOSPI-DESC,False
001685,,2014-06-17,FDR_FIRST_TRADE,KOSPI,대상우,주권,2026-09-06,KOSPI-DESC,False
001687,2011-05-09,1999-04-29,FDR_DELISTING,KOSPI,대상2우B,주권,2026-09-06,KRX-DELISTING,True
001689,2017-04-28,2007-04-27,FDR_DELISTING,KOSPI,대상3우B,주권,2026-09-06,KRX-DELISTING,True
001690,2002-01-18,1972-10-17,FDR_DELISTING,KOSPI,두산테크팩,주권,2026-09-06,KRX-DELISTING,True
001695,2002-01-18,1987-12-21,FDR_DELISTING,KOSPI,두산테크팩(1우),주권,2026-09-06,KRX-DELISTING,True
001697,2002-01-18,1999-11-26,FDR_DELISTING,KOSPI,두산테크팩(2우B),주권,2026-09-06,KRX-DELISTING,True
001700,1999-02-12,1977-12-24,FDR_DELISTING,KOSPI,공영토건,주권,2026-09-06,KRX-DELISTING,True
001720,,1987-08-24,FDR_DESC,KOSPI,신영증권,주권,2026-09-06,KOSPI-DESC,False
001725,2024-04-26,1988-08-16,FDR_DELISTING,KOSPI,신영증권우,주권,2026-09-06,KRX-DELISTING,True
001740,,1977-06-30,FDR_DESC,KOSPI,SK네트웍스,주권,2026-09-06,KOSPI-DESC,False
001745,2023-07-17,1989-12-21,FDR_DELISTING,KOSPI,SK네트웍스우,주권,2026-09-06,KRX-DELISTING,True
001750,,1988-03-04,FDR_DESC,KOSPI,한양증권,주권,2026-09-06,KOSPI-DESC,False
001755,,2014-06-17,FDR_FIRST_TRADE,KOSPI,한양증권우,주권,2026-09-06,KOSPI-DESC,False
001757,1994-03-30,1989-10-24,FDR_DELISTING,KOSPI,한양증권2우,주권,2026-09-06,KRX-DELISTING,True
001770,,1988-11-23,FDR_DESC,KOSPI,SHD,주권,2026-09-06,KOSPI-DESC,False
001780,,2007-06-07,FDR_DESC,KOSPI,알루코,주권,2026-09-06,KOSPI-DESC,False
001785,2002-04-27,1989-07-18,FDR_DELISTING,KOSPI,동양강철(1우),주권,2026-09-06,KRX-DELISTING,True
001787,2002-04-27,1997-04-21,FDR_DELISTING,KOSPI,동양강철(2우B),주권,2026-09-06,KRX-DELISTING,True
001790,,1968-12-27,FDR_DESC,KOSPI,대한제당,주권,2026-09-06,KOSPI-DESC,False
001795,,2014-06-17,FDR_FIRST_TRADE,KOSPI,대한제당우,주권,2026-09-06,KOSPI-DESC,False
001797,2001-11-07,1998-11-27,FDR_DELISTING,KOSPI,대한제당(2우B),주권,2026-09-06,KRX-DELISTING,True
001799,2020-04-08,2010-04-09,FDR_DELISTING,KOSPI,대한제당3우B,주권,2026-09-06,KRX-DELISTING,True
0017J0,,2026-06-10,FDR_DESC,KOSDAQ,세미티에스,주권,2026-09-06,KOSDAQ-DESC,False
001800,,1975-06-27,FDR_DESC,KOSPI,오리온홀딩스,주권,2026-09-06,KOSPI-DESC,False
001805,1976-01-01,1975-06-27,FDR_DELISTING,KOSPI,오리온우,주권,2026-09-06,KRX-DELISTING,True
001810,,2000-01-04,FDR_DESC,KOSDAQ,무림SP,주권,2026-09-06,KOSDAQ-DESC,False
001820,,1976-06-26,FDR_DESC,KOSPI,삼화콘덴서,주권,2026-09-06,KOSPI-DESC,False
001830,2007-05-21,1977-09-30,FDR_DELISTING,KOSPI,동부일렉트로닉스,주권,2026-09-06,KRX-DELISTING,True
001835,2007-05-21,1989-09-22,FDR_DELISTING,KOSPI,동부일렉트로닉스(1우B),주권,2026-09-06,KRX-DELISTING,True
001837,2007-05-21,1997-04-16,FDR_DELISTING,KOSPI,동부일렉트로닉스(2우B),주권,2026-09-06,KRX-DELISTING,True
001840,,1994-11-23,FDR_DESC,KOSDAQ,이화공영,주권,2026-09-06,KOSDAQ-DESC,False
001850,2000-06-07,1996-07-01,FDR_DELISTING,KOSDAQ,임광토건,주권,2026-09-06,KRX-DELISTING,True
001880,2024-03-04,1977-12-22,FDR_DELISTING,KOSPI,DL건설,주권,2026-09-06,KRX-DELISTING,True
001890,2004-10-26,1984-07-28,FDR_DELISTING,KOSPI,영창악기,주권,2026-09-06,KRX-DELISTING,True
001910,1997-01-01,1996-07-01,FDR_DELISTING,KOSDAQ,영일화학공업,주권,2026-09-06,KRX-DELISTING,True
001920,2002-04-19,1977-09-21,FDR_DELISTING,KOSPI,한보철강,주권,2026-09-06,KRX-DELISTING,True
001930,1998-12-14,1977-06-23,FDR_DELISTING,KOSPI,효성물산,주권,2026-09-06,KRX-DELISTING,True
001935,1984-02-25,1977-06-30,FDR_DELISTING,KOSPI,효성물산우,주권,2026-09-06,KRX-DELISTING,True
001940,,1989-11-13,FDR_DESC,KOSPI,KISCO홀딩스,주권,2026-09-06,KOSPI-DESC,False
001950,2009-10-15,1968-12-27,FDR_DELISTING,KOSPI,남한제지,주권,2026-09-06,KRX-DELISTING,True
001955,2009-10-15,1990-01-16,FDR_DELISTING,KOSPI,남한제지우,주권,2026-09-06,KRX-DELISTING,True
001970,2009-05-13,1976-03-24,FDR_DELISTING,KOSPI,신성건설,주권,2026-09-06,KRX-DELISTING,True
001975,2009-05-13,1989-06-20,FDR_DELISTING,KOSPI,신성건설우,주권,2026-09-06,KRX-DELISTING,True
001980,2004-05-22,1990-01-16,FDR_DELISTING,KOSPI,대호,주권,2026-09-06,KRX-DELISTING,True
001990,1999-10-30,1996-07-01,FDR_DELISTING,KOSDAQ,자유건설,주권,2026-09-06,KRX-DELISTING,True
002000,2018-12-13,1969-06-27,FDR_DELISTING,KOSPI,한국유리,주권,2026-09-06,KRX-DELISTING,True
002005,2018-12-13,1989-12-20,FDR_DELISTING,KOSPI,한국유리우,주권,2026-09-06,KRX-DELISTING,True
002010,1996-02-09,1968-12-28,FDR_DELISTING,KOSPI,삼성건설,주권,2026-09-06,KRX-DELISTING,True
002015,1996-02-09,1990-05-22,FDR_DELISTING,KOSPI,삼성건설(1우),주권,2026-09-06,KRX-DELISTING,True
002020,,1975-06-23,FDR_DESC,KOSPI,코오롱,주권,2026-09-06,KOSPI-DESC,False
002025,,2014-06-17,FDR_FIRST_TRADE,KOSPI,코오롱우,주권,2026-09-06,KOSPI-DESC,False
002027,2009-05-26,1999-05-28,FDR_DELISTING,KOSPI,코오롱2우B,주권,2026-09-06,KRX-DELISTING,True
002030,,1974-06-03,FDR_DESC,KOSPI,아세아,주권,2026-09-06,KOSPI-DESC,False
002050,2003-05-10,1977-12-17,FDR_DELISTING,KOSPI,경향건설,주권,2026-09-06,KRX-DELISTING,True
002055,2003-05-10,1989-06-20,FDR_DELISTING,KOSPI,경향건설(1우),주권,2026-09-06,KRX-DELISTING,True
002070,,1976-07-13,FDR_DESC,KOSPI,비비안,주권,2026-09-06,KOSPI-DESC,False
002080,2000-12-22,1976-05-26,FDR_DELISTING,KOSPI,벽산개발,주권,2026-09-06,KRX-DELISTING,True
002085,1976-10-23,1976-05-26,FDR_DELISTING,KOSPI,벽산개발우,주권,2026-09-06,KRX-DELISTING,True
002100,,1977-06-30,FDR_DESC,KOSPI,경농,주권,2026-09-06,KOSPI-DESC,False
002105,2005-03-28,1995-03-21,FDR_DELISTING,KOSPI,경농(1우),주권,2026-09-06,KRX-DELISTING,True
002130,2001-12-05,1989-07-25,FDR_DELISTING,KOSPI,피어리스,주권,2026-09-06,KRX-DELISTING,True
002140,,1991-01-14,FDR_DESC,KOSPI,고려산업,주권,2026-09-06,KOSPI-DESC,False
002150,,2010-08-12,FDR_DESC,KOSPI,도화엔지니어링,주권,2026-09-06,KOSPI-DESC,False
002170,,1989-11-10,FDR_DESC,KOSPI,SYTS,주권,2026-09-06,KOSPI-DESC,False
002180,2002-03-29,1978-08-18,FDR_DELISTING,KOSPI,삼익건설,주권,2026-09-06,KRX-DELISTING,True
002190,1998-08-10,1996-07-01,FDR_DELISTING,KOSDAQ,우주종합건설,주권,2026-09-06,KRX-DELISTING,True
002200,,1974-06-28,FDR_DESC,KOSPI,한국수출포장,주권,2026-09-06,KOSPI-DESC,False
002210,,1990-01-19,FDR_DESC,KOSPI,동성제약,주권,2026-09-06,KOSPI-DESC,False
002220,,1988-10-07,FDR_DESC,KOSPI,한일철강,주권,2026-09-06,KOSPI-DESC,False
002230,,1991-01-04,FDR_DESC,KOSDAQ,피에스텍,주권,2026-09-06,KOSDAQ-DESC,False
002240,,1976-05-25,FDR_DESC,KOSPI,고려제강,주권,2026-09-06,KOSPI-DESC,False
002250,2019-05-20,1973-11-10,FDR_DELISTING,KOSPI,알보젠코리아,주권,2026-09-06,KRX-DELISTING,True
002255,1999-04-20,1989-07-21,FDR_DELISTING,KOSPI,근화제약(1우),주권,2026-09-06,KRX-DELISTING,True
002257,1999-04-20,1998-05-16,FDR_DELISTING,KOSPI,근화제약(2우B),주권,2026-09-06,KRX-DELISTING,True
002270,2022-07-20,1973-05-09,FDR_DELISTING,KOSPI,롯데푸드,주권,2026-09-06,KRX-DELISTING,True
002290,,1992-11-30,FDR_DESC,KOSDAQ,삼일기업공사,주권,2026-09-06,KOSDAQ-DESC,False
002300,2020-07-13,1971-06-23,FDR_DELISTING,KOSPI,한국제지,주권,2026-09-06,KRX-DELISTING,True
002310,,1988-12-15,FDR_DESC,KOSPI,아세아제지,주권,2026-09-06,KOSPI-DESC,False
002320,,1974-08-12,FDR_DESC,KOSPI,한진,주권,2026-09-06,KOSPI-DESC,False
002340,1999-10-27,1989-09-30,FDR_DELISTING,KOSPI,유    성,주권,2026-09-06,KRX-DELISTING,True
002350,,1976-05-19,FDR_DESC,KOSPI,넥센타이어,주권,2026-09-06,KOSPI-DESC,False
002355,,2014-06-17,FDR_FIRST_TRADE,KOSPI,넥센타이어1우B,주권,2026-09-06,KOSPI-DESC,False
002360,,1985-12-23,FDR_DESC,KOSPI,SH에너지화학,주권,2026-09-06,KOSPI-DESC,False
002365,2014-07-15,1990-02-21,FDR_DELISTING,KOSPI,SH에너지화학우,주권,2026-09-06,KRX-DELISTING,True
002380,,1973-06-25,FDR_DESC,KOSPI,KCC,주권,2026-09-06,KOSPI-DESC,False
002390,,1976-06-30,FDR_DESC,KOSPI,한독,주권,2026-09-06,KOSPI-DESC,False
002410,,1988-05-25,FDR_DESC,KOSPI,범양건영,주권,2026-09-06,KOSPI-DESC,False
002420,,1968-12-27,FDR_DESC,KOSPI,우양피앤엘,주권,2026-09-06,KOSPI-DESC,False
002440,1997-11-25,1970-04-01,FDR_DELISTING,KOSPI,미    원,주권,2026-09-06,KRX-DELISTING,True
002445,1997-11-25,1990-01-25,FDR_DELISTING,KOSPI,미    원(1우),주권,2026-09-06,KRX-DELISTING,True
002450,,1988-09-30,FDR_DESC,KOSPI,삼익악기,주권,2026-09-06,KOSPI-DESC,False
002455,1999-01-26,1995-01-21,FDR_DELISTING,KOSPI,삼익악기(1우),주권,2026-09-06,KRX-DELISTING,True
002460,,1988-09-29,FDR_DESC,KOSPI,HS화성,주권,2026-09-06,KOSPI-DESC,False
002465,1992-04-21,1990-01-22,FDR_DELISTING,KOSPI,화성산업우,주권,2026-09-06,KRX-DELISTING,True
002467,1993-04-21,1990-02-06,FDR_DELISTING,KOSPI,화성산업2우,주권,2026-09-06,KRX-DELISTING,True
002469,1994-04-23,1991-05-22,FDR_DELISTING,KOSPI,화성산업3우,주권,2026-09-06,KRX-DELISTING,True
00246A,1995-04-21,1992-05-25,FDR_DELISTING,KOSPI,화성산업4우,주권,2026-09-06,KRX-DELISTING,True
002470,2002-04-20,1989-09-05,FDR_DELISTING,KOSPI,동성,주권,2026-09-06,KRX-DELISTING,True
002480,2005-05-04,1994-12-29,FDR_DELISTING,KOSDAQ,범양사,주권,2026-09-06,KRX-DELISTING,True
002530,2014-04-25,1975-06-30,FDR_DELISTING,KOSPI,벽산건설,주권,2026-09-06,KRX-DELISTING,True
002535,2014-04-25,1989-12-23,FDR_DELISTING,KOSPI,벽산건설우,주권,2026-09-06,KRX-DELISTING,True
002540,2010-04-23,1989-10-12,FDR_DELISTING,KOSPI,고제,주권,2026-09-06,KRX-DELISTING,True
002550,2017-07-21,1976-07-05,FDR_DELISTING,KOSPI,KB손해보험,주권,2026-09-06,KRX-DELISTING,True
002580,2002-04-20,1976-03-26,FDR_DELISTING,KOSPI,삼미,주권,2026-09-06,KRX-DELISTING,True
002585,2002-04-20,1988-06-02,FDR_DELISTING,KOSPI,삼미(1우),주권,2026-09-06,KRX-DELISTING,True
002600,,1976-12-23,FDR_DESC,KOSPI,조흥,주권,2026-09-06,KOSPI-DESC,False
002610,2003-03-11,1970-04-13,FDR_DELISTING,KOSPI,LGEI,주권,2026-09-06,KRX-DELISTING,True
002615,2003-03-11,1988-07-02,FDR_DELISTING,KOSPI,LGEI(1우),주권,2026-09-06,KRX-DELISTING,True
002620,,1988-01-20,FDR_DESC,KOSPI,제일파마홀딩스,주권,2026-09-06,KOSPI-DESC,False
002630,,1976-12-28,FDR_DESC,KOSPI,오리엔트바이오,주권,2026-09-06,KOSPI-DESC,False
002670,2012-04-17,1995-01-04,FDR_DELISTING,KOSDAQ,미주제강,주권,2026-09-06,KRX-DELISTING,True
002671,1996-12-29,1996-07-01,FDR_DELISTING,KOSDAQ,미주제강1신,주권,2026-09-06,KRX-DELISTING,True
002680,,1995-07-07,FDR_DESC,KOSDAQ,한탑,주권,2026-09-06,KOSDAQ-DESC,False
002690,,2015-09-24,FDR_DESC,KOSPI,동일제강,주권,2026-09-06,KOSPI-DESC,False
002695,1980-04-19,1975-12-26,FDR_DELISTING,KOSPI,동일제강우,주권,2026-09-06,KRX-DELISTING,True
002700,,1975-09-30,FDR_DESC,KOSPI,신일전자,주권,2026-09-06,KOSPI-DESC,False
002710,,1984-12-21,FDR_DESC,KOSPI,TCC스틸,주권,2026-09-06,KOSPI-DESC,False
002720,,1975-12-27,FDR_DESC,KOSPI,국제약품,주권,2026-09-06,KOSPI-DESC,False
002730,1998-10-17,1986-11-29,FDR_DELISTING,KOSPI,고려증권,주권,2026-09-06,KRX-DELISTING,True
002735,1998-10-17,1989-09-11,FDR_DELISTING,KOSPI,고려증권(1우),주권,2026-09-06,KRX-DELISTING,True
002740,2001-05-18,1976-06-02,FDR_DELISTING,KOSPI,동양화학,주권,2026-09-06,KRX-DELISTING,True
002745,2001-05-18,1990-01-04,FDR_DELISTING,KOSPI,동양화학(1우),주권,2026-09-06,KRX-DELISTING,True
002750,1997-01-01,1996-07-01,FDR_DELISTING,KOSDAQ,피죤,주권,2026-09-06,KRX-DELISTING,True
002760,,1989-11-30,FDR_DESC,KOSPI,보락,주권,2026-09-06,KOSPI-DESC,False
002780,,1977-06-25,FDR_DESC,KOSPI,진흥기업,주권,2026-09-06,KOSPI-DESC,False
002785,,2014-06-17,FDR_FIRST_TRADE,KOSPI,진흥기업우B,주권,2026-09-06,KOSPI-DESC,False
002787,,2014-06-17,FDR_FIRST_TRADE,KOSPI,진흥기업2우B,주권,2026-09-06,KOSPI-DESC,False
002790,,1973-04-30,FDR_DESC,KOSPI,아모레퍼시픽홀딩스,주권,2026-09-06,KOSPI-DESC,False
002795,,2014-06-17,FDR_FIRST_TRADE,KOSPI,아모레퍼시픽홀딩스우,주권,2026-09-06,KOSPI-DESC,False
002797,2014-08-19,2006-12-27,FDR_DELISTING,KOSPI,아모레G2우B,주권,2026-09-06,KRX-DELISTING,True
00279K,,2019-12-26,FDR_FIRST_TRADE,KOSPI,아모레퍼시픽홀딩스3우C,주권,2026-09-06,KOSPI-DESC,False
002800,,2017-02-28,FDR_DESC,KOSDAQ,신신제약,주권,2026-09-06,KOSDAQ-DESC,False
002810,,1988-03-28,FDR_DESC,KOSPI,삼영무역,주권,2026-09-06,KOSPI-DESC,False
002820,,1976-05-22,FDR_DESC,KOSPI,SUN&L,주권,2026-09-06,KOSPI-DESC,False
002830,1998-04-29,1996-07-01,FDR_DELISTING,KOSDAQ,삼능건설,주권,2026-09-06,KRX-DELISTING,True
002840,,1989-09-25,FDR_DESC,KOSPI,미원상사,주권,2026-09-06,KOSPI-DESC,False
002850,2004-04-23,1977-06-29,FDR_DELISTING,KOSPI,영풍산업,주권,2026-09-06,KRX-DELISTING,True
002855,2004-04-23,1994-11-22,FDR_DELISTING,KOSPI,영풍산업(1우),주권,2026-09-06,KRX-DELISTING,True
002857,2004-04-23,1999-12-28,FDR_DELISTING,KOSPI,영풍산업(2우B),주권,2026-09-06,KRX-DELISTING,True
002860,2005-12-12,1962-07-13,FDR_DELISTING,KOSPI,하나은행,주권,2026-09-06,KRX-DELISTING,True
002870,,1976-06-30,FDR_DESC,KOSPI,신풍,주권,2026-09-06,KOSPI-DESC,False
002880,,1977-02-18,FDR_DESC,KOSPI,디와이에이,주권,2026-09-06,KOSPI-DESC,False
002900,,1973-06-26,FDR_DESC,KOSPI,TYM,주권,2026-09-06,KOSPI-DESC,False
002905,1980-03-17,1979-11-26,FDR_DELISTING,KOSPI,동양물산기업우,주권,2026-09-06,KRX-DELISTING,True
002910,1998-12-11,1994-09-16,FDR_DELISTING,KOSPI,진성레미컨,주권,2026-09-06,KRX-DELISTING,True
002920,,1988-10-10,FDR_DESC,KOSPI,유성기업,주권,2026-09-06,KOSPI-DESC,False
002930,2004-05-08,1976-04-28,FDR_DELISTING,KOSPI,삼도물산,주권,2026-09-06,KRX-DELISTING,True
002935,2004-05-08,1989-07-31,FDR_DELISTING,KOSPI,삼도물산(1우),주권,2026-09-06,KRX-DELISTING,True
002940,2000-06-30,1984-11-05,FDR_DELISTING,KOSPI,경동산업,주권,2026-09-06,KRX-DELISTING,True
002950,2004-05-10,1975-12-09,FDR_DELISTING,KOSPI,두산건설,주권,2026-09-06,KRX-DELISTING,True
002955,2004-05-10,1987-07-20,FDR_DELISTING,KOSPI,두산건설(1우),주권,2026-09-06,KRX-DELISTING,True
002957,2004-05-10,1999-01-22,FDR_DELISTING,KOSPI,두산건설(2우B),주권,2026-09-06,KRX-DELISTING,True
002960,,1988-08-10,FDR_DESC,KOSPI,한국쉘석유,주권,2026-09-06,KOSPI-DESC,False
002990,,1976-06-26,FDR_DESC,KOSPI,금호건설,주권,2026-09-06,KOSPI-DESC,False
002995,,2014-06-17,FDR_FIRST_TRADE,KOSPI,금호건설우,주권,2026-09-06,KOSPI-DESC,False
003000,,1988-08-05,FDR_DESC,KOSPI,부광약품,주권,2026-09-06,KOSPI-DESC,False
003010,,1988-09-20,FDR_DESC,KOSPI,혜인,주권,2026-09-06,KOSPI-DESC,False
003020,2004-05-28,1977-05-27,FDR_DELISTING,KOSPI,남양,주권,2026-09-06,KRX-DELISTING,True
003030,,1969-05-13,FDR_DESC,KOSPI,세아제강지주,주권,2026-09-06,KOSPI-DESC,False
003040,2006-11-21,1976-03-18,FDR_DELISTING,KOSPI,한일약품,주권,2026-09-06,KRX-DELISTING,True
003050,2004-12-22,1989-03-13,FDR_DELISTING,KOSPI,넥상스코리아,주권,2026-09-06,KRX-DELISTING,True
003060,,1984-10-19,FDR_DESC,KOSPI,에이프로젠바이오로직스,주권,2026-09-06,KOSPI-DESC,False
003070,,1978-09-15,FDR_DESC,KOSPI,코오롱글로벌,주권,2026-09-06,KOSPI-DESC,False
003075,,2014-06-17,FDR_FIRST_TRADE,KOSPI,코오롱글로벌우,주권,2026-09-06,KOSPI-DESC,False
003079,2006-05-25,2002-05-31,FDR_DELISTING,KOSPI,코오롱건설(3우B),주권,2026-09-06,KRX-DELISTING,True
003080,,1976-12-23,FDR_DESC,KOSPI,SB성보,주권,2026-09-06,KOSPI-DESC,False
003090,,1973-06-26,FDR_DESC,KOSPI,대웅,주권,2026-09-06,KOSPI-DESC,False
003095,1976-04-19,1974-01-29,FDR_DELISTING,KOSPI,대웅우,주권,2026-09-06,KRX-DELISTING,True
0030R0,,2025-07-10,FDR_DESC,KOSPI,대신밸류리츠,주권,2026-09-06,KOSPI-DESC,False
003100,,1999-12-21,FDR_DESC,KOSDAQ,선광,주권,2026-09-06,KOSDAQ-DESC,False
003110,2002-04-19,1976-06-29,FDR_DELISTING,KOSPI,대일화학,주권,2026-09-06,KRX-DELISTING,True
003120,,1985-01-14,FDR_DESC,KOSPI,일성아이에스,주권,2026-09-06,KOSPI-DESC,False
003160,,1996-07-31,FDR_DESC,KOSPI,디아이,주권,2026-09-06,KOSPI-DESC,False
003190,2013-05-03,1976-06-30,FDR_DELISTING,KOSPI,알앤엘바이오,주권,2026-09-06,KRX-DELISTING,True
003200,,1973-05-23,FDR_DESC,KOSPI,일신방직,주권,2026-09-06,KOSPI-DESC,False
003220,,1999-12-15,FDR_DESC,KOSPI,대원제약,주권,2026-09-06,KOSPI-DESC,False
003230,,1975-06-30,FDR_DESC,KOSPI,삼양식품,주권,2026-09-06,KOSPI-DESC,False
003240,,1975-12-27,FDR_DESC,KOSPI,태광산업,주권,2026-09-06,KOSPI-DESC,False
003260,2002-04-30,1989-06-05,FDR_DELISTING,KOSPI,서광,주권,2026-09-06,KRX-DELISTING,True
003280,,1976-06-29,FDR_DESC,KOSPI,흥아해운,주권,2026-09-06,KOSPI-DESC,False
003290,1999-10-27,1988-09-08,FDR_DELISTING,KOSPI,엔케이텔레콤,주권,2026-09-06,KRX-DELISTING,True
003300,,1969-11-20,FDR_DESC,KOSPI,한일홀딩스,주권,2026-09-06,KOSPI-DESC,False
003305,1975-03-17,1969-11-20,FDR_DELISTING,KOSPI,한일시멘트우,주권,2026-09-06,KRX-DELISTING,True
003310,,1992-08-01,FDR_DESC,KOSDAQ,대주산업,주권,2026-09-06,KOSDAQ-DESC,False
003320,2001-09-10,1989-10-20,FDR_DELISTING,KOSPI,신한증권,주권,2026-09-06,KRX-DELISTING,True
003330,2006-10-26,1986-11-25,FDR_DELISTING,KOSPI,하나증권,주권,2026-09-06,KRX-DELISTING,True
003335,2006-10-26,1989-04-21,FDR_DELISTING,KOSPI,하나증권(1우),주권,2026-09-06,KRX-DELISTING,True
003350,,1978-02-06,FDR_DESC,KOSPI,한국화장품제조,주권,2026-09-06,KOSPI-DESC,False
003400,1994-10-13,1989-05-31,FDR_DELISTING,KOSPI,삼성신약,주권,2026-09-06,KRX-DELISTING,True
003410,2024-07-09,1975-05-03,FDR_DELISTING,KOSPI,쌍용C&E,주권,2026-09-06,KRX-DELISTING,True
003415,2020-12-03,1992-04-23,FDR_DELISTING,KOSPI,쌍용양회우,주권,2026-09-06,KRX-DELISTING,True
003417,2014-01-14,1998-04-16,FDR_DELISTING,KOSPI,쌍용양회2우B,주권,2026-09-06,KRX-DELISTING,True
003419,2017-05-16,1999-06-15,FDR_DELISTING,KOSPI,쌍용양회3우B,주권,2026-09-06,KRX-DELISTING,True
00341A,2014-01-13,2000-01-12,FDR_DELISTING,KOSPI,쌍용양회4우B,주권,2026-09-06,KRX-DELISTING,True
00341D,2014-01-13,2000-11-15,FDR_DELISTING,KOSPI,쌍용양회5우B,주권,2026-09-06,KRX-DELISTING,True
003430,2000-06-07,1996-07-01,FDR_DELISTING,KOSDAQ,유진화학,주권,2026-09-06,KRX-DELISTING,True
003450,2016-11-01,1975-09-30,FDR_DELISTING,KOSPI,현대증권,주권,2026-09-06,KRX-DELISTING,True
003455,1989-05-30,1975-09-30,FDR_DELISTING,KOSPI,현대증권우,주권,2026-09-06,KRX-DELISTING,True
003457,2015-01-13,2012-01-11,FDR_DELISTING,KOSPI,현대증권2우B,주권,2026-09-06,KRX-DELISTING,True
003460,,1987-08-24,FDR_DESC,KOSPI,유화증권,주권,2026-09-06,KOSPI-DESC,False
003465,,2014-06-17,FDR_FIRST_TRADE,KOSPI,유화증권우,주권,2026-09-06,KOSPI-DESC,False
003470,,1988-01-21,FDR_DESC,KOSPI,유안타증권,주권,2026-09-06,KOSPI-DESC,False
003475,,2014-06-17,FDR_FIRST_TRADE,KOSPI,유안타증권우,주권,2026-09-06,KOSPI-DESC,False
003480,,1956-03-03,FDR_DESC,KOSPI,한진중공업홀딩스,주권,2026-09-06,KOSPI-DESC,False
003490,,1966-03-18,FDR_DESC,KOSPI,대한항공,주권,2026-09-06,KOSPI-DESC,False
003495,,2014-06-17,FDR_FIRST_TRADE,KOSPI,대한항공우,주권,2026-09-06,KOSPI-DESC,False
003497,2001-04-16,1998-04-25,FDR_DELISTING,KOSPI,대한항공(2우B),주권,2026-09-06,KRX-DELISTING,True
003500,1998-05-19,1973-12-28,FDR_DELISTING,KOSPI,삼진화학,주권,2026-09-06,KRX-DELISTING,True
003520,,1973-06-25,FDR_DESC,KOSPI,영진약품,주권,2026-09-06,KOSPI-DESC,False
003530,,1986-11-25,FDR_DESC,KOSPI,한화투자증권,주권,2026-09-06,KOSPI-DESC,False
003535,,2014-06-17,FDR_FIRST_TRADE,KOSPI,한화투자증권우,주권,2026-09-06,KOSPI-DESC,False
003540,,1975-10-01,FDR_DESC,KOSPI,대신증권,주권,2026-09-06,KOSPI-DESC,False
003545,,2014-06-17,FDR_FIRST_TRADE,KOSPI,대신증권우,주권,2026-09-06,KOSPI-DESC,False
003547,,2014-06-17,FDR_FIRST_TRADE,KOSPI,대신증권2우B,주권,2026-09-06,KOSPI-DESC,False
003550,,1970-02-13,FDR_DESC,KOSPI,LG,주권,2026-09-06,KOSPI-DESC,False
003555,,2014-06-17,FDR_FIRST_TRADE,KOSPI,LG우,주권,2026-09-06,KOSPI-DESC,False
003560,2026-01-15,1973-12-18,FDR_DELISTING,KOSPI,IHQ,주권,2026-09-06,KRX-DELISTING,True
003570,,1976-07-08,FDR_DESC,KOSPI,SNT다이내믹스,주권,2026-09-06,KOSPI-DESC,False
003580,,1990-03-23,FDR_DESC,KOSPI,HLB글로벌,주권,2026-09-06,KOSPI-DESC,False
003590,2004-07-21,1986-04-29,FDR_DELISTING,KOSPI,광덕물산,주권,2026-09-06,KRX-DELISTING,True
003595,2004-07-21,2001-11-06,FDR_DELISTING,KOSPI,광덕물산(1우B),주권,2026-09-06,KRX-DELISTING,True
003600,2015-08-17,1984-11-12,FDR_DELISTING,KOSPI,SK,주권,2026-09-06,KRX-DELISTING,True
003605,2015-08-17,1990-04-24,FDR_DELISTING,KOSPI,SK우,주권,2026-09-06,KRX-DELISTING,True
003610,,1989-05-30,FDR_DESC,KOSPI,방림,주권,2026-09-06,KOSPI-DESC,False
003620,,1975-05-29,FDR_DESC,KOSPI,KG모빌리티,주권,2026-09-06,KOSPI-DESC,False
003640,2015-01-16,1973-06-30,FDR_DELISTING,KOSPI,유니온스틸,주권,2026-09-06,KRX-DELISTING,True
003650,,1989-09-27,FDR_DESC,KOSPI,미창석유,주권,2026-09-06,KOSPI-DESC,False
003660,2008-08-20,1987-01-23,FDR_DELISTING,KOSPI,고려시멘트,주권,2026-09-06,KRX-DELISTING,True
003665,1998-02-03,1990-06-11,FDR_DELISTING,KOSPI,고려시멘트(1우),주권,2026-09-06,KRX-DELISTING,True
003670,,2019-05-29,FDR_DESC,KOSPI,포스코퓨처엠,주권,2026-09-06,KOSPI-DESC,False
003680,,1989-01-26,FDR_DESC,KOSPI,한성기업,주권,2026-09-06,KOSPI-DESC,False
003690,,1969-12-22,FDR_DESC,KOSPI,코리안리,주권,2026-09-06,KOSPI-DESC,False
003700,1997-07-10,1996-07-01,FDR_DELISTING,KOSDAQ,비락,주권,2026-09-06,KRX-DELISTING,True
003701,1996-12-29,1996-07-01,FDR_DELISTING,KOSDAQ,비락1신,주권,2026-09-06,KRX-DELISTING,True
003720,,1976-06-30,FDR_DESC,KOSPI,삼영,주권,2026-09-06,KOSPI-DESC,False
003780,,1973-06-26,FDR_DESC,KOSPI,진양산업,주권,2026-09-06,KOSPI-DESC,False
0037T0,,2025-07-04,FDR_DESC,KOSDAQ,KB제32호스팩,주권,2026-09-06,KOSDAQ-DESC,False
003800,,1996-05-03,FDR_DESC,KOSDAQ,에이스침대,주권,2026-09-06,KOSDAQ-DESC,False
003810,2001-05-23,1973-08-10,FDR_DELISTING,KOSPI,대우,주권,2026-09-06,KRX-DELISTING,True
003815,1981-03-31,1977-06-30,FDR_DELISTING,KOSPI,대우우,주권,2026-09-06,KRX-DELISTING,True
003830,,1985-12-23,FDR_DESC,KOSPI,대한화섬,주권,2026-09-06,KOSPI-DESC,False
003840,1999-10-02,1989-09-08,FDR_DELISTING,KOSPI,중    원,주권,2026-09-06,KRX-DELISTING,True
003850,,1988-10-24,FDR_DESC,KOSPI,보령,주권,2026-09-06,KOSPI-DESC,False
003860,1999-10-30,1996-07-01,FDR_DELISTING,KOSDAQ,성담,주권,2026-09-06,KRX-DELISTING,True
003890,1997-07-10,1996-07-01,FDR_DELISTING,KOSDAQ,삼일공사,주권,2026-09-06,KRX-DELISTING,True
003900,2004-03-11,1979-02-15,FDR_DELISTING,KOSPI,해태유업,주권,2026-09-06,KRX-DELISTING,True
003905,2004-03-11,1989-01-26,FDR_DELISTING,KOSPI,해태유업(1우),주권,2026-09-06,KRX-DELISTING,True
003920,,1978-06-24,FDR_DESC,KOSPI,남양유업,주권,2026-09-06,KOSPI-DESC,False
003925,,2014-06-17,FDR_FIRST_TRADE,KOSPI,남양유업우,주권,2026-09-06,KOSPI-DESC,False
003930,2004-06-29,1976-06-30,FDR_DELISTING,KOSPI,부흥,주권,2026-09-06,KRX-DELISTING,True
003940,2016-01-21,1987-06-26,FDR_DELISTING,KOSPI,삼양제넥스,주권,2026-09-06,KRX-DELISTING,True
003945,2016-01-21,1990-02-21,FDR_DELISTING,KOSPI,삼양제넥우,주권,2026-09-06,KRX-DELISTING,True
003960,,1976-09-16,FDR_DESC,KOSPI,사조대림,주권,2026-09-06,KOSPI-DESC,False
003965,2014-07-15,1995-02-21,FDR_DELISTING,KOSPI,사조대림우,주권,2026-09-06,KRX-DELISTING,True
003970,1997-01-31,1975-06-30,FDR_DELISTING,KOSPI,동부산업,주권,2026-09-06,KRX-DELISTING,True
003975,1997-01-31,1992-04-16,FDR_DELISTING,KOSPI,동부산업(1우),주권,2026-09-06,KRX-DELISTING,True
003980,2003-09-24,1974-01-09,FDR_DELISTING,KOSPI,한일합섬,주권,2026-09-06,KRX-DELISTING,True
003985,2003-09-24,1989-12-23,FDR_DELISTING,KOSPI,한일합섬(1우),주권,2026-09-06,KRX-DELISTING,True
003990,2009-04-30,1976-12-27,FDR_DELISTING,KOSPI,BHK,주권,2026-09-06,KRX-DELISTING,True
0039P0,,2026-07-01,FDR_DESC,KOSDAQ,매드업,주권,2026-09-06,KOSDAQ-DESC,False
004000,,1976-04-15,FDR_DESC,KOSPI,롯데정밀화학,주권,2026-09-06,KOSPI-DESC,False
004010,2013-01-22,1975-12-12,FDR_DELISTING,KOSPI,롯데미도파,주권,2026-09-06,KRX-DELISTING,True
004020,,1987-05-23,FDR_DESC,KOSPI,현대제철,주권,2026-09-06,KOSPI-DESC,False
004025,2010-03-22,2000-04-12,FDR_DELISTING,KOSPI,현대제철 1우B,주권,2026-09-06,KRX-DELISTING,True
004060,,1976-04-19,FDR_DESC,KOSPI,SG세계물산,주권,2026-09-06,KOSPI-DESC,False
004080,,1991-02-08,FDR_DESC,KOSPI,신흥,주권,2026-09-06,KOSPI-DESC,False
004090,,1977-06-25,FDR_DESC,KOSPI,한국석유,주권,2026-09-06,KOSPI-DESC,False
004100,,1976-05-25,FDR_DESC,KOSPI,태양금속,주권,2026-09-06,KOSPI-DESC,False
004105,,2014-06-17,FDR_FIRST_TRADE,KOSPI,태양금속우,주권,2026-09-06,KOSPI-DESC,False
004110,2002-04-27,1989-01-21,FDR_DELISTING,KOSPI,대선주조,주권,2026-09-06,KRX-DELISTING,True
004130,2018-12-19,1987-08-10,FDR_DELISTING,KOSPI,대덕GDS,주권,2026-09-06,KRX-DELISTING,True
004135,2018-12-19,1988-10-21,FDR_DELISTING,KOSPI,대덕GDS우,주권,2026-09-06,KRX-DELISTING,True
004137,2009-07-27,1999-07-26,FDR_DELISTING,KOSPI,대덕GDS2우B,주권,2026-09-06,KRX-DELISTING,True
004140,,1988-08-10,FDR_DESC,KOSPI,동방,주권,2026-09-06,KOSPI-DESC,False
004145,2007-06-18,2006-05-11,FDR_DELISTING,KOSPI,동방(1우B),주권,2026-09-06,KRX-DELISTING,True
004147,2010-06-29,2007-07-13,FDR_DELISTING,KOSPI,동방전환상환2우B,주권,2026-09-06,KRX-DELISTING,True
004149,2011-01-21,2007-09-13,FDR_DELISTING,KOSPI,동방전환상환3우B,주권,2026-09-06,KRX-DELISTING,True
004150,,1972-05-17,FDR_DESC,KOSPI,한솔홀딩스,주권,2026-09-06,KOSPI-DESC,False
004155,2003-06-05,1992-03-20,FDR_DELISTING,KOSPI,한솔제지(1우),주권,2026-09-06,KRX-DELISTING,True
004170,,1985-08-19,FDR_DESC,KOSPI,신세계,주권,2026-09-06,KOSPI-DESC,False
004175,2004-12-22,1999-12-28,FDR_DELISTING,KOSPI,신세계(1우B),주권,2026-09-06,KRX-DELISTING,True
004190,2004-03-31,1977-06-22,FDR_DELISTING,KOSPI,스마텔,주권,2026-09-06,KRX-DELISTING,True
0041B0,,2025-08-14,FDR_DESC,KOSDAQ,교보18호스팩,주권,2026-09-06,KOSDAQ-DESC,False
0041J0,,2025-07-22,FDR_DESC,KOSDAQ,엘에스스팩1호,주권,2026-09-06,KOSDAQ-DESC,False
0041L0,,2025-08-06,FDR_DESC,KOSDAQ,하나35호스팩,주권,2026-09-06,KOSDAQ-DESC,False
004200,2020-07-21,1978-10-30,FDR_DELISTING,KOSPI,고려개발,주권,2026-09-06,KRX-DELISTING,True
004205,1985-04-22,1978-10-30,FDR_DELISTING,KOSPI,고려개발우,주권,2026-09-06,KRX-DELISTING,True
004210,1999-02-12,1978-06-28,FDR_DELISTING,KOSPI,한일방직,주권,2026-09-06,KRX-DELISTING,True
004230,2009-04-30,1978-07-28,FDR_DELISTING,KOSPI,세신,주권,2026-09-06,KRX-DELISTING,True
004235,1982-04-12,1978-07-28,FDR_DELISTING,KOSPI,세신우,주권,2026-09-06,KRX-DELISTING,True
004250,,1969-09-08,FDR_DESC,KOSPI,NPC,주권,2026-09-06,KOSPI-DESC,False
004255,,2014-06-17,FDR_FIRST_TRADE,KOSPI,NPC우,주권,2026-09-06,KOSPI-DESC,False
004260,1997-08-29,1978-09-23,FDR_DELISTING,KOSPI,대성자원,주권,2026-09-06,KRX-DELISTING,True
004270,,1989-11-14,FDR_DESC,KOSPI,남성,주권,2026-09-06,KOSPI-DESC,False
004280,1999-07-16,1988-10-20,FDR_DELISTING,KOSPI,아시아차,주권,2026-09-06,KRX-DELISTING,True
004290,2002-01-18,1977-05-17,FDR_DELISTING,KOSPI,아이케이,주권,2026-09-06,KRX-DELISTING,True
004295,2002-01-18,1995-01-21,FDR_DELISTING,KOSPI,아이케이(1우),주권,2026-09-06,KRX-DELISTING,True
004310,,1978-06-28,FDR_DESC,KOSPI,현대약품,주권,2026-09-06,KOSPI-DESC,False
004320,2015-04-13,1991-12-06,FDR_DELISTING,KOSDAQ,울트라건설,주권,2026-09-06,KRX-DELISTING,True
004321,1996-12-29,1996-07-27,FDR_DELISTING,KOSDAQ,유원건설1신,주권,2026-09-06,KRX-DELISTING,True
004325,2015-04-13,2001-01-22,FDR_DELISTING,KOSDAQ,울트라건설우,주권,2026-09-06,KRX-DELISTING,True
004330,1994-12-23,1976-12-28,FDR_DELISTING,KOSPI,진영산업,주권,2026-09-06,KRX-DELISTING,True
004335,1980-11-27,1976-12-28,FDR_DELISTING,KOSPI,진영산업우,주권,2026-09-06,KRX-DELISTING,True
004350,1994-10-13,1989-08-22,FDR_DELISTING,KOSPI,한일양행의약품,주권,2026-09-06,KRX-DELISTING,True
004360,,1977-05-19,FDR_DESC,KOSPI,세방,주권,2026-09-06,KOSPI-DESC,False
004365,,2014-06-17,FDR_FIRST_TRADE,KOSPI,세방우,주권,2026-09-06,KOSPI-DESC,False
004367,2015-04-15,2005-03-31,FDR_DELISTING,KOSPI,세방2우B,주권,2026-09-06,KRX-DELISTING,True
004370,,1976-06-30,FDR_DESC,KOSPI,농심,주권,2026-09-06,KOSPI-DESC,False
004380,,1989-09-26,FDR_DESC,KOSPI,삼익THK,주권,2026-09-06,KOSPI-DESC,False
004390,2002-04-13,1974-03-30,FDR_DELISTING,KOSPI,오리온전기,주권,2026-09-06,KRX-DELISTING,True
004410,,1973-12-28,FDR_DESC,KOSPI,서울식품,주권,2026-09-06,KOSPI-DESC,False
004415,,2014-06-17,FDR_FIRST_TRADE,KOSPI,서울식품우,주권,2026-09-06,KOSPI-DESC,False
004420,2002-04-27,1976-07-15,FDR_DELISTING,KOSPI,동국무역,주권,2026-09-06,KRX-DELISTING,True
004430,,1977-06-25,FDR_DESC,KOSPI,송원산업,주권,2026-09-06,KOSPI-DESC,False
004440,,2016-03-30,FDR_DESC,KOSPI,삼일씨엔에스,주권,2026-09-06,KOSPI-DESC,False
004450,,1976-05-28,FDR_DESC,KOSPI,삼화왕관,주권,2026-09-06,KOSPI-DESC,False
004460,2002-04-12,1978-08-02,FDR_DELISTING,KOSPI,고합,주권,2026-09-06,KRX-DELISTING,True
004465,2002-04-12,1989-01-21,FDR_DELISTING,KOSPI,고합(1우),주권,2026-09-06,KRX-DELISTING,True
004480,1999-09-09,1996-07-01,FDR_DELISTING,KOSDAQ,동방전자산업,주권,2026-09-06,KRX-DELISTING,True
004481,1997-12-29,1997-04-28,FDR_DELISTING,KOSDAQ,동방전자산업1신,주권,2026-09-06,KRX-DELISTING,True
004490,,1987-11-28,FDR_DESC,KOSPI,세방전지,주권,2026-09-06,KOSPI-DESC,False
0044K0,,2025-08-21,FDR_DESC,KOSDAQ,삼성스팩10호,주권,2026-09-06,KOSDAQ-DESC,False
004510,2004-04-28,1996-10-16,FDR_DELISTING,KOSPI,디와이홀딩스,주권,2026-09-06,KRX-DELISTING,True
004520,1997-01-01,1996-07-01,FDR_DELISTING,KOSDAQ,삼호건설,주권,2026-09-06,KRX-DELISTING,True
004530,2008-04-22,1988-06-18,FDR_DELISTING,KOSPI,SY,주권,2026-09-06,KRX-DELISTING,True
004540,,1975-06-25,FDR_DESC,KOSPI,깨끗한나라,주권,2026-09-06,KOSPI-DESC,False
004545,,2014-06-17,FDR_FIRST_TRADE,KOSPI,깨끗한나라우,주권,2026-09-06,KOSPI-DESC,False
004550,2012-06-22,1978-07-31,FDR_DELISTING,KOSPI,대우송도개발,주권,2026-09-06,KRX-DELISTING,True
004555,2012-06-22,1987-11-13,FDR_DELISTING,KOSPI,대우송도개발1우,주권,2026-09-06,KRX-DELISTING,True
004560,,1987-03-24,FDR_DESC,KOSPI,현대비앤지스틸,주권,2026-09-06,KOSPI-DESC,False
004565,2023-07-17,1989-08-31,FDR_DELISTING,KOSPI,현대비앤지스틸우,주권,2026-09-06,KRX-DELISTING,True
004590,,1993-06-03,FDR_DESC,KOSDAQ,한국가구,주권,2026-09-06,KOSDAQ-DESC,False
004600,1997-10-22,1975-09-12,FDR_DELISTING,KOSPI,두산음료,주권,2026-09-06,KRX-DELISTING,True
004605,1997-10-22,1987-08-20,FDR_DELISTING,KOSPI,두산음료(1우),주권,2026-09-06,KRX-DELISTING,True
004610,1994-10-13,1989-08-25,FDR_DELISTING,KOSPI,성화,주권,2026-09-06,KRX-DELISTING,True
004620,2011-05-17,1988-05-19,FDR_DELISTING,KOSPI,캠브리지코오롱,주권,2026-09-06,KRX-DELISTING,True
004650,,2014-07-30,FDR_DESC,KOSDAQ,창해에탄올,주권,2026-09-06,KOSDAQ-DESC,False
004660,2005-03-30,1977-06-30,FDR_DELISTING,KOSPI,신동방CP,주권,2026-09-06,KRX-DELISTING,True
004690,,1976-12-23,FDR_DESC,KOSPI,삼천리,주권,2026-09-06,KOSPI-DESC,False
004700,,1977-05-27,FDR_DESC,KOSPI,조광피혁,주권,2026-09-06,KOSPI-DESC,False
004710,,1988-07-06,FDR_DESC,KOSPI,한솔테크닉스,주권,2026-09-06,KOSPI-DESC,False
004720,,1990-06-15,FDR_DESC,KOSPI,팜젠사이언스,주권,2026-09-06,KOSPI-DESC,False
004730,2000-01-29,1973-08-24,FDR_DELISTING,KOSPI,진로식품,주권,2026-09-06,KRX-DELISTING,True
004735,2000-01-29,1995-04-21,FDR_DELISTING,KOSPI,진로식품(1우),주권,2026-09-06,KRX-DELISTING,True
004740,2017-07-05,1988-09-22,FDR_DELISTING,KOSPI,보루네오,주권,2026-09-06,KRX-DELISTING,True
004750,1998-08-10,1996-07-01,FDR_DELISTING,KOSDAQ,삼우인다스트리얼,주권,2026-09-06,KRX-DELISTING,True
004770,,1987-04-22,FDR_DESC,KOSPI,써니전자,주권,2026-09-06,KOSPI-DESC,False
004780,,1994-12-29,FDR_DESC,KOSDAQ,대륙제관,주권,2026-09-06,KOSDAQ-DESC,False
004790,2014-03-04,1995-12-23,FDR_DELISTING,KOSDAQ,렉스엘이앤지,주권,2026-09-06,KRX-DELISTING,True
004791,1997-12-29,1997-08-30,FDR_DELISTING,KOSDAQ,기륭전자1신,주권,2026-09-06,KRX-DELISTING,True
004800,,1973-06-30,FDR_DESC,KOSPI,효성,주권,2026-09-06,KOSPI-DESC,False
004820,2010-04-15,1990-06-04,FDR_DELISTING,KOSPI,조인에너지,주권,2026-09-06,KRX-DELISTING,True
004830,,1987-09-25,FDR_DESC,KOSPI,덕성,주권,2026-09-06,KOSPI-DESC,False
004835,,2014-06-17,FDR_FIRST_TRADE,KOSPI,덕성우,주권,2026-09-06,KOSPI-DESC,False
004837,2004-03-16,1999-03-17,FDR_DELISTING,KOSPI,덕성(2우B),주권,2026-09-06,KRX-DELISTING,True
004840,,1976-05-21,FDR_DESC,KOSPI,DRB동일,주권,2026-09-06,KOSPI-DESC,False
004870,,1977-06-30,FDR_DESC,KOSPI,티웨이홀딩스,주권,2026-09-06,KOSPI-DESC,False
004890,,2005-06-30,FDR_DESC,KOSPI,동일산업,주권,2026-09-06,KOSPI-DESC,False
004910,,1976-12-27,FDR_DESC,KOSPI,조광페인트,주권,2026-09-06,KOSPI-DESC,False
004920,,1989-11-30,FDR_DESC,KOSPI,씨아이테크,주권,2026-09-06,KOSPI-DESC,False
004940,2013-04-26,1994-04-04,FDR_DELISTING,KOSPI,외환은행,주권,2026-09-06,KRX-DELISTING,True
004945,2001-08-23,1999-05-17,FDR_DELISTING,KOSPI,외환은행(1우B),주권,2026-09-06,KRX-DELISTING,True
004947,2001-08-23,2001-01-15,FDR_DELISTING,KOSPI,외환은행(2우B),주권,2026-09-06,KRX-DELISTING,True
004960,,1976-07-07,FDR_DESC,KOSPI,한신공영,주권,2026-09-06,KOSPI-DESC,False
004965,2014-07-15,1989-12-22,FDR_DELISTING,KOSPI,한신공영우,주권,2026-09-06,KRX-DELISTING,True
004970,,1976-06-30,FDR_DESC,KOSPI,신라교역,주권,2026-09-06,KOSPI-DESC,False
004980,,1976-06-30,FDR_DESC,KOSPI,성신양회,주권,2026-09-06,KOSPI-DESC,False
004985,,2014-06-17,FDR_FIRST_TRADE,KOSPI,성신양회우,주권,2026-09-06,KOSPI-DESC,False
004987,2019-05-10,1999-03-15,FDR_DELISTING,KOSPI,성신양회2우B,주권,2026-09-06,KRX-DELISTING,True
004989,2019-05-10,2001-02-01,FDR_DELISTING,KOSPI,성신양회3우B,주권,2026-09-06,KRX-DELISTING,True
004990,,1974-02-16,FDR_DESC,KOSPI,롯데지주,주권,2026-09-06,KOSPI-DESC,False
00499K,,2017-10-30,FDR_FIRST_TRADE,KOSPI,롯데지주우,주권,2026-09-06,KOSPI-DESC,False
005000,1997-06-16,1976-06-30,FDR_DELISTING,KOSPI,남선물산,주권,2026-09-06,KRX-DELISTING,True
005010,,1973-06-29,FDR_DESC,KOSPI,휴스틸,주권,2026-09-06,KOSPI-DESC,False
005015,1996-05-12,1973-06-29,FDR_DELISTING,KOSPI,한국강관(1우),주권,2026-09-06,KRX-DELISTING,True
005020,1999-01-08,1980-06-19,FDR_DELISTING,KOSPI,장기은행,주권,2026-09-06,KRX-DELISTING,True
005030,,1975-12-26,FDR_DESC,KOSPI,부산주공,주권,2026-09-06,KOSPI-DESC,False
005035,1982-03-12,1975-12-26,FDR_DELISTING,KOSPI,부산주공우,주권,2026-09-06,KRX-DELISTING,True
005040,1998-10-09,1988-09-07,FDR_DELISTING,KOSPI,두산기계,주권,2026-09-06,KRX-DELISTING,True
005060,2002-04-19,1987-05-29,FDR_DELISTING,KOSPI,대우통신,주권,2026-09-06,KRX-DELISTING,True
005070,,1987-09-28,FDR_DESC,KOSPI,코스모신소재,주권,2026-09-06,KOSPI-DESC,False
005090,,1993-01-06,FDR_DESC,KOSPI,SGC에너지,주권,2026-09-06,KOSPI-DESC,False
005100,1999-06-16,1991-12-23,FDR_DELISTING,KOSPI,쌍용제지,주권,2026-09-06,KRX-DELISTING,True
005105,1999-06-16,1991-12-23,FDR_DELISTING,KOSPI,쌍용제지(1우),주권,2026-09-06,KRX-DELISTING,True
005110,,1976-06-01,FDR_DESC,KOSPI,한창,주권,2026-09-06,KOSPI-DESC,False
005160,,1999-06-25,FDR_DESC,KOSDAQ,동국산업,주권,2026-09-06,KOSDAQ-DESC,False
005180,,1978-08-31,FDR_DESC,KOSPI,빙그레,주권,2026-09-06,KOSPI-DESC,False
005190,2021-04-16,1988-07-01,FDR_DELISTING,KOSPI,동성화학,주권,2026-09-06,KRX-DELISTING,True
005250,,1978-08-28,FDR_DESC,KOSPI,녹십자홀딩스,주권,2026-09-06,KOSPI-DESC,False
005255,2017-08-07,1994-11-22,FDR_DELISTING,KOSPI,녹십자홀딩스1우,주권,2026-09-06,KRX-DELISTING,True
005257,,2014-06-17,FDR_FIRST_TRADE,KOSPI,녹십자홀딩스2우,주권,2026-09-06,KOSPI-DESC,False
005270,2011-06-07,1972-05-12,FDR_DELISTING,KOSPI,대구은행,주권,2026-09-06,KRX-DELISTING,True
005280,2011-03-30,1972-06-15,FDR_DELISTING,KOSPI,부산은행,주권,2026-09-06,KRX-DELISTING,True
005290,,1999-12-21,FDR_DESC,KOSDAQ,동진쎄미켐,주권,2026-09-06,KOSDAQ-DESC,False
005300,,1973-06-21,FDR_DESC,KOSPI,롯데칠성,주권,2026-09-06,KOSPI-DESC,False
005305,,2014-06-17,FDR_FIRST_TRADE,KOSPI,롯데칠성우,주권,2026-09-06,KOSPI-DESC,False
005320,,1996-12-24,FDR_DESC,KOSPI,온타이드,주권,2026-09-06,KOSPI-DESC,False
005321,1996-12-24,1996-10-30,FDR_DELISTING,KOSDAQ,국동1신,주권,2026-09-06,KRX-DELISTING,True
005330,2007-06-20,1989-05-30,FDR_DELISTING,KOSPI,카스코,주권,2026-09-06,KRX-DELISTING,True
005350,2011-04-15,1988-08-12,FDR_DELISTING,KOSPI,봉신,주권,2026-09-06,KRX-DELISTING,True
005360,,1974-06-26,FDR_DESC,KOSPI,모나미,주권,2026-09-06,KOSPI-DESC,False
005370,2000-06-07,1996-07-01,FDR_DELISTING,KOSDAQ,원진,주권,2026-09-06,KRX-DELISTING,True
005371,1996-12-29,1996-11-04,FDR_DELISTING,KOSDAQ,원진1신,주권,2026-09-06,KRX-DELISTING,True
005380,,1974-06-28,FDR_DESC,KOSPI,현대차,주권,2026-09-06,KOSPI-DESC,False
005385,,2014-06-17,FDR_FIRST_TRADE,KOSPI,현대차우,주권,2026-09-06,KOSPI-DESC,False
005387,,2014-06-17,FDR_FIRST_TRADE,KOSPI,현대차2우B,주권,2026-09-06,KOSPI-DESC,False
005389,,2014-06-17,FDR_FIRST_TRADE,KOSPI,현대차3우B,주권,2026-09-06,KOSPI-DESC,False
005390,2025-09-30,1975-12-22,FDR_DELISTING,KOSPI,신성통상,주권,2026-09-06,KRX-DELISTING,True
005410,2000-09-09,1988-12-24,FDR_DELISTING,KOSPI,신광산업,주권,2026-09-06,KRX-DELISTING,True
005420,,1987-07-23,FDR_DESC,KOSPI,코스모화학,주권,2026-09-06,KOSPI-DESC,False
005430,,1976-12-28,FDR_DESC,KOSPI,한국공항,주권,2026-09-06,KOSPI-DESC,False
005440,,1989-08-22,FDR_DESC,KOSPI,현대지에프홀딩스,주권,2026-09-06,KOSPI-DESC,False
005450,2020-06-30,1978-07-28,FDR_DELISTING,KOSPI,신한,주권,2026-09-06,KRX-DELISTING,True
005470,1996-10-18,1996-07-01,FDR_DELISTING,KOSDAQ,한국염공,주권,2026-09-06,KRX-DELISTING,True
005490,,1988-06-10,FDR_DESC,KOSPI,POSCO홀딩스,주권,2026-09-06,KOSPI-DESC,False
0054V0,,2025-12-05,FDR_DESC,KOSDAQ,엔에이치스팩32호,주권,2026-09-06,KOSDAQ-DESC,False
005500,,1988-06-18,FDR_DESC,KOSPI,삼진제약,주권,2026-09-06,KOSPI-DESC,False
005510,1999-02-25,1972-06-26,FDR_DELISTING,KOSPI,충청은행,주권,2026-09-06,KRX-DELISTING,True
005560,2014-04-10,2007-11-12,FDR_DELISTING,KOSPI,JS전선,주권,2026-09-06,KRX-DELISTING,True
005580,2000-06-30,1976-12-28,FDR_DELISTING,KOSPI,삼익주택,주권,2026-09-06,KRX-DELISTING,True
005600,2005-01-06,1990-03-09,FDR_DELISTING,KOSPI,중앙제지,주권,2026-09-06,KRX-DELISTING,True
005605,2005-01-06,2001-08-10,FDR_DELISTING,KOSPI,중앙제지(1우B),주권,2026-09-06,KRX-DELISTING,True
005610,,1975-05-02,FDR_DESC,KOSPI,삼립,주권,2026-09-06,KOSPI-DESC,False
005620,2017-08-25,1976-12-28,FDR_DELISTING,KOSPI,대성합동지주,주권,2026-09-06,KRX-DELISTING,True
005650,1998-03-13,1996-07-01,FDR_DELISTING,KOSDAQ,단암산업,주권,2026-09-06,KRX-DELISTING,True
005660,1999-08-27,1978-08-28,FDR_DELISTING,KOSPI,한진건설,주권,2026-09-06,KRX-DELISTING,True
005670,,1993-12-07,FDR_DESC,KOSDAQ,푸드웰,주권,2026-09-06,KOSDAQ-DESC,False
005671,1998-06-29,1997-10-28,FDR_DELISTING,KOSDAQ,협성농산1신,주권,2026-09-06,KRX-DELISTING,True
005672,1998-06-29,1998-01-24,FDR_DELISTING,KOSDAQ,협성농산2신,주권,2026-09-06,KRX-DELISTING,True
005680,,1976-12-28,FDR_DESC,KOSPI,삼영전자,주권,2026-09-06,KOSPI-DESC,False
005690,,1988-05-20,FDR_DESC,KOSPI,파미셀,주권,2026-09-06,KOSPI-DESC,False
005710,,1993-06-21,FDR_DESC,KOSDAQ,대원산업,주권,2026-09-06,KOSDAQ-DESC,False
005720,,1987-12-19,FDR_DESC,KOSPI,넥센,주권,2026-09-06,KOSPI-DESC,False
005725,,2014-06-17,FDR_FIRST_TRADE,KOSPI,넥센우,주권,2026-09-06,KOSPI-DESC,False
005740,,1976-06-30,FDR_DESC,KOSPI,크라운해태홀딩스,주권,2026-09-06,KOSPI-DESC,False
005745,,2014-06-17,FDR_FIRST_TRADE,KOSPI,크라운해태홀딩스우,주권,2026-09-06,KOSPI-DESC,False
005750,,1992-12-23,FDR_DESC,KOSPI,대림바스,주권,2026-09-06,KOSPI-DESC,False
005760,2009-02-19,1976-04-01,FDR_DELISTING,KOSPI,위너스인프라인,주권,2026-09-06,KRX-DELISTING,True
005770,2003-04-16,1973-02-26,FDR_DELISTING,KOSPI,광주은행,주권,2026-09-06,KRX-DELISTING,True
005790,2000-02-12,1988-01-25,FDR_DELISTING,KOSPI,만도기계,주권,2026-09-06,KRX-DELISTING,True
005795,2000-02-12,1988-08-05,FDR_DELISTING,KOSPI,만도기계(1우),주권,2026-09-06,KRX-DELISTING,True
005797,2000-02-12,1998-01-12,FDR_DELISTING,KOSPI,만도기계(2우B),주권,2026-09-06,KRX-DELISTING,True
005800,,1976-12-28,FDR_DESC,KOSPI,신영와코루,주권,2026-09-06,KOSPI-DESC,False
005810,,1988-07-28,FDR_DESC,KOSPI,풍산홀딩스,주권,2026-09-06,KOSPI-DESC,False
005820,,1990-04-20,FDR_DESC,KOSPI,원림,주권,2026-09-06,KOSPI-DESC,False
005830,,1973-06-28,FDR_DESC,KOSPI,DB손해보험,주권,2026-09-06,KOSPI-DESC,False
005850,,1988-11-08,FDR_DESC,KOSPI,에스엘,주권,2026-09-06,KOSPI-DESC,False
005860,,1994-11-07,FDR_DESC,KOSDAQ,한일사료,주권,2026-09-06,KOSDAQ-DESC,False
005870,,1991-09-03,FDR_DESC,KOSPI,휴니드,주권,2026-09-06,KOSPI-DESC,False
005880,,1992-04-23,FDR_DESC,KOSPI,대한해운,주권,2026-09-06,KOSPI-DESC,False
005890,2003-07-21,1986-12-24,FDR_DELISTING,KOSPI,동원증권,주권,2026-09-06,KRX-DELISTING,True
005895,2003-07-21,1989-12-22,FDR_DELISTING,KOSPI,동원증권(1우),주권,2026-09-06,KRX-DELISTING,True
005897,2003-07-21,2000-06-13,FDR_DELISTING,KOSPI,동원증권(2우B),주권,2026-09-06,KRX-DELISTING,True
005900,2014-04-25,1974-08-26,FDR_DELISTING,KOSPI,동양건설,주권,2026-09-06,KRX-DELISTING,True
005930,,1975-06-11,FDR_DESC,KOSPI,삼성전자,주권,2026-09-06,KOSPI-DESC,False
005935,,2014-06-17,FDR_FIRST_TRADE,KOSPI,삼성전자우,주권,2026-09-06,KOSPI-DESC,False
005940,,1975-09-30,FDR_DESC,KOSPI,NH투자증권,주권,2026-09-06,KOSPI-DESC,False
005945,,2014-06-17,FDR_FIRST_TRADE,KOSPI,NH투자증권우,주권,2026-09-06,KOSPI-DESC,False
005950,,1988-04-28,FDR_DESC,KOSPI,이수화학,주권,2026-09-06,KOSPI-DESC,False
005960,,1978-10-30,FDR_DESC,KOSPI,동부건설,주권,2026-09-06,KOSPI-DESC,False
005965,,2014-06-17,FDR_FIRST_TRADE,KOSPI,동부건설우,주권,2026-09-06,KOSPI-DESC,False
005980,2018-10-04,1995-03-17,FDR_DELISTING,KOSPI,성지건설,주권,2026-09-06,KRX-DELISTING,True
005990,,1999-05-14,FDR_DESC,KOSDAQ,매일홀딩스,주권,2026-09-06,KOSDAQ-DESC,False
006000,2000-01-18,1996-07-01,FDR_DELISTING,KOSDAQ,남송개발,주권,2026-09-06,KRX-DELISTING,True
006040,,1989-03-07,FDR_DESC,KOSPI,동원산업,주권,2026-09-06,KOSPI-DESC,False
006050,,1994-10-07,FDR_DESC,KOSDAQ,국영지앤엠,주권,2026-09-06,KOSDAQ-DESC,False
006051,1997-12-29,1997-12-27,FDR_DELISTING,KOSDAQ,국영글라스1신,주권,2026-09-06,KRX-DELISTING,True
006060,,1991-02-04,FDR_DESC,KOSPI,화승인더,주권,2026-09-06,KOSPI-DESC,False
006070,2009-05-13,1989-06-20,FDR_DELISTING,KOSPI,기린,주권,2026-09-06,KRX-DELISTING,True
006090,,1986-12-24,FDR_DESC,KOSPI,사조오양,주권,2026-09-06,KOSPI-DESC,False
006110,,1980-12-05,FDR_DESC,KOSPI,삼아알미늄,주권,2026-09-06,KOSPI-DESC,False
006120,,1976-06-29,FDR_DESC,KOSPI,SK디스커버리,주권,2026-09-06,KOSPI-DESC,False
006125,,2014-06-17,FDR_FIRST_TRADE,KOSPI,SK디스커버리우,주권,2026-09-06,KOSPI-DESC,False
006140,,1993-12-07,FDR_DESC,KOSDAQ,피제이전자,주권,2026-09-06,KOSDAQ-DESC,False
006150,2005-04-08,1994-08-12,FDR_DELISTING,KOSPI,한메NS,주권,2026-09-06,KRX-DELISTING,True
006160,2000-12-12,1988-05-24,FDR_DELISTING,KOSPI,신화건설,주권,2026-09-06,KRX-DELISTING,True
006165,2000-12-12,1990-02-21,FDR_DELISTING,KOSPI,신화건설(1우),주권,2026-09-06,KRX-DELISTING,True
006200,,1979-11-30,FDR_DESC,KOSPI,한국전자홀딩스,주권,2026-09-06,KOSPI-DESC,False
006210,2009-07-15,1977-06-29,FDR_DELISTING,KOSPI,휴리프,주권,2026-09-06,KRX-DELISTING,True
006220,,1972-12-28,FDR_DESC,KOSPI,제주은행,주권,2026-09-06,KOSPI-DESC,False
006240,1998-12-24,1988-10-05,FDR_DELISTING,KOSPI,진도물산,주권,2026-09-06,KRX-DELISTING,True
006250,2005-07-18,1988-09-29,FDR_DELISTING,KOSPI,극동전선,주권,2026-09-06,KRX-DELISTING,True
006260,,1977-06-30,FDR_DESC,KOSPI,LS,주권,2026-09-06,KOSPI-DESC,False
006270,1995-03-23,1974-07-31,FDR_DELISTING,KOSPI,금성통신,주권,2026-09-06,KRX-DELISTING,True
006275,1995-03-23,1988-07-18,FDR_DELISTING,KOSPI,금성통신우,주권,2026-09-06,KRX-DELISTING,True
006280,,1989-08-01,FDR_DESC,KOSPI,녹십자,주권,2026-09-06,KOSPI-DESC,False
006290,2002-04-23,1987-09-10,FDR_DELISTING,KOSPI,인천정유,주권,2026-09-06,KRX-DELISTING,True
006295,2002-04-23,1990-10-13,FDR_DELISTING,KOSPI,인천정유(1우),주권,2026-09-06,KRX-DELISTING,True
006300,2000-07-07,1996-07-01,FDR_DELISTING,KOSDAQ,대전신금,주권,2026-09-06,KRX-DELISTING,True
006301,1999-06-29,1999-04-23,FDR_DELISTING,KOSDAQ,대전상호신용금고1신,주권,2026-09-06,KRX-DELISTING,True
006302,1999-06-29,1999-06-28,FDR_DELISTING,KOSDAQ,대전신금2신,주권,2026-09-06,KRX-DELISTING,True
006320,1999-02-25,1972-03-30,FDR_DELISTING,KOSPI,경기은행,주권,2026-09-06,KRX-DELISTING,True
006340,,1988-05-04,FDR_DESC,KOSPI,대원전선,주권,2026-09-06,KOSPI-DESC,False
006345,,2014-06-17,FDR_FIRST_TRADE,KOSPI,대원전선우,주권,2026-09-06,KOSPI-DESC,False
006347,2007-06-20,1997-06-28,FDR_DELISTING,KOSPI,대원전선(2우B),주권,2026-09-06,KRX-DELISTING,True
006350,2013-07-18,1972-03-22,FDR_DELISTING,KOSPI,전북은행,주권,2026-09-06,KRX-DELISTING,True
006360,,1981-08-03,FDR_DESC,KOSPI,GS건설,주권,2026-09-06,KOSPI-DESC,False
006370,,1988-10-10,FDR_DESC,KOSPI,대구백화점,주권,2026-09-06,KOSPI-DESC,False
006375,2014-07-15,1995-01-21,FDR_DELISTING,KOSPI,대구백화우,주권,2026-09-06,KRX-DELISTING,True
006380,,1974-05-28,FDR_DESC,KOSPI,카프로,주권,2026-09-06,KOSPI-DESC,False
006390,2025-11-21,1975-12-26,FDR_DELISTING,KOSPI,한일현대시멘트,주권,2026-09-06,KRX-DELISTING,True
006400,,1979-02-27,FDR_DESC,KOSPI,삼성SDI,주권,2026-09-06,KOSPI-DESC,False
006405,,2014-06-17,FDR_FIRST_TRADE,KOSPI,삼성SDI우,주권,2026-09-06,KOSPI-DESC,False
006440,2013-04-16,1993-01-30,FDR_DELISTING,KOSPI,한일건설,주권,2026-09-06,KRX-DELISTING,True
006445,2006-01-02,2003-12-09,FDR_DELISTING,KOSPI,한일건설(1우B),주권,2026-09-06,KRX-DELISTING,True
006490,,1985-01-17,FDR_DESC,KOSPI,프리티,주권,2026-09-06,KOSPI-DESC,False
006510,1996-11-28,1981-12-19,FDR_DELISTING,KOSPI,인    켈,주권,2026-09-06,KRX-DELISTING,True
006515,1996-11-28,1989-09-28,FDR_DELISTING,KOSPI,인    켈(1우),주권,2026-09-06,KRX-DELISTING,True
006520,1998-08-10,1996-07-01,FDR_DELISTING,KOSDAQ,형진건설,주권,2026-09-06,KRX-DELISTING,True
006540,1999-07-26,1996-07-01,FDR_DELISTING,KOSDAQ,한국상호신용금고,주권,2026-09-06,KRX-DELISTING,True
006570,,1975-11-20,FDR_DESC,KOSPI,대림통상,주권,2026-09-06,KOSPI-DESC,False
006580,2024-06-21,1993-12-29,FDR_DELISTING,KOSDAQ,대양제지,주권,2026-09-06,KRX-DELISTING,True
006590,1999-09-30,1972-03-20,FDR_DELISTING,KOSPI,강원은행,주권,2026-09-06,KRX-DELISTING,True
006600,2006-11-22,1987-08-01,FDR_DELISTING,KOSPI,동신제약,주권,2026-09-06,KRX-DELISTING,True
006605,2006-11-22,1990-03-31,FDR_DELISTING,KOSPI,동신제약(1우),주권,2026-09-06,KRX-DELISTING,True
006610,2003-04-16,1972-06-15,FDR_DELISTING,KOSPI,경남은행,주권,2026-09-06,KRX-DELISTING,True
006620,,2018-02-13,FDR_DESC,KOSDAQ,동구바이오제약,주권,2026-09-06,KOSDAQ-DESC,False
006650,,1999-08-11,FDR_DESC,KOSPI,대한유화,주권,2026-09-06,KOSPI-DESC,False
006660,,1987-11-28,FDR_DESC,KOSPI,삼성공조,주권,2026-09-06,KOSPI-DESC,False
006740,,1996-07-03,FDR_DESC,KOSPI,블루산업개발,주권,2026-09-06,KOSPI-DESC,False
006750,2005-04-14,1989-11-09,FDR_DELISTING,KOSPI,센추리,주권,2026-09-06,KRX-DELISTING,True
006790,1998-10-16,1990-01-18,FDR_DELISTING,KOSPI,대상교역,주권,2026-09-06,KRX-DELISTING,True
006800,,1975-09-30,FDR_DESC,KOSPI,미래에셋증권,주권,2026-09-06,KOSPI-DESC,False
006805,,2014-06-17,FDR_FIRST_TRADE,KOSPI,미래에셋증권우,주권,2026-09-06,KOSPI-DESC,False
00680K,,2018-03-14,FDR_FIRST_TRADE,KOSPI,미래에셋증권2우B,주권,2026-09-06,KOSPI-DESC,False
006840,,1999-08-11,FDR_DESC,KOSPI,AK홀딩스,주권,2026-09-06,KOSPI-DESC,False
006860,1998-08-10,1996-07-01,FDR_DELISTING,KOSDAQ,혜성테푸공업,주권,2026-09-06,KRX-DELISTING,True
006880,,2013-11-21,FDR_DESC,KOSPI,신송홀딩스,주권,2026-09-06,KOSPI-DESC,False
006890,,2003-01-28,FDR_DESC,KOSPI,태경케미컬,주권,2026-09-06,KOSPI-DESC,False
006891,1997-12-29,1997-06-05,FDR_DELISTING,KOSDAQ,태경화학1신,주권,2026-09-06,KRX-DELISTING,True
006892,1997-12-29,1997-10-21,FDR_DELISTING,KOSDAQ,태경화학2신,주권,2026-09-06,KRX-DELISTING,True
006893,1997-12-29,1997-11-18,FDR_DELISTING,KOSDAQ,태경화학3신,주권,2026-09-06,KRX-DELISTING,True
0068Y0,,2025-11-21,FDR_DESC,KOSDAQ,비엔케이제3호스팩,주권,2026-09-06,KOSDAQ-DESC,False
006900,1995-07-18,1991-02-12,FDR_DELISTING,KOSPI,요업개발,주권,2026-09-06,KRX-DELISTING,True
006910,,1994-09-07,FDR_DESC,KOSDAQ,보성파워텍,주권,2026-09-06,KOSDAQ-DESC,False
006911,1999-09-29,1999-09-13,FDR_DELISTING,KOSDAQ,보성파워텍1신,주권,2026-09-06,KRX-DELISTING,True
006920,,1989-01-05,FDR_DESC,KOSDAQ,모헨즈,주권,2026-09-06,KOSDAQ-DESC,False
006921,1998-12-29,1998-06-01,FDR_DELISTING,KOSDAQ,모헨즈1신,주권,2026-09-06,KRX-DELISTING,True
006980,,1988-10-10,FDR_DESC,KOSPI,우성,주권,2026-09-06,KOSPI-DESC,False
007000,1999-01-16,1990-03-05,FDR_DELISTING,KOSPI,한주전자,주권,2026-09-06,KRX-DELISTING,True
007020,1999-05-15,1996-07-01,FDR_DELISTING,KOSDAQ,캡스,주권,2026-09-06,KRX-DELISTING,True
007021,1996-12-29,1996-07-01,FDR_DELISTING,KOSDAQ,한국보안공사1신,주권,2026-09-06,KRX-DELISTING,True
007022,1996-12-29,1996-10-26,FDR_DELISTING,KOSDAQ,한국보안공사2신,주권,2026-09-06,KRX-DELISTING,True
007050,2009-04-15,1975-12-27,FDR_DELISTING,KOSPI,유리이에스,주권,2026-09-06,KRX-DELISTING,True
007070,,2011-12-23,FDR_DESC,KOSPI,GS리테일,주권,2026-09-06,KOSPI-DESC,False
007090,2000-05-29,1996-07-01,FDR_DELISTING,KOSDAQ,대동신금,주권,2026-09-06,KRX-DELISTING,True
007091,2000-05-29,2000-02-11,FDR_DELISTING,KOSDAQ,대동신금1,주권,2026-09-06,KRX-DELISTING,True
007100,2000-05-27,1978-06-30,FDR_DELISTING,KOSPI,호남식품,주권,2026-09-06,KRX-DELISTING,True
007110,,1986-03-04,FDR_DESC,KOSPI,일신석재,주권,2026-09-06,KOSPI-DESC,False
007120,,1999-11-26,FDR_DESC,KOSPI,미래아이앤지,주권,2026-09-06,KOSPI-DESC,False
007121,1997-02-28,1996-07-01,FDR_DELISTING,KOSDAQ,국제전자공업1신,주권,2026-09-06,KRX-DELISTING,True
007140,1998-08-10,1996-07-01,FDR_DELISTING,KOSDAQ,강남화성,주권,2026-09-06,KRX-DELISTING,True
007150,2012-09-11,2000-07-25,FDR_DELISTING,KOSDAQ,동양텔레콤,주권,2026-09-06,KRX-DELISTING,True
007160,,1989-07-25,FDR_DESC,KOSPI,사조산업,주권,2026-09-06,KOSPI-DESC,False
007170,1999-07-16,1989-12-18,FDR_DELISTING,KOSPI,기아차판매,주권,2026-09-06,KRX-DELISTING,True
007190,2017-03-15,1974-06-24,FDR_DELISTING,KOSPI,한솔아트원제지,주권,2026-09-06,KRX-DELISTING,True
007195,2014-07-15,1988-08-20,FDR_DELISTING,KOSPI,한솔아트원제지우,주권,2026-09-06,KRX-DELISTING,True
007197,2017-03-15,2009-07-06,FDR_DELISTING,KOSPI,한솔아트원제지2우B,주권,2026-09-06,KRX-DELISTING,True
0071M0,,2025-09-30,FDR_DESC,KOSDAQ,삼성스팩11호,주권,2026-09-06,KOSDAQ-DESC,False
007200,2012-10-17,1985-04-09,FDR_DELISTING,KOSPI,진흥저축은행,주권,2026-09-06,KRX-DELISTING,True
007210,,1972-01-04,FDR_DESC,KOSPI,벽산,주권,2026-09-06,KOSPI-DESC,False
007230,1995-09-28,1977-05-27,FDR_DELISTING,KOSPI,금성기전,주권,2026-09-06,KRX-DELISTING,True
007240,1999-05-21,1974-03-30,FDR_DELISTING,KOSPI,충북은행,주권,2026-09-06,KRX-DELISTING,True
007260,1999-07-26,1996-07-01,FDR_DELISTING,KOSDAQ,동화상호신용금고,주권,2026-09-06,KRX-DELISTING,True
007280,,1989-11-13,FDR_DESC,KOSPI,한국특강,주권,2026-09-06,KOSPI-DESC,False
0072Z0,,2025-09-30,FDR_DESC,KOSDAQ,KB제33호스팩,주권,2026-09-06,KOSDAQ-DESC,False
007310,,1994-08-12,FDR_DESC,KOSPI,오뚜기,주권,2026-09-06,KOSPI-DESC,False
007330,,1993-12-07,FDR_DESC,KOSDAQ,푸른저축은행,주권,2026-09-06,KOSDAQ-DESC,False
007340,,1988-09-24,FDR_DESC,KOSPI,DN오토모티브,주권,2026-09-06,KOSPI-DESC,False
007360,2002-12-13,1972-06-05,FDR_DELISTING,KOSPI,하나은행,주권,2026-09-06,KRX-DELISTING,True
007365,2000-08-01,2000-01-06,FDR_DELISTING,KOSPI,하나은행(1우B),주권,2026-09-06,KRX-DELISTING,True
007367,2002-12-13,2000-01-06,FDR_DELISTING,KOSPI,하나은행(2우B),주권,2026-09-06,KRX-DELISTING,True
007369,2002-12-13,2000-01-06,FDR_DELISTING,KOSPI,하나은행(3우B),주권,2026-09-06,KRX-DELISTING,True
00736A,2002-12-13,2000-01-06,FDR_DELISTING,KOSPI,하나은행(4우B),주권,2026-09-06,KRX-DELISTING,True
00736B,2002-12-13,2000-01-06,FDR_DELISTING,KOSPI,하나은행(5우B),주권,2026-09-06,KRX-DELISTING,True
00736C,2000-08-01,2000-01-06,FDR_DELISTING,KOSPI,하나은행(6우B),주권,2026-09-06,KRX-DELISTING,True
00736D,2002-12-13,2000-01-06,FDR_DELISTING,KOSPI,하나은행(7우B),주권,2026-09-06,KRX-DELISTING,True
00736E,2002-12-13,2000-01-06,FDR_DELISTING,KOSPI,하나은행(8우B),주권,2026-09-06,KRX-DELISTING,True
007370,,2000-07-27,FDR_DESC,KOSDAQ,진양제약,주권,2026-09-06,KOSDAQ-DESC,False
007380,1999-03-22,1990-07-18,FDR_DELISTING,KOSPI,고합물산,주권,2026-09-06,KRX-DELISTING,True
007390,,1992-11-30,FDR_DESC,KOSDAQ,네이처셀,주권,2026-09-06,KOSDAQ-DESC,False
007391,1999-12-29,1999-12-10,FDR_DELISTING,KOSDAQ,동보중공업1,주권,2026-09-06,KRX-DELISTING,True
007410,2002-04-13,1984-01-21,FDR_DELISTING,KOSPI,대우전자,주권,2026-09-06,KRX-DELISTING,True
007420,2001-10-13,1990-02-24,FDR_DELISTING,KOSPI,해동금고,주권,2026-09-06,KRX-DELISTING,True
007460,,1995-07-08,FDR_DESC,KOSPI,에이프로젠,주권,2026-09-06,KOSPI-DESC,False
007480,2013-01-28,1991-08-30,FDR_DELISTING,KOSPI,대한은박지,주권,2026-09-06,KRX-DELISTING,True
007490,2010-05-13,1976-12-28,FDR_DELISTING,KOSPI,태창기업,주권,2026-09-06,KRX-DELISTING,True
007530,,1994-08-05,FDR_DESC,KOSDAQ,와이엠,주권,2026-09-06,KOSDAQ-DESC,False
007531,1998-12-29,1998-07-10,FDR_DELISTING,KOSDAQ,영신금속1,주권,2026-09-06,KRX-DELISTING,True
007540,,1976-06-29,FDR_DESC,KOSPI,샘표,주권,2026-09-06,KOSPI-DESC,False
007560,1996-08-10,1996-07-01,FDR_DELISTING,KOSDAQ,한국코인,주권,2026-09-06,KRX-DELISTING,True
007570,,1974-08-28,FDR_DESC,KOSPI,일양약품,주권,2026-09-06,KOSPI-DESC,False
007575,,2014-06-17,FDR_FIRST_TRADE,KOSPI,일양약품우,주권,2026-09-06,KOSPI-DESC,False
007590,,1977-06-29,FDR_DESC,KOSPI,동방아그로,주권,2026-09-06,KOSPI-DESC,False
007595,2013-12-12,1995-03-21,FDR_DELISTING,KOSPI,동방아그우,주권,2026-09-06,KRX-DELISTING,True
007610,,1989-11-30,FDR_DESC,KOSPI,선도전기,주권,2026-09-06,KOSPI-DESC,False
007630,2022-02-22,1988-10-24,FDR_DELISTING,KOSPI,폴루스바이오팜,주권,2026-09-06,KRX-DELISTING,True
007640,2009-02-03,1992-08-01,FDR_DELISTING,KOSDAQ,HK저축은행,주권,2026-09-06,KRX-DELISTING,True
007641,2000-06-29,2000-02-21,FDR_DELISTING,KOSDAQ,한솔신금1,주권,2026-09-06,KRX-DELISTING,True
007660,,2003-10-07,FDR_DESC,KOSPI,이수페타시스,주권,2026-09-06,KOSPI-DESC,False
007680,,2017-12-01,FDR_DESC,KOSDAQ,대원,주권,2026-09-06,KOSDAQ-DESC,False
007690,,1989-08-05,FDR_DESC,KOSPI,국도화학,주권,2026-09-06,KOSPI-DESC,False
007700,,1984-10-04,FDR_DESC,KOSPI,F&F홀딩스,주권,2026-09-06,KOSPI-DESC,False
007720,,1994-01-06,FDR_DESC,KOSDAQ,소노스퀘어,주권,2026-09-06,KOSDAQ-DESC,False
007721,2001-01-02,2000-07-11,FDR_DELISTING,KOSDAQ,국제종건1,주권,2026-09-06,KRX-DELISTING,True
007770,,1992-09-07,FDR_DESC,KOSDAQ,한일화학,주권,2026-09-06,KOSDAQ-DESC,False
007790,1997-11-12,1988-12-24,FDR_DELISTING,KOSPI,금하방직,주권,2026-09-06,KRX-DELISTING,True
007800,2012-07-25,1996-11-19,FDR_DELISTING,KOSPI,솔로몬저축은행,주권,2026-09-06,KRX-DELISTING,True
007801,1996-11-19,1996-08-27,FDR_DELISTING,KOSDAQ,동양상호신용금고1신,주권,2026-09-06,KRX-DELISTING,True
007810,,1985-09-09,FDR_DESC,KOSPI,코리아써키트,주권,2026-09-06,KOSPI-DESC,False
007815,,2014-06-17,FDR_FIRST_TRADE,KOSPI,코리아써우,주권,2026-09-06,KOSPI-DESC,False
00781K,,2014-06-17,FDR_FIRST_TRADE,KOSPI,코리아써키트2우B,주권,2026-09-06,KOSPI-DESC,False
007820,,2011-11-08,FDR_DESC,KOSDAQ,엠엑스로보틱스,주권,2026-09-06,KOSDAQ-DESC,False
007830,2004-12-31,1993-12-01,FDR_DELISTING,KOSDAQ,부산저축은행,주권,2026-09-06,KRX-DELISTING,True
007840,2000-04-28,1996-07-01,FDR_DELISTING,KOSDAQ,한국협화화학공업,주권,2026-09-06,KRX-DELISTING,True
007850,1996-11-12,1996-07-01,FDR_DELISTING,KOSDAQ,한국화이바,주권,2026-09-06,KRX-DELISTING,True
007860,,1989-09-09,FDR_DESC,KOSPI,서연,주권,2026-09-06,KOSPI-DESC,False
007910,2005-02-24,1996-12-24,FDR_DELISTING,KOSPI,세원화성,주권,2026-09-06,KRX-DELISTING,True
007930,2000-06-07,1996-07-01,FDR_DELISTING,KOSDAQ,대신석유,주권,2026-09-06,KRX-DELISTING,True
007980,,1994-12-27,FDR_DESC,KOSPI,TP,주권,2026-09-06,KOSPI-DESC,False
007990,1997-12-06,1996-07-01,FDR_DELISTING,KOSDAQ,신중앙상호신용금고,주권,2026-09-06,KRX-DELISTING,True
008000,2018-03-20,1977-06-30,FDR_DELISTING,KOSPI,도레이케미칼,주권,2026-09-06,KRX-DELISTING,True
008010,1998-12-11,1996-07-01,FDR_DELISTING,KOSDAQ,삼협개발,주권,2026-09-06,KRX-DELISTING,True
008020,2016-05-19,1994-08-12,FDR_DELISTING,KOSPI,경남에너지,주권,2026-09-06,KRX-DELISTING,True
008030,2005-06-02,2000-04-04,FDR_DELISTING,KOSDAQ,아이텍스필,주권,2026-09-06,KRX-DELISTING,True
008040,,1989-06-24,FDR_DESC,KOSPI,사조동아원,주권,2026-09-06,KOSPI-DESC,False
008050,1999-03-11,1996-07-01,FDR_DELISTING,KOSDAQ,경북상호신용금고,주권,2026-09-06,KRX-DELISTING,True
008051,1997-06-28,1997-03-31,FDR_DELISTING,KOSDAQ,경북상호신용금고1신,주권,2026-09-06,KRX-DELISTING,True
008060,,1989-01-26,FDR_DESC,KOSPI,대덕,주권,2026-09-06,KOSPI-DESC,False
00806K,,2018-12-19,FDR_FIRST_TRADE,KOSPI,대덕1우,주권,2026-09-06,KOSPI-DESC,False
008080,2013-09-25,1987-12-21,FDR_DELISTING,KOSPI,에스와이코퍼레이션,주권,2026-09-06,KRX-DELISTING,True
008100,1999-10-02,1988-09-10,FDR_DELISTING,KOSPI,거성산업,주권,2026-09-06,KRX-DELISTING,True
008105,1999-10-02,1989-05-22,FDR_DELISTING,KOSPI,거성산업(1우),주권,2026-09-06,KRX-DELISTING,True
008110,2026-03-30,1990-06-05,FDR_DELISTING,KOSPI,대동전자,주권,2026-09-06,KRX-DELISTING,True
008120,2005-04-28,1988-10-13,FDR_DELISTING,KOSPI,모토조이,주권,2026-09-06,KRX-DELISTING,True
008160,1997-12-06,1996-07-01,FDR_DELISTING,KOSDAQ,보람상호신용금고,주권,2026-09-06,KRX-DELISTING,True
008170,1997-12-06,1996-07-01,FDR_DELISTING,KOSDAQ,서은상호신용금고,주권,2026-09-06,KRX-DELISTING,True
008190,1999-10-27,1989-08-30,FDR_DELISTING,KOSPI,신호전자,주권,2026-09-06,KRX-DELISTING,True
008250,,1988-10-21,FDR_DESC,KOSPI,이건산업,주권,2026-09-06,KOSPI-DESC,False
008260,,1975-06-28,FDR_DESC,KOSPI,NI스틸,주권,2026-09-06,KOSPI-DESC,False
008270,2005-06-16,1995-03-17,FDR_DELISTING,KOSPI,산은캐피탈,주권,2026-09-06,KRX-DELISTING,True
008290,,1997-07-18,FDR_DESC,KOSDAQ,원풍물산,주권,2026-09-06,KOSDAQ-DESC,False
0082N0,,2026-03-16,FDR_DESC,KOSDAQ,카나프테라퓨틱스,주권,2026-09-06,KOSDAQ-DESC,False
008320,2010-03-11,1989-09-29,FDR_DELISTING,KOSPI,한국기술산업,주권,2026-09-06,KRX-DELISTING,True
008330,1997-01-01,1996-07-01,FDR_DELISTING,KOSDAQ,동미전기공업,주권,2026-09-06,KRX-DELISTING,True
008340,2010-04-13,1992-12-29,FDR_DELISTING,KOSDAQ,코레스,주권,2026-09-06,KRX-DELISTING,True
008350,,1978-05-22,FDR_DESC,KOSPI,남선알미늄,주권,2026-09-06,KOSPI-DESC,False
008355,,2014-06-17,FDR_FIRST_TRADE,KOSPI,남선알미우,주권,2026-09-06,KOSPI-DESC,False
008370,,1992-12-18,FDR_DESC,KOSDAQ,원풍,주권,2026-09-06,KOSDAQ-DESC,False
008371,1999-12-29,1999-11-03,FDR_DELISTING,KOSDAQ,원풍1,주권,2026-09-06,KRX-DELISTING,True
008400,2009-05-13,1987-11-18,FDR_DELISTING,KOSPI,C&중공업,주권,2026-09-06,KRX-DELISTING,True
008405,2009-05-13,1988-05-04,FDR_DELISTING,KOSPI,C&중공업우,주권,2026-09-06,KRX-DELISTING,True
008410,1997-12-06,1996-07-01,FDR_DELISTING,KOSDAQ,동방상호신용금고,주권,2026-09-06,KRX-DELISTING,True
008420,,1994-11-05,FDR_DESC,KOSPI,문배철강,주권,2026-09-06,KOSPI-DESC,False
008430,1997-01-01,1996-07-01,FDR_DELISTING,KOSDAQ,성보섬유(장외),주권,2026-09-06,KRX-DELISTING,True
008440,2002-04-23,1988-06-20,FDR_DELISTING,KOSPI,아이넥스,주권,2026-09-06,KRX-DELISTING,True
008470,,2011-02-23,FDR_DESC,KOSDAQ,부스타,주권,2026-09-06,KOSDAQ-DESC,False
008480,2002-04-19,1987-07-24,FDR_DELISTING,KOSPI,KEP전자,주권,2026-09-06,KRX-DELISTING,True
008485,2002-04-19,2001-05-23,FDR_DELISTING,KOSPI,KEP전자(1우B),주권,2026-09-06,KRX-DELISTING,True
008490,,1990-03-27,FDR_DESC,KOSPI,서흥,주권,2026-09-06,KOSPI-DESC,False
008500,2026-06-30,1994-08-12,FDR_DELISTING,KOSPI,일정실업,주권,2026-09-06,KRX-DELISTING,True
008530,2002-02-20,1976-04-26,FDR_DELISTING,KOSPI,일은증권,주권,2026-09-06,KRX-DELISTING,True
008540,2012-06-08,1990-01-16,FDR_DELISTING,KOSPI,케이비물산,주권,2026-09-06,KRX-DELISTING,True
008560,2023-04-25,1992-01-15,FDR_DELISTING,KOSPI,메리츠증권,주권,2026-09-06,KRX-DELISTING,True
008580,1999-02-12,1996-07-01,FDR_DELISTING,KOSDAQ,대성전기,주권,2026-09-06,KRX-DELISTING,True
008581,1996-12-29,1996-07-01,FDR_DELISTING,KOSDAQ,대성전기1신,주권,2026-09-06,KRX-DELISTING,True
008600,,1989-07-28,FDR_DESC,KOSPI,윌비스,주권,2026-09-06,KOSPI-DESC,False
008640,2001-01-20,1989-12-22,FDR_DELISTING,KOSPI,우성건설,주권,2026-09-06,KRX-DELISTING,True
008650,1996-04-23,1989-12-01,FDR_DELISTING,KOSPI,신한전자,주권,2026-09-06,KRX-DELISTING,True
008670,2005-01-05,1986-12-19,FDR_DELISTING,KOSPI,굿모닝신한증권,주권,2026-09-06,KRX-DELISTING,True
008675,2005-01-05,1989-07-21,FDR_DELISTING,KOSPI,굿모닝신한증권(1우),주권,2026-09-06,KRX-DELISTING,True
008680,1997-01-01,1996-07-01,FDR_DELISTING,KOSDAQ,남신,주권,2026-09-06,KRX-DELISTING,True
008690,2001-02-07,1976-11-28,FDR_DELISTING,KOSPI,한양,주권,2026-09-06,KRX-DELISTING,True
008700,,1984-08-11,FDR_DESC,KOSPI,아남전자,주권,2026-09-06,KOSPI-DESC,False
008705,2015-07-15,1989-07-24,FDR_DELISTING,KOSPI,아남전자우,주권,2026-09-06,KRX-DELISTING,True
008720,2014-12-30,1976-06-26,FDR_DELISTING,KOSPI,삼양엔텍,주권,2026-09-06,KRX-DELISTING,True
008725,1987-09-10,1976-06-26,FDR_DELISTING,KOSPI,삼양중기우,주권,2026-09-06,KRX-DELISTING,True
008730,,1988-08-30,FDR_DESC,KOSPI,율촌화학,주권,2026-09-06,KOSPI-DESC,False
008750,2003-12-27,1977-06-30,FDR_DELISTING,KOSPI,범양식품,주권,2026-09-06,KRX-DELISTING,True
008770,,1991-03-12,FDR_DESC,KOSPI,호텔신라,주권,2026-09-06,KOSPI-DESC,False
008775,,2014-06-17,FDR_FIRST_TRADE,KOSPI,호텔신라우,주권,2026-09-06,KOSPI-DESC,False
008780,2003-11-08,1993-01-06,FDR_DELISTING,KOSDAQ,i 인프라,주권,2026-09-06,KRX-DELISTING,True
008800,2021-06-07,1993-09-03,FDR_DELISTING,KOSDAQ,행남사,주권,2026-09-06,KRX-DELISTING,True
008810,1999-11-01,1973-10-25,FDR_DELISTING,KOSPI,LG종금,주권,2026-09-06,KRX-DELISTING,True
008830,,1991-05-17,FDR_DESC,KOSDAQ,대동기어,주권,2026-09-06,KOSDAQ-DESC,False
008860,1998-12-11,1996-07-01,FDR_DELISTING,KOSDAQ,한영전자,주권,2026-09-06,KRX-DELISTING,True
008870,,1990-06-08,FDR_DESC,KOSPI,금비,주권,2026-09-06,KOSPI-DESC,False
008890,1999-01-26,1974-07-15,FDR_DELISTING,KOSPI,보람은행,주권,2026-09-06,KRX-DELISTING,True
008895,1999-01-26,1989-12-22,FDR_DELISTING,KOSPI,보람은행(1우),주권,2026-09-06,KRX-DELISTING,True
0088D0,,2025-12-15,FDR_DESC,KOSDAQ,메리츠제1호스팩,주권,2026-09-06,KOSDAQ-DESC,False
0088M0,,2026-03-26,FDR_DESC,KOSDAQ,메쥬,주권,2026-09-06,KOSDAQ-DESC,False
008900,2016-05-17,1984-09-19,FDR_DELISTING,KOSPI,티이씨앤코,주권,2026-09-06,KRX-DELISTING,True
008920,2000-01-28,1996-07-01,FDR_DELISTING,KOSDAQ,삼천전기,주권,2026-09-06,KRX-DELISTING,True
008921,1996-12-29,1996-07-11,FDR_DELISTING,KOSDAQ,삼천전기1신,주권,2026-09-06,KRX-DELISTING,True
008930,,1988-06-20,FDR_DESC,KOSPI,한미사이언스,주권,2026-09-06,KOSPI-DESC,False
008950,1997-04-01,1989-12-01,FDR_DELISTING,KOSPI,동부화학,주권,2026-09-06,KRX-DELISTING,True
008960,1998-08-10,1996-07-01,FDR_DELISTING,KOSDAQ,경북콘크리트,주권,2026-09-06,KRX-DELISTING,True
008970,,1977-03-05,FDR_DESC,KOSPI,KBI동양철관,주권,2026-09-06,KOSPI-DESC,False
008975,2014-07-15,1994-11-22,FDR_DELISTING,KOSPI,동양철관우,주권,2026-09-06,KRX-DELISTING,True
008980,2001-12-20,1975-06-30,FDR_DELISTING,KOSPI,동양현대종금,주권,2026-09-06,KRX-DELISTING,True
008985,2001-12-20,1989-12-20,FDR_DELISTING,KOSPI,동양현대종금(1우),주권,2026-09-06,KRX-DELISTING,True
008990,2001-02-10,1974-09-09,FDR_DELISTING,KOSPI,중앙종금,주권,2026-09-06,KRX-DELISTING,True
009010,2013-05-01,1993-12-29,FDR_DELISTING,KOSDAQ,에듀언스,주권,2026-09-06,KRX-DELISTING,True
009011,1996-12-29,1996-09-20,FDR_DELISTING,KOSDAQ,세화1신,주권,2026-09-06,KRX-DELISTING,True
009030,1999-11-20,1974-06-10,FDR_DELISTING,KOSPI,대한종금,주권,2026-09-06,KRX-DELISTING,True
009035,1999-11-20,1989-12-22,FDR_DELISTING,KOSPI,대한종금(1우),주권,2026-09-06,KRX-DELISTING,True
009037,1999-11-20,1998-04-29,FDR_DELISTING,KOSPI,대한종금(2우B),주권,2026-09-06,KRX-DELISTING,True
009050,2001-03-30,1987-09-25,FDR_DELISTING,KOSPI,대한알미늄,주권,2026-09-06,KRX-DELISTING,True
009070,,1978-09-29,FDR_DESC,KOSPI,KCTC,주권,2026-09-06,KOSPI-DESC,False
009080,2005-08-17,1977-06-30,FDR_DELISTING,KOSPI,퍼시픽글라스,주권,2026-09-06,KRX-DELISTING,True
009085,2005-08-17,1989-08-01,FDR_DELISTING,KOSPI,퍼시픽글라스(1우),주권,2026-09-06,KRX-DELISTING,True
009140,,1989-06-20,FDR_DESC,KOSPI,경인전자,주권,2026-09-06,KOSPI-DESC,False
009150,,1979-02-27,FDR_DESC,KOSPI,삼성전기,주권,2026-09-06,KOSPI-DESC,False
009155,,2014-06-17,FDR_FIRST_TRADE,KOSPI,삼성전기우,주권,2026-09-06,KOSPI-DESC,False
009160,,1989-07-29,FDR_DESC,KOSPI,SIMPAC,주권,2026-09-06,KOSPI-DESC,False
009180,,1989-11-13,FDR_DESC,KOSPI,한솔로지스틱스,주권,2026-09-06,KOSPI-DESC,False
009190,,1994-04-29,FDR_DESC,KOSPI,대양금속,주권,2026-09-06,KOSPI-DESC,False
0091W0,,2025-11-24,FDR_DESC,KOSDAQ,신영스팩11호,주권,2026-09-06,KOSDAQ-DESC,False
009200,,1990-06-09,FDR_DESC,KOSPI,무림페이퍼,주권,2026-09-06,KOSPI-DESC,False
009220,2005-01-19,1994-10-07,FDR_DELISTING,KOSDAQ,그로웰전자,주권,2026-09-06,KRX-DELISTING,True
009221,1998-12-29,1998-12-22,FDR_DELISTING,KOSDAQ,경방기계1신,주권,2026-09-06,KRX-DELISTING,True
009240,,2002-07-16,FDR_DESC,KOSPI,한샘,주권,2026-09-06,KOSPI-DESC,False
009270,,1988-08-24,FDR_DESC,KOSPI,신원,주권,2026-09-06,KOSPI-DESC,False
009275,2022-07-15,1989-03-07,FDR_DELISTING,KOSPI,신원우,주권,2026-09-06,KRX-DELISTING,True
009280,2013-04-16,1988-09-27,FDR_DELISTING,KOSPI,다함이텍,주권,2026-09-06,KRX-DELISTING,True
009290,,1989-11-17,FDR_DESC,KOSPI,광동제약,주권,2026-09-06,KOSPI-DESC,False
009300,,2000-07-19,FDR_DESC,KOSDAQ,삼아제약,주권,2026-09-06,KOSDAQ-DESC,False
009310,,1987-11-12,FDR_DESC,KOSPI,참엔지니어링,주권,2026-09-06,KOSPI-DESC,False
009320,,1989-08-25,FDR_DESC,KOSPI,아진전자부품,주권,2026-09-06,KOSPI-DESC,False
009330,2002-10-22,1989-11-11,FDR_DELISTING,KOSPI,삼애인더스,주권,2026-09-06,KRX-DELISTING,True
009335,2002-10-22,2001-04-03,FDR_DELISTING,KOSPI,삼애인더스(1우B),주권,2026-09-06,KRX-DELISTING,True
009337,2002-10-22,2001-06-08,FDR_DELISTING,KOSPI,삼애인더스(2우B),주권,2026-09-06,KRX-DELISTING,True
009360,2005-04-15,1990-01-29,FDR_DELISTING,KOSPI,베네데스하이텍,주권,2026-09-06,KRX-DELISTING,True
009380,2013-01-23,1995-08-18,FDR_DELISTING,KOSPI,아세아페이퍼텍,주권,2026-09-06,KRX-DELISTING,True
009385,2013-01-23,2004-03-09,FDR_DELISTING,KOSPI,아세아페우B,주권,2026-09-06,KRX-DELISTING,True
0093G0,,2025-11-27,FDR_DESC,KOSDAQ,미래에셋비전스팩8호,주권,2026-09-06,KOSDAQ-DESC,False
009400,1994-12-23,1988-09-05,FDR_DELISTING,KOSPI,케이와이씨,주권,2026-09-06,KRX-DELISTING,True
009410,,1989-11-13,FDR_DESC,KOSPI,태영건설,주권,2026-09-06,KOSPI-DESC,False
009415,,2014-06-17,FDR_FIRST_TRADE,KOSPI,태영건설우,주권,2026-09-06,KOSPI-DESC,False
009420,,1989-12-18,FDR_DESC,KOSPI,한올바이오파마,주권,2026-09-06,KOSPI-DESC,False
009440,,1994-11-05,FDR_DESC,KOSPI,KC그린홀딩스,주권,2026-09-06,KOSPI-DESC,False
009450,,1993-08-31,FDR_DESC,KOSPI,경동나비엔,주권,2026-09-06,KOSPI-DESC,False
009460,,1987-12-23,FDR_DESC,KOSPI,한창제지,주권,2026-09-06,KOSPI-DESC,False
009470,,1986-11-24,FDR_DESC,KOSPI,삼화전기,주권,2026-09-06,KOSPI-DESC,False
009540,,1999-08-24,FDR_DESC,KOSPI,HD한국조선해양,주권,2026-09-06,KOSPI-DESC,False
009580,,1989-06-20,FDR_DESC,KOSPI,무림P&P,주권,2026-09-06,KOSPI-DESC,False
009590,1997-07-10,1996-07-01,FDR_DELISTING,KOSDAQ,경동,주권,2026-09-06,KRX-DELISTING,True
009620,,1993-12-07,FDR_DESC,KOSDAQ,삼보산업,주권,2026-09-06,KOSDAQ-DESC,False
009650,1999-04-15,1977-11-12,FDR_DELISTING,KOSPI,현대차써비스,주권,2026-09-06,KRX-DELISTING,True
009655,1999-04-15,1989-10-23,FDR_DELISTING,KOSPI,현대차써비스(1우),주권,2026-09-06,KRX-DELISTING,True
009680,,1994-01-14,FDR_DESC,KOSPI,모토닉,주권,2026-09-06,KOSPI-DESC,False
009690,2009-05-13,1990-01-29,FDR_DELISTING,KOSPI,케이엠에이치,주권,2026-09-06,KRX-DELISTING,True
0096B0,,2025-11-28,FDR_DESC,KOSDAQ,삼성스팩12호,주권,2026-09-06,KOSDAQ-DESC,False
0096D0,,2025-12-01,FDR_DESC,KOSDAQ,미래에셋비전스팩9호,주권,2026-09-06,KOSDAQ-DESC,False
009720,2011-02-16,1995-12-21,FDR_DELISTING,KOSPI,전기초자,주권,2026-09-06,KRX-DELISTING,True
009730,,1990-07-27,FDR_DESC,KOSDAQ,이렘,주권,2026-09-06,KOSDAQ-DESC,False
009731,1996-12-29,1996-08-23,FDR_DELISTING,KOSDAQ,동신에스엔티1신,주권,2026-09-06,KRX-DELISTING,True
009760,2005-04-19,1988-07-28,FDR_DELISTING,KOSPI,한국컴퓨터지주,주권,2026-09-06,KRX-DELISTING,True
009770,,2006-10-17,FDR_DESC,KOSPI,삼정펄프,주권,2026-09-06,KOSPI-DESC,False
009780,,1993-10-12,FDR_DESC,KOSDAQ,엠에스씨,주권,2026-09-06,KOSDAQ-DESC,False
009781,1997-12-29,1997-11-25,FDR_DELISTING,KOSDAQ,엠에스씨1신,주권,2026-09-06,KRX-DELISTING,True
009790,2003-10-02,1988-01-11,FDR_DELISTING,KOSPI,휴닉스,주권,2026-09-06,KRX-DELISTING,True
009795,2003-10-02,1989-07-05,FDR_DELISTING,KOSPI,휴닉스(1우),주권,2026-09-06,KRX-DELISTING,True
0097F0,,2025-12-23,FDR_DESC,KOSDAQ,미래에셋비전스팩10호,주권,2026-09-06,KOSDAQ-DESC,False
009810,,1988-08-31,FDR_DESC,KOSPI,MDS스피어,주권,2026-09-06,KOSPI-DESC,False
009815,2013-12-10,1990-01-22,FDR_DELISTING,KOSPI,고려포리머우,주권,2026-09-06,KRX-DELISTING,True
009830,,1974-06-19,FDR_DESC,KOSPI,한화솔루션,주권,2026-09-06,KOSPI-DESC,False
009835,,2014-06-17,FDR_FIRST_TRADE,KOSPI,한화솔루션우,주권,2026-09-06,KOSPI-DESC,False
009837,2004-04-07,1999-04-20,FDR_DELISTING,KOSPI,한화석화(2우B),주권,2026-09-06,KRX-DELISTING,True
009840,2003-04-16,1989-08-01,FDR_DELISTING,KOSPI,갑을,주권,2026-09-06,KRX-DELISTING,True
009890,2005-04-21,1984-12-13,FDR_DELISTING,KOSPI,맥슨텔레콤,주권,2026-09-06,KRX-DELISTING,True
009895,2005-04-21,2002-04-11,FDR_DELISTING,KOSPI,맥슨텔레콤(1우B),주권,2026-09-06,KRX-DELISTING,True
009897,2005-04-21,2003-10-27,FDR_DELISTING,KOSPI,맥슨텔레콤(2우B),주권,2026-09-06,KRX-DELISTING,True
0098T0,,2025-12-12,FDR_DESC,KOSDAQ,교보19호스팩,주권,2026-09-06,KOSDAQ-DESC,False
009900,,2020-12-07,FDR_DESC,KOSPI,명신산업,주권,2026-09-06,KOSPI-DESC,False
009940,2005-04-28,1989-09-05,FDR_DELISTING,KOSPI,대아리드선,주권,2026-09-06,KRX-DELISTING,True
009950,1997-01-01,1996-07-01,FDR_DELISTING,KOSDAQ,삼한실업,주권,2026-09-06,KRX-DELISTING,True
009970,,1988-11-07,FDR_DESC,KOSPI,영원무역홀딩스,주권,2026-09-06,KOSPI-DESC,False
009990,1996-03-25,1988-06-21,FDR_DELISTING,KOSPI,미우,주권,2026-09-06,KRX-DELISTING,True
009995,1996-03-25,1989-05-27,FDR_DELISTING,KOSPI,미우(1우),주권,2026-09-06,KRX-DELISTING,True
0099W0,,2025-12-22,FDR_DESC,KOSDAQ,미래에셋비전스팩11호,주권,2026-09-06,KOSDAQ-DESC,False
0099X0,,2025-12-19,FDR_DESC,KOSDAQ,IBKS제25호스팩,주권,2026-09-06,KOSDAQ-DESC,False
010000,1995-09-28,1978-09-29,FDR_DELISTING,KOSPI,금성계전,주권,2026-09-06,KRX-DELISTING,True
010030,1996-06-26,1988-01-21,FDR_DELISTING,KOSPI,흥양,주권,2026-09-06,KRX-DELISTING,True
010040,,2000-10-16,FDR_DESC,KOSPI,한국내화,주권,2026-09-06,KOSPI-DESC,False
010041,1997-12-29,1997-11-21,FDR_DELISTING,KOSDAQ,한국내화1신,주권,2026-09-06,KRX-DELISTING,True
010050,2023-08-28,1974-09-11,FDR_DELISTING,KOSPI,우리종금,주권,2026-09-06,KRX-DELISTING,True
010060,,1985-07-09,FDR_DESC,KOSPI,OCI홀딩스,주권,2026-09-06,KOSPI-DESC,False
010090,2004-04-24,1990-07-13,FDR_DELISTING,KOSPI,해태유통,주권,2026-09-06,KRX-DELISTING,True
010095,2004-04-24,2001-02-20,FDR_DELISTING,KOSPI,해태유통(1우B),주권,2026-09-06,KRX-DELISTING,True
010100,,1987-10-02,FDR_DESC,KOSPI,한국무브넥스,주권,2026-09-06,KOSPI-DESC,False
010110,2000-04-17,1985-11-13,FDR_DELISTING,KOSPI,고려화학,주권,2026-09-06,KRX-DELISTING,True
010120,,1994-07-11,FDR_DESC,KOSPI,LS ELECTRIC,주권,2026-09-06,KOSPI-DESC,False
010130,,1990-07-28,FDR_DESC,KOSPI,고려아연,주권,2026-09-06,KOSPI-DESC,False
010140,,1994-01-28,FDR_DESC,KOSPI,삼성중공업,주권,2026-09-06,KOSPI-DESC,False
010145,2023-07-17,1994-11-22,FDR_DELISTING,KOSPI,삼성중공우,주권,2026-09-06,KRX-DELISTING,True
010150,2004-04-23,1987-09-10,FDR_DELISTING,KOSPI,한국코아,주권,2026-09-06,KRX-DELISTING,True
010170,,1994-11-07,FDR_DESC,KOSDAQ,대한광통신,주권,2026-09-06,KOSDAQ-DESC,False
0101C0,,2025-12-22,FDR_DESC,KOSDAQ,하나36호스팩,주권,2026-09-06,KOSDAQ-DESC,False
010200,2004-10-18,1989-06-03,FDR_DELISTING,KOSPI,극동제혁,주권,2026-09-06,KRX-DELISTING,True
010220,1998-08-21,1975-03-29,FDR_DELISTING,KOSPI,한솔종금,주권,2026-09-06,KRX-DELISTING,True
010240,,2009-05-12,FDR_DESC,KOSDAQ,흥국,주권,2026-09-06,KOSDAQ-DESC,False
010280,,2000-04-14,FDR_DESC,KOSDAQ,아이티센엔텍,주권,2026-09-06,KOSDAQ-DESC,False
010330,2003-04-16,1988-08-08,FDR_DELISTING,KOSPI,라미화장품,주권,2026-09-06,KRX-DELISTING,True
010400,,2018-09-14,FDR_DESC,KOSPI,우진아이엔에스,주권,2026-09-06,KOSPI-DESC,False
010420,2025-09-25,1989-05-31,FDR_DELISTING,KOSPI,한솔PNS,주권,2026-09-06,KRX-DELISTING,True
010460,2014-04-15,1988-09-15,FDR_DELISTING,KOSPI,화인자산관리,주권,2026-09-06,KRX-DELISTING,True
010470,,2000-10-24,FDR_DESC,KOSDAQ,오리콤,주권,2026-09-06,KOSDAQ-DESC,False
010510,2003-11-05,1988-06-18,FDR_DELISTING,KOSPI,일진,주권,2026-09-06,KRX-DELISTING,True
010520,2015-07-15,1989-09-29,FDR_DELISTING,KOSPI,현대하이스코,주권,2026-09-06,KRX-DELISTING,True
010530,1998-05-19,1977-06-04,FDR_DELISTING,KOSPI,라이프주택,주권,2026-09-06,KRX-DELISTING,True
010580,,1994-12-27,FDR_DESC,KOSPI,에스엠벡셀,주권,2026-09-06,KOSPI-DESC,False
0105P0,,2025-12-11,FDR_DESC,KOSDAQ,유진스팩12호,주권,2026-09-06,KOSDAQ-DESC,False
010600,2026-01-26,1997-07-18,FDR_DELISTING,KOSPI,웰바이오텍,주권,2026-09-06,KRX-DELISTING,True
010601,1996-12-29,1996-07-01,FDR_DELISTING,KOSDAQ,영창실업1신,주권,2026-09-06,KRX-DELISTING,True
010602,1996-12-29,1996-07-26,FDR_DELISTING,KOSDAQ,영창실업2신,주권,2026-09-06,KRX-DELISTING,True
010620,2025-12-15,1983-12-20,FDR_DELISTING,KOSPI,HD현대미포,주권,2026-09-06,KRX-DELISTING,True
010640,,1989-09-30,FDR_DESC,KOSPI,진양폴리,주권,2026-09-06,KOSPI-DESC,False
010660,,1988-12-12,FDR_DESC,KOSPI,화천기계,주권,2026-09-06,KOSPI-DESC,False
010670,2014-04-11,1996-05-14,FDR_DELISTING,KOSDAQ,나노트로닉스,주권,2026-09-06,KRX-DELISTING,True
010671,1997-12-29,1997-04-23,FDR_DELISTING,KOSDAQ,하이론코리아1신,주권,2026-09-06,KRX-DELISTING,True
010672,1997-12-29,1997-05-08,FDR_DELISTING,KOSDAQ,하이론코리아2신,주권,2026-09-06,KRX-DELISTING,True
010690,,1994-01-14,FDR_DESC,KOSPI,화신,주권,2026-09-06,KOSPI-DESC,False
010730,2004-07-22,1990-06-09,FDR_DELISTING,KOSPI,금강화섬,주권,2026-09-06,KRX-DELISTING,True
010770,,1986-03-31,FDR_DESC,KOSPI,평화홀딩스,주권,2026-09-06,KOSPI-DESC,False
010780,,1986-01-27,FDR_DESC,KOSPI,아이에스동서,주권,2026-09-06,KOSPI-DESC,False
010810,2000-06-07,1997-08-06,FDR_DELISTING,KOSDAQ,정일이엔씨,주권,2026-09-06,KRX-DELISTING,True
010820,,1989-05-10,FDR_DESC,KOSPI,퍼스텍,주권,2026-09-06,KOSPI-DESC,False
010910,1998-07-15,1989-08-03,FDR_DELISTING,KOSPI,제일냉동,주권,2026-09-06,KRX-DELISTING,True
010920,1998-04-11,1996-07-01,FDR_DELISTING,KOSDAQ,로보트보일러,주권,2026-09-06,KRX-DELISTING,True
010950,,1987-05-27,FDR_DESC,KOSPI,S-Oil,주권,2026-09-06,KOSPI-DESC,False
010955,,2014-06-17,FDR_FIRST_TRADE,KOSPI,S-Oil우,주권,2026-09-06,KOSPI-DESC,False
010960,,2005-05-12,FDR_DESC,KOSPI,삼호개발,주권,2026-09-06,KOSPI-DESC,False
010970,1998-05-19,1989-07-25,FDR_DELISTING,KOSPI,한주화학,주권,2026-09-06,KRX-DELISTING,True
011000,,1987-11-16,FDR_DESC,KOSPI,진원생명과학,주권,2026-09-06,KOSPI-DESC,False
011020,2007-06-15,1988-07-06,FDR_DELISTING,KOSPI,코오롱유화,주권,2026-09-06,KRX-DELISTING,True
011040,,1992-12-18,FDR_DESC,KOSDAQ,경동제약,주권,2026-09-06,KOSDAQ-DESC,False
011050,2010-07-22,1988-09-01,FDR_DELISTING,KOSPI,케드콤,주권,2026-09-06,KRX-DELISTING,True
011070,,2008-07-24,FDR_DESC,KOSPI,LG이노텍,주권,2026-09-06,KOSPI-DESC,False
011080,,2004-07-02,FDR_DESC,KOSDAQ,형지I&C,주권,2026-09-06,KOSDAQ-DESC,False
011090,,1995-07-08,FDR_DESC,KOSPI,에넥스,주권,2026-09-06,KOSPI-DESC,False
011150,,1988-11-26,FDR_DESC,KOSPI,CJ씨푸드,주권,2026-09-06,KOSPI-DESC,False
011155,,2014-06-17,FDR_FIRST_TRADE,KOSPI,CJ씨푸드1우,주권,2026-09-06,KOSPI-DESC,False
011160,2020-03-24,1996-01-30,FDR_DELISTING,KOSPI,두산건설,주권,2026-09-06,KRX-DELISTING,True
011170,,1991-05-30,FDR_DESC,KOSPI,롯데케미칼,주권,2026-09-06,KOSPI-DESC,False
011180,1999-07-21,1989-01-26,FDR_DELISTING,KOSPI,동국방직,주권,2026-09-06,KRX-DELISTING,True
011200,,1995-10-05,FDR_DESC,KOSPI,HMM,주권,2026-09-06,KOSPI-DESC,False
011210,,2011-02-21,FDR_DESC,KOSPI,현대위아,주권,2026-09-06,KOSPI-DESC,False
011230,,1987-05-25,FDR_DESC,KOSPI,삼화전자,주권,2026-09-06,KOSPI-DESC,False
011260,2001-02-10,1994-03-29,FDR_DELISTING,KOSPI,한국종금,주권,2026-09-06,KRX-DELISTING,True
011280,,1988-12-20,FDR_DESC,KOSPI,태림포장,주권,2026-09-06,KOSPI-DESC,False
011290,2001-03-20,1988-07-28,FDR_DELISTING,KOSPI,갑을방적,주권,2026-09-06,KRX-DELISTING,True
011300,,1995-11-10,FDR_DESC,KOSPI,우성머티리얼스,주권,2026-09-06,KOSPI-DESC,False
011320,,1993-12-29,FDR_DESC,KOSDAQ,유니크,주권,2026-09-06,KOSDAQ-DESC,False
011321,2000-06-29,2000-01-06,FDR_DELISTING,KOSDAQ,적고1,주권,2026-09-06,KRX-DELISTING,True
011330,,1989-12-14,FDR_DESC,KOSPI,유니켐,주권,2026-09-06,KOSPI-DESC,False
011360,1997-01-01,1996-07-01,FDR_DELISTING,KOSDAQ,국제밸브공업,주권,2026-09-06,KRX-DELISTING,True
011370,,1994-05-24,FDR_DESC,KOSDAQ,서한,주권,2026-09-06,KOSDAQ-DESC,False
011390,,1990-09-14,FDR_DESC,KOSPI,부산산업,주권,2026-09-06,KOSPI-DESC,False
011400,2010-05-20,1991-02-12,FDR_DELISTING,KOSPI,케이씨오에너지,주권,2026-09-06,KRX-DELISTING,True
011420,,1989-11-14,FDR_DESC,KOSPI,갤럭시아에스엠,주권,2026-09-06,KOSPI-DESC,False
011450,2001-12-05,1996-01-30,FDR_DELISTING,KOSPI,송원칼라,주권,2026-09-06,KRX-DELISTING,True
011470,1999-01-16,1990-04-18,FDR_DELISTING,KOSPI,기    산,주권,2026-09-06,KRX-DELISTING,True
011500,,2003-01-09,FDR_DESC,KOSPI,한농화성,주권,2026-09-06,KOSPI-DESC,False
011510,2002-04-20,1994-08-12,FDR_DELISTING,KOSPI,청구,주권,2026-09-06,KRX-DELISTING,True
011520,1997-01-01,1996-07-01,FDR_DELISTING,KOSDAQ,서울가든,주권,2026-09-06,KRX-DELISTING,True
011540,1996-07-18,1990-09-14,FDR_DELISTING,KOSPI,삼신,주권,2026-09-06,KRX-DELISTING,True
011560,,1996-12-23,FDR_DESC,KOSDAQ,세보엠이씨,주권,2026-09-06,KOSDAQ-DESC,False
0115H0,,2026-01-21,FDR_DESC,KOSDAQ,삼성스팩13호,주권,2026-09-06,KOSDAQ-DESC,False
011650,2000-09-20,1995-08-18,FDR_DELISTING,KOSPI,LG정보,주권,2026-09-06,KRX-DELISTING,True
011690,,1995-12-21,FDR_DESC,KOSPI,와이투솔루션,주권,2026-09-06,KOSPI-DESC,False
011700,,1987-07-24,FDR_DESC,KOSPI,한신기계,주권,2026-09-06,KOSPI-DESC,False
011720,2016-11-21,1989-05-30,FDR_DELISTING,KOSPI,현대페인트,주권,2026-09-06,KRX-DELISTING,True
011760,,1977-12-01,FDR_DESC,KOSPI,현대코퍼레이션,주권,2026-09-06,KOSPI-DESC,False
011770,1998-04-11,1996-07-01,FDR_DELISTING,KOSDAQ,주일,주권,2026-09-06,KRX-DELISTING,True
011780,,1988-01-22,FDR_DESC,KOSPI,금호석유화학,주권,2026-09-06,KOSPI-DESC,False
011785,,2014-06-17,FDR_FIRST_TRADE,KOSPI,금호석유화학우,주권,2026-09-06,KOSPI-DESC,False
011790,,1997-07-18,FDR_DESC,KOSPI,SKC,주권,2026-09-06,KOSPI-DESC,False
0117P0,,2026-06-08,FDR_DESC,KOSDAQ,피스피스스튜디오,주권,2026-09-06,KOSDAQ-DESC,False
011800,2012-09-03,1990-07-14,FDR_DELISTING,KOSPI,배명금속,주권,2026-09-06,KRX-DELISTING,True
011810,,1990-09-12,FDR_DESC,KOSPI,STX,주권,2026-09-06,KOSPI-DESC,False
011815,2004-02-21,1990-09-12,FDR_DELISTING,KOSPI,STX(1우),주권,2026-09-06,KRX-DELISTING,True
011820,1999-10-02,1988-09-01,FDR_DELISTING,KOSPI,한국물산,주권,2026-09-06,KRX-DELISTING,True
011825,1999-10-02,1989-06-19,FDR_DELISTING,KOSPI,한국물산(1우),주권,2026-09-06,KRX-DELISTING,True
011840,2003-05-16,1989-07-28,FDR_DELISTING,KOSPI,계몽사,주권,2026-09-06,KRX-DELISTING,True
011860,1997-01-01,1996-07-01,FDR_DELISTING,KOSDAQ,동아일렉콤,주권,2026-09-06,KRX-DELISTING,True
011870,2000-06-07,1996-07-01,FDR_DELISTING,KOSDAQ,삼보지질,주권,2026-09-06,KRX-DELISTING,True
011880,1999-02-22,1988-10-10,FDR_DELISTING,KOSPI,현대종금,주권,2026-09-06,KRX-DELISTING,True
011890,2000-01-18,1996-07-01,FDR_DELISTING,KOSDAQ,제일곡산,주권,2026-09-06,KRX-DELISTING,True
011900,1996-08-10,1996-07-01,FDR_DELISTING,KOSDAQ,라이카,주권,2026-09-06,KRX-DELISTING,True
011920,1998-07-11,1996-07-01,FDR_DELISTING,KOSDAQ,태평양금속,주권,2026-09-06,KRX-DELISTING,True
011930,,1996-07-31,FDR_DESC,KOSPI,신성이엔지,주권,2026-09-06,KOSPI-DESC,False
011940,1999-10-27,1989-11-06,FDR_DELISTING,KOSPI,태영판지,주권,2026-09-06,KRX-DELISTING,True
011960,1999-01-16,1989-10-16,FDR_DELISTING,KOSPI,새한종금,주권,2026-09-06,KRX-DELISTING,True
011965,1991-11-16,1989-10-16,FDR_DELISTING,KOSPI,새한종금우,주권,2026-09-06,KRX-DELISTING,True
012010,2000-06-07,1996-07-01,FDR_DELISTING,KOSDAQ,삼산,주권,2026-09-06,KRX-DELISTING,True
012030,,1993-01-06,FDR_DESC,KOSPI,DB,주권,2026-09-06,KOSPI-DESC,False
012050,1994-10-13,1989-06-26,FDR_DELISTING,KOSPI,우진전기,주권,2026-09-06,KRX-DELISTING,True
012090,2010-05-03,1991-02-22,FDR_DELISTING,KOSPI,성원건설,주권,2026-09-06,KRX-DELISTING,True
012095,2010-05-03,1994-11-22,FDR_DELISTING,KOSPI,성원건설우,주권,2026-09-06,KRX-DELISTING,True
0120G0,,2025-11-24,FDR_DESC,KOSPI,삼양바이오팜,주권,2026-09-06,KOSPI-DESC,False
012150,1996-04-25,1988-09-20,FDR_DELISTING,KOSPI,동방개발,주권,2026-09-06,KRX-DELISTING,True
012160,,2010-01-25,FDR_DESC,KOSPI,영흥,주권,2026-09-06,KOSPI-DESC,False
012170,,1989-12-20,FDR_DESC,KOSPI,아센디오,주권,2026-09-06,KOSPI-DESC,False
012190,1998-06-29,1984-02-06,FDR_DELISTING,KOSPI,신호페이퍼,주권,2026-09-06,KRX-DELISTING,True
012195,1998-06-29,1989-03-27,FDR_DELISTING,KOSPI,신호페이퍼(1우),주권,2026-09-06,KRX-DELISTING,True
012200,,1988-07-06,FDR_DESC,KOSPI,계양전기,주권,2026-09-06,KOSPI-DESC,False
012205,,2014-06-17,FDR_FIRST_TRADE,KOSPI,계양전기우,주권,2026-09-06,KOSPI-DESC,False
012210,,2025-12-29,FDR_DESC,KOSDAQ,삼미금속,주권,2026-09-06,KOSDAQ-DESC,False
012220,1999-10-27,1989-08-22,FDR_DELISTING,KOSPI,동국전자,주권,2026-09-06,KRX-DELISTING,True
012250,2005-04-15,1993-02-05,FDR_DELISTING,KOSPI,셰프라인,주권,2026-09-06,KRX-DELISTING,True
012260,2002-04-03,1987-09-23,FDR_DELISTING,KOSPI,이지닷컴,주권,2026-09-06,KRX-DELISTING,True
012265,2002-04-03,1989-06-27,FDR_DELISTING,KOSPI,이지닷컴(1우),주권,2026-09-06,KRX-DELISTING,True
012270,2003-10-23,1989-08-25,FDR_DELISTING,KOSPI,동신,주권,2026-09-06,KRX-DELISTING,True
012280,,1990-01-25,FDR_DESC,KOSPI,영화금속,주권,2026-09-06,KOSPI-DESC,False
012300,1994-06-13,1989-11-08,FDR_DELISTING,KOSPI,신한인터내쇼날,주권,2026-09-06,KRX-DELISTING,True
012320,,1997-03-07,FDR_DESC,KOSPI,경동인베스트,주권,2026-09-06,KOSPI-DESC,False
012330,,1989-09-05,FDR_DESC,KOSPI,현대모비스,주권,2026-09-06,KOSPI-DESC,False
012335,2015-01-16,1994-11-21,FDR_DELISTING,KOSPI,현대모비스우,주권,2026-09-06,KRX-DELISTING,True
012337,2004-03-29,1999-04-15,FDR_DELISTING,KOSPI,현대모비스(2우B),주권,2026-09-06,KRX-DELISTING,True
012340,,1997-02-12,FDR_DESC,KOSDAQ,뉴인텍,주권,2026-09-06,KOSDAQ-DESC,False
012350,1999-10-30,1996-07-01,FDR_DELISTING,KOSDAQ,한국체인공업,주권,2026-09-06,KRX-DELISTING,True
012360,1998-08-10,1996-07-01,FDR_DELISTING,KOSDAQ,신신상사,주권,2026-09-06,KRX-DELISTING,True
012400,2012-06-12,1988-06-15,FDR_DELISTING,KOSPI,허메스홀딩스,주권,2026-09-06,KRX-DELISTING,True
012405,2012-06-12,1989-11-07,FDR_DELISTING,KOSPI,허메스홀딩스우,주권,2026-09-06,KRX-DELISTING,True
012410,2013-06-04,1989-09-29,FDR_DELISTING,KOSPI,글로스텍,주권,2026-09-06,KRX-DELISTING,True
012420,2010-04-21,1994-09-16,FDR_DELISTING,KOSPI,메리츠종금,주권,2026-09-06,KRX-DELISTING,True
012450,,1987-05-27,FDR_DESC,KOSPI,한화에어로스페이스,주권,2026-09-06,KOSPI-DESC,False
012460,2008-03-13,1996-01-10,FDR_DELISTING,KOSDAQ,우영,주권,2026-09-06,KRX-DELISTING,True
012461,1997-12-29,1997-04-25,FDR_DELISTING,KOSDAQ,우영1신,주권,2026-09-06,KRX-DELISTING,True
012470,1999-10-27,1989-09-29,FDR_DELISTING,KOSPI,영진테크,주권,2026-09-06,KRX-DELISTING,True
012500,1998-10-17,1978-06-30,FDR_DELISTING,KOSPI,제일종금,주권,2026-09-06,KRX-DELISTING,True
012510,2026-07-15,1988-10-28,FDR_DELISTING,KOSPI,더존비즈온,주권,2026-09-06,KRX-DELISTING,True
012540,1999-07-22,1996-07-01,FDR_DELISTING,KOSDAQ,일신,주권,2026-09-06,KRX-DELISTING,True
012580,2010-07-30,1988-09-01,FDR_DELISTING,KOSPI,톰보이,주권,2026-09-06,KRX-DELISTING,True
012600,2025-05-27,1990-07-10,FDR_DELISTING,KOSPI,청호ICT,주권,2026-09-06,KRX-DELISTING,True
012605,1996-10-22,1994-11-22,FDR_DELISTING,KOSPI,청호컴퓨터(1우),주권,2026-09-06,KRX-DELISTING,True
012610,,1995-10-05,FDR_DESC,KOSPI,경인양행,주권,2026-09-06,KOSPI-DESC,False
012620,,1994-06-28,FDR_DESC,KOSDAQ,원일특강,주권,2026-09-06,KOSDAQ-DESC,False
012630,,1996-10-16,FDR_DESC,KOSPI,HDC,주권,2026-09-06,KOSPI-DESC,False
012650,2014-04-11,1993-01-28,FDR_DELISTING,KOSDAQ,쌍용건설,주권,2026-09-06,KRX-DELISTING,True
012655,2006-06-09,1999-05-17,FDR_DELISTING,KOSDAQ,쌍용건설우,주권,2026-09-06,KRX-DELISTING,True
012670,2002-04-27,1989-12-16,FDR_DELISTING,KOSPI,환영철강,주권,2026-09-06,KRX-DELISTING,True
012690,,1988-10-14,FDR_DESC,KOSPI,모나리자,주권,2026-09-06,KOSPI-DESC,False
0126Z0,,2025-11-24,FDR_DESC,KOSPI,삼성에피스홀딩스,주권,2026-09-06,KOSPI-DESC,False
012700,,1996-01-19,FDR_DESC,KOSDAQ,리드코프,주권,2026-09-06,KOSDAQ-DESC,False
012710,2001-02-10,1994-09-16,FDR_DELISTING,KOSPI,한스종금,주권,2026-09-06,KRX-DELISTING,True
012720,2003-10-02,1989-08-22,FDR_DELISTING,KOSPI,건영,주권,2026-09-06,KRX-DELISTING,True
012750,,1996-01-30,FDR_DESC,KOSPI,에스원,주권,2026-09-06,KOSPI-DESC,False
012760,2004-07-16,1986-11-17,FDR_DELISTING,KOSPI,동아정기,주권,2026-09-06,KRX-DELISTING,True
012790,,1999-08-13,FDR_DESC,KOSDAQ,신일제약,주권,2026-09-06,KOSDAQ-DESC,False
012800,,1989-12-05,FDR_DESC,KOSPI,대창,주권,2026-09-06,KOSPI-DESC,False
012805,2014-01-13,1995-01-21,FDR_DELISTING,KOSPI,대창우,주권,2026-09-06,KRX-DELISTING,True
012830,1999-01-22,1989-07-26,FDR_DELISTING,KOSPI,현대리바트,주권,2026-09-06,KRX-DELISTING,True
012860,,1994-10-26,FDR_DESC,KOSDAQ,모베이스전자,주권,2026-09-06,KOSDAQ-DESC,False
012861,1996-12-29,1996-07-01,FDR_DELISTING,KOSDAQ,신창전기1신,주권,2026-09-06,KRX-DELISTING,True
012910,1999-10-27,1990-07-14,FDR_DELISTING,KOSPI,한라시멘트,주권,2026-09-06,KRX-DELISTING,True
012990,2007-11-15,2001-07-18,FDR_DELISTING,KOSPI,LG석유화학,주권,2026-09-06,KRX-DELISTING,True
0129K0,,2026-04-30,FDR_DESC,KOSDAQ,신한제18호스팩,주권,2026-09-06,KOSDAQ-DESC,False
013000,,1989-09-05,FDR_DESC,KOSPI,세우글로벌,주권,2026-09-06,KOSPI-DESC,False
013005,2014-07-15,1995-02-21,FDR_DELISTING,KOSPI,세우글로벌우,주권,2026-09-06,KRX-DELISTING,True
013030,,1989-12-15,FDR_DESC,KOSDAQ,하이록코리아,주권,2026-09-06,KOSDAQ-DESC,False
013031,1998-12-29,1998-08-07,FDR_DELISTING,KOSDAQ,하이록코리아1,주권,2026-09-06,KRX-DELISTING,True
013034,1996-12-29,1996-11-18,FDR_DELISTING,KOSDAQ,하이록코리아전환,주권,2026-09-06,KRX-DELISTING,True
013035,1998-08-07,1996-07-01,FDR_DELISTING,KOSDAQ,하이록코리아우선,주권,2026-09-06,KRX-DELISTING,True
013040,1998-11-18,1988-09-01,FDR_DELISTING,KOSPI,금강피혁,주권,2026-09-06,KRX-DELISTING,True
013070,1999-01-16,1988-09-09,FDR_DELISTING,KOSPI,태양이앤테크,주권,2026-09-06,KRX-DELISTING,True
013090,2002-04-27,1986-11-20,FDR_DELISTING,KOSPI,이트로닉스,주권,2026-09-06,KRX-DELISTING,True
013095,2002-04-27,1990-06-28,FDR_DELISTING,KOSPI,이트로닉스(1우),주권,2026-09-06,KRX-DELISTING,True
013097,2002-04-27,2000-12-21,FDR_DELISTING,KOSPI,이트로닉스(2우B),주권,2026-09-06,KRX-DELISTING,True
0130D0,,2026-04-01,FDR_DESC,KOSDAQ,신한제17호스팩,주권,2026-09-06,KOSDAQ-DESC,False
0130H0,,2026-03-27,FDR_DESC,KOSDAQ,엔에이치스팩33호,주권,2026-09-06,KOSDAQ-DESC,False
013120,,1994-12-29,FDR_DESC,KOSDAQ,동원개발,주권,2026-09-06,KOSDAQ-DESC,False
0131D0,,2026-04-23,FDR_DESC,KOSDAQ,키움히어로제2호스팩,주권,2026-09-06,KOSDAQ-DESC,False
013200,2009-05-13,1997-02-12,FDR_DELISTING,KOSPI,C&우방,주권,2026-09-06,KRX-DELISTING,True
013201,1996-12-29,1996-07-13,FDR_DELISTING,KOSDAQ,우방1신,주권,2026-09-06,KRX-DELISTING,True
013210,1997-01-01,1996-07-01,FDR_DELISTING,KOSDAQ,장복건설,주권,2026-09-06,KRX-DELISTING,True
013240,2011-04-15,1996-07-31,FDR_DELISTING,KOSPI,셀런,주권,2026-09-06,KRX-DELISTING,True
013250,2002-10-04,1996-11-19,FDR_DELISTING,KOSPI,대양금고,주권,2026-09-06,KRX-DELISTING,True
013255,2002-10-04,2001-07-16,FDR_DELISTING,KOSPI,대양금고(1우B),주권,2026-09-06,KRX-DELISTING,True
0132G0,,2026-04-02,FDR_DESC,KOSDAQ,교보20호스팩,주권,2026-09-06,KOSDAQ-DESC,False
013310,,2015-12-22,FDR_DESC,KOSDAQ,아진산업,주권,2026-09-06,KOSDAQ-DESC,False
013320,2000-06-07,1996-07-01,FDR_DELISTING,KOSDAQ,삼경정밀,주권,2026-09-06,KRX-DELISTING,True
013340,2014-09-02,1989-09-06,FDR_DELISTING,KOSDAQ,AJS,주권,2026-09-06,KRX-DELISTING,True
013360,,1989-12-02,FDR_DESC,KOSPI,일성건설,주권,2026-09-06,KOSPI-DESC,False
013365,2013-05-15,2003-01-07,FDR_DELISTING,KOSPI,일성건설우B,주권,2026-09-06,KRX-DELISTING,True
013367,2018-05-11,2007-06-29,FDR_DELISTING,KOSPI,일성건설2우B,주권,2026-09-06,KRX-DELISTING,True
013450,2015-07-20,1999-06-11,FDR_DELISTING,KOSDAQ,동성하이켐,주권,2026-09-06,KRX-DELISTING,True
0134X0,,2026-06-05,FDR_DESC,KOSDAQ,대신밸런스제20호스팩,주권,2026-09-06,KOSDAQ-DESC,False
013520,,1991-02-22,FDR_DESC,KOSPI,화승코퍼레이션,주권,2026-09-06,KOSPI-DESC,False
013570,,1989-05-30,FDR_DESC,KOSPI,디와이,주권,2026-09-06,KOSPI-DESC,False
013575,1998-03-21,1995-04-21,FDR_DELISTING,KOSPI,동양기전(1우),주권,2026-09-06,KRX-DELISTING,True
013580,,1996-01-30,FDR_DESC,KOSPI,계룡건설,주권,2026-09-06,KOSPI-DESC,False
013630,2002-04-20,1994-07-04,FDR_DELISTING,KOSDAQ,휴먼이노텍,주권,2026-09-06,KRX-DELISTING,True
013635,2002-04-20,2001-06-26,FDR_DELISTING,KOSDAQ,휴먼이노텍우,주권,2026-09-06,KRX-DELISTING,True
013650,2010-10-19,1996-01-20,FDR_DELISTING,KOSDAQ,데코,주권,2026-09-06,KRX-DELISTING,True
013651,1996-12-29,1996-08-17,FDR_DELISTING,KOSDAQ,데코1신,주권,2026-09-06,KRX-DELISTING,True
013690,1998-08-10,1996-07-01,FDR_DELISTING,KOSDAQ,뉴코아,주권,2026-09-06,KRX-DELISTING,True
013691,1997-12-29,1997-08-19,FDR_DELISTING,KOSDAQ,뉴코아1신,주권,2026-09-06,KRX-DELISTING,True
013700,,1989-11-30,FDR_DESC,KOSPI,까뮤이앤씨,주권,2026-09-06,KOSPI-DESC,False
013720,,1993-12-29,FDR_DESC,KOSDAQ,청보,주권,2026-09-06,KOSDAQ-DESC,False
013721,1996-12-29,1996-07-29,FDR_DELISTING,KOSDAQ,청보산업1신,주권,2026-09-06,KRX-DELISTING,True
013730,1998-04-29,1996-07-01,FDR_DELISTING,KOSDAQ,세원,주권,2026-09-06,KRX-DELISTING,True
013780,2013-04-23,1997-08-18,FDR_DELISTING,KOSDAQ,아큐텍,주권,2026-09-06,KRX-DELISTING,True
013781,1999-12-29,1999-06-23,FDR_DELISTING,KOSDAQ,아큐텍반도1,주권,2026-09-06,KRX-DELISTING,True
013782,1997-12-29,1997-10-10,FDR_DELISTING,KOSDAQ,아큐텍반도체2,주권,2026-09-06,KRX-DELISTING,True
013810,,1997-11-03,FDR_DESC,KOSDAQ,스페코,주권,2026-09-06,KOSDAQ-DESC,False
013820,1999-10-27,1989-06-20,FDR_DELISTING,KOSPI,피앤텍,주권,2026-09-06,KRX-DELISTING,True
013850,2000-06-07,1996-07-01,FDR_DELISTING,KOSDAQ,교하,주권,2026-09-06,KRX-DELISTING,True
013870,,2012-11-20,FDR_DESC,KOSPI,지엠비코리아,주권,2026-09-06,KOSPI-DESC,False
013890,,2019-10-30,FDR_DESC,KOSPI,지누스,주권,2026-09-06,KOSPI-DESC,False
013900,2000-06-07,1996-07-01,FDR_DELISTING,KOSDAQ,두원중공업,주권,2026-09-06,KRX-DELISTING,True
013990,,2002-01-17,FDR_DESC,KOSDAQ,아가방컴퍼니,주권,2026-09-06,KOSDAQ-DESC,False
014010,2005-12-28,1989-06-21,FDR_DELISTING,KOSPI,인터피온반도체,주권,2026-09-06,KRX-DELISTING,True
014015,2005-12-28,1995-01-21,FDR_DELISTING,KOSPI,인터피온반도체(1우),주권,2026-09-06,KRX-DELISTING,True
014040,2002-11-29,1989-12-01,FDR_DELISTING,KOSPI,GPS,주권,2026-09-06,KRX-DELISTING,True
014045,2002-11-29,2001-12-12,FDR_DELISTING,KOSPI,GPS(1우B),주권,2026-09-06,KRX-DELISTING,True
014047,2002-11-29,2002-01-24,FDR_DELISTING,KOSPI,GPS(2우B),주권,2026-09-06,KRX-DELISTING,True
014080,2001-04-26,1994-01-31,FDR_DELISTING,KOSPI,뉴맥스,주권,2026-09-06,KRX-DELISTING,True
014090,2000-06-07,1996-07-01,FDR_DELISTING,KOSDAQ,석천,주권,2026-09-06,KRX-DELISTING,True
014100,,1995-01-03,FDR_DESC,KOSDAQ,메디앙스,주권,2026-09-06,KOSDAQ-DESC,False
014130,,1989-07-25,FDR_DESC,KOSPI,한익스프레스,주권,2026-09-06,KOSPI-DESC,False
014150,1999-01-25,1989-09-09,FDR_DELISTING,KOSPI,한외종금,주권,2026-09-06,KRX-DELISTING,True
014160,,1990-03-06,FDR_DESC,KOSPI,대영포장,주권,2026-09-06,KOSPI-DESC,False
014190,,1996-04-26,FDR_DESC,KOSDAQ,원익큐브,주권,2026-09-06,KOSDAQ-DESC,False
014200,2025-11-26,1993-07-07,FDR_DELISTING,KOSDAQ,광림,주권,2026-09-06,KRX-DELISTING,True
014210,1998-07-11,1996-07-01,FDR_DELISTING,KOSDAQ,대진동관공업,주권,2026-09-06,KRX-DELISTING,True
014250,1998-08-24,1997-01-07,FDR_DELISTING,KOSDAQ,선일옵트론,주권,2026-09-06,KRX-DELISTING,True
014270,1997-07-10,1996-07-01,FDR_DELISTING,KOSDAQ,신림종합건설,주권,2026-09-06,KRX-DELISTING,True
014280,,1988-09-10,FDR_DESC,KOSPI,금강공업,주권,2026-09-06,KOSPI-DESC,False
014285,,2014-06-17,FDR_FIRST_TRADE,KOSPI,금강공업우,주권,2026-09-06,KOSPI-DESC,False
014300,2013-01-18,1994-01-14,FDR_DELISTING,KOSPI,선진지주,주권,2026-09-06,KRX-DELISTING,True
014340,1999-06-24,1996-07-01,FDR_DELISTING,KOSDAQ,한국종합철관,주권,2026-09-06,KRX-DELISTING,True
014350,2015-04-15,1989-11-11,FDR_DELISTING,KOSPI,신일건업,주권,2026-09-06,KRX-DELISTING,True
014380,1999-07-22,1996-07-01,FDR_DELISTING,KOSDAQ,대동,주권,2026-09-06,KRX-DELISTING,True
014390,1998-08-21,1988-01-18,FDR_DELISTING,KOSPI,대구종금,주권,2026-09-06,KRX-DELISTING,True
014400,1998-07-15,1988-05-25,FDR_DELISTING,KOSPI,경남종금,주권,2026-09-06,KRX-DELISTING,True
014420,2009-11-06,1993-11-05,FDR_DELISTING,KOSDAQ,프로비타,주권,2026-09-06,KRX-DELISTING,True
014430,1999-01-16,1988-10-21,FDR_DELISTING,KOSPI,한길종금,주권,2026-09-06,KRX-DELISTING,True
014440,,1997-08-27,FDR_DESC,KOSPI,영보화학,주권,2026-09-06,KOSPI-DESC,False
014450,1998-10-17,1988-10-26,FDR_DELISTING,KOSPI,삼양종금,주권,2026-09-06,KRX-DELISTING,True
014470,,1994-02-25,FDR_DESC,KOSDAQ,부방,주권,2026-09-06,KOSDAQ-DESC,False
014490,1998-07-15,1988-06-15,FDR_DELISTING,KOSPI,쌍용종금,주권,2026-09-06,KRX-DELISTING,True
014530,,1991-01-31,FDR_DESC,KOSPI,극동유화,주권,2026-09-06,KOSPI-DESC,False
014570,,2000-12-07,FDR_DESC,KOSDAQ,고려제약,주권,2026-09-06,KOSDAQ-DESC,False
014580,,1991-03-07,FDR_DESC,KOSPI,태경비케이,주권,2026-09-06,KOSPI-DESC,False
014590,2011-05-13,2000-01-06,FDR_DELISTING,KOSPI,티엘씨레저,주권,2026-09-06,KRX-DELISTING,True
014660,1998-08-10,1996-07-01,FDR_DELISTING,KOSDAQ,녹십자의료공업,주권,2026-09-06,KRX-DELISTING,True
014665,1998-08-10,1996-07-01,FDR_DELISTING,KOSDAQ,녹십자의료공업우선,주권,2026-09-06,KRX-DELISTING,True
014680,,1989-05-20,FDR_DESC,KOSPI,한솔케미칼,주권,2026-09-06,KOSPI-DESC,False
014710,,2012-06-29,FDR_DESC,KOSPI,사조씨푸드,주권,2026-09-06,KOSPI-DESC,False
014740,2001-01-16,1984-05-29,FDR_DELISTING,KOSPI,금호케미칼,주권,2026-09-06,KRX-DELISTING,True
014745,2001-01-16,1989-09-21,FDR_DELISTING,KOSPI,금호케미칼(1우),주권,2026-09-06,KRX-DELISTING,True
014790,,1994-08-12,FDR_DESC,KOSPI,HL D&I,주권,2026-09-06,KOSPI-DESC,False
014820,,1994-03-29,FDR_DESC,KOSPI,동원시스템즈,주권,2026-09-06,KOSPI-DESC,False
014825,,2014-06-17,FDR_FIRST_TRADE,KOSPI,동원시스템즈우,주권,2026-09-06,KOSPI-DESC,False
014827,2007-10-29,1997-11-04,FDR_DELISTING,KOSPI,동원시스템즈(2우B),주권,2026-09-06,KRX-DELISTING,True
014830,,2004-12-03,FDR_DESC,KOSPI,유니드,주권,2026-09-06,KOSPI-DESC,False
014900,2007-04-25,1989-12-19,FDR_DELISTING,KOSPI,삼보컴퓨터,주권,2026-09-06,KRX-DELISTING,True
014905,1990-09-18,1989-12-19,FDR_DELISTING,KOSPI,삼보컴퓨터우,주권,2026-09-06,KRX-DELISTING,True
014910,,1990-03-24,FDR_DESC,KOSPI,성문전자,주권,2026-09-06,KOSPI-DESC,False
014915,,2014-06-17,FDR_FIRST_TRADE,KOSPI,성문전자우,주권,2026-09-06,KOSPI-DESC,False
014940,,2001-12-26,FDR_DESC,KOSDAQ,오리엔탈정공,주권,2026-09-06,KOSDAQ-DESC,False
014950,,2025-10-27,FDR_DESC,KOSDAQ,삼익제약,주권,2026-09-06,KOSDAQ-DESC,False
014970,,1992-12-29,FDR_DESC,KOSDAQ,삼륭물산,주권,2026-09-06,KOSDAQ-DESC,False
014980,1998-07-15,1985-03-25,FDR_DELISTING,KOSPI,항도종금,주권,2026-09-06,KRX-DELISTING,True
014990,,1989-06-20,FDR_DESC,KOSPI,인디에프,주권,2026-09-06,KOSPI-DESC,False
015020,,1988-12-23,FDR_DESC,KOSPI,이스타코,주권,2026-09-06,KOSPI-DESC,False
015050,2010-03-09,1994-01-06,FDR_DELISTING,KOSDAQ,비전하이테크,주권,2026-09-06,KRX-DELISTING,True
015054,1999-12-29,1999-12-06,FDR_DELISTING,KOSDAQ,영실업4,주권,2026-09-06,KRX-DELISTING,True
015060,2000-11-28,1996-07-01,FDR_DELISTING,KOSDAQ,미주실업,주권,2026-09-06,KRX-DELISTING,True
015080,1998-07-15,1988-10-29,FDR_DELISTING,KOSPI,청솔종금,주권,2026-09-06,KRX-DELISTING,True
015090,1994-10-13,1989-07-28,FDR_DELISTING,KOSPI,대미실업,주권,2026-09-06,KRX-DELISTING,True
015110,2012-12-11,1994-11-05,FDR_DELISTING,KOSPI,중앙건설,주권,2026-09-06,KRX-DELISTING,True
015150,2001-11-21,1997-01-07,FDR_DELISTING,KOSDAQ,다산,주권,2026-09-06,KRX-DELISTING,True
015170,2010-04-13,2000-08-24,FDR_DELISTING,KOSDAQ,중앙바이오텍,주권,2026-09-06,KRX-DELISTING,True
015180,1997-01-01,1996-07-01,FDR_DELISTING,KOSDAQ,삼송공업,주권,2026-09-06,KRX-DELISTING,True
015200,2012-05-01,1997-01-17,FDR_DELISTING,KOSDAQ,비앤비성원,주권,2026-09-06,KRX-DELISTING,True
015230,,1989-07-25,FDR_DESC,KOSPI,대창단조,주권,2026-09-06,KOSPI-DESC,False
015260,,1988-01-18,FDR_DESC,KOSPI,에이엔피,주권,2026-09-06,KOSPI-DESC,False
015265,2000-08-28,1989-06-09,FDR_DELISTING,KOSPI,큐엔텍코리아(1우),주권,2026-09-06,KRX-DELISTING,True
015340,1996-11-28,1987-11-28,FDR_DELISTING,KOSPI,나우정밀,주권,2026-09-06,KRX-DELISTING,True
015350,2022-01-18,1997-06-23,FDR_DELISTING,KOSPI,부산가스,주권,2026-09-06,KRX-DELISTING,True
015360,,1996-12-24,FDR_DESC,KOSPI,INVENI,주권,2026-09-06,KOSPI-DESC,False
015390,2012-04-13,2001-08-09,FDR_DELISTING,KOSDAQ,엘앤씨피,주권,2026-09-06,KRX-DELISTING,True
015530,1998-10-15,1996-07-01,FDR_DELISTING,KOSDAQ,큐닉스컴퓨터,주권,2026-09-06,KRX-DELISTING,True
015531,1996-12-29,1996-08-24,FDR_DELISTING,KOSDAQ,큐닉스컴퓨터1신,주권,2026-09-06,KRX-DELISTING,True
015532,1996-12-29,1996-10-25,FDR_DELISTING,KOSDAQ,큐닉스컴퓨터2신,주권,2026-09-06,KRX-DELISTING,True
015535,1998-10-15,1996-07-01,FDR_DELISTING,KOSDAQ,큐닉스컴퓨터우선,주권,2026-09-06,KRX-DELISTING,True
015540,2023-11-07,1989-09-02,FDR_DELISTING,KOSPI,에코바이브,주권,2026-09-06,KRX-DELISTING,True
015545,2009-11-27,1997-12-26,FDR_DELISTING,KOSPI,웰스브릿지우,주권,2026-09-06,KRX-DELISTING,True
015550,1986-10-08,1977-06-18,FDR_DELISTING,KOSPI,신흥목재,주권,2026-09-06,KRX-DELISTING,True
015580,2001-09-10,1989-11-28,FDR_DELISTING,KOSPI,신한은행,주권,2026-09-06,KRX-DELISTING,True
015585,2001-09-10,1999-03-26,FDR_DELISTING,KOSPI,신한은행(1우C),주권,2026-09-06,KRX-DELISTING,True
015590,,1989-05-27,FDR_DESC,KOSPI,DKME,주권,2026-09-06,KOSPI-DESC,False
0155E0,,2026-08-25,FDR_DESC,KOSDAQ,해치텍,주권,2026-09-06,KOSDAQ-DESC,False
015620,2001-04-23,1988-03-30,FDR_DELISTING,KOSPI,현대울산종금,주권,2026-09-06,KRX-DELISTING,True
015650,2001-07-16,1988-07-19,FDR_DELISTING,KOSPI,리젠트종금,주권,2026-09-06,KRX-DELISTING,True
015670,2007-09-12,1991-02-08,FDR_DELISTING,KOSPI,AP우주통신,주권,2026-09-06,KRX-DELISTING,True
015675,2007-09-12,2001-07-02,FDR_DELISTING,KOSPI,AP우주통신(1우B),주권,2026-09-06,KRX-DELISTING,True
0156T0,,2026-07-24,FDR_DESC,KOSDAQ,에이치엘지노믹스,주권,2026-09-06,KOSDAQ-DESC,False
015710,,1997-09-30,FDR_DESC,KOSDAQ,코콤,주권,2026-09-06,KOSDAQ-DESC,False
015730,1999-07-22,1993-01-20,FDR_DELISTING,KOSPI,대우정밀,주권,2026-09-06,KRX-DELISTING,True
015750,,1995-11-04,FDR_DESC,KOSDAQ,성우하이텍,주권,2026-09-06,KOSDAQ-DESC,False
015760,,1989-08-10,FDR_DESC,KOSPI,한국전력,주권,2026-09-06,KOSPI-DESC,False
015780,1998-03-10,1989-08-25,FDR_DELISTING,KOSPI,논    노,주권,2026-09-06,KRX-DELISTING,True
015860,,1990-03-22,FDR_DESC,KOSPI,일진홀딩스,주권,2026-09-06,KOSPI-DESC,False
015880,2001-09-22,1994-11-05,FDR_DELISTING,KOSPI,태화쇼핑,주권,2026-09-06,KRX-DELISTING,True
015890,,1996-01-30,FDR_DESC,KOSPI,태경산업,주권,2026-09-06,KOSPI-DESC,False
015910,1999-07-22,1996-07-01,FDR_DELISTING,KOSDAQ,유산실업,주권,2026-09-06,KRX-DELISTING,True
015920,1997-11-08,1996-07-01,FDR_DELISTING,KOSDAQ,대림금속공업,주권,2026-09-06,KRX-DELISTING,True
015940,2010-01-15,1993-01-30,FDR_DELISTING,KOSPI,LG데이콤,주권,2026-09-06,KRX-DELISTING,True
015980,1998-11-18,1989-08-29,FDR_DELISTING,KOSPI,금    경,주권,2026-09-06,KRX-DELISTING,True
016040,2009-04-11,1993-12-07,FDR_DELISTING,KOSDAQ,디에스피,주권,2026-09-06,KRX-DELISTING,True
016070,1996-02-28,1990-09-14,FDR_DELISTING,KOSPI,동성반도체,주권,2026-09-06,KRX-DELISTING,True
016090,,1990-09-20,FDR_DESC,KOSPI,대현,주권,2026-09-06,KOSPI-DESC,False
016100,,2003-01-15,FDR_DESC,KOSDAQ,리더스코스메틱,주권,2026-09-06,KOSDAQ-DESC,False
016140,2012-10-12,1994-03-18,FDR_DELISTING,KOSDAQ,웨스테이트,주권,2026-09-06,KRX-DELISTING,True
016160,2011-04-26,1989-06-26,FDR_DELISTING,KOSPI,오라바이오틱스,주권,2026-09-06,KRX-DELISTING,True
016165,1991-04-27,1989-06-26,FDR_DELISTING,KOSPI,라딕스우,주권,2026-09-06,KRX-DELISTING,True
016167,2011-04-26,2008-10-14,FDR_DELISTING,KOSPI,오라바이오틱스2우B,주권,2026-09-06,KRX-DELISTING,True
016170,2018-09-18,2001-01-11,FDR_DELISTING,KOSDAQ,카카오M,주권,2026-09-06,KRX-DELISTING,True
016230,1997-01-01,1996-07-01,FDR_DELISTING,KOSDAQ,유천건설,주권,2026-09-06,KRX-DELISTING,True
016250,,1999-12-28,FDR_DESC,KOSDAQ,SGC E&C,주권,2026-09-06,KOSDAQ-DESC,False
016260,1994-10-13,1989-11-11,FDR_DELISTING,KOSPI,우단,주권,2026-09-06,KRX-DELISTING,True
016310,1996-12-09,1996-07-01,FDR_DELISTING,KOSDAQ,신우산업기기,주권,2026-09-06,KRX-DELISTING,True
016350,1998-07-15,1988-05-06,FDR_DELISTING,KOSPI,신한종금,주권,2026-09-06,KRX-DELISTING,True
016355,1998-07-15,1994-07-01,FDR_DELISTING,KOSPI,신한종금(1우),주권,2026-09-06,KRX-DELISTING,True
016360,,1988-03-28,FDR_DESC,KOSPI,삼성증권,주권,2026-09-06,KOSPI-DESC,False
016365,2003-01-02,1998-01-09,FDR_DELISTING,KOSPI,삼성증권(1우B),주권,2026-09-06,KRX-DELISTING,True
016367,2003-01-14,1998-06-12,FDR_DELISTING,KOSPI,삼성증권(2우B),주권,2026-09-06,KRX-DELISTING,True
016380,,1986-02-03,FDR_DESC,KOSPI,KG스틸,주권,2026-09-06,KOSPI-DESC,False
016385,2022-07-15,1989-09-21,FDR_DELISTING,KOSPI,KG스틸우,주권,2026-09-06,KRX-DELISTING,True
016390,2000-08-29,1988-03-05,FDR_DELISTING,KOSPI,나라종금,주권,2026-09-06,KRX-DELISTING,True
016395,2000-08-29,1999-04-20,FDR_DELISTING,KOSPI,나라종금(1우B),주권,2026-09-06,KRX-DELISTING,True
016397,2000-08-29,2000-01-14,FDR_DELISTING,KOSPI,나라종금(2우B),주권,2026-09-06,KRX-DELISTING,True
016420,2015-01-20,1988-03-28,FDR_DELISTING,KOSPI,NH농협증권,주권,2026-09-06,KRX-DELISTING,True
016430,1996-08-14,1987-06-23,FDR_DELISTING,KOSPI,동신제지,주권,2026-09-06,KRX-DELISTING,True
016435,1996-08-14,1989-03-22,FDR_DELISTING,KOSPI,동신제지(1우),주권,2026-09-06,KRX-DELISTING,True
016450,,2000-01-06,FDR_DESC,KOSPI,한세예스24홀딩스,주권,2026-09-06,KOSPI-DESC,False
016451,1998-12-29,1998-04-07,FDR_DELISTING,KOSDAQ,한세실업1신,주권,2026-09-06,KRX-DELISTING,True
016480,1998-07-15,1988-10-04,FDR_DELISTING,KOSPI,한화종금,주권,2026-09-06,KRX-DELISTING,True
016490,1994-10-13,1989-01-31,FDR_DELISTING,KOSPI,청화상공,주권,2026-09-06,KRX-DELISTING,True
0164H0,,2026-06-30,FDR_DESC,KOSDAQ,한국제16호스팩,주권,2026-09-06,KOSDAQ-DESC,False
016500,1998-07-15,1988-06-29,FDR_DELISTING,KOSPI,삼삼종금,주권,2026-09-06,KRX-DELISTING,True
016510,2011-07-18,1994-12-27,FDR_DELISTING,KOSPI,현대DSF,주권,2026-09-06,KRX-DELISTING,True
016550,2002-04-19,1989-08-25,FDR_DELISTING,KOSPI,한별텔레콤,주권,2026-09-06,KRX-DELISTING,True
016555,2002-04-19,1991-01-03,FDR_DELISTING,KOSPI,한별텔레콤(1우),주권,2026-09-06,KRX-DELISTING,True
016560,2012-10-17,1996-11-19,FDR_DELISTING,KOSPI,서울저축은행,주권,2026-09-06,KRX-DELISTING,True
016570,2013-03-15,1988-09-22,FDR_DELISTING,KOSPI,태평양제약,주권,2026-09-06,KRX-DELISTING,True
016575,2013-03-15,1989-10-13,FDR_DELISTING,KOSPI,태평양제우,주권,2026-09-06,KRX-DELISTING,True
016580,,1996-07-03,FDR_DESC,KOSPI,환인제약,주권,2026-09-06,KOSPI-DESC,False
016590,,1995-12-21,FDR_DESC,KOSPI,신대양제지,주권,2026-09-06,KOSPI-DESC,False
0165X0,,2026-06-19,FDR_DESC,KOSDAQ,메리츠제2호스팩,주권,2026-09-06,KOSDAQ-DESC,False
016600,,1993-06-21,FDR_DESC,KOSDAQ,큐캐피탈,주권,2026-09-06,KOSDAQ-DESC,False
016601,1999-12-29,1999-09-01,FDR_DELISTING,KOSDAQ,개발투자1,주권,2026-09-06,KRX-DELISTING,True
016610,,1988-06-27,FDR_DESC,KOSPI,DB증권,주권,2026-09-06,KOSPI-DESC,False
016620,1998-02-09,1996-07-01,FDR_DELISTING,KOSDAQ,우풍상호신용금고,주권,2026-09-06,KRX-DELISTING,True
016640,1999-10-02,1990-01-20,FDR_DELISTING,KOSPI,신    화,주권,2026-09-06,KRX-DELISTING,True
016670,,1993-04-21,FDR_DESC,KOSDAQ,디모아,주권,2026-09-06,KOSDAQ-DESC,False
016680,1999-10-27,1988-05-02,FDR_DELISTING,KOSPI,태흥피혁,주권,2026-09-06,KRX-DELISTING,True
016690,1998-07-15,1988-06-27,FDR_DELISTING,KOSPI,신세계종금,주권,2026-09-06,KRX-DELISTING,True
016710,,1999-12-22,FDR_DESC,KOSPI,대성홀딩스,주권,2026-09-06,KOSPI-DESC,False
016740,,2016-07-29,FDR_DESC,KOSPI,두올,주권,2026-09-06,KOSPI-DESC,False
016790,,2018-06-01,FDR_DESC,KOSDAQ,현대사료,주권,2026-09-06,KOSDAQ-DESC,False
016800,,1996-12-24,FDR_DESC,KOSPI,퍼시스,주권,2026-09-06,KOSPI-DESC,False
016830,2004-07-13,1989-11-11,FDR_DELISTING,KOSPI,한미은행,주권,2026-09-06,KRX-DELISTING,True
016835,1999-10-07,1999-03-22,FDR_DELISTING,KOSPI,한미은행(1우B),주권,2026-09-06,KRX-DELISTING,True
016837,1999-10-07,1999-03-22,FDR_DELISTING,KOSPI,한미은행(2우B),주권,2026-09-06,KRX-DELISTING,True
016839,1999-10-07,1999-03-22,FDR_DELISTING,KOSPI,한미은행(3우B),주권,2026-09-06,KRX-DELISTING,True
01683A,1999-10-07,1999-03-22,FDR_DELISTING,KOSPI,한미은행(4우B),주권,2026-09-06,KRX-DELISTING,True
01683B,1999-10-07,1999-03-22,FDR_DELISTING,KOSPI,한미은행(5우B),주권,2026-09-06,KRX-DELISTING,True
01683C,2003-07-03,2000-07-19,FDR_DELISTING,KOSPI,한미은행(6우B),주권,2026-09-06,KRX-DELISTING,True
016880,,1994-11-05,FDR_DESC,KOSPI,웅진,주권,2026-09-06,KOSPI-DESC,False
016890,2009-04-20,1999-11-16,FDR_DELISTING,KOSDAQ,대웅바이오,주권,2026-09-06,KRX-DELISTING,True
016920,,1990-01-04,FDR_DESC,KOSDAQ,카스,주권,2026-09-06,KOSDAQ-DESC,False
016921,1998-12-29,1998-03-25,FDR_DELISTING,KOSDAQ,카스1신,주권,2026-09-06,KRX-DELISTING,True
016925,1998-07-23,1996-07-01,FDR_DELISTING,KOSDAQ,카스우선,주권,2026-09-06,KRX-DELISTING,True
016970,2006-07-13,1989-09-12,FDR_DELISTING,KOSPI,씨크롭,주권,2026-09-06,KRX-DELISTING,True
016975,2006-07-13,1990-01-30,FDR_DELISTING,KOSPI,씨크롭(1우),주권,2026-09-06,KRX-DELISTING,True
016990,2009-07-16,2000-12-21,FDR_DELISTING,KOSDAQ,LG마이크론,주권,2026-09-06,KRX-DELISTING,True
017000,,1994-12-07,FDR_DESC,KOSDAQ,신원종합개발,주권,2026-09-06,KOSDAQ-DESC,False
017010,2010-03-26,2003-01-28,FDR_DELISTING,KOSDAQ,제너비오믹스,주권,2026-09-06,KRX-DELISTING,True
017040,,1990-09-14,FDR_DESC,KOSPI,광명전기,주권,2026-09-06,KOSPI-DESC,False
017050,2010-04-05,1994-06-28,FDR_DELISTING,KOSDAQ,스타맥스,주권,2026-09-06,KRX-DELISTING,True
017070,1995-12-08,1990-03-09,FDR_DELISTING,KOSPI,호승,주권,2026-09-06,KRX-DELISTING,True
017090,2001-05-25,1996-01-15,FDR_DELISTING,KOSDAQ,풍연,주권,2026-09-06,KRX-DELISTING,True
017091,1996-12-29,1996-08-17,FDR_DELISTING,KOSDAQ,풍연1신,주권,2026-09-06,KRX-DELISTING,True
017092,1996-12-29,1996-08-17,FDR_DELISTING,KOSDAQ,풍연2신,주권,2026-09-06,KRX-DELISTING,True
017093,1996-12-29,1996-09-03,FDR_DELISTING,KOSDAQ,풍연3신,주권,2026-09-06,KRX-DELISTING,True
017094,1996-12-29,1996-09-12,FDR_DELISTING,KOSDAQ,풍연전환,주권,2026-09-06,KRX-DELISTING,True
017110,1998-07-15,1988-03-28,FDR_DELISTING,KOSPI,고려종금,주권,2026-09-06,KRX-DELISTING,True
017120,2001-07-10,1989-12-18,FDR_DELISTING,KOSPI,바로크,주권,2026-09-06,KRX-DELISTING,True
017160,2011-04-29,1992-09-07,FDR_DELISTING,KOSDAQ,세븐코스프,주권,2026-09-06,KRX-DELISTING,True
017161,1996-12-29,1996-07-01,FDR_DELISTING,KOSDAQ,코스프1신,주권,2026-09-06,KRX-DELISTING,True
017170,2011-05-13,1995-07-08,FDR_DELISTING,KOSPI,훈영,주권,2026-09-06,KRX-DELISTING,True
017180,,2008-07-10,FDR_DESC,KOSPI,명문제약,주권,2026-09-06,KOSPI-DESC,False
017210,2002-11-14,1991-07-29,FDR_DELISTING,KOSDAQ,코닉스,주권,2026-09-06,KRX-DELISTING,True
017211,2001-01-02,2000-01-20,FDR_DELISTING,KOSDAQ,코닉스1,주권,2026-09-06,KRX-DELISTING,True
017214,1997-12-29,1997-12-11,FDR_DELISTING,KOSDAQ,코닉스전환,주권,2026-09-06,KRX-DELISTING,True
017250,,1996-01-03,FDR_DESC,KOSDAQ,인터엠,주권,2026-09-06,KOSDAQ-DESC,False
017300,2010-04-15,1995-11-10,FDR_DELISTING,KOSPI,에이치비이에너지,주권,2026-09-06,KRX-DELISTING,True
017320,2001-04-26,1989-06-05,FDR_DELISTING,KOSPI,태일정밀,주권,2026-09-06,KRX-DELISTING,True
017325,2001-04-26,1989-12-23,FDR_DELISTING,KOSPI,태일정밀(1우),주권,2026-09-06,KRX-DELISTING,True
017370,,2002-05-28,FDR_DESC,KOSPI,우신시스템,주권,2026-09-06,KOSPI-DESC,False
017390,,1995-08-18,FDR_DESC,KOSPI,서울가스,주권,2026-09-06,KOSPI-DESC,False
017410,1997-01-01,1996-07-01,FDR_DELISTING,KOSDAQ,한주개발,주권,2026-09-06,KRX-DELISTING,True
017480,,2001-01-09,FDR_DESC,KOSDAQ,삼현철강,주권,2026-09-06,KOSDAQ-DESC,False
017510,,1991-12-26,FDR_DESC,KOSDAQ,세명전기,주권,2026-09-06,KOSDAQ-DESC,False
017550,,1991-08-30,FDR_DESC,KOSPI,수산세보틱스,주권,2026-09-06,KOSPI-DESC,False
017555,2014-01-02,1992-02-21,FDR_DELISTING,KOSPI,수산중공우,주권,2026-09-06,KRX-DELISTING,True
017620,2000-06-07,1996-07-01,FDR_DELISTING,KOSDAQ,라인건설,주권,2026-09-06,KRX-DELISTING,True
017650,,1994-11-07,FDR_DESC,KOSDAQ,대림제지,주권,2026-09-06,KOSDAQ-DESC,False
017670,,1989-11-07,FDR_DESC,KOSPI,SK텔레콤,주권,2026-09-06,KOSPI-DESC,False
017680,2019-11-20,1993-09-03,FDR_DELISTING,KOSDAQ,데코앤이,주권,2026-09-06,KRX-DELISTING,True
017740,2000-06-07,1996-07-01,FDR_DELISTING,KOSDAQ,주화산업,주권,2026-09-06,KRX-DELISTING,True
017800,,1996-07-03,FDR_DESC,KOSPI,현대엘리베이터,주권,2026-09-06,KOSPI-DESC,False
017810,,1995-10-05,FDR_DESC,KOSPI,풀무원,주권,2026-09-06,KOSPI-DESC,False
017860,,2023-12-22,FDR_DESC,KOSPI,DS단석,주권,2026-09-06,KOSPI-DESC,False
017890,,1992-08-04,FDR_DESC,KOSDAQ,한국알콜,주권,2026-09-06,KOSDAQ-DESC,False
017891,1996-12-29,1996-08-12,FDR_DELISTING,KOSDAQ,한국알콜1신,주권,2026-09-06,KRX-DELISTING,True
017900,,1996-10-16,FDR_DESC,KOSPI,광전자,주권,2026-09-06,KOSPI-DESC,False
017940,,1997-08-27,FDR_DESC,KOSPI,E1,주권,2026-09-06,KOSPI-DESC,False
017960,,1995-07-08,FDR_DESC,KOSPI,한국카본,주권,2026-09-06,KOSPI-DESC,False
018000,,1996-01-10,FDR_DESC,KOSDAQ,유니슨,주권,2026-09-06,KOSDAQ-DESC,False
018020,2003-11-18,1996-11-19,FDR_DELISTING,KOSPI,스타리스,주권,2026-09-06,KRX-DELISTING,True
018120,,1993-12-29,FDR_DESC,KOSDAQ,진로발효,주권,2026-09-06,KOSDAQ-DESC,False
018121,1996-12-29,1996-08-02,FDR_DELISTING,KOSDAQ,진로발효1신,주권,2026-09-06,KRX-DELISTING,True
018180,2005-04-07,1993-06-03,FDR_DELISTING,KOSDAQ,텔슨정보통신,주권,2026-09-06,KRX-DELISTING,True
018230,1997-01-01,1996-07-01,FDR_DELISTING,KOSDAQ,보성건설,주권,2026-09-06,KRX-DELISTING,True
018250,,2018-03-22,FDR_DESC,KOSPI,애경산업,주권,2026-09-06,KOSPI-DESC,False
018260,,2014-11-14,FDR_DESC,KOSPI,삼성에스디에스,주권,2026-09-06,KOSPI-DESC,False
018290,,1994-09-07,FDR_DESC,KOSDAQ,브이티,주권,2026-09-06,KOSDAQ-DESC,False
018310,,1996-05-03,FDR_DESC,KOSDAQ,삼목에스폼,주권,2026-09-06,KOSDAQ-DESC,False
018360,2002-04-27,1996-01-30,FDR_DELISTING,KOSPI,메디슨,주권,2026-09-06,KRX-DELISTING,True
018365,2002-04-27,1996-01-30,FDR_DELISTING,KOSPI,메디슨(1우),주권,2026-09-06,KRX-DELISTING,True
018380,1999-07-22,1996-07-01,FDR_DELISTING,KOSDAQ,유진산업,주권,2026-09-06,KRX-DELISTING,True
018410,2010-05-13,1989-07-25,FDR_DELISTING,KOSPI,현대금속,주권,2026-09-06,KRX-DELISTING,True
018415,2010-05-13,1989-12-02,FDR_DELISTING,KOSPI,현대금속우,주권,2026-09-06,KRX-DELISTING,True
018417,2010-05-13,2002-02-06,FDR_DELISTING,KOSPI,현대금속2우B,주권,2026-09-06,KRX-DELISTING,True
018470,,1988-11-22,FDR_DESC,KOSPI,조일알미늄,주권,2026-09-06,KOSPI-DESC,False
018480,1999-03-11,1996-07-01,FDR_DELISTING,KOSDAQ,부산리스금융,주권,2026-09-06,KRX-DELISTING,True
018485,1999-03-11,1996-07-01,FDR_DELISTING,KOSDAQ,부산리스금융우선,주권,2026-09-06,KRX-DELISTING,True
018500,,1995-11-10,FDR_DESC,KOSPI,동원모빌리티,주권,2026-09-06,KOSPI-DESC,False
018550,2000-05-04,1994-04-29,FDR_DELISTING,KOSPI,한국안전유리,주권,2026-09-06,KRX-DELISTING,True
018570,2002-05-21,1996-07-31,FDR_DELISTING,KOSPI,선진금속,주권,2026-09-06,KRX-DELISTING,True
018590,2004-01-24,1997-10-28,FDR_DELISTING,KOSPI,KNC,주권,2026-09-06,KRX-DELISTING,True
018620,,2008-05-20,FDR_DESC,KOSDAQ,우진비앤지,주권,2026-09-06,KOSDAQ-DESC,False
018670,,1997-08-27,FDR_DESC,KOSPI,SK가스,주권,2026-09-06,KOSPI-DESC,False
018680,,2000-08-18,FDR_DESC,KOSDAQ,서울제약,주권,2026-09-06,KOSDAQ-DESC,False
018690,1994-10-13,1992-01-23,FDR_DELISTING,KOSPI,신정제지,주권,2026-09-06,KRX-DELISTING,True
018700,,1994-03-18,FDR_DESC,KOSDAQ,졸스,주권,2026-09-06,KOSDAQ-DESC,False
018720,2000-06-07,1996-07-01,FDR_DELISTING,KOSDAQ,동양기공,주권,2026-09-06,KRX-DELISTING,True
018740,1997-01-01,1996-07-01,FDR_DELISTING,KOSDAQ,에어로시스템,주권,2026-09-06,KRX-DELISTING,True
018840,1998-04-11,1996-07-01,FDR_DELISTING,KOSDAQ,금성제관,주권,2026-09-06,KRX-DELISTING,True
018860,1997-01-01,1996-07-01,FDR_DELISTING,KOSDAQ,동방산업개발,주권,2026-09-06,KRX-DELISTING,True
018880,,1996-07-31,FDR_DESC,KOSPI,한온시스템,주권,2026-09-06,KOSPI-DESC,False
018890,2010-07-22,1992-12-18,FDR_DELISTING,KOSDAQ,모라리소스,주권,2026-09-06,KRX-DELISTING,True
018910,1996-08-07,1996-07-01,FDR_DELISTING,KOSDAQ,신호테크,주권,2026-09-06,KRX-DELISTING,True
019010,,1993-11-05,FDR_DESC,KOSDAQ,베뉴지,주권,2026-09-06,KOSDAQ-DESC,False
019011,1996-12-29,1996-07-13,FDR_DELISTING,KOSDAQ,그랜드백화점1신,주권,2026-09-06,KRX-DELISTING,True
019120,2011-04-06,1992-12-18,FDR_DELISTING,KOSDAQ,경윤하이드로,주권,2026-09-06,KRX-DELISTING,True
019170,,1990-01-20,FDR_DESC,KOSPI,신풍제약,주권,2026-09-06,KOSPI-DESC,False
019175,,2014-06-17,FDR_FIRST_TRADE,KOSPI,신풍제약우,주권,2026-09-06,KOSPI-DESC,False
019180,,1996-07-31,FDR_DESC,KOSPI,티에이치엔,주권,2026-09-06,KOSPI-DESC,False
019210,,1997-08-06,FDR_DESC,KOSDAQ,와이지-원,주권,2026-09-06,KOSDAQ-DESC,False
019230,1997-07-10,1996-07-01,FDR_DELISTING,KOSDAQ,신한종합비료,주권,2026-09-06,KRX-DELISTING,True
019260,2012-09-05,1996-01-04,FDR_DELISTING,KOSDAQ,엔케이바이오,주권,2026-09-06,KRX-DELISTING,True
019300,2016-08-11,1995-08-18,FDR_DELISTING,KOSPI,태림페이퍼,주권,2026-09-06,KRX-DELISTING,True
019380,1996-08-14,1990-04-02,FDR_DELISTING,KOSPI,신강제지,주권,2026-09-06,KRX-DELISTING,True
019430,2011-04-29,1989-12-08,FDR_DELISTING,KOSDAQ,넥서스투자,주권,2026-09-06,KRX-DELISTING,True
019440,2026-02-12,2011-06-01,FDR_DELISTING,KOSPI,세아특수강,주권,2026-09-06,KRX-DELISTING,True
019460,1997-01-01,1996-07-01,FDR_DELISTING,KOSDAQ,서울창업투자,주권,2026-09-06,KRX-DELISTING,True
019490,,1998-11-04,FDR_DESC,KOSPI,엑시큐어하이트론,주권,2026-09-06,KOSPI-DESC,False
019491,1997-12-29,1997-05-28,FDR_DELISTING,KOSDAQ,하이트론씨스템즈1신,주권,2026-09-06,KRX-DELISTING,True
019492,1996-12-29,1996-07-22,FDR_DELISTING,KOSDAQ,하이트론씨스템즈2신,주권,2026-09-06,KRX-DELISTING,True
019530,1998-08-10,1996-07-01,FDR_DELISTING,KOSDAQ,한국산업투자,주권,2026-09-06,KRX-DELISTING,True
019540,,1992-11-03,FDR_DESC,KOSDAQ,일지테크,주권,2026-09-06,KOSDAQ-DESC,False
019550,,1989-09-06,FDR_DESC,KOSDAQ,SBI인베스트먼트,주권,2026-09-06,KOSDAQ-DESC,False
019560,2005-12-24,1999-12-03,FDR_DELISTING,KOSDAQ,한국파트너스,주권,2026-09-06,KRX-DELISTING,True
019570,,1989-03-14,FDR_DESC,KOSDAQ,GMI벤처,주권,2026-09-06,KOSDAQ-DESC,False
019590,2025-09-08,1989-03-14,FDR_DELISTING,KOSDAQ,에스유앤피,주권,2026-09-06,KRX-DELISTING,True
019640,2009-04-23,1993-09-17,FDR_DELISTING,KOSDAQ,희훈디앤지,주권,2026-09-06,KRX-DELISTING,True
019641,1998-12-29,1998-04-30,FDR_DELISTING,KOSDAQ,희훈1신,주권,2026-09-06,KRX-DELISTING,True
019642,1998-12-29,1998-12-22,FDR_DELISTING,KOSDAQ,희훈2신,주권,2026-09-06,KRX-DELISTING,True
019660,,1992-06-04,FDR_DESC,KOSDAQ,글로본,주권,2026-09-06,KOSDAQ-DESC,False
019680,,2004-02-03,FDR_DESC,KOSPI,대교,주권,2026-09-06,KOSPI-DESC,False
019685,,2014-06-17,FDR_FIRST_TRADE,KOSPI,대교우B,주권,2026-09-06,KOSPI-DESC,False
019730,1998-08-10,1996-07-01,FDR_DELISTING,KOSDAQ,신한모방,주권,2026-09-06,KRX-DELISTING,True
019770,,2011-06-24,FDR_DESC,KOSDAQ,서연탑메탈,주권,2026-09-06,KOSDAQ-DESC,False
019930,2004-02-12,1999-11-18,FDR_DELISTING,KOSPI,기라정보통신,주권,2026-09-06,KRX-DELISTING,True
019931,1997-12-29,1997-06-11,FDR_DELISTING,KOSDAQ,기라정보통신1신,주권,2026-09-06,KRX-DELISTING,True
019990,,2006-02-01,FDR_DESC,KOSDAQ,에너토크,주권,2026-09-06,KOSDAQ-DESC,False
020000,,1996-07-03,FDR_DESC,KOSPI,한섬,주권,2026-09-06,KOSPI-DESC,False
020070,2010-05-01,1994-12-29,FDR_DELISTING,KOSDAQ,에버리소스,주권,2026-09-06,KRX-DELISTING,True
020074,1996-12-29,1996-09-21,FDR_DELISTING,KOSDAQ,동양토탈전환,주권,2026-09-06,KRX-DELISTING,True
020075,2010-05-01,1994-12-29,FDR_DELISTING,KOSDAQ,에버리소스우,주권,2026-09-06,KRX-DELISTING,True
020100,1998-08-10,1996-07-01,FDR_DELISTING,KOSDAQ,태일전자,주권,2026-09-06,KRX-DELISTING,True
020120,,1996-07-03,FDR_DESC,KOSPI,키다리스튜디오,주권,2026-09-06,KOSPI-DESC,False
020150,,2011-03-04,FDR_DESC,KOSPI,롯데에너지머티리얼즈,주권,2026-09-06,KOSPI-DESC,False
020180,,1995-10-06,FDR_DESC,KOSDAQ,대신정보통신,주권,2026-09-06,KOSDAQ-DESC,False
020400,,1993-07-30,FDR_DESC,KOSDAQ,대동금속,주권,2026-09-06,KOSDAQ-DESC,False
020490,2002-10-11,1997-01-17,FDR_DELISTING,KOSDAQ,아이씨켐,주권,2026-09-06,KRX-DELISTING,True
020560,,2008-03-28,FDR_DESC,KOSPI,아시아나항공,주권,2026-09-06,KOSPI-DESC,False
020620,1997-01-01,1996-07-01,FDR_DELISTING,KOSDAQ,세본금속,주권,2026-09-06,KRX-DELISTING,True
020625,1997-01-01,1996-07-01,FDR_DELISTING,KOSDAQ,세본금속우선,주권,2026-09-06,KRX-DELISTING,True
020710,,1999-08-13,FDR_DESC,KOSDAQ,시공테크,주권,2026-09-06,KOSDAQ-DESC,False
020760,,2002-01-09,FDR_DESC,KOSPI,일진디스플,주권,2026-09-06,KOSPI-DESC,False
020860,2003-04-11,1991-03-25,FDR_DELISTING,KOSDAQ,리타워텍,주권,2026-09-06,KRX-DELISTING,True
020865,2003-04-11,1991-03-25,FDR_DELISTING,KOSDAQ,리타워텍우,주권,2026-09-06,KRX-DELISTING,True
020880,1999-07-22,1996-07-01,FDR_DELISTING,KOSDAQ,동마산업,주권,2026-09-06,KRX-DELISTING,True
020881,1996-12-29,1996-07-01,FDR_DELISTING,KOSDAQ,동마산업1신,주권,2026-09-06,KRX-DELISTING,True
021040,,1996-08-27,FDR_DESC,KOSDAQ,대호특수강,주권,2026-09-06,KOSDAQ-DESC,False
021045,,2014-06-17,FDR_FIRST_TRADE,KOSDAQ,대호특수강우,주권,2026-09-06,KOSDAQ-DESC,False
021050,,1996-01-30,FDR_DESC,KOSPI,서원,주권,2026-09-06,KOSPI-DESC,False
021060,2012-06-27,2000-06-15,FDR_DELISTING,KOSDAQ,한림창투,주권,2026-09-06,KRX-DELISTING,True
021080,,1991-07-12,FDR_DESC,KOSDAQ,에이티넘인베스트,주권,2026-09-06,KOSDAQ-DESC,False
021090,2003-12-20,1993-11-05,FDR_DELISTING,KOSDAQ,케미그라스,주권,2026-09-06,KRX-DELISTING,True
021091,1998-07-01,1998-06-30,FDR_DELISTING,KOSDAQ,케미그라스1신,주권,2026-09-06,KRX-DELISTING,True
021170,1999-03-22,1996-11-22,FDR_DELISTING,KOSPI,고려유화,주권,2026-09-06,KRX-DELISTING,True
021220,1998-04-11,1996-07-01,FDR_DELISTING,KOSDAQ,삼화정밀,주권,2026-09-06,KRX-DELISTING,True
021221,1996-12-29,1996-07-06,FDR_DELISTING,KOSDAQ,삼화정밀1신,주권,2026-09-06,KRX-DELISTING,True
021240,,2001-08-07,FDR_DESC,KOSPI,코웨이,주권,2026-09-06,KOSPI-DESC,False
021310,1999-02-25,1996-07-03,FDR_DELISTING,KOSPI,동화은행,주권,2026-09-06,KRX-DELISTING,True
021320,,2001-08-21,FDR_DESC,KOSDAQ,KCC건설,주권,2026-09-06,KOSDAQ-DESC,False
021570,2005-10-13,1989-12-23,FDR_DELISTING,KOSDAQ,알루코,주권,2026-09-06,KRX-DELISTING,True
021574,1999-06-29,1999-06-28,FDR_DELISTING,KOSDAQ,알루코전환,주권,2026-09-06,KRX-DELISTING,True
021600,1999-02-25,1996-07-03,FDR_DELISTING,KOSPI,대동은행,주권,2026-09-06,KRX-DELISTING,True
021610,1999-02-25,1996-07-03,FDR_DELISTING,KOSPI,동남은행,주권,2026-09-06,KRX-DELISTING,True
021650,,2003-01-24,FDR_DESC,KOSDAQ,한국큐빅,주권,2026-09-06,KOSDAQ-DESC,False
021660,1997-01-01,1996-07-01,FDR_DELISTING,KOSDAQ,하이켐,주권,2026-09-06,KRX-DELISTING,True
021740,2002-10-24,1992-12-29,FDR_DELISTING,KOSDAQ,세화기술투자,주권,2026-09-06,KRX-DELISTING,True
021820,,1996-07-03,FDR_DESC,KOSPI,세원정공,주권,2026-09-06,KOSPI-DESC,False
021870,1999-03-11,1996-07-01,FDR_DELISTING,KOSDAQ,중앙리스금융,주권,2026-09-06,KRX-DELISTING,True
021880,,1996-09-02,FDR_DESC,KOSDAQ,메이슨캐피탈,주권,2026-09-06,KOSDAQ-DESC,False
0218L0,,2026-07-27,FDR_DESC,KOSDAQ,네오뷰,주권,2026-09-06,KOSDAQ-DESC,False
021930,2002-07-19,1994-11-07,FDR_DELISTING,KOSDAQ,경남리스,주권,2026-09-06,KRX-DELISTING,True
021931,1999-03-30,1998-10-24,FDR_DELISTING,KOSDAQ,경남리스1신,주권,2026-09-06,KRX-DELISTING,True
021960,2017-07-21,1996-11-19,FDR_DELISTING,KOSPI,KB캐피탈,주권,2026-09-06,KRX-DELISTING,True
022020,1996-08-10,1996-07-01,FDR_DELISTING,KOSDAQ,삼경기전,주권,2026-09-06,KRX-DELISTING,True
022060,2000-12-13,1999-08-13,FDR_DELISTING,KOSDAQ,삼성투신증권,주권,2026-09-06,KRX-DELISTING,True
022061,2000-03-30,1999-12-03,FDR_DELISTING,KOSDAQ,삼성투신증권1,주권,2026-09-06,KRX-DELISTING,True
0220W0,,2026-08-25,FDR_DESC,KOSPI,한화머시너리앤서비스홀딩스,주권,2026-09-06,KOSPI-DESC,False
0220WL,,2026-08-25,FDR_FIRST_TRADE,KOSPI,한화머시너리앤서비스홀딩스3우B,주권,2026-09-06,KOSPI-DESC,False
022100,,2024-01-02,FDR_DESC,KOSPI,포스코DX,주권,2026-09-06,KOSPI-DESC,False
022130,1997-01-01,1996-07-01,FDR_DELISTING,KOSDAQ,건영종합건설,주권,2026-09-06,KRX-DELISTING,True
022220,,2006-04-11,FDR_DESC,KOSDAQ,티케이지애강,주권,2026-09-06,KOSDAQ-DESC,False
022510,2000-06-07,1997-08-18,FDR_DELISTING,KOSDAQ,동호전기,주권,2026-09-06,KRX-DELISTING,True
022520,2012-01-11,2011-07-19,FDR_DELISTING,KOSPI,코오롱아이넷,주권,2026-09-06,KRX-DELISTING,True
022610,2004-02-07,1996-04-15,FDR_DELISTING,KOSDAQ,한일,주권,2026-09-06,KRX-DELISTING,True
022770,2000-06-07,1996-07-01,FDR_DELISTING,KOSDAQ,금강정공,주권,2026-09-06,KRX-DELISTING,True
022780,2002-07-31,1994-06-07,FDR_DELISTING,KOSDAQ,옵셔널벤처스,주권,2026-09-06,KRX-DELISTING,True
022870,2001-07-07,1993-04-07,FDR_DELISTING,KOSDAQ,평화은행,주권,2026-09-06,KRX-DELISTING,True
022875,2001-01-26,1999-04-19,FDR_DELISTING,KOSDAQ,평화은행우선,주권,2026-09-06,KRX-DELISTING,True
023000,,2011-07-22,FDR_DESC,KOSPI,삼원강재,주권,2026-09-06,KOSPI-DESC,False
023020,2011-09-14,2000-07-20,FDR_DELISTING,KOSDAQ,동양매직,주권,2026-09-06,KRX-DELISTING,True
023130,2001-11-09,1994-09-30,FDR_DELISTING,KOSPI,국민은행,주권,2026-09-06,KRX-DELISTING,True
023135,2001-11-09,2000-01-06,FDR_DELISTING,KOSPI,국민은행(1우B),주권,2026-09-06,KRX-DELISTING,True
023137,2001-11-09,1999-01-15,FDR_DELISTING,KOSPI,국민은행(2우B),주권,2026-09-06,KRX-DELISTING,True
023139,2001-11-09,1999-01-15,FDR_DELISTING,KOSPI,국민은행(3우B),주권,2026-09-06,KRX-DELISTING,True
02313A,2001-11-09,1999-01-15,FDR_DELISTING,KOSPI,국민은행(4우B),주권,2026-09-06,KRX-DELISTING,True
02313B,2001-11-09,1999-01-15,FDR_DELISTING,KOSPI,국민은행(5우B),주권,2026-09-06,KRX-DELISTING,True
023140,1999-10-30,1996-07-01,FDR_DELISTING,KOSDAQ,다다,주권,2026-09-06,KRX-DELISTING,True
023150,,1996-12-24,FDR_DESC,KOSPI,MH에탄올,주권,2026-09-06,KOSPI-DESC,False
023350,,2011-04-28,FDR_DESC,KOSPI,한국종합기술,주권,2026-09-06,KOSPI-DESC,False
023410,,1994-10-07,FDR_DESC,KOSDAQ,유진기업,주권,2026-09-06,KOSDAQ-DESC,False
023420,2005-12-31,1994-10-07,FDR_DELISTING,KOSDAQ,유진종합개발,주권,2026-09-06,KRX-DELISTING,True
023421,1996-12-29,1996-09-03,FDR_DELISTING,KOSDAQ,유진종합개발1신,주권,2026-09-06,KRX-DELISTING,True
023430,2017-12-20,1994-10-07,FDR_DELISTING,KOSDAQ,아이이,주권,2026-09-06,KRX-DELISTING,True
023440,,1994-10-07,FDR_DESC,KOSDAQ,제이스코홀딩스,주권,2026-09-06,KOSDAQ-DESC,False
023441,1996-12-29,1996-07-01,FDR_DELISTING,KOSDAQ,제일제강1신,주권,2026-09-06,KRX-DELISTING,True
023442,1996-12-29,1996-08-19,FDR_DELISTING,KOSDAQ,제일제강2신,주권,2026-09-06,KRX-DELISTING,True
023450,,1996-12-24,FDR_DESC,KOSPI,동남합성,주권,2026-09-06,KOSPI-DESC,False
023460,2025-07-14,1994-10-07,FDR_DELISTING,KOSDAQ,CNH,주권,2026-09-06,KRX-DELISTING,True
023530,,2006-02-09,FDR_DESC,KOSPI,롯데쇼핑,주권,2026-09-06,KOSPI-DESC,False
023580,1997-12-06,1996-07-01,FDR_DELISTING,KOSDAQ,한서상호신용금고,주권,2026-09-06,KRX-DELISTING,True
023590,,1997-08-27,FDR_DESC,KOSPI,다우기술,주권,2026-09-06,KOSPI-DESC,False
023591,1996-12-29,1996-08-13,FDR_DELISTING,KOSDAQ,다우기술1신,주권,2026-09-06,KRX-DELISTING,True
023600,,1996-05-29,FDR_DESC,KOSDAQ,삼보판지,주권,2026-09-06,KOSDAQ-DESC,False
023601,1996-12-29,1996-07-01,FDR_DELISTING,KOSDAQ,삼보판지1신,주권,2026-09-06,KRX-DELISTING,True
023670,2010-06-17,2001-01-11,FDR_DELISTING,KOSDAQ,알이엔,주권,2026-09-06,KRX-DELISTING,True
023710,1999-07-22,1996-07-01,FDR_DELISTING,KOSDAQ,익산,주권,2026-09-06,KRX-DELISTING,True
023760,,1994-11-07,FDR_DESC,KOSDAQ,한국캐피탈,주권,2026-09-06,KOSDAQ-DESC,False
023770,,1994-11-07,FDR_DESC,KOSDAQ,플레이위드,주권,2026-09-06,KOSDAQ-DESC,False
023771,2001-01-02,2000-02-16,FDR_DELISTING,KOSDAQ,써-니상사1,주권,2026-09-06,KRX-DELISTING,True
023780,2001-09-13,1994-11-07,FDR_DELISTING,KOSDAQ,신한캐피탈,주권,2026-09-06,KRX-DELISTING,True
023790,,1994-11-07,FDR_DESC,KOSDAQ,동일스틸럭스,주권,2026-09-06,KOSDAQ-DESC,False
023800,,1997-06-23,FDR_DESC,KOSPI,인지컨트롤스,주권,2026-09-06,KOSPI-DESC,False
023810,,2004-09-21,FDR_DESC,KOSPI,인팩,주권,2026-09-06,KOSPI-DESC,False
023811,1996-12-29,1996-07-01,FDR_DELISTING,KOSDAQ,삼영케불1신,주권,2026-09-06,KRX-DELISTING,True
023880,1999-07-22,1996-07-01,FDR_DELISTING,KOSDAQ,삼협산업,주권,2026-09-06,KRX-DELISTING,True
023890,2021-04-19,1994-11-23,FDR_DELISTING,KOSDAQ,한국아트라스비엑스,주권,2026-09-06,KRX-DELISTING,True
023900,,1994-11-23,FDR_DESC,KOSDAQ,풍국주정,주권,2026-09-06,KOSDAQ-DESC,False
023910,,1994-11-23,FDR_DESC,KOSDAQ,대한약품,주권,2026-09-06,KOSDAQ-DESC,False
023920,1998-08-10,1996-07-01,FDR_DELISTING,KOSDAQ,광일,주권,2026-09-06,KRX-DELISTING,True
023960,,1997-06-23,FDR_DESC,KOSPI,에쓰씨엔지니어링,주권,2026-09-06,KOSPI-DESC,False
024060,,1994-12-07,FDR_DESC,KOSDAQ,흥구석유,주권,2026-09-06,KOSDAQ-DESC,False
024070,,1996-11-22,FDR_DESC,KOSPI,WISCOM,주권,2026-09-06,KOSPI-DESC,False
024080,2002-10-17,1994-12-07,FDR_DELISTING,KOSDAQ,카리스소프트,주권,2026-09-06,KRX-DELISTING,True
024081,2001-01-02,2000-08-17,FDR_DELISTING,KOSDAQ,신화실크1,주권,2026-09-06,KRX-DELISTING,True
024090,,1999-08-18,FDR_DESC,KOSPI,디씨엠,주권,2026-09-06,KOSPI-DESC,False
024091,1997-12-29,1997-04-23,FDR_DELISTING,KOSDAQ,디씨엠1신,주권,2026-09-06,KRX-DELISTING,True
024092,1997-12-29,1997-08-23,FDR_DELISTING,KOSDAQ,대림2신,주권,2026-09-06,KRX-DELISTING,True
024093,1997-12-29,1997-08-23,FDR_DELISTING,KOSDAQ,대림3신,주권,2026-09-06,KRX-DELISTING,True
024100,2011-10-14,1997-02-12,FDR_DELISTING,KOSPI,제일저축은행,주권,2026-09-06,KRX-DELISTING,True
024110,,2003-12-24,FDR_DESC,KOSPI,기업은행,주권,2026-09-06,KOSPI-DESC,False
024120,,1994-12-07,FDR_DESC,KOSDAQ,KB오토시스,주권,2026-09-06,KOSDAQ-DESC,False
024660,2018-07-16,1997-08-06,FDR_DELISTING,KOSDAQ,하림홀딩스,주권,2026-09-06,KRX-DELISTING,True
024720,,2002-04-09,FDR_DESC,KOSPI,콜마홀딩스,주권,2026-09-06,KOSPI-DESC,False
024740,,1996-11-29,FDR_DESC,KOSDAQ,한일단조,주권,2026-09-06,KOSDAQ-DESC,False
024741,1996-12-29,1996-11-29,FDR_DELISTING,KOSDAQ,한일단조1신,주권,2026-09-06,KRX-DELISTING,True
024800,,1999-12-10,FDR_DESC,KOSDAQ,유성티엔에스,주권,2026-09-06,KOSDAQ-DESC,False
024810,2025-09-10,1994-12-29,FDR_DELISTING,KOSDAQ,이화전기,주권,2026-09-06,KRX-DELISTING,True
024811,2001-01-02,2000-03-30,FDR_DELISTING,KOSDAQ,이티아이1,주권,2026-09-06,KRX-DELISTING,True
024820,1997-12-06,1996-07-01,FDR_DELISTING,KOSDAQ,동부상호신용금고,주권,2026-09-06,KRX-DELISTING,True
024830,,1994-12-29,FDR_DESC,KOSDAQ,세원물산,주권,2026-09-06,KOSDAQ-DESC,False
024840,,1994-12-29,FDR_DESC,KOSDAQ,KBI메탈,주권,2026-09-06,KOSDAQ-DESC,False
024850,,2001-01-18,FDR_DESC,KOSDAQ,HLB이노베이션,주권,2026-09-06,KOSDAQ-DESC,False
024860,1998-08-10,1996-07-01,FDR_DELISTING,KOSDAQ,국제종합토건,주권,2026-09-06,KRX-DELISTING,True
024870,2010-05-03,1997-08-27,FDR_DELISTING,KOSPI,유성티에스아이,주권,2026-09-06,KRX-DELISTING,True
024871,1996-12-29,1996-07-01,FDR_DELISTING,KOSDAQ,유성금속1신,주권,2026-09-06,KRX-DELISTING,True
024880,,1994-12-29,FDR_DESC,KOSDAQ,케이피에프,주권,2026-09-06,KOSDAQ-DESC,False
024890,,1997-10-28,FDR_DESC,KOSPI,대원화성,주권,2026-09-06,KOSPI-DESC,False
024900,,1997-06-23,FDR_DESC,KOSPI,디와이덕양,주권,2026-09-06,KOSPI-DESC,False
024910,,1994-12-29,FDR_DESC,KOSDAQ,경창산업,주권,2026-09-06,KOSDAQ-DESC,False
024911,1996-12-29,1996-07-01,FDR_DELISTING,KOSDAQ,경창산업1신,주권,2026-09-06,KRX-DELISTING,True
024912,1996-12-29,1996-07-01,FDR_DELISTING,KOSDAQ,경창산업2신,주권,2026-09-06,KRX-DELISTING,True
024920,2000-06-07,1996-07-01,FDR_DELISTING,KOSDAQ,동신특강,주권,2026-09-06,KRX-DELISTING,True
024930,1999-05-18,1996-07-01,FDR_DELISTING,KOSDAQ,국정교과서,주권,2026-09-06,KRX-DELISTING,True
024940,,1995-01-04,FDR_DESC,KOSDAQ,PN풍년,주권,2026-09-06,KOSDAQ-DESC,False
024950,,1995-01-04,FDR_DESC,KOSDAQ,삼천리자전거,주권,2026-09-06,KOSDAQ-DESC,False
024951,1999-12-29,1999-02-18,FDR_DELISTING,KOSDAQ,삼천리자전1,주권,2026-09-06,KRX-DELISTING,True
024960,2001-02-10,1995-03-17,FDR_DELISTING,KOSPI,영남종금,주권,2026-09-06,KRX-DELISTING,True
025000,,1994-12-27,FDR_DESC,KOSPI,KPX케미칼,주권,2026-09-06,KOSPI-DESC,False
025080,2001-08-24,1995-02-01,FDR_DELISTING,KOSDAQ,외환리스,주권,2026-09-06,KRX-DELISTING,True
025090,1999-03-11,1996-07-01,FDR_DELISTING,KOSDAQ,대구리스금융,주권,2026-09-06,KRX-DELISTING,True
025150,2000-06-07,1996-07-01,FDR_DELISTING,KOSDAQ,삼주건설,주권,2026-09-06,KRX-DELISTING,True
025151,1996-12-29,1996-07-01,FDR_DELISTING,KOSDAQ,삼주건설1신,주권,2026-09-06,KRX-DELISTING,True
025220,1999-03-11,1996-07-01,FDR_DELISTING,KOSDAQ,중앙상호신용금고,주권,2026-09-06,KRX-DELISTING,True
025270,2016-08-18,1995-03-20,FDR_DELISTING,KOSDAQ,부산방직,주권,2026-09-06,KRX-DELISTING,True
025320,,1995-04-20,FDR_DESC,KOSDAQ,시노펙스,주권,2026-09-06,KOSDAQ-DESC,False
025340,2011-12-28,2000-05-04,FDR_DELISTING,KOSDAQ,그린기술투자,주권,2026-09-06,KRX-DELISTING,True
025440,,1995-05-22,FDR_DESC,KOSDAQ,DH오토웨어,주권,2026-09-06,KOSDAQ-DESC,False
025450,2004-10-07,1995-05-22,FDR_DELISTING,KOSDAQ,한마음저축은,주권,2026-09-06,KRX-DELISTING,True
025451,2000-06-29,2000-05-29,FDR_DELISTING,KOSDAQ,한마음신금1신,주권,2026-09-06,KRX-DELISTING,True
025460,2009-04-29,2003-01-29,FDR_DELISTING,KOSDAQ,팬텀엔터그룹,주권,2026-09-06,KRX-DELISTING,True
025530,,1997-02-12,FDR_DESC,KOSPI,SJM홀딩스,주권,2026-09-06,KOSPI-DESC,False
025540,,1996-10-16,FDR_DESC,KOSPI,한국단자,주권,2026-09-06,KOSPI-DESC,False
025541,1996-10-16,1996-07-15,FDR_DELISTING,KOSDAQ,한국단자공업1신,주권,2026-09-06,KRX-DELISTING,True
025550,,1995-06-19,FDR_DESC,KOSDAQ,한국선재,주권,2026-09-06,KOSDAQ-DESC,False
025551,1998-12-29,1998-11-28,FDR_DELISTING,KOSDAQ,한국선재1신,주권,2026-09-06,KRX-DELISTING,True
025560,,1996-11-22,FDR_DESC,KOSPI,미래산업,주권,2026-09-06,KOSPI-DESC,False
025561,1996-11-22,1996-07-01,FDR_DELISTING,KOSDAQ,미래산업1신,주권,2026-09-06,KRX-DELISTING,True
025610,2012-07-25,1995-03-17,FDR_DELISTING,KOSPI,한국저축은행,주권,2026-09-06,KRX-DELISTING,True
025620,,1995-07-08,FDR_DESC,KOSPI,차AI헬스케어,주권,2026-09-06,KOSPI-DESC,False
025690,2005-03-12,1997-07-04,FDR_DELISTING,KOSDAQ,동방라이텍,주권,2026-09-06,KRX-DELISTING,True
025750,,2003-11-04,FDR_DESC,KOSPI,한솔홈데코,주권,2026-09-06,KOSPI-DESC,False
025770,,1998-01-20,FDR_DESC,KOSDAQ,한국정보통신,주권,2026-09-06,KOSDAQ-DESC,False
025820,,1995-08-18,FDR_DESC,KOSPI,이구산업,주권,2026-09-06,KOSPI-DESC,False
025830,2007-04-25,1995-10-05,FDR_DELISTING,KOSPI,한국합섬,주권,2026-09-06,KRX-DELISTING,True
025840,2002-01-23,1995-10-05,FDR_DELISTING,KOSPI,레이디,주권,2026-09-06,KRX-DELISTING,True
025850,2016-03-15,1995-11-10,FDR_DELISTING,KOSPI,한화화인케미칼,주권,2026-09-06,KRX-DELISTING,True
025860,,1995-11-10,FDR_DESC,KOSPI,남해화학,주권,2026-09-06,KOSPI-DESC,False
025870,,1995-07-07,FDR_DESC,KOSDAQ,신라에스지,주권,2026-09-06,KOSDAQ-DESC,False
025880,,1995-07-07,FDR_DESC,KOSDAQ,케이씨피드,주권,2026-09-06,KOSDAQ-DESC,False
025890,,1997-07-18,FDR_DESC,KOSPI,한국주강,주권,2026-09-06,KOSPI-DESC,False
025891,1996-12-29,1996-09-12,FDR_DELISTING,KOSDAQ,한국주강1신,주권,2026-09-06,KRX-DELISTING,True
025900,,1995-08-07,FDR_DESC,KOSDAQ,동화기업,주권,2026-09-06,KOSDAQ-DESC,False
025901,1996-12-29,1996-07-01,FDR_DELISTING,KOSDAQ,동화기업1신,주권,2026-09-06,KRX-DELISTING,True
025910,1997-08-14,1996-07-01,FDR_DELISTING,KOSDAQ,동방음향,주권,2026-09-06,KRX-DELISTING,True
025920,2013-07-10,1995-08-07,FDR_DELISTING,KOSDAQ,우경,주권,2026-09-06,KRX-DELISTING,True
025921,2001-01-02,2000-06-30,FDR_DELISTING,KOSDAQ,우경철강1,주권,2026-09-06,KRX-DELISTING,True
025930,2007-04-25,1997-08-27,FDR_DELISTING,KOSPI,팬택,주권,2026-09-06,KRX-DELISTING,True
025931,1996-12-29,1996-07-01,FDR_DELISTING,KOSDAQ,팬택1신,주권,2026-09-06,KRX-DELISTING,True
025932,1996-12-29,1996-12-26,FDR_DELISTING,KOSDAQ,팬택2신,주권,2026-09-06,KRX-DELISTING,True
025940,1998-11-28,1996-07-01,FDR_DELISTING,KOSDAQ,부영철강,주권,2026-09-06,KRX-DELISTING,True
025950,,1995-08-07,FDR_DESC,KOSDAQ,동신건설,주권,2026-09-06,KOSDAQ-DESC,False
025951,1996-12-29,1996-08-30,FDR_DELISTING,KOSDAQ,동신건설1신,주권,2026-09-06,KRX-DELISTING,True
025960,1998-03-13,1996-07-01,FDR_DELISTING,KOSDAQ,동흥전기,주권,2026-09-06,KRX-DELISTING,True
025970,2011-12-20,1995-09-07,FDR_DELISTING,KOSDAQ,알덱스,주권,2026-09-06,KRX-DELISTING,True
025980,,1996-01-06,FDR_DESC,KOSDAQ,아난티,주권,2026-09-06,KOSDAQ-DESC,False
025981,1999-12-29,1999-11-01,FDR_DELISTING,KOSDAQ,피.엠.케이1,주권,2026-09-06,KRX-DELISTING,True
026040,,1999-12-21,FDR_DESC,KOSDAQ,제이에스티나,주권,2026-09-06,KOSDAQ-DESC,False
026150,,1997-08-06,FDR_DESC,KOSDAQ,특수건설,주권,2026-09-06,KOSDAQ-DESC,False
026151,1997-12-29,1997-08-06,FDR_DELISTING,KOSDAQ,특수건설1신,주권,2026-09-06,KRX-DELISTING,True
026180,2019-07-17,2000-08-08,FDR_DELISTING,KOSDAQ,현대정보기술,주권,2026-09-06,KRX-DELISTING,True
026220,2011-11-29,1995-10-06,FDR_DELISTING,KOSDAQ,에스티씨라이프,주권,2026-09-06,KRX-DELISTING,True
026230,2009-04-29,1995-10-06,FDR_DELISTING,KOSDAQ,IDH,주권,2026-09-06,KRX-DELISTING,True
026231,1997-12-29,1997-06-10,FDR_DELISTING,KOSDAQ,대현테크1신,주권,2026-09-06,KRX-DELISTING,True
026240,2000-07-28,1996-07-01,FDR_DELISTING,KOSDAQ,동남리스,주권,2026-09-06,KRX-DELISTING,True
026250,2013-04-12,1995-11-04,FDR_DELISTING,KOSDAQ,삼우이엠씨,주권,2026-09-06,KRX-DELISTING,True
026251,1998-12-29,1998-03-09,FDR_DELISTING,KOSDAQ,삼우이엠씨1신,주권,2026-09-06,KRX-DELISTING,True
026260,2018-10-11,1996-09-24,FDR_DELISTING,KOSDAQ,위너지스,주권,2026-09-06,KRX-DELISTING,True
026261,1996-12-29,1996-09-24,FDR_DELISTING,KOSDAQ,M플러스텍1신,주권,2026-09-06,KRX-DELISTING,True
026262,1996-12-29,1996-09-24,FDR_DELISTING,KOSDAQ,M플러스텍2신,주권,2026-09-06,KRX-DELISTING,True
026263,1996-12-29,1996-09-24,FDR_DELISTING,KOSDAQ,M플러스텍3신,주권,2026-09-06,KRX-DELISTING,True
026540,2011-10-14,2000-06-20,FDR_DELISTING,KOSDAQ,제일창투,주권,2026-09-06,KRX-DELISTING,True
026870,2012-11-15,1995-12-21,FDR_DELISTING,KOSPI,코원에너지서비스,주권,2026-09-06,KRX-DELISTING,True
026890,,1997-11-25,FDR_DESC,KOSPI,스틱인베스트먼트,주권,2026-09-06,KOSPI-DESC,False
026900,1998-12-11,1996-07-01,FDR_DELISTING,KOSDAQ,신원금속,주권,2026-09-06,KRX-DELISTING,True
026910,,1996-01-03,FDR_DESC,KOSDAQ,광진실업,주권,2026-09-06,KOSDAQ-DESC,False
026920,1999-03-11,1996-07-01,FDR_DELISTING,KOSDAQ,영성제강,주권,2026-09-06,KRX-DELISTING,True
026921,1997-12-29,1997-08-12,FDR_DELISTING,KOSDAQ,영성제강1,주권,2026-09-06,KRX-DELISTING,True
026930,1999-07-22,1996-07-01,FDR_DELISTING,KOSDAQ,한양철강공업,주권,2026-09-06,KRX-DELISTING,True
026940,,2008-10-14,FDR_DESC,KOSPI,부국철강,주권,2026-09-06,KOSPI-DESC,False
026941,1996-12-29,1996-07-13,FDR_DELISTING,KOSDAQ,부국철강1신,주권,2026-09-06,KRX-DELISTING,True
026950,1999-07-22,1996-07-01,FDR_DELISTING,KOSDAQ,한일제관,주권,2026-09-06,KRX-DELISTING,True
026960,,2016-07-15,FDR_DESC,KOSPI,동서,주권,2026-09-06,KOSPI-DESC,False
026961,1996-12-29,1996-07-01,FDR_DELISTING,KOSDAQ,동서1신,주권,2026-09-06,KRX-DELISTING,True
026962,1996-12-29,1996-07-01,FDR_DELISTING,KOSDAQ,동서2신,주권,2026-09-06,KRX-DELISTING,True
026970,2004-11-05,1996-01-03,FDR_DELISTING,KOSDAQ,대백저축은행,주권,2026-09-06,KRX-DELISTING,True
027040,,1999-12-03,FDR_DESC,KOSDAQ,서울전자통신,주권,2026-09-06,KOSDAQ-DESC,False
027050,,1999-12-10,FDR_DESC,KOSDAQ,코리아나,주권,2026-09-06,KOSDAQ-DESC,False
027350,2004-08-10,1996-07-06,FDR_DELISTING,KOSDAQ,텔슨전자,주권,2026-09-06,KRX-DELISTING,True
027351,1996-12-29,1996-07-06,FDR_DELISTING,KOSDAQ,텔슨전자1신,주권,2026-09-06,KRX-DELISTING,True
027352,1996-12-29,1996-08-16,FDR_DELISTING,KOSDAQ,텔슨전자2신,주권,2026-09-06,KRX-DELISTING,True
027353,1996-12-29,1996-08-31,FDR_DELISTING,KOSDAQ,텔슨전자3신,주권,2026-09-06,KRX-DELISTING,True
027354,1996-12-29,1996-07-06,FDR_DELISTING,KOSDAQ,텔슨전자전환,주권,2026-09-06,KRX-DELISTING,True
027360,,2018-11-21,FDR_DESC,KOSDAQ,아주IB투자,주권,2026-09-06,KOSDAQ-DESC,False
027390,2020-04-16,1996-01-30,FDR_DELISTING,KOSPI,한화갤러리아타임월드,주권,2026-09-06,KRX-DELISTING,True
027410,,2014-05-19,FDR_DESC,KOSPI,BGF,주권,2026-09-06,KOSPI-DESC,False
027440,2004-04-14,1996-03-07,FDR_DELISTING,KOSDAQ,코리아이앤디,주권,2026-09-06,KRX-DELISTING,True
027450,1998-04-11,1996-07-01,FDR_DELISTING,KOSDAQ,한보상호신용금고,주권,2026-09-06,KRX-DELISTING,True
027460,2001-11-09,1996-03-07,FDR_DELISTING,KOSPI,주택은행,주권,2026-09-06,KRX-DELISTING,True
027465,2001-11-09,2000-01-21,FDR_DELISTING,KOSPI,주택은행(1우B),주권,2026-09-06,KRX-DELISTING,True
027467,2001-11-09,2000-01-21,FDR_DELISTING,KOSPI,주택은행(2우B),주권,2026-09-06,KRX-DELISTING,True
027469,2001-11-09,2000-01-21,FDR_DELISTING,KOSPI,주택은행(3우B),주권,2026-09-06,KRX-DELISTING,True
027560,2002-05-03,2001-01-11,FDR_DELISTING,KOSDAQ,케이디엠,주권,2026-09-06,KRX-DELISTING,True
027580,,2007-10-01,FDR_DESC,KOSDAQ,상보,주권,2026-09-06,KOSDAQ-DESC,False
027610,2000-06-07,1996-09-24,FDR_DELISTING,KOSDAQ,대륭,주권,2026-09-06,KRX-DELISTING,True
027611,1996-12-29,1996-09-24,FDR_DELISTING,KOSDAQ,대륭1신,주권,2026-09-06,KRX-DELISTING,True
027612,1996-12-29,1996-09-24,FDR_DELISTING,KOSDAQ,대륭2신,주권,2026-09-06,KRX-DELISTING,True
027613,1996-12-29,1996-09-24,FDR_DELISTING,KOSDAQ,대륭3신,주권,2026-09-06,KRX-DELISTING,True
027614,1996-12-29,1996-09-24,FDR_DELISTING,KOSDAQ,대륭전환,주권,2026-09-06,KRX-DELISTING,True
027700,2004-06-18,1997-01-17,FDR_DELISTING,KOSDAQ,대백쇼핑,주권,2026-09-06,KRX-DELISTING,True
027710,,1996-07-06,FDR_DESC,KOSDAQ,팜스토리,주권,2026-09-06,KOSDAQ-DESC,False
027711,1996-12-29,1996-07-06,FDR_DELISTING,KOSDAQ,도드람사료1신,주권,2026-09-06,KRX-DELISTING,True
027712,1996-12-29,1996-07-06,FDR_DELISTING,KOSDAQ,도드람사료2신,주권,2026-09-06,KRX-DELISTING,True
027740,,2002-10-29,FDR_DESC,KOSPI,마니커,주권,2026-09-06,KOSPI-DESC,False
027830,,1999-11-30,FDR_DESC,KOSDAQ,대성창투,주권,2026-09-06,KOSDAQ-DESC,False
027840,2010-07-14,1997-11-25,FDR_DELISTING,KOSPI,고덴시,주권,2026-09-06,KRX-DELISTING,True
027841,1997-03-29,1996-09-17,FDR_DELISTING,KOSDAQ,한국고덴시1신,주권,2026-09-06,KRX-DELISTING,True
027890,2003-04-05,1996-06-07,FDR_DELISTING,KOSDAQ,스탠더드텔레,주권,2026-09-06,KRX-DELISTING,True
027891,1996-12-29,1996-07-01,FDR_DELISTING,KOSDAQ,스탠더드텔레1신,주권,2026-09-06,KRX-DELISTING,True
027892,1996-12-29,1996-07-01,FDR_DELISTING,KOSDAQ,스탠더드텔레2신,주권,2026-09-06,KRX-DELISTING,True
027893,1996-12-29,1996-07-29,FDR_DELISTING,KOSDAQ,스탠더드텔레3신,주권,2026-09-06,KRX-DELISTING,True
027894,1996-12-29,1996-09-05,FDR_DELISTING,KOSDAQ,스탠더드텔레전환,주권,2026-09-06,KRX-DELISTING,True
027970,,1996-07-03,FDR_DESC,KOSPI,한국제지,주권,2026-09-06,KOSPI-DESC,False
028040,2021-04-13,1996-07-27,FDR_DELISTING,KOSDAQ,미래SCI,주권,2026-09-06,KRX-DELISTING,True
028050,,1996-12-24,FDR_DESC,KOSPI,삼성E&A,주권,2026-09-06,KOSPI-DESC,False
028080,,1997-04-16,FDR_DESC,KOSDAQ,휴맥스홀딩스,주권,2026-09-06,KOSDAQ-DESC,False
028081,1997-12-29,1997-04-16,FDR_DELISTING,KOSDAQ,휴맥스1신,주권,2026-09-06,KRX-DELISTING,True
028090,2013-05-03,1996-11-29,FDR_DELISTING,KOSDAQ,네오퍼플,주권,2026-09-06,KRX-DELISTING,True
028091,1996-12-29,1996-11-29,FDR_DELISTING,KOSDAQ,명화네트1신,주권,2026-09-06,KRX-DELISTING,True
028092,1996-12-29,1996-11-29,FDR_DELISTING,KOSDAQ,명화네트2신,주권,2026-09-06,KRX-DELISTING,True
028100,,2009-06-12,FDR_DESC,KOSPI,동아지질,주권,2026-09-06,KOSPI-DESC,False
028150,2021-07-16,2000-01-20,FDR_DELISTING,KOSDAQ,GS홈쇼핑,주권,2026-09-06,KRX-DELISTING,True
028260,,2014-12-18,FDR_DESC,KOSPI,삼성물산,주권,2026-09-06,KOSPI-DESC,False
02826K,,2015-09-15,FDR_FIRST_TRADE,KOSPI,삼성물산우B,주권,2026-09-06,KOSPI-DESC,False
028300,,1996-07-27,FDR_DESC,KOSDAQ,HLB,주권,2026-09-06,KOSDAQ-DESC,False
028301,1996-12-29,1996-07-27,FDR_DELISTING,KOSDAQ,국제정공1신,주권,2026-09-06,KRX-DELISTING,True
028302,1996-12-29,1996-07-27,FDR_DELISTING,KOSDAQ,국제정공2신,주권,2026-09-06,KRX-DELISTING,True
028303,1996-12-29,1996-07-27,FDR_DELISTING,KOSDAQ,국제정공3신,주권,2026-09-06,KRX-DELISTING,True
028304,1996-12-29,1996-07-27,FDR_DELISTING,KOSDAQ,국제정공전환,주권,2026-09-06,KRX-DELISTING,True
028305,2014-01-07,2002-10-10,FDR_DELISTING,KOSDAQ,에이치엘비우,주권,2026-09-06,KRX-DELISTING,True
028330,1983-01-20,1973-06-27,FDR_DELISTING,KOSPI,고려원양,주권,2026-09-06,KRX-DELISTING,True
028340,1983-01-20,1973-08-24,FDR_DELISTING,KOSPI,일신제강,주권,2026-09-06,KRX-DELISTING,True
028345,1979-04-16,1975-03-03,FDR_DELISTING,KOSPI,일신제강우,주권,2026-09-06,KRX-DELISTING,True
028350,1983-06-15,1977-06-11,FDR_DELISTING,KOSPI,새서울상사,주권,2026-09-06,KRX-DELISTING,True
028355,1983-06-15,1977-06-11,FDR_DELISTING,KOSPI,새서울상사우,주권,2026-09-06,KRX-DELISTING,True
028360,1983-06-15,1975-06-30,FDR_DELISTING,KOSPI,평안섬유공업,주권,2026-09-06,KRX-DELISTING,True
028370,1983-11-10,1975-05-09,FDR_DELISTING,KOSPI,대망,주권,2026-09-06,KRX-DELISTING,True
028375,1983-11-10,1975-05-09,FDR_DELISTING,KOSPI,대망우,주권,2026-09-06,KRX-DELISTING,True
028380,1984-10-06,1978-07-24,FDR_DELISTING,KOSPI,한국생사,주권,2026-09-06,KRX-DELISTING,True
028385,1984-10-06,1978-07-24,FDR_DELISTING,KOSPI,한국생사우,주권,2026-09-06,KRX-DELISTING,True
028390,1984-10-06,1978-09-15,FDR_DELISTING,KOSPI,신동양건설,주권,2026-09-06,KRX-DELISTING,True
028395,1984-10-06,1978-09-15,FDR_DELISTING,KOSPI,신동양건설우,주권,2026-09-06,KRX-DELISTING,True
028400,1985-01-20,1978-07-18,FDR_DELISTING,KOSPI,미성건설,주권,2026-09-06,KRX-DELISTING,True
028405,1985-01-20,1978-07-18,FDR_DELISTING,KOSPI,미성건설우,주권,2026-09-06,KRX-DELISTING,True
028410,1986-09-13,1975-06-25,FDR_DELISTING,KOSPI,동국중기공업,주권,2026-09-06,KRX-DELISTING,True
028420,1988-11-07,1984-09-05,FDR_DELISTING,KOSPI,삼성반도체통신,주권,2026-09-06,KRX-DELISTING,True
028430,1988-06-09,1976-06-11,FDR_DELISTING,KOSPI,한국프라스틱공업,주권,2026-09-06,KRX-DELISTING,True
028440,1991-07-12,1974-06-12,FDR_DELISTING,KOSPI,삼화,주권,2026-09-06,KRX-DELISTING,True
028450,1991-09-02,1986-08-29,FDR_DELISTING,KOSPI,금성투자금융,주권,2026-09-06,KRX-DELISTING,True
028460,1991-10-05,1977-06-09,FDR_DELISTING,KOSPI,태평양건설,주권,2026-09-06,KRX-DELISTING,True
028470,1992-06-17,1989-08-05,FDR_DELISTING,KOSPI,금성부품,주권,2026-09-06,KRX-DELISTING,True
028480,1992-08-19,1986-08-23,FDR_DELISTING,KOSPI,반도스포츠,주권,2026-09-06,KRX-DELISTING,True
028490,1993-05-27,1989-09-07,FDR_DELISTING,KOSPI,아남정밀,주권,2026-09-06,KRX-DELISTING,True
028500,1993-06-24,1989-08-22,FDR_DELISTING,KOSPI,대도상사,주권,2026-09-06,KRX-DELISTING,True
028510,1993-10-16,1991-02-09,FDR_DELISTING,KOSPI,기온물산,주권,2026-09-06,KRX-DELISTING,True
028520,1994-03-31,1991-02-09,FDR_DELISTING,KOSPI,영원통신,주권,2026-09-06,KRX-DELISTING,True
028530,1994-03-31,1988-06-18,FDR_DELISTING,KOSPI,영태전자공업,주권,2026-09-06,KRX-DELISTING,True
028535,1994-03-31,1989-10-31,FDR_DELISTING,KOSPI,영태전자공업우,주권,2026-09-06,KRX-DELISTING,True
028540,1994-04-01,1991-03-07,FDR_DELISTING,KOSPI,승리기계제작소,주권,2026-09-06,KRX-DELISTING,True
028550,1994-06-13,1989-05-30,FDR_DELISTING,KOSPI,서진식품,주권,2026-09-06,KRX-DELISTING,True
028555,1994-06-13,1990-05-22,FDR_DELISTING,KOSPI,서진식품우,주권,2026-09-06,KRX-DELISTING,True
028560,1994-06-13,1991-02-19,FDR_DELISTING,KOSPI,케니상사,주권,2026-09-06,KRX-DELISTING,True
028570,1994-06-13,1990-09-20,FDR_DELISTING,KOSPI,우생,주권,2026-09-06,KRX-DELISTING,True
028580,1994-06-13,1988-01-20,FDR_DELISTING,KOSPI,경일화학공업,주권,2026-09-06,KRX-DELISTING,True
028590,1994-06-13,1990-09-10,FDR_DELISTING,KOSPI,양우화학공업,주권,2026-09-06,KRX-DELISTING,True
028600,1994-06-13,1988-01-28,FDR_DELISTING,KOSPI,백산전자,주권,2026-09-06,KRX-DELISTING,True
028610,1994-06-13,1988-07-28,FDR_DELISTING,KOSPI,중원전자,주권,2026-09-06,KRX-DELISTING,True
028620,1994-06-13,1989-01-26,FDR_DELISTING,KOSPI,인성기연,주권,2026-09-06,KRX-DELISTING,True
028630,1994-07-18,1989-11-15,FDR_DELISTING,KOSPI,삼나스포츠,주권,2026-09-06,KRX-DELISTING,True
028640,1994-08-16,1976-12-28,FDR_DELISTING,KOSPI,풍진,주권,2026-09-06,KRX-DELISTING,True
028645,1982-09-22,1976-12-28,FDR_DELISTING,KOSPI,풍진우,주권,2026-09-06,KRX-DELISTING,True
028670,,2007-09-21,FDR_DESC,KOSPI,팬오션,주권,2026-09-06,KOSPI-DESC,False
028720,1960-11-21,1957-07-01,FDR_DELISTING,KOSPI,수도극장,주권,2026-09-06,KRX-DELISTING,True
028730,1961-06-30,1956-03-03,FDR_DELISTING,KOSPI,남선전기,주권,2026-09-06,KRX-DELISTING,True
028740,1961-06-30,1956-03-03,FDR_DELISTING,KOSPI,경성전기,주권,2026-09-06,KRX-DELISTING,True
028750,1962-01-04,1956-03-03,FDR_DELISTING,KOSPI,한국운수,주권,2026-09-06,KRX-DELISTING,True
028760,1968-04-01,1968-02-01,FDR_DELISTING,KOSPI,한국유리,주권,2026-09-06,KRX-DELISTING,True
028770,1970-04-01,1966-03-18,FDR_DELISTING,KOSPI,인천중공업,주권,2026-09-06,KRX-DELISTING,True
028780,1973-03-20,1966-03-18,FDR_DELISTING,KOSPI,국제관광공사,주권,2026-09-06,KRX-DELISTING,True
028790,1973-03-20,1966-03-18,FDR_DELISTING,KOSPI,호남비료,주권,2026-09-06,KRX-DELISTING,True
028810,1974-06-29,1956-03-03,FDR_DELISTING,KOSPI,한국증권거래소,주권,2026-09-06,KRX-DELISTING,True
028820,1974-11-15,1956-03-03,FDR_DELISTING,KOSPI,한국증권금융,주권,2026-09-06,KRX-DELISTING,True
028830,1975-06-02,1970-02-20,FDR_DELISTING,KOSPI,제일스레트공업,주권,2026-09-06,KRX-DELISTING,True
028840,1976-04-13,1975-07-11,FDR_DELISTING,KOSPI,금성유업,주권,2026-09-06,KRX-DELISTING,True
028845,1976-01-19,1975-07-11,FDR_DELISTING,KOSPI,금성유업우,주권,2026-09-06,KRX-DELISTING,True
028850,1976-05-14,1972-05-17,FDR_DELISTING,KOSPI,동성판유리,주권,2026-09-06,KRX-DELISTING,True
028855,1976-05-14,1972-05-17,FDR_DELISTING,KOSPI,동성판유리우,주권,2026-09-06,KRX-DELISTING,True
028857,1976-05-14,1972-05-17,FDR_DELISTING,KOSPI,동성판유리2우,주권,2026-09-06,KRX-DELISTING,True
028859,1976-05-14,1972-05-17,FDR_DELISTING,KOSPI,동성판유리3우,주권,2026-09-06,KRX-DELISTING,True
028860,1979-07-21,1968-12-27,FDR_DELISTING,KOSPI,문화방송,주권,2026-09-06,KRX-DELISTING,True
028870,1979-07-21,1968-12-27,FDR_DELISTING,KOSPI,신진자동차판매,주권,2026-09-06,KRX-DELISTING,True
028875,1979-07-21,1970-12-18,FDR_DELISTING,KOSPI,신진자동차판매우,주권,2026-09-06,KRX-DELISTING,True
028880,1979-07-21,1975-04-09,FDR_DELISTING,KOSPI,한독맥주,주권,2026-09-06,KRX-DELISTING,True
028890,1979-07-21,1966-03-18,FDR_DELISTING,KOSPI,대한염업,주권,2026-09-06,KRX-DELISTING,True
028900,1979-07-21,1975-12-27,FDR_DELISTING,KOSPI,해외섬유,주권,2026-09-06,KRX-DELISTING,True
028905,1979-07-21,1975-12-27,FDR_DELISTING,KOSPI,해외섬유우,주권,2026-09-06,KRX-DELISTING,True
028910,1979-11-17,1976-12-28,FDR_DELISTING,KOSPI,극동필트론,주권,2026-09-06,KRX-DELISTING,True
028915,1979-11-17,1976-12-28,FDR_DELISTING,KOSPI,극동필트론우,주권,2026-09-06,KRX-DELISTING,True
028920,1980-04-19,1974-02-21,FDR_DELISTING,KOSPI,대진해운,주권,2026-09-06,KRX-DELISTING,True
028930,1980-04-19,1976-12-28,FDR_DELISTING,KOSPI,금성산업,주권,2026-09-06,KRX-DELISTING,True
028935,1980-04-19,1976-12-28,FDR_DELISTING,KOSPI,금성산업우,주권,2026-09-06,KRX-DELISTING,True
028940,1980-12-26,1977-06-25,FDR_DELISTING,KOSPI,대협,주권,2026-09-06,KRX-DELISTING,True
028950,1981-01-24,1975-05-16,FDR_DELISTING,KOSPI,삼화프라스틱,주권,2026-09-06,KRX-DELISTING,True
028960,1981-01-24,1977-12-23,FDR_DELISTING,KOSPI,옥전산업,주권,2026-09-06,KRX-DELISTING,True
028965,1981-01-24,1977-12-23,FDR_DELISTING,KOSPI,옥전산업우,주권,2026-09-06,KRX-DELISTING,True
028970,1981-01-24,1978-03-16,FDR_DELISTING,KOSPI,금강산업,주권,2026-09-06,KRX-DELISTING,True
028975,1981-01-24,1978-03-16,FDR_DELISTING,KOSPI,금강산업우,주권,2026-09-06,KRX-DELISTING,True
028980,1981-06-24,1978-02-08,FDR_DELISTING,KOSPI,신승기업,주권,2026-09-06,KRX-DELISTING,True
028985,1981-06-24,1978-02-08,FDR_DELISTING,KOSPI,신승기업우,주권,2026-09-06,KRX-DELISTING,True
028990,1981-06-24,1973-05-30,FDR_DELISTING,KOSPI,새한상사,주권,2026-09-06,KRX-DELISTING,True
029000,1981-06-24,1977-06-30,FDR_DELISTING,KOSPI,건설산업,주권,2026-09-06,KRX-DELISTING,True
029005,1981-06-24,1977-06-30,FDR_DELISTING,KOSPI,건설산업우,주권,2026-09-06,KRX-DELISTING,True
029010,1981-06-26,1977-06-15,FDR_DELISTING,KOSPI,옥포기업,주권,2026-09-06,KRX-DELISTING,True
029020,1981-11-21,1975-06-23,FDR_DELISTING,KOSPI,코오롱포리에스타,주권,2026-09-06,KRX-DELISTING,True
029030,1981-11-28,1978-11-25,FDR_DELISTING,KOSPI,대한종합건설,주권,2026-09-06,KRX-DELISTING,True
029035,1981-11-28,1978-11-25,FDR_DELISTING,KOSPI,대한종합건설우,주권,2026-09-06,KRX-DELISTING,True
029040,1981-12-31,1973-08-10,FDR_DELISTING,KOSPI,대우실업,주권,2026-09-06,KRX-DELISTING,True
029050,1982-03-31,1974-03-11,FDR_DELISTING,KOSPI,서통화학,주권,2026-09-06,KRX-DELISTING,True
029055,1976-04-10,1974-03-11,FDR_DELISTING,KOSPI,서통화학우,주권,2026-09-06,KRX-DELISTING,True
029060,1982-05-21,1972-11-30,FDR_DELISTING,KOSPI,남양소금,주권,2026-09-06,KRX-DELISTING,True
029070,1982-05-21,1978-05-19,FDR_DELISTING,KOSPI,석락산업,주권,2026-09-06,KRX-DELISTING,True
029080,1982-05-21,1978-06-07,FDR_DELISTING,KOSPI,범화건설,주권,2026-09-06,KRX-DELISTING,True
029090,1982-05-21,1977-11-12,FDR_DELISTING,KOSPI,대창건설,주권,2026-09-06,KRX-DELISTING,True
029100,1982-05-21,1978-01-30,FDR_DELISTING,KOSPI,울산실업,주권,2026-09-06,KRX-DELISTING,True
029110,1982-05-21,1977-12-24,FDR_DELISTING,KOSPI,우진건설산업,주권,2026-09-06,KRX-DELISTING,True
029120,1982-05-21,1977-06-18,FDR_DELISTING,KOSPI,삼영금속산업,주권,2026-09-06,KRX-DELISTING,True
029130,1982-07-24,1975-12-27,FDR_DELISTING,KOSPI,보고산업,주권,2026-09-06,KRX-DELISTING,True
029135,1982-07-24,1975-12-27,FDR_DELISTING,KOSPI,보고산업우,주권,2026-09-06,KRX-DELISTING,True
029140,1983-06-15,1975-12-27,FDR_DELISTING,KOSPI,태창목재공업,주권,2026-09-06,KRX-DELISTING,True
029150,1984-01-18,1975-09-30,FDR_DELISTING,KOSPI,삼보증권,주권,2026-09-06,KRX-DELISTING,True
029155,1984-01-18,1975-09-30,FDR_DELISTING,KOSPI,삼보증권우,주권,2026-09-06,KRX-DELISTING,True
029160,1984-07-14,1975-12-26,FDR_DELISTING,KOSPI,세방해운,주권,2026-09-06,KRX-DELISTING,True
029170,1984-09-14,1976-05-29,FDR_DELISTING,KOSPI,부국제강,주권,2026-09-06,KRX-DELISTING,True
029180,1984-12-22,1974-03-11,FDR_DELISTING,KOSPI,삼양타이어,주권,2026-09-06,KRX-DELISTING,True
029190,1985-01-30,1966-10-04,FDR_DELISTING,KOSPI,삼미광업개발,주권,2026-09-06,KRX-DELISTING,True
029200,1985-03-16,1977-12-23,FDR_DELISTING,KOSPI,대농건설,주권,2026-09-06,KRX-DELISTING,True
029205,1985-03-16,1977-12-23,FDR_DELISTING,KOSPI,대농건설우,주권,2026-09-06,KRX-DELISTING,True
029210,1985-05-25,1976-08-18,FDR_DELISTING,KOSPI,대한석유지주,주권,2026-09-06,KRX-DELISTING,True
029220,1985-12-07,1976-05-01,FDR_DELISTING,KOSPI,코오롱종합전기,주권,2026-09-06,KRX-DELISTING,True
029230,1986-03-29,1975-12-22,FDR_DELISTING,KOSPI,동아콘크리트공업,주권,2026-09-06,KRX-DELISTING,True
029240,1986-03-29,1976-12-27,FDR_DELISTING,KOSPI,우창건설,주권,2026-09-06,KRX-DELISTING,True
029250,1987-06-15,1976-03-22,FDR_DELISTING,KOSPI,반도목재,주권,2026-09-06,KRX-DELISTING,True
029260,1991-06-13,1976-06-29,FDR_DELISTING,KOSPI,금성전기,주권,2026-09-06,KRX-DELISTING,True
029460,,1997-11-25,FDR_DESC,KOSPI,케이씨,주권,2026-09-06,KOSPI-DESC,False
029461,1996-12-29,1996-09-02,FDR_DELISTING,KOSDAQ,케이씨텍1신,주권,2026-09-06,KRX-DELISTING,True
029462,1996-12-29,1996-09-02,FDR_DELISTING,KOSDAQ,케이씨텍2신,주권,2026-09-06,KRX-DELISTING,True
029463,1996-12-29,1996-09-02,FDR_DELISTING,KOSDAQ,케이씨텍3신,주권,2026-09-06,KRX-DELISTING,True
029464,1996-12-29,1996-10-01,FDR_DELISTING,KOSDAQ,케이씨텍전환,주권,2026-09-06,KRX-DELISTING,True
029470,1999-04-12,1996-09-02,FDR_DELISTING,KOSDAQ,한국대아진공,주권,2026-09-06,KRX-DELISTING,True
029471,1998-12-29,1998-07-18,FDR_DELISTING,KOSDAQ,한국대아진공1신,주권,2026-09-06,KRX-DELISTING,True
029472,1996-12-29,1996-12-19,FDR_DELISTING,KOSDAQ,한국대아진공2신,주권,2026-09-06,KRX-DELISTING,True
029480,,1996-08-27,FDR_DESC,KOSDAQ,광무,주권,2026-09-06,KOSDAQ-DESC,False
029481,1996-12-29,1996-08-27,FDR_DELISTING,KOSDAQ,케이디씨1신,주권,2026-09-06,KRX-DELISTING,True
029530,,1996-12-24,FDR_DESC,KOSPI,신도리코,주권,2026-09-06,KOSPI-DESC,False
029780,,2007-06-27,FDR_DESC,KOSPI,삼성카드,주권,2026-09-06,KOSPI-DESC,False
029840,1982-05-21,1978-06-07,FDR_DELISTING,KOSPI,세명종합건설,주권,2026-09-06,KRX-DELISTING,True
029845,1982-05-21,1978-06-07,FDR_DELISTING,KOSPI,세명종합건설우,주권,2026-09-06,KRX-DELISTING,True
029890,1999-10-27,1996-11-09,FDR_DELISTING,KOSPI,현대반도체,주권,2026-09-06,KRX-DELISTING,True
029960,2025-06-16,2004-06-18,FDR_DELISTING,KOSDAQ,코엔텍,주권,2026-09-06,KRX-DELISTING,True
029980,1982-05-21,1978-01-30,FDR_DELISTING,KOSPI,율산실업,주권,2026-09-06,KRX-DELISTING,True
030000,,1998-03-03,FDR_DESC,KOSPI,제일기획,주권,2026-09-06,KOSPI-DESC,False
030030,2011-04-13,2001-12-04,FDR_DELISTING,KOSDAQ,중앙디자인,주권,2026-09-06,KRX-DELISTING,True
030190,,2023-08-08,FDR_DESC,KOSPI,NICE평가정보,주권,2026-09-06,KOSPI-DESC,False
030200,,1998-12-23,FDR_DESC,KOSPI,KT,주권,2026-09-06,KOSPI-DESC,False
030210,,1996-11-19,FDR_DESC,KOSPI,다올투자증권,주권,2026-09-06,KOSPI-DESC,False
030270,2020-05-21,1997-01-17,FDR_DELISTING,KOSDAQ,에스마크,주권,2026-09-06,KRX-DELISTING,True
030350,,1997-11-10,FDR_DESC,KOSDAQ,드래곤플라이,주권,2026-09-06,KOSDAQ-DESC,False
030390,2010-05-08,1997-02-12,FDR_DELISTING,KOSDAQ,쏠라엔텍,주권,2026-09-06,KRX-DELISTING,True
030420,2011-05-07,1997-07-04,FDR_DELISTING,KOSDAQ,디패션,주권,2026-09-06,KRX-DELISTING,True
030421,1997-12-29,1997-07-04,FDR_DELISTING,KOSDAQ,인터링크1신,주권,2026-09-06,KRX-DELISTING,True
030520,,1996-09-24,FDR_DESC,KOSDAQ,한컴,주권,2026-09-06,KOSDAQ-DESC,False
030521,1996-12-29,1996-09-24,FDR_DELISTING,KOSDAQ,한글과컴퓨터1신,주권,2026-09-06,KRX-DELISTING,True
030522,1996-12-29,1996-09-24,FDR_DELISTING,KOSDAQ,한글과컴퓨터2신,주권,2026-09-06,KRX-DELISTING,True
030524,1996-12-29,1996-09-24,FDR_DELISTING,KOSDAQ,한글과컴퓨터전환,주권,2026-09-06,KRX-DELISTING,True
030530,,1996-09-24,FDR_DESC,KOSDAQ,원익홀딩스,주권,2026-09-06,KOSDAQ-DESC,False
030531,1996-12-29,1996-09-24,FDR_DELISTING,KOSDAQ,아토1신,주권,2026-09-06,KRX-DELISTING,True
030532,1996-12-29,1996-09-24,FDR_DELISTING,KOSDAQ,아토2신,주권,2026-09-06,KRX-DELISTING,True
030610,,2002-07-18,FDR_DESC,KOSPI,교보증권,주권,2026-09-06,KOSPI-DESC,False
030700,2001-05-21,1999-12-21,FDR_DELISTING,KOSDAQ,한통엠닷컴,주권,2026-09-06,KRX-DELISTING,True
030710,2001-07-28,1996-11-19,FDR_DELISTING,KOSPI,동아금고,주권,2026-09-06,KRX-DELISTING,True
030720,,1996-11-22,FDR_DESC,KOSPI,동원수산,주권,2026-09-06,KOSPI-DESC,False
030790,2024-05-13,2010-11-02,FDR_DELISTING,KOSPI,비케이탑스,주권,2026-09-06,KRX-DELISTING,True
030950,2005-04-30,1996-10-24,FDR_DELISTING,KOSDAQ,보진재,주권,2026-09-06,KRX-DELISTING,True
030960,,1996-10-24,FDR_DESC,KOSDAQ,양지사,주권,2026-09-06,KOSDAQ-DESC,False
030970,2002-12-21,1996-10-24,FDR_DELISTING,KOSDAQ,주은리스,주권,2026-09-06,KRX-DELISTING,True
030971,2000-03-30,2000-02-09,FDR_DELISTING,KOSDAQ,주은리스1,주권,2026-09-06,KRX-DELISTING,True
031060,1983-06-15,1976-10-13,FDR_DELISTING,KOSPI,일신,주권,2026-09-06,KRX-DELISTING,True
031090,1999-07-22,1997-01-23,FDR_DELISTING,KOSDAQ,화니백화점,주권,2026-09-06,KRX-DELISTING,True
031150,2003-10-10,2000-07-04,FDR_DELISTING,KOSDAQ,국민카드,주권,2026-09-06,KRX-DELISTING,True
031210,,2025-03-14,FDR_DESC,KOSPI,서울보증보험,주권,2026-09-06,KOSPI-DESC,False
031310,,1997-07-25,FDR_DESC,KOSDAQ,아이즈비전,주권,2026-09-06,KOSDAQ-DESC,False
031314,1997-12-29,1997-07-25,FDR_DELISTING,KOSDAQ,아이즈비전전환,주권,2026-09-06,KRX-DELISTING,True
031330,,2000-05-23,FDR_DESC,KOSDAQ,에스에이엠티,주권,2026-09-06,KOSDAQ-DESC,False
031390,2021-11-17,1998-09-25,FDR_DELISTING,KOSDAQ,녹십자셀,주권,2026-09-06,KRX-DELISTING,True
031430,,2011-07-14,FDR_DESC,KOSPI,신세계인터내셔날,주권,2026-09-06,KOSPI-DESC,False
031440,2026-08-11,2010-04-29,FDR_DELISTING,KOSPI,신세계푸드,주권,2026-09-06,KRX-DELISTING,True
031510,,1997-02-12,FDR_DESC,KOSDAQ,오스템,주권,2026-09-06,KOSDAQ-DESC,False
031800,2009-07-01,1997-03-15,FDR_DELISTING,KOSDAQ,ST&I,주권,2026-09-06,KRX-DELISTING,True
031804,1997-12-29,1997-04-23,FDR_DELISTING,KOSDAQ,씨티아이s전환,주권,2026-09-06,KRX-DELISTING,True
031820,,1997-02-12,FDR_DESC,KOSPI,아이티센씨티에스,주권,2026-09-06,KOSPI-DESC,False
031860,,1997-01-07,FDR_DESC,KOSDAQ,디에이치엑스컴퍼니,주권,2026-09-06,KOSDAQ-DESC,False
031920,2013-02-27,1996-12-23,FDR_DELISTING,KOSDAQ,신민저축은행,주권,2026-09-06,KRX-DELISTING,True
031950,2011-06-09,1996-12-23,FDR_DELISTING,KOSDAQ,에듀패스,주권,2026-09-06,KRX-DELISTING,True
031951,1997-06-28,1997-05-13,FDR_DELISTING,KOSDAQ,서울시스템1신,주권,2026-09-06,KRX-DELISTING,True
031955,1997-11-21,1996-12-23,FDR_DELISTING,KOSDAQ,서울시스템우선,주권,2026-09-06,KRX-DELISTING,True
031957,1997-11-21,1997-06-28,FDR_DELISTING,KOSDAQ,서울시스템2우,주권,2026-09-06,KRX-DELISTING,True
031958,1997-06-28,1997-05-13,FDR_DELISTING,KOSDAQ,서울시스템2우1신,주권,2026-09-06,KRX-DELISTING,True
031960,2010-02-20,1996-12-23,FDR_DELISTING,KOSDAQ,동산진흥,주권,2026-09-06,KRX-DELISTING,True
031970,2004-04-07,1997-01-07,FDR_DELISTING,KOSDAQ,엠바이엔,주권,2026-09-06,KRX-DELISTING,True
031971,1997-06-28,1997-01-07,FDR_DELISTING,KOSDAQ,엠바이엔1신,주권,2026-09-06,KRX-DELISTING,True
031972,1997-06-28,1997-01-07,FDR_DELISTING,KOSDAQ,엠바이엔2신,주권,2026-09-06,KRX-DELISTING,True
031974,1997-06-28,1997-01-07,FDR_DELISTING,KOSDAQ,엠바이엔전환,주권,2026-09-06,KRX-DELISTING,True
031980,,1997-01-07,FDR_DESC,KOSDAQ,피에스케이홀딩스,주권,2026-09-06,KOSDAQ-DESC,False
031990,2011-04-13,1997-01-07,FDR_DELISTING,KOSDAQ,대선조선,주권,2026-09-06,KRX-DELISTING,True
032030,2010-04-13,1997-01-23,FDR_DELISTING,KOSDAQ,일공공일안경,주권,2026-09-06,KRX-DELISTING,True
032040,2018-10-11,1997-01-23,FDR_DELISTING,KOSDAQ,C&S자산관리,주권,2026-09-06,KRX-DELISTING,True
032050,2005-04-26,1997-01-23,FDR_DELISTING,KOSDAQ,후야인포넷,주권,2026-09-06,KRX-DELISTING,True
032080,,2000-10-26,FDR_DESC,KOSDAQ,아즈텍WB,주권,2026-09-06,KOSDAQ-DESC,False
032150,2003-10-15,1997-01-17,FDR_DELISTING,KOSDAQ,으뜸저축은행,주권,2026-09-06,KRX-DELISTING,True
032151,2000-06-29,1999-12-28,FDR_DELISTING,KOSDAQ,제은금고1,주권,2026-09-06,KRX-DELISTING,True
032180,2005-05-25,2000-04-18,FDR_DELISTING,KOSDAQ,이수세라믹,주권,2026-09-06,KRX-DELISTING,True
032190,,1999-12-21,FDR_DESC,KOSDAQ,다우데이타,주권,2026-09-06,KOSDAQ-DESC,False
032280,,1997-03-15,FDR_DESC,KOSDAQ,삼일,주권,2026-09-06,KOSDAQ-DESC,False
032290,2011-04-23,1997-03-15,FDR_DELISTING,KOSDAQ,알티전자,주권,2026-09-06,KRX-DELISTING,True
032300,,2020-08-10,FDR_DESC,KOSDAQ,한국파마,주권,2026-09-06,KOSDAQ-DESC,False
032350,,2006-06-08,FDR_DESC,KOSPI,롯데관광개발,주권,2026-09-06,KOSPI-DESC,False
032380,2011-03-03,1999-11-23,FDR_DELISTING,KOSDAQ,핸디소프트,주권,2026-09-06,KRX-DELISTING,True
032390,2009-06-23,2004-04-29,FDR_DELISTING,KOSPI,KTF,주권,2026-09-06,KRX-DELISTING,True
032420,2015-01-27,1997-04-22,FDR_DELISTING,KOSDAQ,터보테크,주권,2026-09-06,KRX-DELISTING,True
032421,1999-12-29,1999-08-31,FDR_DELISTING,KOSDAQ,터보테크1,주권,2026-09-06,KRX-DELISTING,True
032500,,2000-03-21,FDR_DESC,KOSDAQ,케이엠더블유,주권,2026-09-06,KOSDAQ-DESC,False
032540,,1997-04-16,FDR_DESC,KOSDAQ,TJ미디어,주권,2026-09-06,KOSDAQ-DESC,False
032560,,2009-10-29,FDR_DESC,KOSPI,황금에스티,주권,2026-09-06,KOSPI-DESC,False
032570,2009-09-18,1997-04-22,FDR_DELISTING,KOSDAQ,카라반케이디이,주권,2026-09-06,KRX-DELISTING,True
032580,,1997-04-22,FDR_DESC,KOSDAQ,피델릭스,주권,2026-09-06,KOSDAQ-DESC,False
032581,1997-12-29,1997-04-22,FDR_DELISTING,KOSDAQ,씨.엔.아이1신,주권,2026-09-06,KRX-DELISTING,True
032582,1997-12-29,1997-04-22,FDR_DELISTING,KOSDAQ,씨.엔.아이2신,주권,2026-09-06,KRX-DELISTING,True
032590,2008-04-12,1997-05-02,FDR_DELISTING,KOSDAQ,엔토리노,주권,2026-09-06,KRX-DELISTING,True
032591,2008-04-12,1997-05-02,FDR_DELISTING,KOSDAQ,두일통신1신,주권,2026-09-06,KRX-DELISTING,True
032600,2003-10-30,1997-05-02,FDR_DELISTING,KOSDAQ,애드모바일,주권,2026-09-06,KRX-DELISTING,True
032610,2005-04-21,1997-05-02,FDR_DELISTING,KOSDAQ,에스오케이,주권,2026-09-06,KRX-DELISTING,True
032611,1997-12-29,1997-05-02,FDR_DELISTING,KOSDAQ,에스오케이1신,주권,2026-09-06,KRX-DELISTING,True
032612,1997-12-29,1997-05-02,FDR_DELISTING,KOSDAQ,에스오케이2신,주권,2026-09-06,KRX-DELISTING,True
032620,,1997-05-02,FDR_DESC,KOSDAQ,GC메디아이,주권,2026-09-06,KOSDAQ-DESC,False
032621,1997-12-29,1997-05-02,FDR_DELISTING,KOSDAQ,메디다스1신,주권,2026-09-06,KRX-DELISTING,True
032624,1999-12-29,1999-08-19,FDR_DELISTING,KOSDAQ,메디다스4,주권,2026-09-06,KRX-DELISTING,True
032640,,2008-04-21,FDR_DESC,KOSPI,LG유플러스,주권,2026-09-06,KOSPI-DESC,False
032680,,1997-07-18,FDR_DESC,KOSDAQ,소프트센,주권,2026-09-06,KOSDAQ-DESC,False
032685,,2014-06-17,FDR_FIRST_TRADE,KOSDAQ,소프트센우,주권,2026-09-06,KOSDAQ-DESC,False
032710,2007-10-10,2002-04-22,FDR_DELISTING,KOSPI,LG카드,주권,2026-09-06,KRX-DELISTING,True
032750,,1997-07-14,FDR_DESC,KOSDAQ,삼진,주권,2026-09-06,KOSDAQ-DESC,False
032780,2003-04-25,1997-06-26,FDR_DELISTING,KOSDAQ,테라,주권,2026-09-06,KRX-DELISTING,True
032790,,1997-06-26,FDR_DESC,KOSDAQ,엠젠솔루션,주권,2026-09-06,KOSDAQ-DESC,False
032791,1998-12-29,1998-03-13,FDR_DELISTING,KOSDAQ,지이티1신,주권,2026-09-06,KRX-DELISTING,True
032800,,1997-06-26,FDR_DESC,KOSDAQ,판타지오,주권,2026-09-06,KOSDAQ-DESC,False
032801,1999-12-29,1999-03-22,FDR_DELISTING,KOSDAQ,아펙스1,주권,2026-09-06,KRX-DELISTING,True
032802,1999-12-29,1999-05-21,FDR_DELISTING,KOSDAQ,아펙스2,주권,2026-09-06,KRX-DELISTING,True
032820,,2000-06-22,FDR_DESC,KOSDAQ,우리기술,주권,2026-09-06,KOSDAQ-DESC,False
032830,,2010-05-12,FDR_DESC,KOSPI,삼성생명,주권,2026-09-06,KOSPI-DESC,False
032850,,1997-07-04,FDR_DESC,KOSDAQ,비트컴퓨터,주권,2026-09-06,KOSDAQ-DESC,False
032860,,1997-07-04,FDR_DESC,KOSDAQ,더라미,주권,2026-09-06,KOSDAQ-DESC,False
032930,2012-01-18,1997-07-14,FDR_DELISTING,KOSDAQ,에이스앤파트너스,주권,2026-09-06,KRX-DELISTING,True
032940,,1997-07-18,FDR_DESC,KOSDAQ,원익,주권,2026-09-06,KOSDAQ-DESC,False
032941,1998-12-29,1998-10-07,FDR_DELISTING,KOSDAQ,원익1신,주권,2026-09-06,KRX-DELISTING,True
032960,,1997-07-18,FDR_DESC,KOSDAQ,동일기연,주권,2026-09-06,KOSDAQ-DESC,False
032970,1998-06-22,1997-08-06,FDR_DELISTING,KOSDAQ,카인드웨어서울,주권,2026-09-06,KRX-DELISTING,True
032980,2026-07-01,1997-08-06,FDR_DELISTING,KOSDAQ,바이온,주권,2026-09-06,KRX-DELISTING,True
033020,2004-12-20,2001-05-10,FDR_DELISTING,KOSDAQ,세아메탈,주권,2026-09-06,KRX-DELISTING,True
033030,2010-09-25,1997-08-18,FDR_DELISTING,KOSDAQ,지오엠씨,주권,2026-09-06,KRX-DELISTING,True
033040,2002-11-26,1997-08-18,FDR_DELISTING,KOSDAQ,세림아이텍,주권,2026-09-06,KRX-DELISTING,True
033041,1998-12-29,1998-04-14,FDR_DELISTING,KOSDAQ,세림아이텍1신,주권,2026-09-06,KRX-DELISTING,True
033050,,1997-08-18,FDR_DESC,KOSDAQ,제이엠아이,주권,2026-09-06,KOSDAQ-DESC,False
033070,2002-04-18,1997-08-18,FDR_DELISTING,KOSDAQ,삼한콘트롤스,주권,2026-09-06,KRX-DELISTING,True
033075,2002-04-18,2001-09-04,FDR_DELISTING,KOSDAQ,삼한콘트롤스우,주권,2026-09-06,KRX-DELISTING,True
033110,2021-10-08,1997-08-18,FDR_DELISTING,KOSDAQ,코너스톤네트웍스,주권,2026-09-06,KRX-DELISTING,True
033130,,1997-08-06,FDR_DESC,KOSDAQ,디지틀조선,주권,2026-09-06,KOSDAQ-DESC,False
033160,,1997-11-10,FDR_DESC,KOSDAQ,엠케이전자,주권,2026-09-06,KOSDAQ-DESC,False
033170,,2010-11-26,FDR_DESC,KOSDAQ,시그네틱스,주권,2026-09-06,KOSDAQ-DESC,False
033180,2026-01-15,2001-12-26,FDR_DELISTING,KOSPI,KH 필룩스,주권,2026-09-06,KRX-DELISTING,True
033190,2010-04-23,1997-11-10,FDR_DELISTING,KOSDAQ,폴켐,주권,2026-09-06,KRX-DELISTING,True
033200,,1997-10-13,FDR_DESC,KOSDAQ,모아텍,주권,2026-09-06,KOSDAQ-DESC,False
033210,2004-03-31,1997-10-13,FDR_DELISTING,KOSDAQ,삼화기연,주권,2026-09-06,KRX-DELISTING,True
033220,2005-05-04,1997-10-13,FDR_DELISTING,KOSDAQ,남성알미늄,주권,2026-09-06,KRX-DELISTING,True
033230,,1999-07-30,FDR_DESC,KOSDAQ,인성정보,주권,2026-09-06,KOSDAQ-DESC,False
033240,,1999-01-06,FDR_DESC,KOSPI,자화전자,주권,2026-09-06,KOSPI-DESC,False
033250,,1999-08-11,FDR_DESC,KOSPI,체시스,주권,2026-09-06,KOSPI-DESC,False
033260,2010-04-17,2001-02-01,FDR_DELISTING,KOSDAQ,쌈지,주권,2026-09-06,KRX-DELISTING,True
033270,,2007-10-23,FDR_DESC,KOSPI,유나이티드제약,주권,2026-09-06,KOSPI-DESC,False
033280,2012-09-11,1997-11-10,FDR_DELISTING,KOSDAQ,어울림엘시스,주권,2026-09-06,KRX-DELISTING,True
033290,,1997-10-13,FDR_DESC,KOSDAQ,로젠,주권,2026-09-06,KOSDAQ-DESC,False
033300,2001-05-25,1997-11-10,FDR_DELISTING,KOSDAQ,보성인터,주권,2026-09-06,KRX-DELISTING,True
033310,,1997-11-10,FDR_DESC,KOSDAQ,엠투엔,주권,2026-09-06,KOSDAQ-DESC,False
033320,,1997-11-10,FDR_DESC,KOSDAQ,제이씨현시스템,주권,2026-09-06,KOSDAQ-DESC,False
033330,2008-05-03,1997-11-03,FDR_DELISTING,KOSDAQ,두림티앤씨,주권,2026-09-06,KRX-DELISTING,True
033334,2008-05-03,1997-11-03,FDR_DELISTING,KOSDAQ,두림티앤씨전환,주권,2026-09-06,KRX-DELISTING,True
033340,,1997-11-03,FDR_DESC,KOSDAQ,좋은사람들,주권,2026-09-06,KOSDAQ-DESC,False
033350,1999-02-12,1997-11-03,FDR_DELISTING,KOSDAQ,대진정밀화학,주권,2026-09-06,KRX-DELISTING,True
033430,2021-09-02,1998-05-25,FDR_DELISTING,KOSDAQ,디에스티,주권,2026-09-06,KRX-DELISTING,True
033500,,1997-12-19,FDR_DESC,KOSDAQ,동성화인텍,주권,2026-09-06,KOSDAQ-DESC,False
033510,1999-01-15,1997-12-19,FDR_DELISTING,KOSDAQ,어필텔레콤,주권,2026-09-06,KRX-DELISTING,True
033530,,2002-09-25,FDR_DESC,KOSPI,SJG세종,주권,2026-09-06,KOSPI-DESC,False
033540,,1997-12-26,FDR_DESC,KOSDAQ,파라텍,주권,2026-09-06,KOSDAQ-DESC,False
033550,2013-05-07,1998-01-13,FDR_DELISTING,KOSDAQ,룩손에너지,주권,2026-09-06,KRX-DELISTING,True
033560,,2011-01-26,FDR_DESC,KOSDAQ,블루콤,주권,2026-09-06,KOSDAQ-DESC,False
033600,2021-08-11,2000-11-21,FDR_DELISTING,KOSDAQ,럭슬,주권,2026-09-06,KRX-DELISTING,True
033630,2015-07-01,1998-11-12,FDR_DELISTING,KOSDAQ,SK브로드밴드,주권,2026-09-06,KRX-DELISTING,True
033640,,1999-12-14,FDR_DESC,KOSDAQ,네패스,주권,2026-09-06,KOSDAQ-DESC,False
033660,2021-08-27,2009-06-25,FDR_DELISTING,KOSPI,우리금융캐피탈,주권,2026-09-06,KRX-DELISTING,True
033720,2009-05-15,2000-06-27,FDR_DELISTING,KOSDAQ,블루스톤,주권,2026-09-06,KRX-DELISTING,True
033725,2009-05-15,2004-01-12,FDR_DELISTING,KOSDAQ,블루스톤우,주권,2026-09-06,KRX-DELISTING,True
033780,,1999-10-08,FDR_DESC,KOSPI,KT&G,주권,2026-09-06,KOSPI-DESC,False
033790,,2001-06-26,FDR_DESC,KOSDAQ,피노,주권,2026-09-06,KOSDAQ-DESC,False
033830,,2010-11-29,FDR_DESC,KOSDAQ,티비씨,주권,2026-09-06,KOSDAQ-DESC,False
033850,2011-05-07,1998-05-25,FDR_DELISTING,KOSDAQ,지노시스템,주권,2026-09-06,KRX-DELISTING,True
033855,2011-05-07,2001-09-21,FDR_DELISTING,KOSDAQ,지노시스템우,주권,2026-09-06,KRX-DELISTING,True
033880,2009-09-04,1998-10-13,FDR_DELISTING,KOSDAQ,블루멈,주권,2026-09-06,KRX-DELISTING,True
033885,2009-09-04,2002-06-21,FDR_DELISTING,KOSDAQ,블루멈우,주권,2026-09-06,KRX-DELISTING,True
033920,,2010-07-20,FDR_DESC,KOSPI,무학,주권,2026-09-06,KOSPI-DESC,False
034010,2013-02-21,2000-04-27,FDR_DELISTING,KOSDAQ,트라이써클,주권,2026-09-06,KRX-DELISTING,True
034020,,2000-10-25,FDR_DESC,KOSPI,두산에너빌리티,주권,2026-09-06,KOSPI-DESC,False
034120,,2003-06-25,FDR_DESC,KOSPI,SBS,주권,2026-09-06,KOSPI-DESC,False
034121,1999-12-29,1999-05-14,FDR_DELISTING,KOSDAQ,서울방송1,주권,2026-09-06,KRX-DELISTING,True
034220,,2004-07-23,FDR_DESC,KOSPI,LG디스플레이,주권,2026-09-06,KOSPI-DESC,False
034230,,2024-06-24,FDR_DESC,KOSPI,파라다이스,주권,2026-09-06,KOSPI-DESC,False
034300,2025-02-24,2002-06-17,FDR_DELISTING,KOSPI,신세계건설,주권,2026-09-06,KRX-DELISTING,True
034310,,2004-02-04,FDR_DESC,KOSPI,NICE,주권,2026-09-06,KOSPI-DESC,False
034370,1991-11-11,1979-06-23,FDR_DELISTING,KOSPI,럭키소재,주권,2026-09-06,KRX-DELISTING,True
034380,1960-11-26,1956-10-01,FDR_DELISTING,KOSPI,조선맥주,주권,2026-09-06,KRX-DELISTING,True
034510,2012-09-25,2000-04-14,FDR_DELISTING,KOSDAQ,무한투자,주권,2026-09-06,KRX-DELISTING,True
034590,,2006-11-07,FDR_DESC,KOSPI,인천도시가스,주권,2026-09-06,KOSPI-DESC,False
034600,2011-06-29,1999-12-07,FDR_DELISTING,KOSDAQ,글로웍스,주권,2026-09-06,KRX-DELISTING,True
034607,2000-11-06,1999-12-07,FDR_DELISTING,KOSDAQ,로커스우,주권,2026-09-06,KRX-DELISTING,True
034660,2010-04-15,1999-05-14,FDR_DELISTING,KOSDAQ,제넥셀,주권,2026-09-06,KRX-DELISTING,True
034730,,2009-11-11,FDR_DESC,KOSPI,SK,주권,2026-09-06,KOSPI-DESC,False
03473K,,2015-08-17,FDR_FIRST_TRADE,KOSPI,SK우,주권,2026-09-06,KOSPI-DESC,False
034750,2008-07-12,1999-06-11,FDR_DELISTING,KOSDAQ,디씨씨,주권,2026-09-06,KRX-DELISTING,True
034810,,1999-04-16,FDR_DESC,KOSDAQ,해성산업,주권,2026-09-06,KOSDAQ-DESC,False
03481K,,2021-12-02,FDR_FIRST_TRADE,KOSDAQ,해성산업1우,주권,2026-09-06,KOSDAQ-DESC,False
034830,,2016-07-11,FDR_DESC,KOSPI,한국토지신탁,주권,2026-09-06,KOSPI-DESC,False
034940,,1999-08-13,FDR_DESC,KOSDAQ,조아제약,주권,2026-09-06,KOSDAQ-DESC,False
034950,,2002-02-07,FDR_DESC,KOSDAQ,한국기업평가,주권,2026-09-06,KOSDAQ-DESC,False
034970,2003-04-15,1999-05-14,FDR_DELISTING,KOSDAQ,올에버,주권,2026-09-06,KRX-DELISTING,True
034980,2003-04-30,2000-07-13,FDR_DELISTING,KOSDAQ,이론테크,주권,2026-09-06,KRX-DELISTING,True
035000,,1999-08-11,FDR_DESC,KOSPI,HS애드,주권,2026-09-06,KOSPI-DESC,False
035010,2009-11-03,1999-06-11,FDR_DELISTING,KOSDAQ,소예,주권,2026-09-06,KRX-DELISTING,True
035080,,1999-07-05,FDR_DESC,KOSDAQ,그래디언트,주권,2026-09-06,KOSDAQ-DESC,False
035150,,1999-08-11,FDR_DESC,KOSPI,백산,주권,2026-09-06,KOSPI-DESC,False
035200,,2002-01-15,FDR_DESC,KOSDAQ,프럼파스트,주권,2026-09-06,KOSDAQ-DESC,False
035210,2012-11-01,1999-08-27,FDR_DELISTING,KOSDAQ,티브로드도봉강북방송,주권,2026-09-06,KRX-DELISTING,True
035250,,2003-09-04,FDR_DESC,KOSPI,강원랜드,주권,2026-09-06,KOSPI-DESC,False
035270,2008-04-23,1999-08-13,FDR_DELISTING,KOSDAQ,청람디지탈,주권,2026-09-06,KRX-DELISTING,True
035290,,1999-12-07,FDR_DESC,KOSDAQ,골드앤에스,주권,2026-09-06,KOSDAQ-DESC,False
035400,2010-10-01,1999-08-27,FDR_DELISTING,KOSDAQ,브이에스에스티,주권,2026-09-06,KRX-DELISTING,True
035405,2010-10-01,2003-09-23,FDR_DELISTING,KOSDAQ,브이에스에스티우,주권,2026-09-06,KRX-DELISTING,True
035420,,2008-11-28,FDR_DESC,KOSPI,NAVER,주권,2026-09-06,KOSPI-DESC,False
035430,2003-09-19,1999-12-21,FDR_DELISTING,KOSDAQ,드림라인,주권,2026-09-06,KRX-DELISTING,True
035450,2013-08-07,1999-11-11,FDR_DELISTING,KOSDAQ,지아이바이오,주권,2026-09-06,KRX-DELISTING,True
035460,,1999-11-18,FDR_DESC,KOSDAQ,기산텔레콤,주권,2026-09-06,KOSDAQ-DESC,False
035480,2019-12-12,1999-11-18,FDR_DELISTING,KOSDAQ,제이테크놀로지,주권,2026-09-06,KRX-DELISTING,True
035500,2009-09-04,1999-07-16,FDR_DELISTING,KOSDAQ,써니트렌드,주권,2026-09-06,KRX-DELISTING,True
035510,,2006-05-18,FDR_DESC,KOSPI,신세계 I&C,주권,2026-09-06,KOSPI-DESC,False
035600,,2002-11-22,FDR_DESC,KOSDAQ,KG이니시스,주권,2026-09-06,KOSDAQ-DESC,False
035610,,1999-08-13,FDR_DESC,KOSDAQ,솔본,주권,2026-09-06,KOSDAQ-DESC,False
035620,,1999-08-13,FDR_DESC,KOSDAQ,바른손이앤에이,주권,2026-09-06,KOSDAQ-DESC,False
035710,2010-05-01,1999-11-11,FDR_DELISTING,KOSDAQ,CL,주권,2026-09-06,KRX-DELISTING,True
035720,,2017-07-10,FDR_DESC,KOSPI,카카오,주권,2026-09-06,KOSPI-DESC,False
035780,2005-01-11,2000-01-13,FDR_DELISTING,KOSDAQ,그로웰텔레콤,주권,2026-09-06,KRX-DELISTING,True
035810,,1999-11-23,FDR_DESC,KOSDAQ,이지홀딩스,주권,2026-09-06,KOSDAQ-DESC,False
035830,2010-07-16,1999-12-03,FDR_DELISTING,KOSDAQ,메카포럼,주권,2026-09-06,KRX-DELISTING,True
035870,2004-06-12,2000-06-27,FDR_DELISTING,KOSDAQ,호성,주권,2026-09-06,KRX-DELISTING,True
035890,,1999-12-24,FDR_DESC,KOSDAQ,서희건설,주권,2026-09-06,KOSDAQ-DESC,False
035910,2005-01-19,1999-11-23,FDR_DELISTING,KOSDAQ,현대멀티캡,주권,2026-09-06,KRX-DELISTING,True
035915,2005-01-19,1999-11-23,FDR_DELISTING,KOSDAQ,현대멀티캡우,주권,2026-09-06,KRX-DELISTING,True
035917,2005-01-19,2001-04-27,FDR_DELISTING,KOSDAQ,현대멀티캡2우,주권,2026-09-06,KRX-DELISTING,True
035919,2005-01-19,2001-12-14,FDR_DELISTING,KOSDAQ,현대멀티캡3우,주권,2026-09-06,KRX-DELISTING,True
035950,2009-08-21,1999-12-21,FDR_DELISTING,KOSDAQ,케이알,주권,2026-09-06,KRX-DELISTING,True
035960,2004-04-07,1999-12-03,FDR_DELISTING,KOSDAQ,바이오시스,주권,2026-09-06,KRX-DELISTING,True
036000,,1999-11-30,FDR_DESC,KOSDAQ,예림당,주권,2026-09-06,KOSDAQ-DESC,False
036010,,2002-07-03,FDR_DESC,KOSDAQ,아비코전자,주권,2026-09-06,KOSDAQ-DESC,False
036020,2005-04-02,1999-12-03,FDR_DELISTING,KOSDAQ,한아시스템,주권,2026-09-06,KRX-DELISTING,True
036030,,1999-12-24,FDR_DESC,KOSDAQ,케이티알파,주권,2026-09-06,KOSDAQ-DESC,False
036090,,1999-12-10,FDR_DESC,KOSDAQ,위지트,주권,2026-09-06,KOSDAQ-DESC,False
036120,,1999-12-07,FDR_DESC,KOSDAQ,서울평가정보,주권,2026-09-06,KOSDAQ-DESC,False
036170,,1999-12-21,FDR_DESC,KOSDAQ,에이치엠넥스,주권,2026-09-06,KOSDAQ-DESC,False
036180,2026-03-17,1999-12-21,FDR_DELISTING,KOSDAQ,지더블유바이텍,주권,2026-09-06,KRX-DELISTING,True
036190,,2000-12-26,FDR_DESC,KOSDAQ,금화피에스시,주권,2026-09-06,KOSDAQ-DESC,False
036200,,1999-12-10,FDR_DESC,KOSDAQ,유니셈,주권,2026-09-06,KOSDAQ-DESC,False
036210,2014-04-11,1999-11-16,FDR_DELISTING,KOSDAQ,태산엘시디,주권,2026-09-06,KRX-DELISTING,True
036220,,2024-03-13,FDR_DESC,KOSDAQ,오상헬스케어,주권,2026-09-06,KOSDAQ-DESC,False
036260,2021-02-15,1999-12-10,FDR_DELISTING,KOSDAQ,이매진아시아,주권,2026-09-06,KRX-DELISTING,True
036270,2009-06-17,2000-01-20,FDR_DELISTING,KOSDAQ,헤쎄나,주권,2026-09-06,KRX-DELISTING,True
036280,2009-04-24,1999-12-21,FDR_DELISTING,KOSDAQ,뉴켐진스템셀,주권,2026-09-06,KRX-DELISTING,True
036360,2009-04-29,2001-01-18,FDR_DELISTING,KOSDAQ,3SOFT,주권,2026-09-06,KRX-DELISTING,True
036420,,2019-10-18,FDR_DESC,KOSPI,콘텐트리중앙,주권,2026-09-06,KOSPI-DESC,False
036460,,1999-12-15,FDR_DESC,KOSPI,한국가스공사,주권,2026-09-06,KOSPI-DESC,False
036480,,2000-04-04,FDR_DESC,KOSDAQ,대성미생물,주권,2026-09-06,KOSDAQ-DESC,False
036490,2021-12-27,1999-12-14,FDR_DELISTING,KOSDAQ,SK머티리얼즈,주권,2026-09-06,KRX-DELISTING,True
036500,2017-05-11,1999-12-14,FDR_DELISTING,KOSDAQ,에스에스컴텍,주권,2026-09-06,KRX-DELISTING,True
036530,,2002-10-22,FDR_DESC,KOSPI,SNT홀딩스,주권,2026-09-06,KOSPI-DESC,False
036540,,2001-05-02,FDR_DESC,KOSDAQ,SFA반도체,주권,2026-09-06,KOSDAQ-DESC,False
036550,2011-08-22,2003-01-07,FDR_DELISTING,KOSDAQ,에이스디지텍,주권,2026-09-06,KRX-DELISTING,True
036560,,1999-12-28,FDR_DESC,KOSDAQ,KZ정밀,주권,2026-09-06,KOSDAQ-DESC,False
036570,,2003-05-22,FDR_DESC,KOSPI,NC,주권,2026-09-06,KOSPI-DESC,False
036580,,1999-10-25,FDR_DESC,KOSPI,팜스코,주권,2026-09-06,KOSPI-DESC,False
036585,2013-06-14,1999-10-25,FDR_DELISTING,KOSPI,팜스코우B,주권,2026-09-06,KRX-DELISTING,True
036590,2005-04-16,2001-05-10,FDR_DELISTING,KOSDAQ,케이엔티,주권,2026-09-06,KRX-DELISTING,True
036600,2005-04-02,2000-01-11,FDR_DELISTING,KOSDAQ,지니웍스,주권,2026-09-06,KRX-DELISTING,True
036610,2009-06-17,1999-12-07,FDR_DELISTING,KOSDAQ,지디코프,주권,2026-09-06,KRX-DELISTING,True
036620,,2000-01-11,FDR_DESC,KOSDAQ,감성코퍼레이션,주권,2026-09-06,KOSDAQ-DESC,False
036630,,2000-01-04,FDR_DESC,KOSDAQ,세종텔레콤,주권,2026-09-06,KOSDAQ-DESC,False
036640,,2000-05-30,FDR_DESC,KOSDAQ,HRS,주권,2026-09-06,KOSDAQ-DESC,False
036660,2009-11-20,2000-06-15,FDR_DELISTING,KOSDAQ,플러스프로핏,주권,2026-09-06,KRX-DELISTING,True
036670,,2001-01-03,FDR_DESC,KOSDAQ,삼양케이씨아이,주권,2026-09-06,KOSDAQ-DESC,False
036690,,2000-01-18,FDR_DESC,KOSDAQ,코맥스,주권,2026-09-06,KOSDAQ-DESC,False
036710,,2000-01-04,FDR_DESC,KOSDAQ,심텍홀딩스,주권,2026-09-06,KOSDAQ-DESC,False
036720,2004-04-08,2001-11-08,FDR_DELISTING,KOSDAQ,한빛네트,주권,2026-09-06,KRX-DELISTING,True
036760,2009-04-23,1999-12-10,FDR_DELISTING,KOSDAQ,KNS홀딩스,주권,2026-09-06,KRX-DELISTING,True
036790,2009-05-15,1999-12-16,FDR_DELISTING,KOSDAQ,자강,주권,2026-09-06,KRX-DELISTING,True
036800,,2000-05-03,FDR_DESC,KOSDAQ,나이스정보통신,주권,2026-09-06,KOSDAQ-DESC,False
036810,,2000-01-18,FDR_DESC,KOSDAQ,에프에스티,주권,2026-09-06,KOSDAQ-DESC,False
036820,2005-04-21,1999-12-10,FDR_DELISTING,KOSDAQ,BET,주권,2026-09-06,KRX-DELISTING,True
036825,2005-04-21,2003-10-02,FDR_DELISTING,KOSDAQ,BET우,주권,2026-09-06,KRX-DELISTING,True
036840,2011-09-15,1999-12-24,FDR_DELISTING,KOSDAQ,히스토스템,주권,2026-09-06,KRX-DELISTING,True
036850,2010-07-14,1999-11-25,FDR_DELISTING,KOSDAQ,나리지*온,주권,2026-09-06,KRX-DELISTING,True
036880,2005-03-31,1999-12-07,FDR_DELISTING,KOSDAQ,맥시스템,주권,2026-09-06,KRX-DELISTING,True
036890,,2000-07-20,FDR_DESC,KOSDAQ,진성티이씨,주권,2026-09-06,KOSDAQ-DESC,False
036900,2005-04-23,2000-01-11,FDR_DELISTING,KOSDAQ,택산아이엔씨,주권,2026-09-06,KRX-DELISTING,True
036910,2004-06-01,1999-11-11,FDR_DELISTING,KOSDAQ,세원텔레콤,주권,2026-09-06,KRX-DELISTING,True
036920,2013-05-07,1999-12-21,FDR_DELISTING,KOSDAQ,지앤에스티,주권,2026-09-06,KRX-DELISTING,True
037010,2004-04-08,1999-12-21,FDR_DELISTING,KOSDAQ,넷컴스토리지,주권,2026-09-06,KRX-DELISTING,True
037020,2011-04-23,1999-11-16,FDR_DELISTING,KOSDAQ,한와이어리스,주권,2026-09-06,KRX-DELISTING,True
037030,,2018-06-07,FDR_DESC,KOSDAQ,파워넷,주권,2026-09-06,KOSDAQ-DESC,False
037060,2007-04-04,2001-08-14,FDR_DELISTING,KOSDAQ,시큐어소프트,주권,2026-09-06,KRX-DELISTING,True
037070,,2000-01-04,FDR_DESC,KOSDAQ,파세코,주권,2026-09-06,KOSDAQ-DESC,False
037110,2010-05-01,2000-07-11,FDR_DELISTING,KOSDAQ,JS,주권,2026-09-06,KRX-DELISTING,True
037120,2004-10-21,1999-11-18,FDR_DELISTING,KOSDAQ,한신코퍼,주권,2026-09-06,KRX-DELISTING,True
037150,2011-03-22,1999-12-24,FDR_DELISTING,KOSDAQ,CJ인터넷,주권,2026-09-06,KRX-DELISTING,True
037200,2003-06-19,1999-12-28,FDR_DELISTING,KOSDAQ,다산씨앤아이,주권,2026-09-06,KRX-DELISTING,True
037220,2005-04-09,1999-11-25,FDR_DELISTING,KOSDAQ,넥스텔,주권,2026-09-06,KRX-DELISTING,True
037230,,1999-12-21,FDR_DESC,KOSDAQ,한국팩키지,주권,2026-09-06,KOSDAQ-DESC,False
037240,2012-06-01,1999-12-14,FDR_DELISTING,KOSDAQ,평안물산,주권,2026-09-06,KRX-DELISTING,True
037250,2004-05-11,1999-12-07,FDR_DELISTING,KOSDAQ,대흥멀티통신,주권,2026-09-06,KRX-DELISTING,True
037270,,2003-08-01,FDR_DESC,KOSPI,YG PLUS,주권,2026-09-06,KOSPI-DESC,False
037280,2003-03-29,2000-02-29,FDR_DELISTING,KOSDAQ,시스컴,주권,2026-09-06,KRX-DELISTING,True
037320,2012-03-19,2002-09-17,FDR_DELISTING,KOSDAQ,시노펙스그린테크,주권,2026-09-06,KRX-DELISTING,True
037330,,1999-12-14,FDR_DESC,KOSDAQ,인지디스플레,주권,2026-09-06,KOSDAQ-DESC,False
037340,2016-09-08,1999-12-14,FDR_DELISTING,KOSDAQ,씨엘인터내셔널,주권,2026-09-06,KRX-DELISTING,True
037350,,2000-01-11,FDR_DESC,KOSDAQ,성도이엔지,주권,2026-09-06,KOSDAQ-DESC,False
037370,,2000-01-11,FDR_DESC,KOSDAQ,EG,주권,2026-09-06,KOSDAQ-DESC,False
037380,2012-02-01,2000-01-27,FDR_DELISTING,KOSDAQ,에이원마이크로,주권,2026-09-06,KRX-DELISTING,True
037400,,1999-12-16,FDR_DESC,KOSDAQ,우리엔터프라이즈,주권,2026-09-06,KOSDAQ-DESC,False
037410,2003-04-16,1999-12-21,FDR_DELISTING,KOSDAQ,코리아링크,주권,2026-09-06,KRX-DELISTING,True
037440,,2000-02-03,FDR_DESC,KOSDAQ,희림,주권,2026-09-06,KOSDAQ-DESC,False
037460,,1999-12-16,FDR_DESC,KOSDAQ,삼지전자,주권,2026-09-06,KOSDAQ-DESC,False
037540,2011-11-26,1999-12-21,FDR_DELISTING,KOSDAQ,네스테크,주권,2026-09-06,KRX-DELISTING,True
037550,2011-10-26,2002-01-17,FDR_DELISTING,KOSDAQ,클라스타,주권,2026-09-06,KRX-DELISTING,True
037560,,2012-11-09,FDR_DESC,KOSPI,LG헬로비전,주권,2026-09-06,KOSPI-DESC,False
037600,2004-03-24,1999-12-24,FDR_DELISTING,KOSDAQ,씨모스,주권,2026-09-06,KRX-DELISTING,True
037620,2017-01-20,2006-02-15,FDR_DELISTING,KOSPI,미래에셋증권,주권,2026-09-06,KRX-DELISTING,True
037630,2013-07-24,1999-12-24,FDR_DELISTING,KOSDAQ,에스비엠,주권,2026-09-06,KRX-DELISTING,True
037640,2005-01-24,1999-12-24,FDR_DELISTING,KOSDAQ,대경테크노스,주권,2026-09-06,KRX-DELISTING,True
037650,2005-04-05,1999-12-24,FDR_DELISTING,KOSDAQ,성진산업,주권,2026-09-06,KRX-DELISTING,True
037700,2011-10-12,1999-12-24,FDR_DELISTING,KOSDAQ,토자이홀딩스,주권,2026-09-06,KRX-DELISTING,True
037710,,2002-02-07,FDR_DESC,KOSPI,광주신세계,주권,2026-09-06,KOSPI-DESC,False
037730,2004-04-22,2000-07-25,FDR_DELISTING,KOSDAQ,3R,주권,2026-09-06,KRX-DELISTING,True
037740,2002-07-08,2000-03-03,FDR_DELISTING,KOSDAQ,디지텔,주권,2026-09-06,KRX-DELISTING,True
037750,2004-04-13,2000-11-09,FDR_DELISTING,KOSDAQ,엔써,주권,2026-09-06,KRX-DELISTING,True
037760,,2000-04-07,FDR_DESC,KOSDAQ,쎄니트,주권,2026-09-06,KOSDAQ-DESC,False
037830,2010-02-09,2002-02-05,FDR_DELISTING,KOSDAQ,글로포스트,주권,2026-09-06,KRX-DELISTING,True
037950,,2000-08-24,FDR_DESC,KOSDAQ,엘컴텍,주권,2026-09-06,KOSDAQ-DESC,False
038010,,2000-01-11,FDR_DESC,KOSDAQ,제일테크노스,주권,2026-09-06,KOSDAQ-DESC,False
038050,2004-04-22,2002-01-10,FDR_DELISTING,KOSDAQ,트래픽 ITS,주권,2026-09-06,KRX-DELISTING,True
038060,,2006-08-08,FDR_DESC,KOSDAQ,루멘스,주권,2026-09-06,KOSDAQ-DESC,False
038070,,2005-10-25,FDR_DESC,KOSDAQ,서린바이오,주권,2026-09-06,KOSDAQ-DESC,False
038100,2005-04-08,2000-01-13,FDR_DELISTING,KOSDAQ,아이엠아이티,주권,2026-09-06,KRX-DELISTING,True
038110,,2000-03-23,FDR_DESC,KOSDAQ,에코플라스틱,주권,2026-09-06,KOSDAQ-DESC,False
038120,2013-01-30,2000-08-24,FDR_DELISTING,KOSDAQ,AD모터스,주권,2026-09-06,KRX-DELISTING,True
038160,2021-08-23,2016-08-01,FDR_DELISTING,KOSDAQ,팍스넷,주권,2026-09-06,KRX-DELISTING,True
038290,,2000-02-22,FDR_DESC,KOSDAQ,마크로젠,주권,2026-09-06,KOSDAQ-DESC,False
038320,2012-09-08,2002-04-23,FDR_DELISTING,KOSDAQ,어울림정보,주권,2026-09-06,KRX-DELISTING,True
038340,2025-03-28,2001-11-22,FDR_DELISTING,KOSDAQ,MIT,주권,2026-09-06,KRX-DELISTING,True
038390,,2000-02-01,FDR_DESC,KOSDAQ,레드캡투어,주권,2026-09-06,KOSDAQ-DESC,False
038400,2004-03-16,2001-12-21,FDR_DELISTING,KOSPI,외환카드,주권,2026-09-06,KRX-DELISTING,True
038410,2009-04-23,2006-07-25,FDR_DELISTING,KOSDAQ,트라이콤,주권,2026-09-06,KRX-DELISTING,True
038420,2007-08-29,2000-08-08,FDR_DELISTING,KOSDAQ,씨엔씨엔터,주권,2026-09-06,KRX-DELISTING,True
038460,,2000-06-22,FDR_DESC,KOSDAQ,바이오스마트,주권,2026-09-06,KOSDAQ-DESC,False
038520,2003-03-07,2000-03-03,FDR_DELISTING,KOSDAQ,화인썬트로닉,주권,2026-09-06,KRX-DELISTING,True
038530,,2000-06-09,FDR_DESC,KOSDAQ,케이바이오랩스,주권,2026-09-06,KOSDAQ-DESC,False
038540,,2000-08-18,FDR_DESC,KOSDAQ,상상인,주권,2026-09-06,KOSDAQ-DESC,False
038620,,2000-05-04,FDR_DESC,KOSDAQ,위즈코프,주권,2026-09-06,KOSDAQ-DESC,False
038680,,2000-04-27,FDR_DESC,KOSDAQ,에스넷,주권,2026-09-06,KOSDAQ-DESC,False
038690,2010-04-17,2000-06-29,FDR_DELISTING,KOSDAQ,에이스일렉,주권,2026-09-06,KRX-DELISTING,True
038710,2011-05-07,2002-02-19,FDR_DELISTING,KOSDAQ,BRN사이언스,주권,2026-09-06,KRX-DELISTING,True
038720,2013-05-01,2001-01-18,FDR_DELISTING,KOSDAQ,유일엔시스,주권,2026-09-06,KRX-DELISTING,True
038810,2009-04-11,2000-05-09,FDR_DELISTING,KOSDAQ,포이보스,주권,2026-09-06,KRX-DELISTING,True
038830,2009-08-08,2000-08-31,FDR_DELISTING,KOSDAQ,케이엠에스,주권,2026-09-06,KRX-DELISTING,True
038870,,2001-05-29,FDR_DESC,KOSDAQ,에코심플렉스,주권,2026-09-06,KOSDAQ-DESC,False
038880,,2000-04-27,FDR_DESC,KOSDAQ,아이에이,주권,2026-09-06,KOSDAQ-DESC,False
038920,2009-05-29,2000-07-06,FDR_DELISTING,KOSDAQ,지이엔에프,주권,2026-09-06,KRX-DELISTING,True
038950,,2000-05-04,FDR_DESC,KOSDAQ,파인디지털,주권,2026-09-06,KOSDAQ-DESC,False
038960,2005-05-11,2001-05-15,FDR_DELISTING,KOSDAQ,현주컴퓨터,주권,2026-09-06,KRX-DELISTING,True
038980,2005-09-10,2000-07-04,FDR_DELISTING,KOSDAQ,이지클럽,주권,2026-09-06,KRX-DELISTING,True
038990,2012-11-01,2000-05-23,FDR_DELISTING,KOSDAQ,넥스콘테크,주권,2026-09-06,KRX-DELISTING,True
039000,2004-04-13,2002-01-31,FDR_DELISTING,KOSDAQ,써미트,주권,2026-09-06,KRX-DELISTING,True
039010,,2000-07-20,FDR_DESC,KOSDAQ,현대에이치티,주권,2026-09-06,KOSDAQ-DESC,False
039020,,2000-05-04,FDR_DESC,KOSDAQ,이건홀딩스,주권,2026-09-06,KOSDAQ-DESC,False
039030,,2000-08-24,FDR_DESC,KOSDAQ,이오테크닉스,주권,2026-09-06,KOSDAQ-DESC,False
039040,2011-04-29,2000-03-21,FDR_DELISTING,KOSDAQ,유니텍전자,주권,2026-09-06,KRX-DELISTING,True
039060,2008-12-20,2001-06-19,FDR_DELISTING,KOSDAQ,아이비진,주권,2026-09-06,KRX-DELISTING,True
039110,2006-04-15,2001-08-28,FDR_DELISTING,KOSDAQ,에스피컴텍,주권,2026-09-06,KRX-DELISTING,True
039130,,2011-11-01,FDR_DESC,KOSPI,하나투어,주권,2026-09-06,KOSPI-DESC,False
039200,,2007-01-17,FDR_DESC,KOSDAQ,오스코텍,주권,2026-09-06,KOSDAQ-DESC,False
039230,2021-10-06,2000-06-22,FDR_DELISTING,KOSDAQ,에이아이비트,주권,2026-09-06,KRX-DELISTING,True
039240,,2000-03-07,FDR_DESC,KOSDAQ,경남스틸,주권,2026-09-06,KOSDAQ-DESC,False
039290,,2006-07-04,FDR_DESC,KOSDAQ,인포뱅크,주권,2026-09-06,KOSDAQ-DESC,False
039310,,2000-06-09,FDR_DESC,KOSDAQ,세중,주권,2026-09-06,KOSDAQ-DESC,False
039340,,2004-07-30,FDR_DESC,KOSDAQ,한국경제TV,주권,2026-09-06,KOSDAQ-DESC,False
039350,2011-06-16,2000-12-07,FDR_DELISTING,KOSDAQ,헤파호프,주권,2026-09-06,KRX-DELISTING,True
039390,2004-04-09,2000-07-25,FDR_DELISTING,KOSDAQ,윌텍정보통신,주권,2026-09-06,KRX-DELISTING,True
039420,,2002-03-12,FDR_DESC,KOSDAQ,케이엘넷,주권,2026-09-06,KOSDAQ-DESC,False
039440,,2002-02-28,FDR_DESC,KOSDAQ,에스티아이,주권,2026-09-06,KOSDAQ-DESC,False
039490,,2009-08-03,FDR_DESC,KOSPI,키움증권,주권,2026-09-06,KOSPI-DESC,False
039500,2002-03-15,2000-03-16,FDR_DELISTING,KOSDAQ,마인,주권,2026-09-06,KRX-DELISTING,True
039530,2015-05-19,2000-03-21,FDR_DELISTING,KOSDAQ,씨앤케이인터,주권,2026-09-06,KRX-DELISTING,True
039560,,2000-06-22,FDR_DESC,KOSDAQ,다산네트웍스,주권,2026-09-06,KOSDAQ-DESC,False
039570,,2015-09-24,FDR_DESC,KOSPI,HDC랩스,주권,2026-09-06,KOSPI-DESC,False
039580,2004-04-07,2000-07-06,FDR_DELISTING,KOSDAQ,피코소프트,주권,2026-09-06,KRX-DELISTING,True
039610,,2000-03-16,FDR_DESC,KOSDAQ,화성밸브,주권,2026-09-06,KOSDAQ-DESC,False
039670,2022-04-20,2004-01-16,FDR_DELISTING,KOSDAQ,스포츠서울,주권,2026-09-06,KRX-DELISTING,True
039740,,2000-07-06,FDR_DESC,KOSDAQ,한국정보공학,주권,2026-09-06,KOSDAQ-DESC,False
039790,2018-03-09,2000-07-25,FDR_DELISTING,KOSDAQ,위노바,주권,2026-09-06,KRX-DELISTING,True
039830,,2001-01-03,FDR_DESC,KOSDAQ,오로라,주권,2026-09-06,KOSDAQ-DESC,False
039840,,2000-06-29,FDR_DESC,KOSDAQ,디오,주권,2026-09-06,KOSDAQ-DESC,False
039850,2015-05-19,2000-07-11,FDR_DELISTING,KOSDAQ,태창파로스,주권,2026-09-06,KRX-DELISTING,True
039860,,2000-08-16,FDR_DESC,KOSDAQ,나노엔텍,주권,2026-09-06,KOSDAQ-DESC,False
039870,2005-11-09,2000-08-18,FDR_DELISTING,KOSDAQ,피케이엘,주권,2026-09-06,KRX-DELISTING,True
039980,,2002-08-13,FDR_DESC,KOSDAQ,폴라리스AI,주권,2026-09-06,KOSDAQ-DESC,False
039990,2009-06-10,2000-06-13,FDR_DELISTING,KOSDAQ,코아정보,주권,2026-09-06,KRX-DELISTING,True
040020,2009-05-27,2000-07-13,FDR_DELISTING,KOSDAQ,사라콤,주권,2026-09-06,KRX-DELISTING,True
040130,2004-04-03,2000-05-03,FDR_DELISTING,KOSDAQ,엔플렉스,주권,2026-09-06,KRX-DELISTING,True
040160,,2000-08-29,FDR_DESC,KOSDAQ,누리플렉스,주권,2026-09-06,KOSDAQ-DESC,False
040180,2011-10-25,2000-07-20,FDR_DELISTING,KOSDAQ,대양글로벌,주권,2026-09-06,KRX-DELISTING,True
040300,,2001-09-04,FDR_DESC,KOSDAQ,YTN,주권,2026-09-06,KOSDAQ-DESC,False
040350,,2002-01-10,FDR_DESC,KOSDAQ,크레오에스지,주권,2026-09-06,KOSDAQ-DESC,False
040420,,2000-08-01,FDR_DESC,KOSDAQ,정상제이엘에스,주권,2026-09-06,KOSDAQ-DESC,False
040610,,2000-04-27,FDR_DESC,KOSDAQ,SG&G,주권,2026-09-06,KOSDAQ-DESC,False
040670,2015-07-16,2000-08-18,FDR_DELISTING,KOSDAQ,와이즈파워,주권,2026-09-06,KRX-DELISTING,True
040740,2012-05-01,2004-01-28,FDR_DELISTING,KOSDAQ,아인스M&M,주권,2026-09-06,KRX-DELISTING,True
040750,2003-04-24,2000-12-05,FDR_DELISTING,KOSDAQ,벨로체피아노,주권,2026-09-06,KRX-DELISTING,True
040780,2002-10-18,2000-06-27,FDR_DELISTING,KOSDAQ,유니씨앤티,주권,2026-09-06,KRX-DELISTING,True
040785,2002-10-18,2002-06-25,FDR_DELISTING,KOSDAQ,유니씨앤티우,주권,2026-09-06,KRX-DELISTING,True
040910,,2011-08-05,FDR_DESC,KOSDAQ,아이씨디,주권,2026-09-06,KOSDAQ-DESC,False
041020,,2005-10-28,FDR_DESC,KOSDAQ,폴라리스오피스,주권,2026-09-06,KOSDAQ-DESC,False
041030,2010-05-05,2000-05-30,FDR_DELISTING,KOSDAQ,이루넷,주권,2026-09-06,KRX-DELISTING,True
041060,2014-05-08,2000-06-07,FDR_DELISTING,KOSDAQ,아라온테크,주권,2026-09-06,KRX-DELISTING,True
041140,2022-04-15,2000-07-25,FDR_DELISTING,KOSDAQ,넥슨지티,주권,2026-09-06,KRX-DELISTING,True
041190,,2000-06-09,FDR_DESC,KOSDAQ,우리기술투자,주권,2026-09-06,KOSDAQ-DESC,False
041310,2009-04-23,2000-05-09,FDR_DELISTING,KOSDAQ,모빌링크,주권,2026-09-06,KRX-DELISTING,True
041320,2010-05-08,2000-08-08,FDR_DELISTING,KOSDAQ,보홍,주권,2026-09-06,KRX-DELISTING,True
041440,,2003-11-14,FDR_DESC,KOSDAQ,현대에버다임,주권,2026-09-06,KOSDAQ-DESC,False
041450,2010-09-14,2000-07-20,FDR_DELISTING,KOSDAQ,인네트,주권,2026-09-06,KRX-DELISTING,True
041460,,2010-11-19,FDR_DESC,KOSDAQ,한국전자인증,주권,2026-09-06,KOSDAQ-DESC,False
041500,2006-04-25,2001-01-16,FDR_DELISTING,KOSDAQ,대한바이오,주권,2026-09-06,KRX-DELISTING,True
041520,,2003-07-04,FDR_DESC,KOSDAQ,이엘씨,주권,2026-09-06,KOSDAQ-DESC,False
041550,2010-08-25,2000-07-11,FDR_DELISTING,KOSDAQ,쎄라텍,주권,2026-09-06,KRX-DELISTING,True
041590,,2002-11-01,FDR_DESC,KOSDAQ,플래스크,주권,2026-09-06,KOSDAQ-DESC,False
041630,2010-05-08,2002-01-15,FDR_DELISTING,KOSDAQ,인젠,주권,2026-09-06,KRX-DELISTING,True
041650,,2004-10-27,FDR_DESC,KOSPI,상신브레이크,주권,2026-09-06,KOSPI-DESC,False
041800,2010-03-09,2001-12-13,FDR_DELISTING,KOSDAQ,코디콤,주권,2026-09-06,KRX-DELISTING,True
041830,,2000-12-14,FDR_DESC,KOSDAQ,인바디,주권,2026-09-06,KOSDAQ-DESC,False
041910,,2004-02-06,FDR_DESC,KOSDAQ,폴라리스AI파마,주권,2026-09-06,KOSDAQ-DESC,False
041920,,2014-10-07,FDR_DESC,KOSDAQ,메디아나,주권,2026-09-06,KOSDAQ-DESC,False
041930,,2001-12-26,FDR_DESC,KOSDAQ,SY동아,주권,2026-09-06,KOSDAQ-DESC,False
041940,2008-04-23,2001-07-24,FDR_DELISTING,KOSDAQ,한텔,주권,2026-09-06,KRX-DELISTING,True
041960,,2001-10-30,FDR_DESC,KOSDAQ,코미팜,주권,2026-09-06,KOSDAQ-DESC,False
042000,,2018-02-08,FDR_DESC,KOSDAQ,카페24,주권,2026-09-06,KOSDAQ-DESC,False
042040,,2003-01-07,FDR_DESC,KOSDAQ,케이피엠테크,주권,2026-09-06,KOSDAQ-DESC,False
042100,2009-07-16,2002-07-26,FDR_DELISTING,KOSPI,현대오토넷,주권,2026-09-06,KRX-DELISTING,True
042110,,2000-07-13,FDR_DESC,KOSDAQ,에스씨디,주권,2026-09-06,KOSDAQ-DESC,False
042340,2012-04-13,2000-06-22,FDR_DELISTING,KOSDAQ,대국,주권,2026-09-06,KRX-DELISTING,True
042370,,2000-08-03,FDR_DESC,KOSDAQ,비츠로테크,주권,2026-09-06,KOSDAQ-DESC,False
042420,,2000-06-27,FDR_DESC,KOSDAQ,네오위즈홀딩스,주권,2026-09-06,KOSDAQ-DESC,False
042470,2002-11-16,2000-07-19,FDR_DELISTING,KOSDAQ,심스밸리,주권,2026-09-06,KRX-DELISTING,True
042500,,2002-01-10,FDR_DESC,KOSDAQ,링네트,주권,2026-09-06,KOSDAQ-DESC,False
042510,,2001-01-03,FDR_DESC,KOSDAQ,라온시큐어,주권,2026-09-06,KOSDAQ-DESC,False
042520,,2009-10-09,FDR_DESC,KOSDAQ,한스바이오메드,주권,2026-09-06,KOSDAQ-DESC,False
042570,2008-04-12,2000-10-19,FDR_DELISTING,KOSDAQ,퓨쳐비젼,주권,2026-09-06,KRX-DELISTING,True
042600,,2002-10-01,FDR_DESC,KOSDAQ,새로닉스,주권,2026-09-06,KOSDAQ-DESC,False
042660,,2001-02-02,FDR_DESC,KOSPI,한화오션,주권,2026-09-06,KOSPI-DESC,False
042665,2001-10-26,2001-02-02,FDR_DELISTING,KOSPI,대우조선(1우B),주권,2026-09-06,KRX-DELISTING,True
042670,2026-01-26,2001-02-02,FDR_DELISTING,KOSPI,HD현대인프라코어,주권,2026-09-06,KRX-DELISTING,True
042675,2001-10-26,2001-02-02,FDR_DELISTING,KOSPI,대우종합기계(1우B),주권,2026-09-06,KRX-DELISTING,True
042700,,2005-07-22,FDR_DESC,KOSPI,한미반도체,주권,2026-09-06,KOSPI-DESC,False
042820,2012-11-17,2000-07-11,FDR_DELISTING,KOSDAQ,어울림 네트,주권,2026-09-06,KRX-DELISTING,True
042870,2011-10-06,2000-06-27,FDR_DELISTING,KOSDAQ,에코페트로시스템,주권,2026-09-06,KRX-DELISTING,True
042940,,2000-10-19,FDR_DESC,KOSDAQ,상지건설,주권,2026-09-06,KOSDAQ-DESC,False
042945,2007-07-10,2002-07-02,FDR_DELISTING,KOSDAQ,르네코우,주권,2026-09-06,KRX-DELISTING,True
042960,2005-04-13,2000-07-11,FDR_DELISTING,KOSDAQ,창민테크,주권,2026-09-06,KRX-DELISTING,True
043090,2026-08-10,2001-10-11,FDR_DELISTING,KOSDAQ,더테크놀로지,주권,2026-09-06,KRX-DELISTING,True
043100,,2000-08-08,FDR_DESC,KOSDAQ,알파AI,주권,2026-09-06,KOSDAQ-DESC,False
043150,,2006-09-29,FDR_DESC,KOSDAQ,바텍,주권,2026-09-06,KOSDAQ-DESC,False
043200,,2000-07-19,FDR_DESC,KOSDAQ,파루,주권,2026-09-06,KOSDAQ-DESC,False
043220,,2001-07-03,FDR_DESC,KOSDAQ,티에스넥스젠,주권,2026-09-06,KOSDAQ-DESC,False
043260,,2001-11-29,FDR_DESC,KOSDAQ,성호전자,주권,2026-09-06,KOSDAQ-DESC,False
043290,2021-07-20,2011-10-25,FDR_DELISTING,KOSDAQ,케이맥,주권,2026-09-06,KRX-DELISTING,True
043340,,2000-08-29,FDR_DESC,KOSDAQ,에쎈테크,주권,2026-09-06,KOSDAQ-DESC,False
043360,,2001-07-20,FDR_DESC,KOSDAQ,디지아이,주권,2026-09-06,KOSDAQ-DESC,False
043370,,2001-12-13,FDR_DESC,KOSDAQ,피에이치에이,주권,2026-09-06,KOSDAQ-DESC,False
043580,2018-08-10,2001-08-02,FDR_DELISTING,KOSDAQ,에임하이,주권,2026-09-06,KRX-DELISTING,True
043590,,2001-12-20,FDR_DESC,KOSDAQ,웰킵스하이텍,주권,2026-09-06,KOSDAQ-DESC,False
043610,,2000-07-20,FDR_DESC,KOSDAQ,KT지니뮤직,주권,2026-09-06,KOSDAQ-DESC,False
043630,2011-04-29,2000-07-04,FDR_DELISTING,KOSDAQ,지앤알,주권,2026-09-06,KRX-DELISTING,True
043650,,2000-08-24,FDR_DESC,KOSDAQ,국순당,주권,2026-09-06,KOSDAQ-DESC,False
043680,2011-04-13,2000-07-27,FDR_DELISTING,KOSDAQ,스톰이앤에프,주권,2026-09-06,KRX-DELISTING,True
043690,2004-10-16,2001-06-28,FDR_DELISTING,KOSDAQ,테크메이트,주권,2026-09-06,KRX-DELISTING,True
043710,,2002-07-11,FDR_DESC,KOSDAQ,코스리거글로벌,주권,2026-09-06,KOSDAQ-DESC,False
043790,2004-12-06,2000-06-15,FDR_DELISTING,KOSDAQ,옥션,주권,2026-09-06,KRX-DELISTING,True
043890,2012-11-01,2000-08-10,FDR_DELISTING,KOSDAQ,한빛방송,주권,2026-09-06,KRX-DELISTING,True
043910,,2005-11-18,FDR_DESC,KOSDAQ,자연과환경,주권,2026-09-06,KOSDAQ-DESC,False
044060,2025-08-21,2001-01-18,FDR_DELISTING,KOSDAQ,조광ILI,주권,2026-09-06,KRX-DELISTING,True
044070,2009-08-25,2004-11-19,FDR_DELISTING,KOSDAQ,한서제약,주권,2026-09-06,KRX-DELISTING,True
044180,,2000-11-16,FDR_DESC,KOSDAQ,KD,주권,2026-09-06,KOSDAQ-DESC,False
044340,,2000-10-24,FDR_DESC,KOSDAQ,위닉스,주권,2026-09-06,KOSDAQ-DESC,False
044370,2008-05-03,2000-07-13,FDR_DELISTING,KOSDAQ,조이토토,주권,2026-09-06,KRX-DELISTING,True
044380,,2006-11-15,FDR_DESC,KOSPI,주연테크,주권,2026-09-06,KOSPI-DESC,False
044440,2005-04-26,2000-08-03,FDR_DELISTING,KOSDAQ,솔빛미디어,주권,2026-09-06,KRX-DELISTING,True
044450,,2007-10-26,FDR_DESC,KOSPI,KSS해운,주권,2026-09-06,KOSPI-DESC,False
044480,,2001-01-11,FDR_DESC,KOSDAQ,빌리언스,주권,2026-09-06,KOSDAQ-DESC,False
044490,,2001-11-08,FDR_DESC,KOSDAQ,태웅,주권,2026-09-06,KOSDAQ-DESC,False
044570,2002-06-07,2001-12-28,FDR_DELISTING,KOSDAQ,한빛전자통신,주권,2026-09-06,KRX-DELISTING,True
044640,2010-11-22,2001-01-11,FDR_DELISTING,KOSDAQ,동부CNI,주권,2026-09-06,KRX-DELISTING,True
044770,2009-10-07,2000-06-29,FDR_DELISTING,KOSDAQ,에이엠에스,주권,2026-09-06,KRX-DELISTING,True
044775,2009-10-07,2004-10-26,FDR_DELISTING,KOSDAQ,에이엠에스우,주권,2026-09-06,KRX-DELISTING,True
044780,,2000-09-07,FDR_DESC,KOSDAQ,에이치케이,주권,2026-09-06,KOSDAQ-DESC,False
044820,,2006-11-13,FDR_DESC,KOSPI,코스맥스비티아이,주권,2026-09-06,KOSPI-DESC,False
044960,,2000-11-16,FDR_DESC,KOSDAQ,이글벳,주권,2026-09-06,KOSDAQ-DESC,False
044990,,2024-10-25,FDR_DESC,KOSDAQ,에이치엔에스하이텍,주권,2026-09-06,KOSDAQ-DESC,False
045050,2012-11-27,2001-08-02,FDR_DELISTING,KOSDAQ,큐리어스,주권,2026-09-06,KRX-DELISTING,True
045060,,2000-08-10,FDR_DESC,KOSDAQ,오공,주권,2026-09-06,KOSDAQ-DESC,False
045100,,2000-08-31,FDR_DESC,KOSDAQ,한양이엔지,주권,2026-09-06,KOSDAQ-DESC,False
045240,2003-04-04,2001-08-07,FDR_DELISTING,KOSDAQ,뉴씨앤씨,주권,2026-09-06,KRX-DELISTING,True
045260,2012-08-01,2001-11-08,FDR_DELISTING,KOSDAQ,디에이치패션,주권,2026-09-06,KRX-DELISTING,True
045290,2010-04-23,2004-01-06,FDR_DELISTING,KOSDAQ,포네이처,주권,2026-09-06,KRX-DELISTING,True
045300,,2001-12-18,FDR_DESC,KOSDAQ,성우테크론,주권,2026-09-06,KOSDAQ-DESC,False
045310,2007-05-08,2002-01-10,FDR_DELISTING,KOSDAQ,이레전자산업,주권,2026-09-06,KRX-DELISTING,True
045340,,2002-07-19,FDR_DESC,KOSDAQ,토탈소프트,주권,2026-09-06,KOSDAQ-DESC,False
045380,2009-12-09,2000-12-07,FDR_DELISTING,KOSDAQ,더존디지털,주권,2026-09-06,KRX-DELISTING,True
045390,,2001-05-17,FDR_DESC,KOSDAQ,대아티아이,주권,2026-09-06,KOSDAQ-DESC,False
045400,2010-02-11,2001-08-17,FDR_DELISTING,KOSDAQ,이롬텍,주권,2026-09-06,KRX-DELISTING,True
045470,2012-04-24,2000-07-27,FDR_DELISTING,KOSDAQ,에이프로테크놀로지,주권,2026-09-06,KRX-DELISTING,True
045510,,2000-09-07,FDR_DESC,KOSDAQ,정원엔시스,주권,2026-09-06,KOSDAQ-DESC,False
045520,,2000-12-05,FDR_DESC,KOSDAQ,크린앤사이언스,주권,2026-09-06,KOSDAQ-DESC,False
045660,,2001-05-24,FDR_DESC,KOSDAQ,에이텍,주권,2026-09-06,KOSDAQ-DESC,False
045710,2011-03-22,2006-07-03,FDR_DELISTING,KOSPI,온미디어,주권,2026-09-06,KRX-DELISTING,True
045760,2008-06-13,2002-04-23,FDR_DELISTING,KOSDAQ,한통데이타,주권,2026-09-06,KRX-DELISTING,True
045820,2010-01-15,2008-11-27,FDR_DELISTING,KOSPI,LG파워콤,주권,2026-09-06,KRX-DELISTING,True
045880,2010-04-10,2002-02-07,FDR_DELISTING,KOSDAQ,유티엑스,주권,2026-09-06,KRX-DELISTING,True
045890,2021-12-20,2005-11-28,FDR_DELISTING,KOSDAQ,GV,주권,2026-09-06,KRX-DELISTING,True
045920,2003-10-17,2000-10-06,FDR_DELISTING,KOSDAQ,화림모드,주권,2026-09-06,KRX-DELISTING,True
045925,2003-10-17,2003-06-11,FDR_DELISTING,KOSDAQ,화림모드우,주권,2026-09-06,KRX-DELISTING,True
045970,,2000-08-03,FDR_DESC,KOSDAQ,코아시아,주권,2026-09-06,KOSDAQ-DESC,False
046000,2004-08-11,2001-01-11,FDR_DELISTING,KOSDAQ,모디아,주권,2026-09-06,KRX-DELISTING,True
046070,,2000-12-26,FDR_DESC,KOSDAQ,코다코,주권,2026-09-06,KOSDAQ-DESC,False
046110,2022-10-05,2006-01-20,FDR_DELISTING,KOSDAQ,한일네트웍스,주권,2026-09-06,KRX-DELISTING,True
046120,,2010-06-15,FDR_DESC,KOSDAQ,오르비텍,주권,2026-09-06,KOSDAQ-DESC,False
046140,2023-12-18,2003-02-05,FDR_DELISTING,KOSDAQ,SBS콘텐츠허브,주권,2026-09-06,KRX-DELISTING,True
046210,,2000-08-16,FDR_DESC,KOSDAQ,HLB파나진,주권,2026-09-06,KOSDAQ-DESC,False
046240,2011-02-12,2000-11-07,FDR_DELISTING,KOSDAQ,에스브이에이치,주권,2026-09-06,KRX-DELISTING,True
046310,,2002-02-05,FDR_DESC,KOSDAQ,백금T&A,주권,2026-09-06,KOSDAQ-DESC,False
046320,2009-08-28,2001-04-10,FDR_DELISTING,KOSDAQ,MTRON,주권,2026-09-06,KRX-DELISTING,True
046350,2010-04-13,2000-08-24,FDR_DELISTING,KOSDAQ,에듀아크,주권,2026-09-06,KRX-DELISTING,True
046390,,2001-01-11,FDR_DESC,KOSDAQ,삼화네트웍스,주권,2026-09-06,KOSDAQ-DESC,False
046400,2014-09-02,2002-10-01,FDR_DELISTING,KOSDAQ,디브이에스,주권,2026-09-06,KRX-DELISTING,True
046430,2012-12-05,2002-05-23,FDR_DELISTING,KOSDAQ,알에스넷,주권,2026-09-06,KRX-DELISTING,True
046440,,2004-12-14,FDR_DESC,KOSDAQ,KG파이낸셜,주권,2026-09-06,KOSDAQ-DESC,False
046720,2012-02-01,2002-10-10,FDR_DELISTING,KOSDAQ,엔하이테크,주권,2026-09-06,KRX-DELISTING,True
046810,2005-04-30,2000-08-18,FDR_DELISTING,KOSDAQ,KEPS,주권,2026-09-06,KRX-DELISTING,True
046840,2013-05-01,2001-07-10,FDR_DELISTING,KOSDAQ,자유투어,주권,2026-09-06,KRX-DELISTING,True
046930,2003-07-04,2000-08-18,FDR_DELISTING,KOSDAQ,타임,주권,2026-09-06,KRX-DELISTING,True
046940,,2002-06-18,FDR_DESC,KOSDAQ,우원개발,주권,2026-09-06,KOSDAQ-DESC,False
046970,,2012-11-27,FDR_DESC,KOSDAQ,우리로,주권,2026-09-06,KOSDAQ-DESC,False
047040,,2001-03-23,FDR_DESC,KOSPI,대우건설,주권,2026-09-06,KOSPI-DESC,False
047050,,2001-03-23,FDR_DESC,KOSPI,포스코인터내셔널,주권,2026-09-06,KOSPI-DESC,False
047060,2004-08-14,2000-09-08,FDR_DELISTING,KOSDAQ,덴소풍성,주권,2026-09-06,KRX-DELISTING,True
047080,,2002-01-10,FDR_DESC,KOSDAQ,한빛소프트,주권,2026-09-06,KOSDAQ-DESC,False
047310,,2003-07-25,FDR_DESC,KOSDAQ,파워로직스,주권,2026-09-06,KOSDAQ-DESC,False
047370,2009-04-11,2001-05-29,FDR_DELISTING,KOSDAQ,에프아이투어,주권,2026-09-06,KRX-DELISTING,True
047400,,2009-09-29,FDR_DESC,KOSPI,유니온머티리얼,주권,2026-09-06,KOSPI-DESC,False
047420,2006-07-13,2002-07-19,FDR_DELISTING,KOSDAQ,레이더스컴퍼니,주권,2026-09-06,KRX-DELISTING,True
047440,2018-10-11,2001-11-20,FDR_DELISTING,KOSDAQ,레이젠,주권,2026-09-06,KRX-DELISTING,True
047450,2010-11-30,2000-11-23,FDR_DELISTING,KOSDAQ,이앤텍,주권,2026-09-06,KRX-DELISTING,True
047560,,2008-07-01,FDR_DESC,KOSDAQ,이스트소프트,주권,2026-09-06,KOSDAQ-DESC,False
047600,2011-09-09,2001-01-11,FDR_DELISTING,KOSDAQ,세계투어,주권,2026-09-06,KRX-DELISTING,True
047610,2004-04-08,2000-12-12,FDR_DELISTING,KOSDAQ,월드텔레콤,주권,2026-09-06,KRX-DELISTING,True
047710,2010-07-21,2001-07-20,FDR_DELISTING,KOSDAQ,액티투오,주권,2026-09-06,KRX-DELISTING,True
047730,2012-11-17,2001-05-10,FDR_DELISTING,KOSDAQ,넷웨이브,주권,2026-09-06,KRX-DELISTING,True
047770,,2001-09-18,FDR_DESC,KOSDAQ,코데즈컴바인,주권,2026-09-06,KOSDAQ-DESC,False
047810,,2011-06-30,FDR_DESC,KOSPI,한국항공우주,주권,2026-09-06,KOSPI-DESC,False
047820,,2002-12-24,FDR_DESC,KOSDAQ,초록뱀미디어,주권,2026-09-06,KOSDAQ-DESC,False
047920,,2015-12-21,FDR_DESC,KOSDAQ,HLB제약,주권,2026-09-06,KOSDAQ-DESC,False
047940,2010-01-29,2001-06-21,FDR_DELISTING,KOSDAQ,비엔디,주권,2026-09-06,KRX-DELISTING,True
048130,2010-04-20,2001-11-22,FDR_DELISTING,KOSDAQ,에스피코프,주권,2026-09-06,KRX-DELISTING,True
048140,2010-11-25,2001-04-26,FDR_DELISTING,KOSDAQ,태광이엔시,주권,2026-09-06,KRX-DELISTING,True
048150,2004-04-29,2002-11-05,FDR_DELISTING,KOSDAQ,모닷텔,주권,2026-09-06,KRX-DELISTING,True
048260,2023-08-14,2007-02-07,FDR_DELISTING,KOSDAQ,오스템임플란트,주권,2026-09-06,KRX-DELISTING,True
048270,2009-05-04,2003-01-24,FDR_DELISTING,KOSDAQ,포넷,주권,2026-09-06,KRX-DELISTING,True
048410,,2002-08-08,FDR_DESC,KOSDAQ,현대바이오,주권,2026-09-06,KOSDAQ-DESC,False
048430,,2001-01-11,FDR_DESC,KOSDAQ,유라테크,주권,2026-09-06,KOSDAQ-DESC,False
048460,2012-11-16,2000-12-14,FDR_DELISTING,KOSDAQ,엑큐리스,주권,2026-09-06,KRX-DELISTING,True
048470,,2002-01-10,FDR_DESC,KOSDAQ,대동스틸,주권,2026-09-06,KOSDAQ-DESC,False
048510,2010-11-10,2001-06-14,FDR_DELISTING,KOSDAQ,테스텍,주권,2026-09-06,KRX-DELISTING,True
048530,,2011-01-26,FDR_DESC,KOSDAQ,인트론바이오,주권,2026-09-06,KOSDAQ-DESC,False
048540,2004-08-18,2001-07-31,FDR_DELISTING,KOSDAQ,하이콤,주권,2026-09-06,KRX-DELISTING,True
048550,,2001-01-18,FDR_DESC,KOSDAQ,SM C&C,주권,2026-09-06,KOSDAQ-DESC,False
048640,2011-04-13,2001-01-09,FDR_DELISTING,KOSDAQ,엠엔에프씨,주권,2026-09-06,KRX-DELISTING,True
048760,2006-07-22,2000-10-12,FDR_DELISTING,KOSDAQ,VK,주권,2026-09-06,KRX-DELISTING,True
048770,,2001-01-16,FDR_DESC,KOSDAQ,TPC로보틱스,주권,2026-09-06,KOSDAQ-DESC,False
048830,,2000-10-12,FDR_DESC,KOSDAQ,엔피케이,주권,2026-09-06,KOSDAQ-DESC,False
048870,,2004-08-13,FDR_DESC,KOSDAQ,시너지이노베이션,주권,2026-09-06,KOSDAQ-DESC,False
048910,,2001-07-31,FDR_DESC,KOSDAQ,대원미디어,주권,2026-09-06,KOSDAQ-DESC,False
049000,2013-09-10,2001-01-03,FDR_DELISTING,KOSDAQ,예당,주권,2026-09-06,KRX-DELISTING,True
049070,,2002-02-21,FDR_DESC,KOSDAQ,인탑스,주권,2026-09-06,KOSDAQ-DESC,False
049080,,2013-12-19,FDR_DESC,KOSDAQ,기가레인,주권,2026-09-06,KOSDAQ-DESC,False
049120,,2001-07-26,FDR_DESC,KOSDAQ,파인디앤씨,주권,2026-09-06,KOSDAQ-DESC,False
049130,2005-04-20,2002-01-22,FDR_DELISTING,KOSDAQ,하우리,주권,2026-09-06,KRX-DELISTING,True
049180,,2002-05-23,FDR_DESC,KOSDAQ,셀루메드,주권,2026-09-06,KOSDAQ-DESC,False
049370,2006-04-20,2002-02-05,FDR_DELISTING,KOSDAQ,CJ엔터테인,주권,2026-09-06,KRX-DELISTING,True
049430,,2001-01-16,FDR_DESC,KOSDAQ,코메론,주권,2026-09-06,KOSDAQ-DESC,False
049470,,2001-10-11,FDR_DESC,KOSDAQ,비트플래닛,주권,2026-09-06,KOSDAQ-DESC,False
049480,,2001-01-09,FDR_DESC,KOSDAQ,오픈베이스,주권,2026-09-06,KOSDAQ-DESC,False
049520,,2001-08-02,FDR_DESC,KOSDAQ,유아이엘,주권,2026-09-06,KOSDAQ-DESC,False
049550,,2002-02-28,FDR_DESC,KOSDAQ,잉크테크,주권,2026-09-06,KOSDAQ-DESC,False
049630,,2003-01-24,FDR_DESC,KOSDAQ,재영솔루텍,주권,2026-09-06,KOSDAQ-DESC,False
049690,2011-04-23,2002-01-08,FDR_DELISTING,KOSDAQ,포휴먼,주권,2026-09-06,KRX-DELISTING,True
049720,,2002-01-31,FDR_DESC,KOSDAQ,고려신용정보,주권,2026-09-06,KOSDAQ-DESC,False
049770,2025-07-31,2000-11-23,FDR_DELISTING,KOSPI,동원F&B,주권,2026-09-06,KRX-DELISTING,True
049790,2002-11-28,2001-02-13,FDR_DELISTING,KOSDAQ,소프트윈,주권,2026-09-06,KRX-DELISTING,True
049800,,2006-05-24,FDR_DESC,KOSPI,우진플라임,주권,2026-09-06,KOSPI-DESC,False
049830,,2001-01-18,FDR_DESC,KOSDAQ,승일,주권,2026-09-06,KOSDAQ-DESC,False
049950,,2005-01-04,FDR_DESC,KOSDAQ,미래컴퍼니,주권,2026-09-06,KOSDAQ-DESC,False
049960,,2002-12-13,FDR_DESC,KOSDAQ,쎌바이오텍,주권,2026-09-06,KOSDAQ-DESC,False
050050,2012-09-26,2000-12-21,FDR_DELISTING,KOSDAQ,유아이에너지,주권,2026-09-06,KRX-DELISTING,True
050090,,2004-06-29,FDR_DESC,KOSDAQ,비케이홀딩스,주권,2026-09-06,KOSDAQ-DESC,False
050110,,2001-05-17,FDR_DESC,KOSDAQ,캠시스,주권,2026-09-06,KOSDAQ-DESC,False
050120,,2002-04-25,FDR_DESC,KOSDAQ,ES큐브,주권,2026-09-06,KOSDAQ-DESC,False
050320,2022-05-31,2002-01-15,FDR_DELISTING,KOSDAQ,에스에이치엔엘,주권,2026-09-06,KRX-DELISTING,True
050470,2012-05-01,2002-04-23,FDR_DELISTING,KOSDAQ,CT&T,주권,2026-09-06,KRX-DELISTING,True
050540,2023-05-08,2005-12-12,FDR_DELISTING,KOSDAQ,엠피씨플러스,주권,2026-09-06,KRX-DELISTING,True
050600,2008-09-09,2001-06-21,FDR_DELISTING,KOSDAQ,세라온,주권,2026-09-06,KRX-DELISTING,True
050640,2011-08-20,2005-08-05,FDR_DELISTING,KOSDAQ,이룸지엔지,주권,2026-09-06,KRX-DELISTING,True
050760,,2002-05-16,FDR_DESC,KOSDAQ,에스폴리텍,주권,2026-09-06,KOSDAQ-DESC,False
050860,,2010-01-26,FDR_DESC,KOSDAQ,아세아텍,주권,2026-09-06,KOSDAQ-DESC,False
050890,,2005-07-08,FDR_DESC,KOSDAQ,쏠리드,주권,2026-09-06,KOSDAQ-DESC,False
050960,,2016-10-11,FDR_DESC,KOSDAQ,수산아이앤티,주권,2026-09-06,KOSDAQ-DESC,False
051160,,2002-05-28,FDR_DESC,KOSDAQ,지어소프트,주권,2026-09-06,KOSDAQ-DESC,False
051170,2018-03-15,2001-10-23,FDR_DELISTING,KOSDAQ,썬코어,주권,2026-09-06,KRX-DELISTING,True
051310,2016-04-15,2007-11-29,FDR_DELISTING,KOSPI,포스코플랜텍,주권,2026-09-06,KRX-DELISTING,True
051360,,2004-11-19,FDR_DESC,KOSDAQ,토비스,주권,2026-09-06,KOSDAQ-DESC,False
051370,,2003-01-22,FDR_DESC,KOSDAQ,인터플렉스,주권,2026-09-06,KOSDAQ-DESC,False
051380,,2002-02-15,FDR_DESC,KOSDAQ,피씨디렉트,주권,2026-09-06,KOSDAQ-DESC,False
051390,,2001-11-15,FDR_DESC,KOSDAQ,YW,주권,2026-09-06,KOSDAQ-DESC,False
051490,,2001-06-12,FDR_DESC,KOSDAQ,나라엠앤디,주권,2026-09-06,KOSDAQ-DESC,False
051500,,2001-07-26,FDR_DESC,KOSDAQ,CJ프레시웨이,주권,2026-09-06,KOSDAQ-DESC,False
051530,2009-11-03,2001-07-03,FDR_DELISTING,KOSDAQ,굿이엠지,주권,2026-09-06,KRX-DELISTING,True
051600,,2007-12-14,FDR_DESC,KOSPI,한전KPS,주권,2026-09-06,KOSPI-DESC,False
051630,,2001-01-29,FDR_DESC,KOSPI,진양화학,주권,2026-09-06,KOSPI-DESC,False
051710,2013-05-01,2004-06-18,FDR_DELISTING,KOSDAQ,디에스,주권,2026-09-06,KRX-DELISTING,True
051780,,2001-06-26,FDR_DESC,KOSDAQ,큐로홀딩스,주권,2026-09-06,KOSDAQ-DESC,False
051810,2010-04-13,2001-07-18,FDR_DELISTING,KOSDAQ,모보,주권,2026-09-06,KRX-DELISTING,True
051820,2011-01-14,2005-11-11,FDR_DELISTING,KOSDAQ,아이피에스,주권,2026-09-06,KRX-DELISTING,True
051900,,2001-04-25,FDR_DESC,KOSPI,LG생활건강,주권,2026-09-06,KOSPI-DESC,False
051905,,2014-06-17,FDR_FIRST_TRADE,KOSPI,LG생활건강우,주권,2026-09-06,KOSPI-DESC,False
051910,,2001-04-25,FDR_DESC,KOSPI,LG화학,주권,2026-09-06,KOSPI-DESC,False
051915,,2014-06-17,FDR_FIRST_TRADE,KOSPI,LG화학우,주권,2026-09-06,KOSPI-DESC,False
051980,,2001-07-31,FDR_DESC,KOSDAQ,중앙첨단소재,주권,2026-09-06,KOSDAQ-DESC,False
052020,,2001-07-05,FDR_DESC,KOSDAQ,에스티큐브,주권,2026-09-06,KOSDAQ-DESC,False
052190,2022-05-27,2001-06-21,FDR_DELISTING,KOSDAQ,세영디앤씨,주권,2026-09-06,KRX-DELISTING,True
052210,2010-12-04,2002-12-23,FDR_DELISTING,KOSDAQ,엠씨티티코어,주권,2026-09-06,KRX-DELISTING,True
052220,,2005-01-21,FDR_DESC,KOSDAQ,iMBC,주권,2026-09-06,KOSDAQ-DESC,False
052260,,2001-05-17,FDR_DESC,KOSDAQ,현대바이오랜드,주권,2026-09-06,KOSDAQ-DESC,False
052270,2017-04-13,2001-06-05,FDR_DELISTING,KOSDAQ,우전,주권,2026-09-06,KRX-DELISTING,True
052290,2018-10-11,2001-05-31,FDR_DELISTING,KOSDAQ,트레이스,주권,2026-09-06,KRX-DELISTING,True
052300,,2001-08-02,FDR_DESC,KOSDAQ,오션인더블유,주권,2026-09-06,KOSDAQ-DESC,False
052310,2009-04-23,2001-05-24,FDR_DELISTING,KOSDAQ,H1바이오,주권,2026-09-06,KRX-DELISTING,True
052330,,2001-07-10,FDR_DESC,KOSDAQ,코텍,주권,2026-09-06,KOSDAQ-DESC,False
052350,2012-04-17,2001-07-20,FDR_DELISTING,KOSDAQ,코아에스앤아이,주권,2026-09-06,KRX-DELISTING,True
052420,,2001-08-07,FDR_DESC,KOSDAQ,오성첨단소재,주권,2026-09-06,KOSDAQ-DESC,False
052460,,2005-01-03,FDR_DESC,KOSDAQ,아이크래프트,주권,2026-09-06,KOSDAQ-DESC,False
052510,2011-06-16,2001-12-18,FDR_DELISTING,KOSDAQ,에코솔루션,주권,2026-09-06,KRX-DELISTING,True
052560,2009-07-01,2001-07-10,FDR_DELISTING,KOSDAQ,삼성수산,주권,2026-09-06,KRX-DELISTING,True
052600,,2001-07-10,FDR_DESC,KOSDAQ,한네트,주권,2026-09-06,KOSDAQ-DESC,False
052640,2009-10-07,2001-07-31,FDR_DELISTING,KOSDAQ,제네시스,주권,2026-09-06,KRX-DELISTING,True
052650,2013-04-12,2001-12-18,FDR_DELISTING,KOSDAQ,이디디컴퍼니,주권,2026-09-06,KRX-DELISTING,True
052670,2026-02-23,2002-01-24,FDR_DELISTING,KOSDAQ,제일바이오,주권,2026-09-06,KRX-DELISTING,True
052690,,2009-12-14,FDR_DESC,KOSPI,한전기술,주권,2026-09-06,KOSPI-DESC,False
052710,,2003-08-01,FDR_DESC,KOSDAQ,아모텍,주권,2026-09-06,KOSDAQ-DESC,False
052770,,2002-08-22,FDR_DESC,KOSDAQ,아이톡시,주권,2026-09-06,KOSDAQ-DESC,False
052790,,2001-08-14,FDR_DESC,KOSDAQ,액토즈소프트,주권,2026-09-06,KOSDAQ-DESC,False
052810,2011-11-22,2001-12-13,FDR_DELISTING,KOSDAQ,아시아미디어홀딩스,주권,2026-09-06,KRX-DELISTING,True
052860,,2009-10-06,FDR_DESC,KOSDAQ,아이앤씨,주권,2026-09-06,KOSDAQ-DESC,False
052880,2011-09-23,2001-07-24,FDR_DELISTING,KOSDAQ,큐앤에스,주권,2026-09-06,KRX-DELISTING,True
052900,,2005-01-18,FDR_DESC,KOSDAQ,KX하이텍,주권,2026-09-06,KOSDAQ-DESC,False
052970,2010-10-20,2002-07-16,FDR_DELISTING,KOSDAQ,올리브나인,주권,2026-09-06,KRX-DELISTING,True
053000,2014-11-19,2002-06-24,FDR_DELISTING,KOSPI,우리금융,주권,2026-09-06,KRX-DELISTING,True
053030,,2001-08-07,FDR_DESC,KOSDAQ,바이넥스,주권,2026-09-06,KOSDAQ-DESC,False
053040,2012-05-17,2001-08-09,FDR_DELISTING,KOSDAQ,블루젬디앤씨,주권,2026-09-06,KRX-DELISTING,True
053050,,2001-10-11,FDR_DESC,KOSDAQ,지에스이,주권,2026-09-06,KOSDAQ-DESC,False
053060,,2001-08-17,FDR_DESC,KOSDAQ,세동,주권,2026-09-06,KOSDAQ-DESC,False
053070,2009-06-03,2001-08-07,FDR_DELISTING,KOSDAQ,트리니티,주권,2026-09-06,KRX-DELISTING,True
053080,,2020-09-24,FDR_DESC,KOSDAQ,케이엔솔,주권,2026-09-06,KOSDAQ-DESC,False
053110,2022-09-07,2001-10-09,FDR_DELISTING,KOSDAQ,소리바다,주권,2026-09-06,KRX-DELISTING,True
053160,,2001-10-30,FDR_DESC,KOSDAQ,프리엠스,주권,2026-09-06,KOSDAQ-DESC,False
053170,2009-04-30,2002-01-10,FDR_DELISTING,KOSDAQ,코스모스피엘씨,주권,2026-09-06,KRX-DELISTING,True
053200,2004-04-03,2001-12-26,FDR_DELISTING,KOSDAQ,디이시스,주권,2026-09-06,KRX-DELISTING,True
053210,,2011-06-03,FDR_DESC,KOSPI,스카이라이프,주권,2026-09-06,KOSPI-DESC,False
053250,2005-04-02,2001-07-20,FDR_DELISTING,KOSDAQ,엔에스아이,주권,2026-09-06,KRX-DELISTING,True
053260,,2002-01-04,FDR_DESC,KOSDAQ,금강철강,주권,2026-09-06,KOSDAQ-DESC,False
053270,,2002-02-07,FDR_DESC,KOSDAQ,구영테크,주권,2026-09-06,KOSDAQ-DESC,False
053280,,2008-05-07,FDR_DESC,KOSDAQ,예스24,주권,2026-09-06,KOSDAQ-DESC,False
053290,,2002-12-10,FDR_DESC,KOSDAQ,NE능률,주권,2026-09-06,KOSDAQ-DESC,False
053300,,2014-02-04,FDR_DESC,KOSDAQ,한국정보인증,주권,2026-09-06,KOSDAQ-DESC,False
053320,2014-02-07,2002-01-04,FDR_DELISTING,KOSDAQ,테라리소스,주권,2026-09-06,KRX-DELISTING,True
053330,2015-04-23,2001-11-01,FDR_DELISTING,KOSDAQ,영진코퍼레이션,주권,2026-09-06,KRX-DELISTING,True
053350,,2001-11-15,FDR_DESC,KOSDAQ,이니텍,주권,2026-09-06,KOSDAQ-DESC,False
053440,2010-04-21,2001-08-21,FDR_DELISTING,KOSDAQ,성우몰드,주권,2026-09-06,KRX-DELISTING,True
053450,,2001-08-09,FDR_DESC,KOSDAQ,세코닉스,주권,2026-09-06,KOSDAQ-DESC,False
053470,2010-05-08,2001-07-31,FDR_DELISTING,KOSDAQ,오페스,주권,2026-09-06,KRX-DELISTING,True
053580,,2019-01-25,FDR_DESC,KOSDAQ,웹케시,주권,2026-09-06,KOSDAQ-DESC,False
053590,2024-10-07,2001-08-23,FDR_DELISTING,KOSDAQ,한국테크놀로지,주권,2026-09-06,KRX-DELISTING,True
053595,2015-07-13,2003-06-04,FDR_DELISTING,KOSDAQ,한국테크놀로지우,주권,2026-09-06,KRX-DELISTING,True
053610,,2001-08-17,FDR_DESC,KOSDAQ,프로텍,주권,2026-09-06,KOSDAQ-DESC,False
053620,,2001-08-07,FDR_DESC,KOSDAQ,태양,주권,2026-09-06,KOSDAQ-DESC,False
053660,2022-04-26,2002-02-15,FDR_DELISTING,KOSDAQ,현진소재,주권,2026-09-06,KRX-DELISTING,True
053690,,2009-06-23,FDR_DESC,KOSPI,한미글로벌,주권,2026-09-06,KOSPI-DESC,False
053700,,2001-11-06,FDR_DESC,KOSDAQ,삼보모터스,주권,2026-09-06,KOSDAQ-DESC,False
053740,2015-02-10,2003-03-21,FDR_DELISTING,KOSDAQ,국제엘렉트릭,주권,2026-09-06,KRX-DELISTING,True
053800,,2001-09-13,FDR_DESC,KOSDAQ,안랩,주권,2026-09-06,KOSDAQ-DESC,False
053810,2016-09-19,2002-07-19,FDR_DELISTING,KOSDAQ,아이팩토리,주권,2026-09-06,KRX-DELISTING,True
053870,2015-10-15,2001-12-13,FDR_DELISTING,KOSDAQ,GT&T,주권,2026-09-06,KRX-DELISTING,True
053890,2009-04-11,2002-05-07,FDR_DELISTING,KOSDAQ,미디어코프,주권,2026-09-06,KRX-DELISTING,True
053950,,2001-11-06,FDR_DESC,KOSDAQ,경남제약,주권,2026-09-06,KOSDAQ-DESC,False
053960,2003-04-15,2001-11-13,FDR_DELISTING,KOSDAQ,어플라이드,주권,2026-09-06,KRX-DELISTING,True
053980,,2002-04-09,FDR_DESC,KOSDAQ,오상자이엘,주권,2026-09-06,KOSDAQ-DESC,False
054010,2011-10-06,2001-10-23,FDR_DELISTING,KOSDAQ,선팩테크,주권,2026-09-06,KRX-DELISTING,True
054020,2010-04-03,2002-05-07,FDR_DELISTING,KOSDAQ,GK파워,주권,2026-09-06,KRX-DELISTING,True
054040,,2002-01-15,FDR_DESC,KOSDAQ,한국컴퓨터,주권,2026-09-06,KOSDAQ-DESC,False
054050,,2002-04-02,FDR_DESC,KOSDAQ,NH농우바이오,주권,2026-09-06,KOSDAQ-DESC,False
054080,2005-03-30,2001-10-09,FDR_DELISTING,KOSDAQ,우주통신,주권,2026-09-06,KRX-DELISTING,True
054090,,2004-02-06,FDR_DESC,KOSDAQ,삼진엘앤디,주권,2026-09-06,KOSDAQ-DESC,False
054120,2011-12-15,2002-06-18,FDR_DELISTING,KOSDAQ,더체인지,주권,2026-09-06,KRX-DELISTING,True
054150,2011-04-29,2001-11-08,FDR_DELISTING,KOSDAQ,뉴젠아이씨티,주권,2026-09-06,KRX-DELISTING,True
054170,2011-04-29,2001-10-11,FDR_DELISTING,KOSDAQ,엔빅스,주권,2026-09-06,KRX-DELISTING,True
054180,,2001-10-16,FDR_DESC,KOSDAQ,메디콕스,주권,2026-09-06,KOSDAQ-DESC,False
054210,,2002-05-09,FDR_DESC,KOSDAQ,이랜텍,주권,2026-09-06,KOSDAQ-DESC,False
054220,,2001-12-26,FDR_DESC,KOSDAQ,비츠로시스,주권,2026-09-06,KOSDAQ-DESC,False
054250,2007-04-11,2001-12-20,FDR_DELISTING,KOSDAQ,예일바이오텍,주권,2026-09-06,KRX-DELISTING,True
054300,,2002-01-10,FDR_DESC,KOSDAQ,팬스타엔터프라이즈,주권,2026-09-06,KOSDAQ-DESC,False
054340,2020-05-21,2002-01-10,FDR_DELISTING,KOSDAQ,피앤텔,주권,2026-09-06,KRX-DELISTING,True
054370,2005-04-12,2001-11-20,FDR_DELISTING,KOSDAQ,업필,주권,2026-09-06,KRX-DELISTING,True
054410,,2002-04-25,FDR_DESC,KOSDAQ,케이피티유,주권,2026-09-06,KOSDAQ-DESC,False
054440,2007-04-13,2001-11-22,FDR_DELISTING,KOSDAQ,엠텍반도체,주권,2026-09-06,KRX-DELISTING,True
054450,,2004-12-10,FDR_DESC,KOSDAQ,텔레칩스,주권,2026-09-06,KOSDAQ-DESC,False
054530,2004-04-03,2001-08-28,FDR_DELISTING,KOSDAQ,신한SIT,주권,2026-09-06,KRX-DELISTING,True
054540,,2001-11-15,FDR_DESC,KOSDAQ,삼영엠텍,주권,2026-09-06,KOSDAQ-DESC,False
054620,,2001-12-04,FDR_DESC,KOSDAQ,APS,주권,2026-09-06,KOSDAQ-DESC,False
054630,2025-12-30,2001-11-13,FDR_DELISTING,KOSDAQ,에이디칩스,주권,2026-09-06,KRX-DELISTING,True
054650,2009-09-04,2002-01-10,FDR_DELISTING,KOSDAQ,뉴젠비아이티,주권,2026-09-06,KRX-DELISTING,True
054670,,2002-02-26,FDR_DESC,KOSDAQ,대한뉴팜,주권,2026-09-06,KOSDAQ-DESC,False
054780,,2003-11-14,FDR_DESC,KOSDAQ,키이스트,주권,2026-09-06,KOSDAQ-DESC,False
054790,2007-04-24,2001-12-06,FDR_DELISTING,KOSDAQ,제이엠피,주권,2026-09-06,KRX-DELISTING,True
054800,,2001-09-27,FDR_DESC,KOSDAQ,아이디스홀딩스,주권,2026-09-06,KOSDAQ-DESC,False
054920,,2001-11-01,FDR_DESC,KOSDAQ,한컴위드,주권,2026-09-06,KOSDAQ-DESC,False
054930,,2002-01-15,FDR_DESC,KOSDAQ,유신,주권,2026-09-06,KOSDAQ-DESC,False
054940,,2001-12-13,FDR_DESC,KOSDAQ,엑사이엔씨,주권,2026-09-06,KOSDAQ-DESC,False
054950,,2006-06-07,FDR_DESC,KOSDAQ,제이브이엠,주권,2026-09-06,KOSDAQ-DESC,False
055000,2004-04-03,2001-12-18,FDR_DELISTING,KOSDAQ,동서정보기술,주권,2026-09-06,KRX-DELISTING,True
055250,2010-10-01,2001-12-06,FDR_DELISTING,KOSDAQ,다휘,주권,2026-09-06,KRX-DELISTING,True
055490,,2017-10-31,FDR_DESC,KOSPI,테이팩스,주권,2026-09-06,KOSPI-DESC,False
055550,,2001-09-10,FDR_DESC,KOSPI,신한지주,주권,2026-09-06,KOSPI-DESC,False
055810,2005-08-13,2003-11-07,FDR_DELISTING,KOSDAQ,KTC텔레콤,주권,2026-09-06,KRX-DELISTING,True
055970,2008-05-03,2003-08-01,FDR_DELISTING,KOSDAQ,에너윈,주권,2026-09-06,KRX-DELISTING,True
056000,2023-03-30,2003-07-11,FDR_DELISTING,KOSDAQ,코원플레이,주권,2026-09-06,KRX-DELISTING,True
056010,2012-04-13,2002-08-13,FDR_DELISTING,KOSDAQ,아이스테이션,주권,2026-09-06,KRX-DELISTING,True
056020,2009-04-29,2003-07-04,FDR_DELISTING,KOSDAQ,쿨투,주권,2026-09-06,KRX-DELISTING,True
056060,2006-04-08,2002-01-15,FDR_DELISTING,KOSDAQ,세니콘,주권,2026-09-06,KRX-DELISTING,True
056080,,2001-11-13,FDR_DESC,KOSDAQ,유진로봇,주권,2026-09-06,KOSDAQ-DESC,False
056090,,2015-11-12,FDR_DESC,KOSDAQ,시지메드텍,주권,2026-09-06,KOSDAQ-DESC,False
056140,2004-03-30,2001-12-20,FDR_DELISTING,KOSDAQ,리더컴,주권,2026-09-06,KRX-DELISTING,True
056200,2011-03-22,2002-01-29,FDR_DELISTING,KOSDAQ,엠넷미디어,주권,2026-09-06,KRX-DELISTING,True
056340,2014-05-21,2002-11-08,FDR_DELISTING,KOSDAQ,CU전자,주권,2026-09-06,KRX-DELISTING,True
056360,,2001-12-04,FDR_DESC,KOSDAQ,코위버,주권,2026-09-06,KOSDAQ-DESC,False
056500,2005-04-05,2002-06-04,FDR_DELISTING,KOSDAQ,슈마일렉트론,주권,2026-09-06,KRX-DELISTING,True
056700,,2001-12-13,FDR_DESC,KOSDAQ,신화인터텍,주권,2026-09-06,KOSDAQ-DESC,False
056710,2012-04-13,2002-01-10,FDR_DELISTING,KOSDAQ,미리넷,주권,2026-09-06,KRX-DELISTING,True
056730,,2002-01-04,FDR_DESC,KOSDAQ,CNT85,주권,2026-09-06,KOSDAQ-DESC,False
056810,2013-09-10,2002-01-15,FDR_DELISTING,KOSDAQ,위다스,주권,2026-09-06,KRX-DELISTING,True
056850,2010-03-09,2001-12-20,FDR_DELISTING,KOSDAQ,코어비트,주권,2026-09-06,KRX-DELISTING,True
057030,,2004-06-08,FDR_DESC,KOSDAQ,YBM넷,주권,2026-09-06,KOSDAQ-DESC,False
057050,2026-07-20,2010-09-13,FDR_DELISTING,KOSPI,현대홈쇼핑,주권,2026-09-06,KRX-DELISTING,True
057100,2010-05-08,2002-11-15,FDR_DELISTING,KOSDAQ,하이스마텍,주권,2026-09-06,KRX-DELISTING,True
057110,2005-10-22,2002-01-10,FDR_DELISTING,KOSDAQ,아이티센,주권,2026-09-06,KRX-DELISTING,True
057330,2008-04-23,2001-12-20,FDR_DELISTING,KOSDAQ,플래닛82,주권,2026-09-06,KRX-DELISTING,True
057500,2020-12-23,2001-12-26,FDR_DELISTING,KOSDAQ,SKC 솔믹스,주권,2026-09-06,KRX-DELISTING,True
057540,,2007-09-19,FDR_DESC,KOSDAQ,옴니시스템,주권,2026-09-06,KOSDAQ-DESC,False
057680,,2002-06-18,FDR_DESC,KOSDAQ,티사이언티픽,주권,2026-09-06,KOSDAQ-DESC,False
057880,2026-01-22,2003-12-29,FDR_DELISTING,KOSDAQ,푸른소나무,주권,2026-09-06,KRX-DELISTING,True
058110,,2015-12-14,FDR_DESC,KOSDAQ,멕아이씨에스,주권,2026-09-06,KOSDAQ-DESC,False
058220,2024-05-03,2005-08-05,FDR_DELISTING,KOSDAQ,아리온,주권,2026-09-06,KRX-DELISTING,True
058370,2017-05-08,2002-02-19,FDR_DELISTING,KOSDAQ,비엔씨컴퍼니,주권,2026-09-06,KRX-DELISTING,True
058400,,2010-11-03,FDR_DESC,KOSDAQ,KNN,주권,2026-09-06,KOSDAQ-DESC,False
058420,2023-04-14,2002-01-10,FDR_DELISTING,KOSDAQ,제이웨이,주권,2026-09-06,KRX-DELISTING,True
058430,,2002-08-16,FDR_DESC,KOSPI,포스코스틸리온,주권,2026-09-06,KOSPI-DESC,False
058450,,2002-01-17,FDR_DESC,KOSDAQ,한주에이알티,주권,2026-09-06,KOSDAQ-DESC,False
058480,2010-05-08,2002-01-15,FDR_DELISTING,KOSDAQ,해원에스티,주권,2026-09-06,KRX-DELISTING,True
058530,2024-06-25,2002-02-05,FDR_DELISTING,KOSDAQ,파나케이아,주권,2026-09-06,KRX-DELISTING,True
058550,2009-09-15,2002-05-07,FDR_DELISTING,KOSDAQ,네오리소스,주권,2026-09-06,KRX-DELISTING,True
058610,,2002-07-23,FDR_DESC,KOSDAQ,에스피지,주권,2026-09-06,KOSDAQ-DESC,False
058630,,2008-12-19,FDR_DESC,KOSDAQ,엠게임,주권,2026-09-06,KOSDAQ-DESC,False
058650,,2001-07-30,FDR_DESC,KOSPI,세아홀딩스,주권,2026-09-06,KOSPI-DESC,False
058680,2008-04-10,2002-06-11,FDR_DELISTING,KOSDAQ,오브제,주권,2026-09-06,KRX-DELISTING,True
058690,2010-08-26,2003-12-29,FDR_DELISTING,KOSDAQ,퓨쳐인포넷,주권,2026-09-06,KRX-DELISTING,True
058730,,2004-08-02,FDR_DESC,KOSPI,다스코,주권,2026-09-06,KOSPI-DESC,False
058820,,2001-08-31,FDR_DESC,KOSDAQ,CMG제약,주권,2026-09-06,KOSDAQ-DESC,False
058850,,2010-09-16,FDR_DESC,KOSPI,KTcs,주권,2026-09-06,KOSPI-DESC,False
058860,,2010-12-17,FDR_DESC,KOSPI,KTis,주권,2026-09-06,KOSPI-DESC,False
058900,2010-10-12,2004-10-29,FDR_DELISTING,KOSDAQ,투미비티,주권,2026-09-06,KRX-DELISTING,True
058970,,2021-08-13,FDR_DESC,KOSDAQ,엠로,주권,2026-09-06,KOSDAQ-DESC,False
059090,,2002-01-15,FDR_DESC,KOSDAQ,미코,주권,2026-09-06,KOSDAQ-DESC,False
059100,,2008-12-16,FDR_DESC,KOSDAQ,아이컴포넌트,주권,2026-09-06,KOSDAQ-DESC,False
059120,,2014-07-24,FDR_DESC,KOSDAQ,아진엑스텍,주권,2026-09-06,KOSDAQ-DESC,False
059210,,2008-04-15,FDR_DESC,KOSDAQ,메타바이오메드,주권,2026-09-06,KOSDAQ-DESC,False
059270,,2021-04-21,FDR_DESC,KOSDAQ,해성에어로보틱스,주권,2026-09-06,KOSDAQ-DESC,False
059720,2009-05-27,2002-01-17,FDR_DELISTING,KOSDAQ,야호,주권,2026-09-06,KRX-DELISTING,True
060000,2008-10-10,2001-11-09,FDR_DELISTING,KOSPI,국민은행,주권,2026-09-06,KRX-DELISTING,True
060150,,2002-06-14,FDR_DESC,KOSDAQ,인선이엔티,주권,2026-09-06,KOSDAQ-DESC,False
060230,,2002-06-25,FDR_DESC,KOSDAQ,제이케이시냅스,주권,2026-09-06,KOSDAQ-DESC,False
060240,2026-07-24,2002-01-04,FDR_DELISTING,KOSDAQ,스타코링크,주권,2026-09-06,KRX-DELISTING,True
060250,,2002-01-08,FDR_DESC,KOSDAQ,NHN KCP,주권,2026-09-06,KOSDAQ-DESC,False
060260,,2002-02-05,FDR_DESC,KOSDAQ,뉴보텍,주권,2026-09-06,KOSDAQ-DESC,False
060280,,2002-07-03,FDR_DESC,KOSDAQ,큐렉소,주권,2026-09-06,KOSDAQ-DESC,False
060300,2022-11-04,2002-01-10,FDR_DELISTING,KOSDAQ,레드로버,주권,2026-09-06,KRX-DELISTING,True
060310,,2002-04-23,FDR_DESC,KOSDAQ,3S,주권,2026-09-06,KOSDAQ-DESC,False
060370,,2002-02-15,FDR_DESC,KOSDAQ,LS마린솔루션,주권,2026-09-06,KOSDAQ-DESC,False
060380,,2002-02-05,FDR_DESC,KOSDAQ,동양에스텍,주권,2026-09-06,KOSDAQ-DESC,False
060410,2008-08-25,2002-05-07,FDR_DELISTING,KOSDAQ,베스트플로우,주권,2026-09-06,KRX-DELISTING,True
060480,,2014-12-29,FDR_DESC,KOSDAQ,국일신동,주권,2026-09-06,KOSDAQ-DESC,False
060540,,2006-11-28,FDR_DESC,KOSDAQ,에스에이티,주권,2026-09-06,KOSDAQ-DESC,False
060550,2009-04-11,2002-02-28,FDR_DELISTING,KOSDAQ,우수씨엔에스,주권,2026-09-06,KRX-DELISTING,True
060560,,2002-07-11,FDR_DESC,KOSDAQ,HC홈센타,주권,2026-09-06,KOSDAQ-DESC,False
060570,,2003-12-19,FDR_DESC,KOSDAQ,드림어스컴퍼니,주권,2026-09-06,KOSDAQ-DESC,False
060590,,2002-02-21,FDR_DESC,KOSDAQ,씨티씨바이오,주권,2026-09-06,KOSDAQ-DESC,False
060660,2008-05-03,2002-02-21,FDR_DELISTING,KOSDAQ,한도하이테크,주권,2026-09-06,KRX-DELISTING,True
060670,2010-04-13,2003-06-17,FDR_DELISTING,KOSDAQ,유퍼트,주권,2026-09-06,KRX-DELISTING,True
060720,,2002-05-21,FDR_DESC,KOSDAQ,KH바텍,주권,2026-09-06,KOSDAQ-DESC,False
060750,2011-04-16,2002-04-11,FDR_DELISTING,KOSDAQ,제이콤,주권,2026-09-06,KRX-DELISTING,True
060840,2003-04-02,2002-02-07,FDR_DELISTING,KOSDAQ,태영텔스타,주권,2026-09-06,KRX-DELISTING,True
060850,,2020-08-12,FDR_DESC,KOSDAQ,영림원소프트랩,주권,2026-09-06,KOSDAQ-DESC,False
060900,,2002-09-17,FDR_DESC,KOSDAQ,에이전트AI,주권,2026-09-06,KOSDAQ-DESC,False
060910,2017-02-24,2002-12-13,FDR_DELISTING,KOSDAQ,프리젠,주권,2026-09-06,KRX-DELISTING,True
060980,,2010-05-19,FDR_DESC,KOSPI,HL홀딩스,주권,2026-09-06,KOSPI-DESC,False
061040,,2002-05-16,FDR_DESC,KOSDAQ,알에프텍,주권,2026-09-06,KOSDAQ-DESC,False
061050,2012-01-20,2003-01-06,FDR_DELISTING,KOSDAQ,지앤디윈텍,주권,2026-09-06,KRX-DELISTING,True
061090,,2025-11-14,FDR_DESC,KOSDAQ,세나테크놀로지,주권,2026-09-06,KOSDAQ-DESC,False
061140,2011-12-28,2004-10-29,FDR_DELISTING,KOSDAQ,엘앤피아너스,주권,2026-09-06,KRX-DELISTING,True
061250,,2002-04-18,FDR_DESC,KOSDAQ,화일약품,주권,2026-09-06,KOSDAQ-DESC,False
061460,2017-09-29,2002-04-11,FDR_DELISTING,KOSDAQ,한진피앤씨,주권,2026-09-06,KRX-DELISTING,True
061970,,2011-01-31,FDR_DESC,KOSDAQ,LB세미콘,주권,2026-09-06,KOSDAQ-DESC,False
062040,,2024-07-29,FDR_DESC,KOSPI,산일전기,주권,2026-09-06,KOSPI-DESC,False
062730,2009-12-23,2003-05-23,FDR_DELISTING,KOSDAQ,케너텍,주권,2026-09-06,KRX-DELISTING,True
062860,2024-11-14,2006-07-25,FDR_DELISTING,KOSDAQ,티엘아이,주권,2026-09-06,KRX-DELISTING,True
062970,,2019-12-26,FDR_DESC,KOSDAQ,한국첨단소재,주권,2026-09-06,KOSDAQ-DESC,False
063080,,2009-07-30,FDR_DESC,KOSDAQ,컴투스홀딩스,주권,2026-09-06,KOSDAQ-DESC,False
063160,,2001-12-11,FDR_DESC,KOSPI,종근당바이오,주권,2026-09-06,KOSPI-DESC,False
063170,,2008-07-01,FDR_DESC,KOSDAQ,서울옥션,주권,2026-09-06,KOSDAQ-DESC,False
063280,2009-07-08,2006-07-04,FDR_DELISTING,KOSDAQ,사이버패스,주권,2026-09-06,KRX-DELISTING,True
063350,2007-04-25,2003-09-17,FDR_DELISTING,KOSPI,팬택앤큐리텔,주권,2026-09-06,KRX-DELISTING,True
063440,,2002-05-30,FDR_DESC,KOSDAQ,SM Life Design,주권,2026-09-06,KOSDAQ-DESC,False
063510,2006-07-21,2001-12-24,FDR_DELISTING,KOSPI,코오롱인터,주권,2026-09-06,KRX-DELISTING,True
063515,2006-07-21,2001-12-24,FDR_DELISTING,KOSPI,코오롱인터(1우),주권,2026-09-06,KRX-DELISTING,True
063570,,2006-07-14,FDR_DESC,KOSDAQ,NICE인프라,주권,2026-09-06,KOSDAQ-DESC,False
063760,,2017-04-06,FDR_DESC,KOSDAQ,이엘피,주권,2026-09-06,KOSDAQ-DESC,False
064060,2010-04-13,2002-07-30,FDR_DELISTING,KOSDAQ,사이노젠,주권,2026-09-06,KRX-DELISTING,True
064090,,2002-12-17,FDR_DESC,KOSDAQ,인크레더블버즈,주권,2026-09-06,KOSDAQ-DESC,False
064240,,2003-06-11,FDR_DESC,KOSDAQ,홈캐스트,주권,2026-09-06,KOSDAQ-DESC,False
064260,,2004-07-23,FDR_DESC,KOSDAQ,다날,주권,2026-09-06,KOSDAQ-DESC,False
064290,,2011-01-05,FDR_DESC,KOSDAQ,인텍플러스,주권,2026-09-06,KOSDAQ-DESC,False
064350,,2013-10-30,FDR_DESC,KOSPI,현대로템,주권,2026-09-06,KOSPI-DESC,False
064400,,2025-02-05,FDR_DESC,KOSPI,LG씨엔에스,주권,2026-09-06,KOSPI-DESC,False
064420,2013-01-15,2002-06-21,FDR_DELISTING,KOSPI,케이피케미칼,주권,2026-09-06,KRX-DELISTING,True
064480,,2008-06-04,FDR_DESC,KOSDAQ,브리지텍,주권,2026-09-06,KOSDAQ-DESC,False
064510,2023-01-17,2018-03-15,FDR_DELISTING,KOSDAQ,유네코,주권,2026-09-06,KRX-DELISTING,True
064520,,2002-12-04,FDR_DESC,KOSDAQ,테크엘,주권,2026-09-06,KOSDAQ-DESC,False
064550,,2005-12-29,FDR_DESC,KOSDAQ,바이오니아,주권,2026-09-06,KOSDAQ-DESC,False
064720,2008-04-12,2003-07-04,FDR_DELISTING,KOSDAQ,모델라인,주권,2026-09-06,KRX-DELISTING,True
064800,,2002-08-22,FDR_DESC,KOSDAQ,포니링크,주권,2026-09-06,KOSDAQ-DESC,False
064820,,2007-05-29,FDR_DESC,KOSDAQ,케이프,주권,2026-09-06,KOSDAQ-DESC,False
064850,,2020-12-17,FDR_DESC,KOSDAQ,에프앤가이드,주권,2026-09-06,KOSDAQ-DESC,False
064960,,2002-03-11,FDR_DESC,KOSPI,SNT모티브,주권,2026-09-06,KOSPI-DESC,False
065060,,2002-05-28,FDR_DESC,KOSDAQ,지엔코,주권,2026-09-06,KOSDAQ-DESC,False
065130,,2003-01-29,FDR_DESC,KOSDAQ,탑엔지니어링,주권,2026-09-06,KOSDAQ-DESC,False
065150,,2007-07-18,FDR_DESC,KOSDAQ,대산F&B,주권,2026-09-06,KOSDAQ-DESC,False
065160,2019-05-03,2002-07-30,FDR_DELISTING,KOSDAQ,에프티이앤이,주권,2026-09-06,KRX-DELISTING,True
065170,,2002-11-19,FDR_DESC,KOSDAQ,비엘팜텍,주권,2026-09-06,KOSDAQ-DESC,False
065180,2015-05-04,2002-06-18,FDR_DELISTING,KOSDAQ,해피드림,주권,2026-09-06,KRX-DELISTING,True
065270,2016-04-12,2002-10-23,FDR_DELISTING,KOSDAQ,플렉스컴,주권,2026-09-06,KRX-DELISTING,True
065310,2012-05-31,2002-07-19,FDR_DELISTING,KOSDAQ,JH코오스,주권,2026-09-06,KRX-DELISTING,True
065340,2010-04-15,2002-09-26,FDR_DELISTING,KOSDAQ,쓰리디월드,주권,2026-09-06,KRX-DELISTING,True
065350,,2004-08-06,FDR_DESC,KOSDAQ,신성델타테크,주권,2026-09-06,KOSDAQ-DESC,False
065370,,2020-02-10,FDR_DESC,KOSDAQ,위세아이텍,주권,2026-09-06,KOSDAQ-DESC,False
065410,2010-05-05,2002-08-01,FDR_DELISTING,KOSDAQ,지엔텍홀딩스,주권,2026-09-06,KRX-DELISTING,True
065420,,2002-08-22,FDR_DESC,KOSDAQ,에스아이리소스,주권,2026-09-06,KOSDAQ-DESC,False
065440,,2003-01-28,FDR_DESC,KOSDAQ,이루온,주권,2026-09-06,KOSDAQ-DESC,False
065450,,2003-02-05,FDR_DESC,KOSDAQ,빅텍,주권,2026-09-06,KOSDAQ-DESC,False
065500,,2002-09-19,FDR_DESC,KOSDAQ,오리엔트정공,주권,2026-09-06,KOSDAQ-DESC,False
065510,,2003-10-31,FDR_DESC,KOSDAQ,휴비츠,주권,2026-09-06,KOSDAQ-DESC,False
065530,,2002-06-04,FDR_DESC,KOSDAQ,와이어블,주권,2026-09-06,KOSDAQ-DESC,False
065560,2024-07-29,2003-07-01,FDR_DELISTING,KOSDAQ,녹원씨엔아이,주권,2026-09-06,KRX-DELISTING,True
065570,,2003-01-21,FDR_DESC,KOSDAQ,삼영이엔씨,주권,2026-09-06,KOSDAQ-DESC,False
065610,2012-05-01,2002-12-06,FDR_DELISTING,KOSDAQ,폴리플러스,주권,2026-09-06,KRX-DELISTING,True
065620,2021-08-09,2002-06-27,FDR_DELISTING,KOSDAQ,제낙스,주권,2026-09-06,KRX-DELISTING,True
065650,,2003-01-21,FDR_DESC,KOSDAQ,하이퍼코퍼레이션,주권,2026-09-06,KOSDAQ-DESC,False
065660,,2016-02-15,FDR_DESC,KOSDAQ,안트로젠,주권,2026-09-06,KOSDAQ-DESC,False
065680,,2004-01-02,FDR_DESC,KOSDAQ,우주일렉트로,주권,2026-09-06,KOSDAQ-DESC,False
065690,,2002-07-16,FDR_DESC,KOSDAQ,파커스,주권,2026-09-06,KOSDAQ-DESC,False
065710,,2002-07-16,FDR_DESC,KOSDAQ,서호전기,주권,2026-09-06,KOSDAQ-DESC,False
065770,,2004-06-04,FDR_DESC,KOSDAQ,CS,주권,2026-09-06,KOSDAQ-DESC,False
065810,2008-04-17,2003-02-12,FDR_DELISTING,KOSDAQ,UC아이콜스,주권,2026-09-06,KRX-DELISTING,True
065910,2009-04-18,2003-01-10,FDR_DELISTING,KOSDAQ,PW제네틱스,주권,2026-09-06,KRX-DELISTING,True
065940,2020-07-31,2003-01-07,FDR_DELISTING,KOSDAQ,바이오빌,주권,2026-09-06,KRX-DELISTING,True
065950,,2003-07-29,FDR_DESC,KOSDAQ,웰크론,주권,2026-09-06,KOSDAQ-DESC,False
066060,2013-04-12,2002-08-16,FDR_DELISTING,KOSDAQ,휴먼텍코리아,주권,2026-09-06,KRX-DELISTING,True
066110,2022-04-06,2002-07-16,FDR_DELISTING,KOSDAQ,한프,주권,2026-09-06,KRX-DELISTING,True
066130,,2003-02-11,FDR_DESC,KOSDAQ,하츠,주권,2026-09-06,KOSDAQ-DESC,False
066200,2009-04-11,2003-06-11,FDR_DELISTING,KOSDAQ,이노블루,주권,2026-09-06,KRX-DELISTING,True
066270,2017-02-27,2003-11-07,FDR_DELISTING,KOSDAQ,SK컴즈,주권,2026-09-06,KRX-DELISTING,True
066300,2010-06-29,2002-09-25,FDR_DELISTING,KOSDAQ,샤인시스템,주권,2026-09-06,KRX-DELISTING,True
066310,,2006-11-24,FDR_DESC,KOSDAQ,큐에스아이,주권,2026-09-06,KOSDAQ-DESC,False
066330,2008-04-12,2002-05-17,FDR_DELISTING,KOSDAQ,시큐리티KOR,주권,2026-09-06,KRX-DELISTING,True
066340,2011-09-09,2003-02-07,FDR_DELISTING,KOSDAQ,케이에스알,주권,2026-09-06,KRX-DELISTING,True
066350,2015-05-20,2003-01-21,FDR_DELISTING,KOSDAQ,티에스엠텍,주권,2026-09-06,KRX-DELISTING,True
066360,,2017-12-04,FDR_DESC,KOSDAQ,체리부로,주권,2026-09-06,KOSDAQ-DESC,False
066410,,2003-12-19,FDR_DESC,KOSDAQ,버킷스튜디오,주권,2026-09-06,KOSDAQ-DESC,False
066430,,2002-12-24,FDR_DESC,KOSDAQ,아이로보틱스,주권,2026-09-06,KOSDAQ-DESC,False
066480,2006-04-25,2002-11-05,FDR_DELISTING,KOSDAQ,휘튼,주권,2026-09-06,KRX-DELISTING,True
066570,,2002-04-22,FDR_DESC,KOSPI,LG전자,주권,2026-09-06,KOSPI-DESC,False
066575,,2014-06-17,FDR_FIRST_TRADE,KOSPI,LG전자우,주권,2026-09-06,KOSPI-DESC,False
066590,,2003-02-12,FDR_DESC,KOSDAQ,스모트로닉,주권,2026-09-06,KOSDAQ-DESC,False
066620,,2002-09-05,FDR_DESC,KOSDAQ,국보디자인,주권,2026-09-06,KOSDAQ-DESC,False
066670,,2002-12-30,FDR_DESC,KOSDAQ,디티씨,주권,2026-09-06,KOSDAQ-DESC,False
066690,2012-05-01,2008-10-06,FDR_DELISTING,KOSDAQ,보광티에스,주권,2026-09-06,KRX-DELISTING,True
066700,,2004-05-27,FDR_DESC,KOSDAQ,테라젠이텍스,주권,2026-09-06,KOSDAQ-DESC,False
066790,,2003-05-30,FDR_DESC,KOSDAQ,씨씨에스,주권,2026-09-06,KOSDAQ-DESC,False
066850,2009-10-07,2003-08-06,FDR_DELISTING,KOSDAQ,아이드림,주권,2026-09-06,KRX-DELISTING,True
066900,,2004-05-14,FDR_DESC,KOSDAQ,디에이피,주권,2026-09-06,KOSDAQ-DESC,False
066910,,2005-01-07,FDR_DESC,KOSDAQ,손오공,주권,2026-09-06,KOSDAQ-DESC,False
066930,2010-06-29,2003-01-24,FDR_DELISTING,KOSDAQ,에스디,주권,2026-09-06,KRX-DELISTING,True
066970,,2024-01-29,FDR_DESC,KOSPI,엘앤에프,주권,2026-09-06,KOSPI-DESC,False
066980,,2003-01-17,FDR_DESC,KOSDAQ,한성크린텍,주권,2026-09-06,KOSDAQ-DESC,False
067000,,2008-05-30,FDR_DESC,KOSDAQ,조이시티,주권,2026-09-06,KOSDAQ-DESC,False
067010,,2007-12-18,FDR_DESC,KOSDAQ,이씨에스,주권,2026-09-06,KOSDAQ-DESC,False
067080,,2003-02-14,FDR_DESC,KOSDAQ,대화제약,주권,2026-09-06,KOSDAQ-DESC,False
067130,2012-06-08,2002-06-17,FDR_DELISTING,KOSDAQ,클루넷,주권,2026-09-06,KRX-DELISTING,True
067170,,2003-11-14,FDR_DESC,KOSDAQ,오텍,주권,2026-09-06,KOSDAQ-DESC,False
067250,2014-04-15,2003-10-27,FDR_DELISTING,KOSPI,STX조선해양,주권,2026-09-06,KRX-DELISTING,True
067280,,2006-11-16,FDR_DESC,KOSDAQ,멀티캠퍼스,주권,2026-09-06,KOSDAQ-DESC,False
067290,,2003-02-11,FDR_DESC,KOSDAQ,JW신약,주권,2026-09-06,KOSDAQ-DESC,False
067310,,2005-10-11,FDR_DESC,KOSDAQ,하나마이크론,주권,2026-09-06,KOSDAQ-DESC,False
067370,,2022-10-05,FDR_DESC,KOSDAQ,선바이오,주권,2026-09-06,KOSDAQ-DESC,False
067390,,2014-12-24,FDR_DESC,KOSDAQ,아스트,주권,2026-09-06,KOSDAQ-DESC,False
067570,,2013-12-03,FDR_DESC,KOSDAQ,엔브이에이치코리아,주권,2026-09-06,KOSDAQ-DESC,False
067630,,2008-11-25,FDR_DESC,KOSDAQ,HLB생명과학,주권,2026-09-06,KOSDAQ-DESC,False
067730,,2015-07-29,FDR_DESC,KOSDAQ,로지시스,주권,2026-09-06,KOSDAQ-DESC,False
067770,,2004-01-09,FDR_DESC,KOSDAQ,세진티에스,주권,2026-09-06,KOSDAQ-DESC,False
067830,,2002-07-25,FDR_DESC,KOSPI,세이브존I&C,주권,2026-09-06,KOSPI-DESC,False
067850,2010-05-19,2005-10-05,FDR_DELISTING,KOSDAQ,바이나믹,주권,2026-09-06,KRX-DELISTING,True
067900,,2005-12-23,FDR_DESC,KOSDAQ,와이엔텍,주권,2026-09-06,KOSDAQ-DESC,False
067920,,2010-08-04,FDR_DESC,KOSDAQ,이글루,주권,2026-09-06,KOSDAQ-DESC,False
067950,2010-02-20,2004-01-26,FDR_DELISTING,KOSDAQ,티이씨,주권,2026-09-06,KRX-DELISTING,True
067990,,2004-12-03,FDR_DESC,KOSDAQ,도이치모터스,주권,2026-09-06,KOSDAQ-DESC,False
068050,,2006-07-07,FDR_DESC,KOSDAQ,팬엔터테인먼트,주권,2026-09-06,KOSDAQ-DESC,False
068060,2015-09-18,2003-01-28,FDR_DELISTING,KOSDAQ,KCW,주권,2026-09-06,KRX-DELISTING,True
068100,,2024-02-22,FDR_DESC,KOSDAQ,케이웨더,주권,2026-09-06,KOSDAQ-DESC,False
068150,2017-03-07,2003-07-21,FDR_DELISTING,KOSDAQ,케이엔씨글로벌,주권,2026-09-06,KRX-DELISTING,True
068240,,2010-09-14,FDR_DESC,KOSDAQ,다원시스,주권,2026-09-06,KOSDAQ-DESC,False
068270,,2018-02-09,FDR_DESC,KOSPI,셀트리온,주권,2026-09-06,KOSPI-DESC,False
068290,,2002-08-05,FDR_DESC,KOSPI,삼성출판사,주권,2026-09-06,KOSPI-DESC,False
068330,,2007-12-26,FDR_DESC,KOSDAQ,일신바이오,주권,2026-09-06,KOSDAQ-DESC,False
068400,2024-01-31,2012-07-27,FDR_DELISTING,KOSPI,SK렌터카,주권,2026-09-06,KRX-DELISTING,True
068420,2013-04-06,2003-07-01,FDR_DELISTING,KOSDAQ,엔터기술,주권,2026-09-06,KRX-DELISTING,True
068630,2012-04-24,2005-10-27,FDR_DELISTING,KOSDAQ,에피밸리,주권,2026-09-06,KRX-DELISTING,True
068760,,2006-02-03,FDR_DESC,KOSDAQ,셀트리온제약,주권,2026-09-06,KOSDAQ-DESC,False
068770,2010-06-17,2005-05-20,FDR_DELISTING,KOSDAQ,선우중공업,주권,2026-09-06,KRX-DELISTING,True
068790,,2004-10-01,FDR_DESC,KOSDAQ,DMS,주권,2026-09-06,KOSDAQ-DESC,False
068870,2017-01-17,2002-08-16,FDR_DELISTING,KOSPI,LG생명과학,주권,2026-09-06,KRX-DELISTING,True
068875,2017-01-17,2002-08-16,FDR_DELISTING,KOSPI,LG생명과학우,주권,2026-09-06,KRX-DELISTING,True
068930,,2003-10-17,FDR_DESC,KOSDAQ,디지털대성,주권,2026-09-06,KOSDAQ-DESC,False
068940,,2010-10-19,FDR_DESC,KOSDAQ,셀피글로벌,주권,2026-09-06,KOSDAQ-DESC,False
069110,2023-10-20,2003-10-14,FDR_DELISTING,KOSDAQ,코스온,주권,2026-09-06,KRX-DELISTING,True
069140,,2010-10-26,FDR_DESC,KOSDAQ,누리플랜,주권,2026-09-06,KOSDAQ-DESC,False
069260,,2002-10-07,FDR_DESC,KOSPI,TKG휴켐스,주권,2026-09-06,KOSPI-DESC,False
069330,,2003-08-18,FDR_DESC,KOSDAQ,유아이디,주권,2026-09-06,KOSDAQ-DESC,False
069410,,2007-06-20,FDR_DESC,KOSDAQ,엔텔스,주권,2026-09-06,KOSDAQ-DESC,False
069460,,2002-11-11,FDR_DESC,KOSPI,대호에이엘,주권,2026-09-06,KOSPI-DESC,False
069470,2010-05-03,2002-11-11,FDR_DELISTING,KOSPI,제로원인터랙티브,주권,2026-09-06,KRX-DELISTING,True
069510,,2003-11-14,FDR_DESC,KOSDAQ,에스텍,주권,2026-09-06,KOSDAQ-DESC,False
069540,,2004-02-13,FDR_DESC,KOSDAQ,빛과전자,주권,2026-09-06,KOSDAQ-DESC,False
069620,,2002-11-01,FDR_DESC,KOSPI,대웅제약,주권,2026-09-06,KOSPI-DESC,False
069640,,2011-06-21,FDR_DESC,KOSPI,한세엠케이,주권,2026-09-06,KOSPI-DESC,False
069730,,2003-01-28,FDR_DESC,KOSPI,DSR제강,주권,2026-09-06,KOSPI-DESC,False
069920,,2007-12-05,FDR_DESC,KOSDAQ,엑시온그룹,주권,2026-09-06,KOSDAQ-DESC,False
069960,,2002-11-25,FDR_DESC,KOSPI,현대백화점,주권,2026-09-06,KOSPI-DESC,False
070080,2010-11-06,2002-12-13,FDR_DELISTING,KOSDAQ,하이드로젠파워,주권,2026-09-06,KRX-DELISTING,True
070300,,2010-06-09,FDR_DESC,KOSDAQ,퀀텀레일,주권,2026-09-06,KOSDAQ-DESC,False
070480,2014-07-17,2007-05-22,FDR_DELISTING,KOSDAQ,에버테크노,주권,2026-09-06,KRX-DELISTING,True
070590,,2004-01-08,FDR_DESC,KOSDAQ,인티큐브,주권,2026-09-06,KOSDAQ-DESC,False
070960,,2016-05-27,FDR_DESC,KOSPI,모나용평,주권,2026-09-06,KOSPI-DESC,False
071050,,2003-07-21,FDR_DESC,KOSPI,한국금융지주,주권,2026-09-06,KOSPI-DESC,False
071055,,2014-06-17,FDR_FIRST_TRADE,KOSPI,한국금융지주우,주권,2026-09-06,KOSPI-DESC,False
071057,2010-06-04,2003-07-21,FDR_DELISTING,KOSPI,한국금융지주2우B,주권,2026-09-06,KRX-DELISTING,True
071090,,2003-02-17,FDR_DESC,KOSPI,하이스틸,주권,2026-09-06,KOSPI-DESC,False
071200,,2010-05-26,FDR_DESC,KOSDAQ,인피니트헬스케어,주권,2026-09-06,KOSDAQ-DESC,False
071280,,2003-11-14,FDR_DESC,KOSDAQ,로체시스템즈,주권,2026-09-06,KOSDAQ-DESC,False
071320,,2010-01-29,FDR_DESC,KOSPI,지역난방공사,주권,2026-09-06,KOSPI-DESC,False
071360,2009-04-29,2003-10-24,FDR_DELISTING,KOSDAQ,나노하이텍,주권,2026-09-06,KRX-DELISTING,True
071460,2025-06-18,2016-07-14,FDR_DELISTING,KOSDAQ,위니아,주권,2026-09-06,KRX-DELISTING,True
071530,2013-04-23,2004-02-17,FDR_DELISTING,KOSDAQ,유에이블,주권,2026-09-06,KRX-DELISTING,True
071660,2012-09-29,2005-10-18,FDR_DELISTING,KOSDAQ,SSCP,주권,2026-09-06,KRX-DELISTING,True
071670,,2009-04-17,FDR_DESC,KOSDAQ,에이테크솔루션,주권,2026-09-06,KOSDAQ-DESC,False
071840,,2011-06-29,FDR_DESC,KOSPI,롯데하이마트,주권,2026-09-06,KOSPI-DESC,False
071850,,2014-05-27,FDR_DESC,KOSDAQ,캐스텍코리아,주권,2026-09-06,KOSDAQ-DESC,False
071930,2015-07-10,2004-01-16,FDR_DELISTING,KOSDAQ,에이스하이텍,주권,2026-09-06,KRX-DELISTING,True
071950,,2005-08-04,FDR_DESC,KOSPI,코아스,주권,2026-09-06,KOSPI-DESC,False
071955,2011-05-26,2007-04-20,FDR_DELISTING,KOSPI,코아스웰1우B,주권,2026-09-06,KRX-DELISTING,True
071970,,2009-05-15,FDR_DESC,KOSPI,HD현대마린엔진,주권,2026-09-06,KOSPI-DESC,False
072020,,2003-10-31,FDR_DESC,KOSDAQ,중앙백신,주권,2026-09-06,KOSDAQ-DESC,False
072130,,2003-07-01,FDR_DESC,KOSPI,유엔젤,주권,2026-09-06,KOSPI-DESC,False
072430,2009-02-03,2003-12-29,FDR_DELISTING,KOSDAQ,아이레보,주권,2026-09-06,KRX-DELISTING,True
072470,,2003-10-28,FDR_DESC,KOSDAQ,우리산업홀딩스,주권,2026-09-06,KOSDAQ-DESC,False
072520,2025-06-18,2004-10-29,FDR_DELISTING,KOSDAQ,제넨바이오,주권,2026-09-06,KRX-DELISTING,True
072530,2011-05-07,2003-12-05,FDR_DELISTING,KOSDAQ,나이스메탈,주권,2026-09-06,KRX-DELISTING,True
072710,,2003-07-30,FDR_DESC,KOSPI,농심홀딩스,주권,2026-09-06,KOSPI-DESC,False
072770,,2007-07-25,FDR_DESC,KOSDAQ,멤레이비티,주권,2026-09-06,KOSDAQ-DESC,False
072870,,2004-12-21,FDR_DESC,KOSDAQ,메가스터디,주권,2026-09-06,KOSDAQ-DESC,False
072950,,2012-03-21,FDR_DESC,KOSDAQ,빛샘전자,주권,2026-09-06,KOSDAQ-DESC,False
072990,,2016-10-17,FDR_DESC,KOSDAQ,에이치시티,주권,2026-09-06,KOSDAQ-DESC,False
073010,,2004-12-17,FDR_DESC,KOSDAQ,케이에스피,주권,2026-09-06,KOSDAQ-DESC,False
073070,2021-06-04,2004-01-28,FDR_DELISTING,KOSDAQ,에이팸,주권,2026-09-06,KRX-DELISTING,True
073110,,2007-10-12,FDR_DESC,KOSDAQ,엘엠에스,주권,2026-09-06,KOSDAQ-DESC,False
073130,2012-10-12,2005-01-19,FDR_DELISTING,KOSDAQ,인스프리트,주권,2026-09-06,KRX-DELISTING,True
073190,,2004-02-06,FDR_DESC,KOSDAQ,듀오백,주권,2026-09-06,KOSDAQ-DESC,False
073240,,2005-02-17,FDR_DESC,KOSPI,금호타이어,주권,2026-09-06,KOSPI-DESC,False
073490,,2005-02-04,FDR_DESC,KOSDAQ,LIG아큐버,주권,2026-09-06,KOSDAQ-DESC,False
073540,,2007-05-18,FDR_DESC,KOSDAQ,에프알텍,주권,2026-09-06,KOSDAQ-DESC,False
073560,,2016-07-27,FDR_DESC,KOSDAQ,우리손에프앤지,주권,2026-09-06,KOSDAQ-DESC,False
073570,,2004-01-06,FDR_DESC,KOSDAQ,리튬포어스,주권,2026-09-06,KOSDAQ-DESC,False
073640,,2004-01-06,FDR_DESC,KOSDAQ,테라사이언스,주권,2026-09-06,KOSDAQ-DESC,False
073710,2009-09-23,2005-07-29,FDR_DELISTING,KOSDAQ,씨디네트웍스,주권,2026-09-06,KRX-DELISTING,True
073780,2009-04-11,2004-05-18,FDR_DELISTING,KOSDAQ,케이디세코,주권,2026-09-06,KRX-DELISTING,True
073930,2013-07-12,2008-03-26,FDR_DELISTING,KOSDAQ,제너시스템즈,주권,2026-09-06,KRX-DELISTING,True
074000,2014-03-27,2004-01-06,FDR_DELISTING,KOSDAQ,엠텍비젼,주권,2026-09-06,KRX-DELISTING,True
074130,2015-07-23,2005-07-27,FDR_DELISTING,KOSDAQ,디아이디,주권,2026-09-06,KRX-DELISTING,True
074140,2010-05-08,2006-08-01,FDR_DELISTING,KOSDAQ,엑스로드,주권,2026-09-06,KRX-DELISTING,True
074150,2016-09-05,2005-07-08,FDR_DELISTING,KOSDAQ,엠제이비,주권,2026-09-06,KRX-DELISTING,True
074430,,2004-06-04,FDR_DESC,KOSDAQ,아미노로직스,주권,2026-09-06,KOSDAQ-DESC,False
074600,,2003-12-12,FDR_DESC,KOSDAQ,원익QnC,주권,2026-09-06,KOSDAQ-DESC,False
074610,,2003-12-23,FDR_DESC,KOSPI,이엔플러스,주권,2026-09-06,KOSPI-DESC,False
075130,,2005-06-10,FDR_DESC,KOSDAQ,플랜티넷,주권,2026-09-06,KOSDAQ-DESC,False
075180,,2005-10-21,FDR_DESC,KOSPI,새론오토모티브,주권,2026-09-06,KOSPI-DESC,False
075580,,2015-11-30,FDR_DESC,KOSPI,세진중공업,주권,2026-09-06,KOSPI-DESC,False
075970,,2004-02-13,FDR_DESC,KOSDAQ,동국알앤에스,주권,2026-09-06,KOSDAQ-DESC,False
076080,,2008-07-18,FDR_DESC,KOSDAQ,웰크론한텍,주권,2026-09-06,KOSDAQ-DESC,False
076090,2010-04-23,2005-07-26,FDR_DELISTING,KOSDAQ,테이크시스템,주권,2026-09-06,KRX-DELISTING,True
076170,2009-04-22,2004-01-16,FDR_DELISTING,KOSPI,GBS,주권,2026-09-06,KRX-DELISTING,True
076610,,2013-11-06,FDR_DESC,KOSDAQ,해성옵틱스,주권,2026-09-06,KOSDAQ-DESC,False
077280,2020-01-16,2004-06-02,FDR_DELISTING,KOSDAQ,한컴지엠디,주권,2026-09-06,KRX-DELISTING,True
077360,,2005-10-14,FDR_DESC,KOSDAQ,덕산하이메탈,주권,2026-09-06,KOSDAQ-DESC,False
077500,,2004-08-05,FDR_DESC,KOSPI,유니퀘스트,주권,2026-09-06,KOSPI-DESC,False
077960,2009-04-29,2004-10-29,FDR_DELISTING,KOSDAQ,케이이엔지,주권,2026-09-06,KRX-DELISTING,True
077970,,2004-05-10,FDR_DESC,KOSPI,STX엔진,주권,2026-09-06,KOSPI-DESC,False
078000,,2004-07-20,FDR_DESC,KOSPI,텔코웨어,주권,2026-09-06,KOSPI-DESC,False
078020,,2007-02-21,FDR_DESC,KOSDAQ,LS증권,주권,2026-09-06,KOSDAQ-DESC,False
078070,,2009-01-23,FDR_DESC,KOSDAQ,유비쿼스홀딩스,주권,2026-09-06,KOSDAQ-DESC,False
078130,,2004-10-22,FDR_DESC,KOSDAQ,국일제지,주권,2026-09-06,KOSDAQ-DESC,False
078140,,2005-12-23,FDR_DESC,KOSDAQ,대봉엘에스,주권,2026-09-06,KOSDAQ-DESC,False
078150,,2004-12-08,FDR_DESC,KOSDAQ,HB테크놀러지,주권,2026-09-06,KOSDAQ-DESC,False
078160,,2005-07-29,FDR_DESC,KOSDAQ,메디포스트,주권,2026-09-06,KOSDAQ-DESC,False
078350,,2004-05-14,FDR_DESC,KOSDAQ,한양디지텍,주권,2026-09-06,KOSDAQ-DESC,False
078520,,2011-09-07,FDR_DESC,KOSPI,에이블씨엔씨,주권,2026-09-06,KOSPI-DESC,False
078590,,2005-10-27,FDR_DESC,KOSDAQ,휴림에이텍,주권,2026-09-06,KOSDAQ-DESC,False
078600,,2004-12-10,FDR_DESC,KOSDAQ,대주전자재료,주권,2026-09-06,KOSDAQ-DESC,False
078610,2009-04-11,2005-05-09,FDR_DELISTING,KOSDAQ,도움,주권,2026-09-06,KRX-DELISTING,True
078650,2023-07-21,2010-10-22,FDR_DELISTING,KOSDAQ,지나인제약,주권,2026-09-06,KRX-DELISTING,True
078670,2010-05-01,2007-07-27,FDR_DELISTING,KOSDAQ,아구스,주권,2026-09-06,KRX-DELISTING,True
078700,2010-02-27,2004-10-29,FDR_DELISTING,KOSDAQ,신지소프트,주권,2026-09-06,KRX-DELISTING,True
078780,2016-04-28,2005-11-29,FDR_DELISTING,KOSDAQ,아이디에스,주권,2026-09-06,KRX-DELISTING,True
078860,,2006-06-27,FDR_DESC,KOSDAQ,아이오케이이엔엠,주권,2026-09-06,KOSDAQ-DESC,False
078890,,2005-07-12,FDR_DESC,KOSDAQ,가온그룹,주권,2026-09-06,KOSDAQ-DESC,False
078930,,2004-08-05,FDR_DESC,KOSPI,GS,주권,2026-09-06,KOSPI-DESC,False
078935,,2014-06-17,FDR_FIRST_TRADE,KOSPI,GS우,주권,2026-09-06,KOSPI-DESC,False
078940,2025-02-19,2004-08-27,FDR_DELISTING,KOSDAQ,퀀타피아,주권,2026-09-06,KRX-DELISTING,True
079000,,2005-11-15,FDR_DESC,KOSDAQ,와토스코리아,주권,2026-09-06,KOSDAQ-DESC,False
079160,,2004-12-24,FDR_DESC,KOSPI,CJ CGV,주권,2026-09-06,KOSPI-DESC,False
079170,,2005-02-01,FDR_DESC,KOSDAQ,한창산업,주권,2026-09-06,KOSDAQ-DESC,False
079190,,2005-11-29,FDR_DESC,KOSDAQ,케스피온,주권,2026-09-06,KOSDAQ-DESC,False
079340,2009-06-24,2005-07-19,FDR_DELISTING,KOSDAQ,하이럭스,주권,2026-09-06,KRX-DELISTING,True
079370,,2006-02-01,FDR_DESC,KOSDAQ,제우스,주권,2026-09-06,KOSDAQ-DESC,False
079430,,2005-11-22,FDR_DESC,KOSPI,현대리바트,주권,2026-09-06,KOSPI-DESC,False
079440,2020-02-14,2017-05-11,FDR_DELISTING,KOSPI,오렌지라이프,주권,2026-09-06,KRX-DELISTING,True
079550,,2015-10-02,FDR_DESC,KOSPI,LIG디펜스앤에어로스페이스,주권,2026-09-06,KOSPI-DESC,False
079560,2010-04-13,2005-12-27,FDR_DELISTING,KOSDAQ,모젬,주권,2026-09-06,KRX-DELISTING,True
079650,,2005-01-21,FDR_DESC,KOSDAQ,서산,주권,2026-09-06,KOSDAQ-DESC,False
079660,2019-06-26,2004-09-21,FDR_DELISTING,KOSPI,사조해표,주권,2026-09-06,KRX-DELISTING,True
079810,,2005-01-26,FDR_DESC,KOSDAQ,APS이노베이션,주권,2026-09-06,KOSDAQ-DESC,False
079870,2009-04-11,2005-07-15,FDR_DELISTING,KOSDAQ,산양전기,주권,2026-09-06,KRX-DELISTING,True
079900,,2024-08-19,FDR_DESC,KOSPI,전진건설로봇,주권,2026-09-06,KOSPI-DESC,False
079940,,2005-10-19,FDR_DESC,KOSDAQ,가비아,주권,2026-09-06,KOSDAQ-DESC,False
079950,,2005-02-04,FDR_DESC,KOSDAQ,인베니아,주권,2026-09-06,KOSDAQ-DESC,False
079960,,2005-02-01,FDR_DESC,KOSDAQ,동양이엔피,주권,2026-09-06,KOSDAQ-DESC,False
079970,,2010-06-01,FDR_DESC,KOSDAQ,투비소프트,주권,2026-09-06,KOSDAQ-DESC,False
079980,,2012-02-23,FDR_DESC,KOSPI,휴비스,주권,2026-09-06,KOSPI-DESC,False
080000,2024-12-20,2005-01-25,FDR_DELISTING,KOSDAQ,에스엔유,주권,2026-09-06,KRX-DELISTING,True
080010,,2005-09-30,FDR_DESC,KOSDAQ,이상네트웍스,주권,2026-09-06,KOSDAQ-DESC,False
080140,2010-02-02,2005-05-27,FDR_DELISTING,KOSDAQ,디보스,주권,2026-09-06,KRX-DELISTING,True
080160,,2005-07-26,FDR_DESC,KOSDAQ,모두투어,주권,2026-09-06,KOSDAQ-DESC,False
080220,,2005-02-01,FDR_DESC,KOSDAQ,제주반도체,주권,2026-09-06,KOSDAQ-DESC,False
080420,,2005-12-06,FDR_DESC,KOSDAQ,모다이노칩,주권,2026-09-06,KOSDAQ-DESC,False
080440,2021-09-13,2005-05-13,FDR_DELISTING,KOSDAQ,에스제이케이,주권,2026-09-06,KRX-DELISTING,True
080470,,2006-11-03,FDR_DESC,KOSDAQ,성창오토텍,주권,2026-09-06,KOSDAQ-DESC,False
080520,,2007-10-08,FDR_DESC,KOSDAQ,오디텍,주권,2026-09-06,KOSDAQ-DESC,False
080530,,2010-01-05,FDR_DESC,KOSDAQ,코디,주권,2026-09-06,KOSDAQ-DESC,False
080570,2009-04-29,2005-01-19,FDR_DELISTING,KOSDAQ,IC코퍼레이션,주권,2026-09-06,KRX-DELISTING,True
080580,,2014-12-24,FDR_DESC,KOSDAQ,오킨스전자,주권,2026-09-06,KOSDAQ-DESC,False
080720,,2018-07-26,FDR_DESC,KOSDAQ,한국유니온제약,주권,2026-09-06,KOSDAQ-DESC,False
081000,,2004-12-22,FDR_DESC,KOSPI,일진다이아,주권,2026-09-06,KOSPI-DESC,False
081090,2011-09-23,2007-11-14,FDR_DELISTING,KOSDAQ,씨모텍,주권,2026-09-06,KRX-DELISTING,True
081150,,2009-04-23,FDR_DESC,KOSDAQ,티플랙스,주권,2026-09-06,KOSDAQ-DESC,False
081180,,2025-04-28,FDR_DESC,KOSDAQ,쎄크,주권,2026-09-06,KOSDAQ-DESC,False
081220,2014-03-03,2008-05-23,FDR_DELISTING,KOSDAQ,세미텍,주권,2026-09-06,KRX-DELISTING,True
081500,2009-04-29,2006-07-21,FDR_DELISTING,KOSDAQ,엑스씨이,주권,2026-09-06,KRX-DELISTING,True
081580,,2007-10-12,FDR_DESC,KOSDAQ,성우전자,주권,2026-09-06,KOSDAQ-DESC,False
081660,,2010-09-28,FDR_DESC,KOSPI,미스토홀딩스,주권,2026-09-06,KOSPI-DESC,False
081970,2018-10-11,2007-08-20,FDR_DELISTING,KOSDAQ,넥스지,주권,2026-09-06,KRX-DELISTING,True
082210,,2005-06-24,FDR_DESC,KOSDAQ,옵트론텍,주권,2026-09-06,KOSDAQ-DESC,False
082270,,2005-06-24,FDR_DESC,KOSDAQ,젬백스,주권,2026-09-06,KOSDAQ-DESC,False
082390,2016-07-25,2005-07-26,FDR_DELISTING,KOSDAQ,피엘에이,주권,2026-09-06,KRX-DELISTING,True
082640,2026-08-31,2009-10-08,FDR_DELISTING,KOSPI,동양생명,주권,2026-09-06,KRX-DELISTING,True
082660,,2005-10-05,FDR_DESC,KOSDAQ,코스나인,주권,2026-09-06,KOSDAQ-DESC,False
082740,,2011-01-04,FDR_DESC,KOSPI,한화엔진,주권,2026-09-06,KOSPI-DESC,False
082800,,2005-11-18,FDR_DESC,KOSDAQ,비보존 제약,주권,2026-09-06,KOSDAQ-DESC,False
082850,,2005-07-29,FDR_DESC,KOSDAQ,우리바이오,주권,2026-09-06,KOSDAQ-DESC,False
082930,2014-05-23,2008-04-25,FDR_DELISTING,KOSDAQ,실리콘화일,주권,2026-09-06,KRX-DELISTING,True
083310,,2005-10-05,FDR_DESC,KOSDAQ,엘오티베큠,주권,2026-09-06,KOSDAQ-DESC,False
083420,,2005-10-20,FDR_DESC,KOSPI,그린케미칼,주권,2026-09-06,KOSPI-DESC,False
083450,,2006-02-01,FDR_DESC,KOSDAQ,GST,주권,2026-09-06,KOSDAQ-DESC,False
083470,,2008-09-18,FDR_DESC,KOSDAQ,이엠앤아이,주권,2026-09-06,KOSDAQ-DESC,False
083500,,2017-02-27,FDR_DESC,KOSDAQ,에프엔에스테크,주권,2026-09-06,KOSDAQ-DESC,False
083550,,2005-12-20,FDR_DESC,KOSDAQ,케이엠,주권,2026-09-06,KOSDAQ-DESC,False
083640,,2005-12-27,FDR_DESC,KOSDAQ,인콘,주권,2026-09-06,KOSDAQ-DESC,False
083650,,2005-12-02,FDR_DESC,KOSDAQ,비에이치아이,주권,2026-09-06,KOSDAQ-DESC,False
083660,,2006-07-25,FDR_DESC,KOSDAQ,CSA 코스믹,주권,2026-09-06,KOSDAQ-DESC,False
083790,,2006-01-06,FDR_DESC,KOSDAQ,CG인바이츠,주권,2026-09-06,KOSDAQ-DESC,False
083930,,2005-10-11,FDR_DESC,KOSDAQ,아바코,주권,2026-09-06,KOSDAQ-DESC,False
084010,,2005-10-31,FDR_DESC,KOSPI,대한제강,주권,2026-09-06,KOSPI-DESC,False
084110,,2006-12-19,FDR_DESC,KOSDAQ,휴온스글로벌,주권,2026-09-06,KOSDAQ-DESC,False
084180,,2005-12-16,FDR_DESC,KOSDAQ,수성웹툰,주권,2026-09-06,KOSDAQ-DESC,False
084370,,2006-01-17,FDR_DESC,KOSDAQ,유진테크,주권,2026-09-06,KOSDAQ-DESC,False
084440,,2022-11-18,FDR_DESC,KOSDAQ,유비온,주권,2026-09-06,KOSDAQ-DESC,False
084450,2011-02-10,2007-11-20,FDR_DELISTING,KOSDAQ,세실,주권,2026-09-06,KRX-DELISTING,True
084650,,2014-12-16,FDR_DESC,KOSDAQ,랩지노믹스,주권,2026-09-06,KOSDAQ-DESC,False
084670,,2005-07-25,FDR_DESC,KOSPI,동양고속,주권,2026-09-06,KOSPI-DESC,False
084680,,2005-07-26,FDR_DESC,KOSPI,이월드,주권,2026-09-06,KOSPI-DESC,False
084690,,2005-08-17,FDR_DESC,KOSPI,대상홀딩스,주권,2026-09-06,KOSPI-DESC,False
084695,,2014-06-17,FDR_FIRST_TRADE,KOSPI,대상홀딩스우,주권,2026-09-06,KOSPI-DESC,False
084697,2009-04-22,2005-08-17,FDR_DELISTING,KOSPI,대상홀딩스2우B,주권,2026-09-06,KRX-DELISTING,True
084730,,2006-05-19,FDR_DESC,KOSDAQ,팅크웨어,주권,2026-09-06,KOSDAQ-DESC,False
084810,2010-04-01,2006-06-27,FDR_DELISTING,KOSDAQ,아이알디,주권,2026-09-06,KRX-DELISTING,True
084850,,2019-11-07,FDR_DESC,KOSDAQ,아이티엠반도체,주권,2026-09-06,KOSDAQ-DESC,False
084870,,2005-12-19,FDR_DESC,KOSPI,TBH글로벌,주권,2026-09-06,KOSPI-DESC,False
084990,,2005-12-29,FDR_DESC,KOSDAQ,헬릭스미스,주권,2026-09-06,KOSDAQ-DESC,False
085310,,2008-01-24,FDR_DESC,KOSPI,엔케이,주권,2026-09-06,KOSPI-DESC,False
085370,2023-10-27,2006-07-04,FDR_DELISTING,KOSDAQ,루트로닉,주권,2026-09-06,KRX-DELISTING,True
08537M,2023-10-27,2016-12-15,FDR_DELISTING,KOSDAQ,루트로닉3우C,주권,2026-09-06,KRX-DELISTING,True
085620,,2015-07-08,FDR_DESC,KOSPI,미래에셋생명,주권,2026-09-06,KOSPI-DESC,False
085660,,2005-12-27,FDR_DESC,KOSDAQ,차바이오텍,주권,2026-09-06,KOSDAQ-DESC,False
085670,,2006-01-17,FDR_DESC,KOSDAQ,뉴프렉스,주권,2026-09-06,KOSDAQ-DESC,False
085680,2009-11-25,2006-01-25,FDR_DELISTING,KOSDAQ,모빌탑,주권,2026-09-06,KRX-DELISTING,True
085810,,2013-12-06,FDR_DESC,KOSDAQ,알티캐스트,주권,2026-09-06,KOSDAQ-DESC,False
085910,,2007-10-01,FDR_DESC,KOSDAQ,네오티스,주권,2026-09-06,KOSDAQ-DESC,False
085990,2010-05-08,2006-05-23,FDR_DELISTING,KOSDAQ,단성일렉트론,주권,2026-09-06,KRX-DELISTING,True
086040,,2007-09-21,FDR_DESC,KOSDAQ,바이오톡스텍,주권,2026-09-06,KOSDAQ-DESC,False
086060,,2006-04-28,FDR_DESC,KOSDAQ,진바이오텍,주권,2026-09-06,KOSDAQ-DESC,False
086200,2016-05-09,2006-06-07,FDR_DELISTING,KOSDAQ,제이앤유글로벌,주권,2026-09-06,KRX-DELISTING,True
086250,2021-08-31,2006-11-10,FDR_DELISTING,KOSDAQ,이노와이즈,주권,2026-09-06,KRX-DELISTING,True
086280,,2005-12-26,FDR_DESC,KOSPI,현대글로비스,주권,2026-09-06,KOSPI-DESC,False
086390,,2006-12-05,FDR_DESC,KOSDAQ,유니테스트,주권,2026-09-06,KOSDAQ-DESC,False
086670,,2007-11-02,FDR_DESC,KOSDAQ,비엠티,주권,2026-09-06,KOSDAQ-DESC,False
086710,,2021-01-27,FDR_DESC,KOSDAQ,선진뷰티사이언스,주권,2026-09-06,KOSDAQ-DESC,False
086790,,2005-12-12,FDR_DESC,KOSPI,하나금융지주,주권,2026-09-06,KOSPI-DESC,False
086820,,2018-08-20,FDR_DESC,KOSDAQ,바이오솔루션,주권,2026-09-06,KOSDAQ-DESC,False
086830,2017-05-08,2006-12-27,FDR_DELISTING,KOSDAQ,신양오라컴,주권,2026-09-06,KRX-DELISTING,True
086890,,2009-02-03,FDR_DESC,KOSDAQ,이수앱지스,주권,2026-09-06,KOSDAQ-DESC,False
086900,,2009-01-16,FDR_DESC,KOSDAQ,메디톡스,주권,2026-09-06,KOSDAQ-DESC,False
086960,,2006-09-26,FDR_DESC,KOSDAQ,MDS테크,주권,2026-09-06,KOSDAQ-DESC,False
086980,,2006-07-07,FDR_DESC,KOSDAQ,쇼박스,주권,2026-09-06,KOSDAQ-DESC,False
087010,,2015-07-22,FDR_DESC,KOSDAQ,펩트론,주권,2026-09-06,KOSDAQ-DESC,False
087220,2018-05-08,2009-10-27,FDR_DELISTING,KOSDAQ,스틸플라워,주권,2026-09-06,KRX-DELISTING,True
087260,,2017-02-24,FDR_DESC,KOSDAQ,모바일어플라이언스,주권,2026-09-06,KOSDAQ-DESC,False
087600,,2015-06-12,FDR_DESC,KOSDAQ,픽셀플러스,주권,2026-09-06,KOSDAQ-DESC,False
087730,2021-10-08,2008-04-04,FDR_DELISTING,KOSDAQ,이엠네트웍스,주권,2026-09-06,KRX-DELISTING,True
088020,2011-01-08,2006-12-19,FDR_DELISTING,KOSDAQ,네이쳐글로벌,주권,2026-09-06,KRX-DELISTING,True
088130,,2007-01-03,FDR_DESC,KOSDAQ,동아엘텍,주권,2026-09-06,KOSDAQ-DESC,False
088260,,2018-06-27,FDR_DESC,KOSPI,이리츠코크렙,주권,2026-09-06,KOSPI-DESC,False
088280,,2023-11-07,FDR_DESC,KOSDAQ,쏘닉스,주권,2026-09-06,KOSDAQ-DESC,False
088290,,2009-12-01,FDR_DESC,KOSDAQ,이원컴포텍,주권,2026-09-06,KOSDAQ-DESC,False
088340,,2024-08-16,FDR_DESC,KOSDAQ,유라클,주권,2026-09-06,KOSDAQ-DESC,False
088350,,2010-03-17,FDR_DESC,KOSPI,한화생명,주권,2026-09-06,KOSPI-DESC,False
088390,,2006-10-20,FDR_DESC,KOSDAQ,이녹스,주권,2026-09-06,KOSDAQ-DESC,False
088700,2013-05-04,2008-01-25,FDR_DELISTING,KOSDAQ,마이스코,주권,2026-09-06,KRX-DELISTING,True
088790,,2006-03-28,FDR_DESC,KOSPI,진도,주권,2026-09-06,KOSPI-DESC,False
088800,,2006-03-27,FDR_DESC,KOSDAQ,에이스테크,주권,2026-09-06,KOSDAQ-DESC,False
088810,2011-04-29,2006-04-17,FDR_DELISTING,KOSDAQ,맥스브로,주권,2026-09-06,KRX-DELISTING,True
088910,,2006-06-23,FDR_DESC,KOSDAQ,동우팜투테이블,주권,2026-09-06,KOSDAQ-DESC,False
088960,2012-02-08,2006-06-30,FDR_DELISTING,KOSDAQ,씨티엘테크,주권,2026-09-06,KRX-DELISTING,True
088980,,2006-03-15,FDR_DESC,KOSPI,맥쿼리인프라,주권,2026-09-06,KOSPI-DESC,False
089010,,2007-01-17,FDR_DESC,KOSDAQ,켐트로닉스,주권,2026-09-06,KOSDAQ-DESC,False
089030,,2011-11-10,FDR_DESC,KOSDAQ,테크윙,주권,2026-09-06,KOSDAQ-DESC,False
089140,,2006-11-01,FDR_DESC,KOSDAQ,넥스턴앤롤코리아,주권,2026-09-06,KOSDAQ-DESC,False
089150,,2006-12-13,FDR_DESC,KOSDAQ,케이씨티,주권,2026-09-06,KOSDAQ-DESC,False
089230,,2006-10-10,FDR_DESC,KOSDAQ,THE E&M,주권,2026-09-06,KOSDAQ-DESC,False
089240,2010-09-03,2006-12-22,FDR_DELISTING,KOSDAQ,네오세미테크,주권,2026-09-06,KRX-DELISTING,True
089470,,2006-09-25,FDR_DESC,KOSPI,HDC현대EP,주권,2026-09-06,KOSPI-DESC,False
089480,2012-04-13,2006-08-22,FDR_DELISTING,KOSDAQ,평산,주권,2026-09-06,KRX-DELISTING,True
089530,2024-09-06,2011-11-11,FDR_DELISTING,KOSDAQ,에이티세미콘,주권,2026-09-06,KRX-DELISTING,True
089590,,2015-11-06,FDR_DESC,KOSPI,제주항공,주권,2026-09-06,KOSPI-DESC,False
089600,,2013-07-17,FDR_DESC,KOSDAQ,KT나스미디어,주권,2026-09-06,KOSDAQ-DESC,False
089790,,2006-10-27,FDR_DESC,KOSDAQ,제이티,주권,2026-09-06,KOSDAQ-DESC,False
089850,,2010-06-18,FDR_DESC,KOSDAQ,유비벨록스,주권,2026-09-06,KOSDAQ-DESC,False
089860,,2021-08-19,FDR_DESC,KOSPI,롯데렌탈,주권,2026-09-06,KOSPI-DESC,False
089890,,2006-11-08,FDR_DESC,KOSDAQ,코세스,주권,2026-09-06,KOSDAQ-DESC,False
089970,,2018-08-23,FDR_DESC,KOSDAQ,브이엠,주권,2026-09-06,KOSDAQ-DESC,False
089980,,2011-07-21,FDR_DESC,KOSDAQ,상아프론테크,주권,2026-09-06,KOSDAQ-DESC,False
090080,,2006-06-02,FDR_DESC,KOSPI,평화산업,주권,2026-09-06,KOSPI-DESC,False
090090,2011-12-15,2006-06-12,FDR_DELISTING,KOSDAQ,디앤샵,주권,2026-09-06,KRX-DELISTING,True
090120,2015-05-13,2007-05-22,FDR_DELISTING,KOSDAQ,잘만테크,주권,2026-09-06,KRX-DELISTING,True
090150,,2006-10-20,FDR_DESC,KOSDAQ,아이윈,주권,2026-09-06,KOSDAQ-DESC,False
090350,,2006-07-03,FDR_DESC,KOSPI,노루페인트,주권,2026-09-06,KOSPI-DESC,False
090355,,2014-06-17,FDR_FIRST_TRADE,KOSPI,노루페인트우,주권,2026-09-06,KOSPI-DESC,False
090360,,2011-10-17,FDR_DESC,KOSDAQ,로보스타,주권,2026-09-06,KOSDAQ-DESC,False
090370,,2006-12-26,FDR_DESC,KOSPI,메타랩스,주권,2026-09-06,KOSPI-DESC,False
090410,,2014-08-01,FDR_DESC,KOSDAQ,덕신이피씨,주권,2026-09-06,KOSDAQ-DESC,False
090430,,2006-06-29,FDR_DESC,KOSPI,아모레퍼시픽,주권,2026-09-06,KOSPI-DESC,False
090435,,2014-06-17,FDR_FIRST_TRADE,KOSPI,아모레퍼시픽우,주권,2026-09-06,KOSPI-DESC,False
090460,,2023-06-20,FDR_DESC,KOSPI,비에이치,주권,2026-09-06,KOSPI-DESC,False
090470,,2007-01-10,FDR_DESC,KOSDAQ,제이스로보틱스,주권,2026-09-06,KOSDAQ-DESC,False
090710,,2006-12-05,FDR_DESC,KOSDAQ,휴림로봇,주권,2026-09-06,KOSDAQ-DESC,False
090730,2018-07-17,2008-10-17,FDR_DELISTING,KOSDAQ,SIMPAC Metal,주권,2026-09-06,KRX-DELISTING,True
090740,2022-10-17,2007-09-19,FDR_DELISTING,KOSDAQ,연이비앤티,주권,2026-09-06,KRX-DELISTING,True
090850,,2013-12-27,FDR_DESC,KOSDAQ,현대이지웰,주권,2026-09-06,KOSDAQ-DESC,False
091090,2025-10-27,2006-07-31,FDR_DELISTING,KOSPI,세원이앤씨,주권,2026-09-06,KRX-DELISTING,True
091120,,2007-05-02,FDR_DESC,KOSDAQ,이엠텍,주권,2026-09-06,KOSDAQ-DESC,False
091340,,2007-07-30,FDR_DESC,KOSDAQ,S&K폴리텍,주권,2026-09-06,KOSDAQ-DESC,False
091440,,2008-02-01,FDR_DESC,KOSDAQ,한울소재과학,주권,2026-09-06,KOSDAQ-DESC,False
091580,,2007-05-23,FDR_DESC,KOSDAQ,상신이디피,주권,2026-09-06,KOSDAQ-DESC,False
091590,,2012-01-31,FDR_DESC,KOSDAQ,남화토건,주권,2026-09-06,KOSDAQ-DESC,False
091690,2015-01-21,2007-07-04,FDR_DELISTING,KOSDAQ,디지텍시스템,주권,2026-09-06,KRX-DELISTING,True
091700,,2006-12-13,FDR_DESC,KOSDAQ,파트론,주권,2026-09-06,KOSDAQ-DESC,False
091810,,2018-08-01,FDR_DESC,KOSPI,트리니티항공,주권,2026-09-06,KOSPI-DESC,False
091970,,2007-01-30,FDR_DESC,KOSDAQ,LSK아이로봇,주권,2026-09-06,KOSDAQ-DESC,False
091990,2024-01-12,2017-07-28,FDR_DELISTING,KOSDAQ,셀트리온헬스케어,주권,2026-09-06,KRX-DELISTING,True
092040,,2013-09-12,FDR_DESC,KOSDAQ,아미코젠,주권,2026-09-06,KOSDAQ-DESC,False
092070,,2007-11-16,FDR_DESC,KOSDAQ,디엔에프,주권,2026-09-06,KOSDAQ-DESC,False
092130,,2008-10-24,FDR_DESC,KOSDAQ,이크레더블,주권,2026-09-06,KOSDAQ-DESC,False
092190,,2020-03-06,FDR_DESC,KOSDAQ,서울바이오시스,주권,2026-09-06,KOSDAQ-DESC,False
092200,,2007-10-18,FDR_DESC,KOSPI,디아이씨,주권,2026-09-06,KOSPI-DESC,False
092220,,2006-10-16,FDR_DESC,KOSPI,KEC,주권,2026-09-06,KOSPI-DESC,False
092230,,2006-10-12,FDR_DESC,KOSPI,KPX홀딩스,주권,2026-09-06,KOSPI-DESC,False
092300,,2007-10-24,FDR_DESC,KOSDAQ,현우산업,주권,2026-09-06,KOSDAQ-DESC,False
092440,,2007-10-30,FDR_DESC,KOSPI,기신정기,주권,2026-09-06,KOSPI-DESC,False
092460,,2007-05-22,FDR_DESC,KOSDAQ,한라IMS,주권,2026-09-06,KOSDAQ-DESC,False
092600,,2007-06-26,FDR_DESC,KOSDAQ,앤씨앤,주권,2026-09-06,KOSDAQ-DESC,False
092730,,2007-01-30,FDR_DESC,KOSDAQ,네오팜,주권,2026-09-06,KOSDAQ-DESC,False
092780,,2017-12-08,FDR_DESC,KOSPI,DYP,주권,2026-09-06,KOSPI-DESC,False
092790,,2023-08-21,FDR_DESC,KOSPI,넥스틸,주권,2026-09-06,KOSPI-DESC,False
092870,,2015-10-22,FDR_DESC,KOSDAQ,엑시콘,주권,2026-09-06,KOSDAQ-DESC,False
093050,,2006-12-01,FDR_DESC,KOSPI,LF,주권,2026-09-06,KOSPI-DESC,False
093190,,2007-08-20,FDR_DESC,KOSDAQ,빅솔론,주권,2026-09-06,KOSDAQ-DESC,False
093230,2025-09-11,2007-11-01,FDR_DELISTING,KOSPI,이아이디,주권,2026-09-06,KRX-DELISTING,True
093240,,2009-09-28,FDR_DESC,KOSPI,형지엘리트,주권,2026-09-06,KOSPI-DESC,False
093320,,2011-02-08,FDR_DESC,KOSDAQ,케이아이엔엑스,주권,2026-09-06,KOSDAQ-DESC,False
093370,,2006-12-22,FDR_DESC,KOSPI,후성,주권,2026-09-06,KOSPI-DESC,False
093380,,2007-06-01,FDR_DESC,KOSDAQ,풍강,주권,2026-09-06,KOSDAQ-DESC,False
093520,,2007-02-12,FDR_DESC,KOSDAQ,매커스,주권,2026-09-06,KOSDAQ-DESC,False
093640,,2007-10-19,FDR_DESC,KOSDAQ,케이알엠,주권,2026-09-06,KOSDAQ-DESC,False
093920,,2007-12-20,FDR_DESC,KOSDAQ,서원인텍,주권,2026-09-06,KOSDAQ-DESC,False
094170,,2015-06-30,FDR_DESC,KOSDAQ,동운아나텍,주권,2026-09-06,KOSDAQ-DESC,False
094190,2020-05-22,2007-10-29,FDR_DELISTING,KOSDAQ,이엘케이,주권,2026-09-06,KRX-DELISTING,True
094280,,2007-10-25,FDR_DESC,KOSPI,효성ITX,주권,2026-09-06,KOSPI-DESC,False
094360,,2015-08-05,FDR_DESC,KOSDAQ,칩스앤미디어,주권,2026-09-06,KOSDAQ-DESC,False
094480,,2007-07-20,FDR_DESC,KOSDAQ,갤럭시아머니트리,주권,2026-09-06,KOSDAQ-DESC,False
094700,2012-04-13,2007-12-20,FDR_DELISTING,KOSDAQ,미성포리테크,주권,2026-09-06,KRX-DELISTING,True
094800,,2007-04-09,FDR_DESC,KOSPI,맵스리얼티,주권,2026-09-06,KOSPI-DESC,False
094820,,2007-11-06,FDR_DESC,KOSDAQ,일진파워,주권,2026-09-06,KOSDAQ-DESC,False
094840,,2008-07-11,FDR_DESC,KOSDAQ,슈프리마에이치큐,주권,2026-09-06,KOSDAQ-DESC,False
094850,,2007-04-30,FDR_DESC,KOSDAQ,참좋은여행,주권,2026-09-06,KOSDAQ-DESC,False
094860,,2007-04-16,FDR_DESC,KOSDAQ,네오리진,주권,2026-09-06,KOSDAQ-DESC,False
094940,,2007-09-14,FDR_DESC,KOSDAQ,푸른로보틱스,주권,2026-09-06,KOSDAQ-DESC,False
094970,,2007-10-12,FDR_DESC,KOSDAQ,제이엠티,주권,2026-09-06,KOSDAQ-DESC,False
095190,,2007-10-29,FDR_DESC,KOSDAQ,신화프리텍,주권,2026-09-06,KOSDAQ-DESC,False
095270,,2007-09-12,FDR_DESC,KOSDAQ,웨이브일렉트로,주권,2026-09-06,KOSDAQ-DESC,False
095300,2017-09-12,2009-04-17,FDR_DELISTING,KOSDAQ,엔에스브이,주권,2026-09-06,KRX-DELISTING,True
095340,,2007-10-01,FDR_DESC,KOSDAQ,ISC,주권,2026-09-06,KOSDAQ-DESC,False
095500,,2007-10-01,FDR_DESC,KOSDAQ,미래나노텍,주권,2026-09-06,KOSDAQ-DESC,False
095570,,2015-08-21,FDR_DESC,KOSPI,AJ네트웍스,주권,2026-09-06,KOSPI-DESC,False
095660,,2007-07-02,FDR_DESC,KOSDAQ,네오위즈,주권,2026-09-06,KOSDAQ-DESC,False
095700,,2009-09-15,FDR_DESC,KOSDAQ,제넥신,주권,2026-09-06,KOSDAQ-DESC,False
095720,,2007-05-31,FDR_DESC,KOSPI,웅진씽크빅,주권,2026-09-06,KOSPI-DESC,False
095910,,2007-10-16,FDR_DESC,KOSDAQ,에스에너지,주권,2026-09-06,KOSDAQ-DESC,False
096040,2025-09-10,2008-01-25,FDR_DELISTING,KOSDAQ,이트론,주권,2026-09-06,KRX-DELISTING,True
096240,,2008-06-27,FDR_DESC,KOSDAQ,크레버스,주권,2026-09-06,KOSDAQ-DESC,False
096250,,2025-01-24,FDR_DESC,KOSDAQ,와이즈넛,주권,2026-09-06,KOSDAQ-DESC,False
096350,,2007-12-17,FDR_DESC,KOSDAQ,대창솔루션,주권,2026-09-06,KOSDAQ-DESC,False
096610,2026-09-03,2007-11-20,FDR_DELISTING,KOSDAQ,알에프세미,주권,2026-09-06,KRX-DELISTING,True
096630,,2007-12-26,FDR_DESC,KOSDAQ,에스코넥,주권,2026-09-06,KOSDAQ-DESC,False
096640,2023-07-17,2009-12-18,FDR_DELISTING,KOSDAQ,멜파스,주권,2026-09-06,KRX-DELISTING,True
096690,,2010-12-01,FDR_DESC,KOSDAQ,에이루트,주권,2026-09-06,KOSDAQ-DESC,False
096760,,2007-07-31,FDR_DESC,KOSPI,JW홀딩스,주권,2026-09-06,KOSPI-DESC,False
096770,,2007-07-25,FDR_DESC,KOSPI,SK이노베이션,주권,2026-09-06,KOSPI-DESC,False
096775,,2014-06-17,FDR_FIRST_TRADE,KOSPI,SK이노베이션우,주권,2026-09-06,KOSPI-DESC,False
096870,,2008-05-02,FDR_DESC,KOSDAQ,엘디티,주권,2026-09-06,KOSDAQ-DESC,False
097230,,2007-08-31,FDR_DESC,KOSPI,HJ중공업,주권,2026-09-06,KOSPI-DESC,False
097520,,2021-07-06,FDR_DESC,KOSPI,엠씨넥스,주권,2026-09-06,KOSPI-DESC,False
097780,,2008-01-23,FDR_DESC,KOSDAQ,에코볼트,주권,2026-09-06,KOSDAQ-DESC,False
097800,,2013-03-07,FDR_DESC,KOSDAQ,윈팩,주권,2026-09-06,KOSDAQ-DESC,False
097870,,2008-04-08,FDR_DESC,KOSDAQ,효성오앤비,주권,2026-09-06,KOSDAQ-DESC,False
097950,,2007-09-28,FDR_DESC,KOSPI,CJ제일제당,주권,2026-09-06,KOSPI-DESC,False
097955,,2014-06-17,FDR_FIRST_TRADE,KOSPI,CJ제일제당 우,주권,2026-09-06,KOSPI-DESC,False
097957,2009-03-21,2007-09-28,FDR_DELISTING,KOSPI,CJ제일제당 2우B,주권,2026-09-06,KRX-DELISTING,True
097959,2010-01-13,2007-09-28,FDR_DELISTING,KOSPI,CJ제일제당 3우B,주권,2026-09-06,KRX-DELISTING,True
098070,,2025-03-20,FDR_DESC,KOSDAQ,한텍,주권,2026-09-06,KOSDAQ-DESC,False
098120,,2008-09-23,FDR_DESC,KOSDAQ,마이크로컨텍솔,주권,2026-09-06,KOSDAQ-DESC,False
098400,2012-07-24,2008-01-30,FDR_DELISTING,KOSDAQ,엔스퍼트,주권,2026-09-06,KRX-DELISTING,True
098460,,2008-06-03,FDR_DESC,KOSDAQ,고영,주권,2026-09-06,KOSDAQ-DESC,False
098660,,2009-04-17,FDR_DESC,KOSDAQ,에스티오,주권,2026-09-06,KOSDAQ-DESC,False
099190,,2013-01-30,FDR_DESC,KOSDAQ,아이센스,주권,2026-09-06,KOSDAQ-DESC,False
099220,,2009-05-19,FDR_DESC,KOSDAQ,SDN,주권,2026-09-06,KOSDAQ-DESC,False
099320,,2008-06-13,FDR_DESC,KOSDAQ,쎄트렉아이,주권,2026-09-06,KOSDAQ-DESC,False
099390,,2021-08-19,FDR_DESC,KOSDAQ,브레인즈컴퍼니,주권,2026-09-06,KOSDAQ-DESC,False
099410,,2009-11-10,FDR_DESC,KOSDAQ,동방선기,주권,2026-09-06,KOSDAQ-DESC,False
099430,,2021-09-27,FDR_DESC,KOSDAQ,바이오플러스,주권,2026-09-06,KOSDAQ-DESC,False
099440,,2009-05-26,FDR_DESC,KOSDAQ,스맥,주권,2026-09-06,KOSDAQ-DESC,False
099520,,2009-12-22,FDR_DESC,KOSDAQ,DGI,주권,2026-09-06,KOSDAQ-DESC,False
099660,2018-07-09,2009-04-30,FDR_DELISTING,KOSDAQ,신텍,주권,2026-09-06,KRX-DELISTING,True
099750,,2019-03-22,FDR_DESC,KOSDAQ,이지케어텍,주권,2026-09-06,KOSDAQ-DESC,False
099830,2018-05-04,2011-01-24,FDR_DELISTING,KOSDAQ,씨그널엔터테인먼트그룹,주권,2026-09-06,KRX-DELISTING,True
100030,,2010-05-25,FDR_DESC,KOSDAQ,인지소프트,주권,2026-09-06,KOSDAQ-DESC,False
100090,,2023-04-19,FDR_DESC,KOSPI,SK오션플랜트,주권,2026-09-06,KOSPI-DESC,False
100120,,2009-04-10,FDR_DESC,KOSDAQ,뷰웍스,주권,2026-09-06,KOSDAQ-DESC,False
100130,,2009-08-31,FDR_DESC,KOSDAQ,동국S&C,주권,2026-09-06,KOSDAQ-DESC,False
100220,,2008-06-30,FDR_DESC,KOSPI,비상교육,주권,2026-09-06,KOSPI-DESC,False
100250,,2008-02-15,FDR_DESC,KOSPI,진양홀딩스,주권,2026-09-06,KOSPI-DESC,False
100590,,2018-12-14,FDR_DESC,KOSDAQ,머큐리,주권,2026-09-06,KOSDAQ-DESC,False
100660,,2011-12-19,FDR_DESC,KOSDAQ,서암기계공업,주권,2026-09-06,KOSDAQ-DESC,False
100700,,2008-09-30,FDR_DESC,KOSDAQ,세운메디칼,주권,2026-09-06,KOSDAQ-DESC,False
100790,,2019-03-15,FDR_DESC,KOSDAQ,미래에셋벤처투자,주권,2026-09-06,KOSDAQ-DESC,False
100840,,2008-02-22,FDR_DESC,KOSPI,SNT에너지,주권,2026-09-06,KOSPI-DESC,False
101000,,2009-11-06,FDR_DESC,KOSDAQ,KS인더스트리,주권,2026-09-06,KOSDAQ-DESC,False
101060,2022-01-18,2008-03-24,FDR_DELISTING,KOSPI,SBS미디어홀딩스,주권,2026-09-06,KRX-DELISTING,True
101140,,2008-04-02,FDR_DESC,KOSPI,인바이오젠,주권,2026-09-06,KOSPI-DESC,False
101160,,2008-06-19,FDR_DESC,KOSDAQ,월덱스,주권,2026-09-06,KOSDAQ-DESC,False
101170,,2009-04-28,FDR_DESC,KOSDAQ,우림피티에스,주권,2026-09-06,KOSDAQ-DESC,False
101240,,2011-11-08,FDR_DESC,KOSDAQ,씨큐브,주권,2026-09-06,KOSDAQ-DESC,False
101330,,2010-02-04,FDR_DESC,KOSDAQ,모베이스,주권,2026-09-06,KOSDAQ-DESC,False
101360,,2020-07-30,FDR_DESC,KOSDAQ,에코앤드림,주권,2026-09-06,KOSDAQ-DESC,False
101390,2026-07-01,2008-07-23,FDR_DELISTING,KOSDAQ,아이엠,주권,2026-09-06,KRX-DELISTING,True
101400,,2009-03-31,FDR_DESC,KOSDAQ,엔시트론,주권,2026-09-06,KOSDAQ-DESC,False
101530,,2016-05-11,FDR_DESC,KOSPI,해태제과식품,주권,2026-09-06,KOSPI-DESC,False
101670,,2008-07-15,FDR_DESC,KOSDAQ,하이드로리튬,주권,2026-09-06,KOSDAQ-DESC,False
101680,,2009-05-19,FDR_DESC,KOSDAQ,한국정밀기계,주권,2026-09-06,KOSDAQ-DESC,False
101730,,2009-06-03,FDR_DESC,KOSDAQ,위메이드맥스,주권,2026-09-06,KOSDAQ-DESC,False
101930,,2010-10-22,FDR_DESC,KOSDAQ,인화정공,주권,2026-09-06,KOSDAQ-DESC,False
101970,,2025-03-28,FDR_DESC,KOSDAQ,우양에이치씨,주권,2026-09-06,KOSDAQ-DESC,False
101990,2014-05-21,2008-06-09,FDR_DELISTING,KOSPI,파브코,주권,2026-09-06,KRX-DELISTING,True
102120,,2009-06-05,FDR_DESC,KOSDAQ,어보브반도체,주권,2026-09-06,KOSDAQ-DESC,False
102210,2021-04-19,2009-05-21,FDR_DELISTING,KOSDAQ,에이치디,주권,2026-09-06,KRX-DELISTING,True
102260,,2008-06-23,FDR_DESC,KOSPI,동성케미컬,주권,2026-09-06,KOSPI-DESC,False
102280,2025-11-28,2008-06-10,FDR_DELISTING,KOSPI,쌍방울,주권,2026-09-06,KRX-DELISTING,True
102370,,2022-01-24,FDR_DESC,KOSDAQ,케이옥션,주권,2026-09-06,KOSDAQ-DESC,False
102460,,2010-06-10,FDR_DESC,KOSPI,이연제약,주권,2026-09-06,KOSPI-DESC,False
102710,,2009-05-28,FDR_DESC,KOSDAQ,이엔에프테크놀로지,주권,2026-09-06,KOSDAQ-DESC,False
102940,,2009-04-07,FDR_DESC,KOSDAQ,코오롱생명과학,주권,2026-09-06,KOSDAQ-DESC,False
103130,2020-06-01,2010-06-30,FDR_DELISTING,KOSPI,웅진에너지,주권,2026-09-06,KRX-DELISTING,True
103140,,2008-07-30,FDR_DESC,KOSPI,풍산,주권,2026-09-06,KOSPI-DESC,False
103150,2011-09-26,2008-07-30,FDR_DELISTING,KOSPI,하이트맥주,주권,2026-09-06,KRX-DELISTING,True
103155,2011-09-26,2008-07-30,FDR_DELISTING,KOSPI,하이트맥주우,주권,2026-09-06,KRX-DELISTING,True
103160,2009-04-13,2008-07-29,FDR_DELISTING,KOSPI,풀무원,주권,2026-09-06,KRX-DELISTING,True
103230,,2009-08-05,FDR_DESC,KOSDAQ,에스앤더블류,주권,2026-09-06,KOSDAQ-DESC,False
103590,,2008-08-01,FDR_DESC,KOSPI,일진전기,주권,2026-09-06,KOSPI-DESC,False
103840,,2019-11-20,FDR_DESC,KOSDAQ,우양,주권,2026-09-06,KOSDAQ-DESC,False
104040,,2009-01-23,FDR_DESC,KOSDAQ,디에스엠,주권,2026-09-06,KOSDAQ-DESC,False
104110,2017-01-02,2008-09-01,FDR_DELISTING,KOSPI,신성이엔지,주권,2026-09-06,KRX-DELISTING,True
104120,2017-01-02,2008-09-01,FDR_DELISTING,KOSPI,신성에프에이,주권,2026-09-06,KRX-DELISTING,True
104200,,2009-10-06,FDR_DESC,KOSDAQ,NHN벅스,주권,2026-09-06,KOSDAQ-DESC,False
104460,,2009-12-22,FDR_DESC,KOSDAQ,디와이피엔에프,주권,2026-09-06,KOSDAQ-DESC,False
104480,,2011-04-26,FDR_DESC,KOSDAQ,티케이케미칼,주권,2026-09-06,KOSDAQ-DESC,False
104540,,2013-03-05,FDR_DESC,KOSDAQ,코렌텍,주권,2026-09-06,KOSDAQ-DESC,False
104620,,2019-01-30,FDR_DESC,KOSDAQ,노랑풍선,주권,2026-09-06,KOSDAQ-DESC,False
104700,,2008-09-29,FDR_DESC,KOSPI,한국철강,주권,2026-09-06,KOSPI-DESC,False
104830,,2011-12-28,FDR_DESC,KOSDAQ,원익머트리얼즈,주권,2026-09-06,KOSDAQ-DESC,False
105070,2012-08-14,2010-02-02,FDR_DELISTING,KOSDAQ,금강제강,주권,2026-09-06,KRX-DELISTING,True
105330,,2009-09-29,FDR_DESC,KOSDAQ,케이엔더블유,주권,2026-09-06,KOSDAQ-DESC,False
105550,,2014-07-11,FDR_DESC,KOSDAQ,엣지파운드리,주권,2026-09-06,KOSDAQ-DESC,False
105560,,2008-10-10,FDR_DESC,KOSPI,KB금융,주권,2026-09-06,KOSPI-DESC,False
105630,,2009-03-20,FDR_DESC,KOSPI,한세실업,주권,2026-09-06,KOSPI-DESC,False
105740,,2010-11-12,FDR_DESC,KOSDAQ,디케이락,주권,2026-09-06,KOSDAQ-DESC,False
105760,,2024-01-29,FDR_DESC,KOSDAQ,포스뱅크,주권,2026-09-06,KOSDAQ-DESC,False
105840,,2010-07-26,FDR_DESC,KOSPI,우진,주권,2026-09-06,KOSPI-DESC,False
106080,,2010-02-09,FDR_DESC,KOSDAQ,케이이엠텍,주권,2026-09-06,KOSDAQ-DESC,False
106190,,2010-07-28,FDR_DESC,KOSDAQ,하이텍팜,주권,2026-09-06,KOSDAQ-DESC,False
106240,,2009-03-16,FDR_DESC,KOSDAQ,파인테크닉스,주권,2026-09-06,KOSDAQ-DESC,False
106520,2026-07-01,2012-07-13,FDR_DELISTING,KOSDAQ,노블엠앤비,주권,2026-09-06,KRX-DELISTING,True
107590,,2009-03-02,FDR_DESC,KOSPI,미원홀딩스,주권,2026-09-06,KOSPI-DESC,False
107600,,2022-08-04,FDR_DESC,KOSDAQ,새빗켐,주권,2026-09-06,KOSDAQ-DESC,False
107640,,2024-06-24,FDR_DESC,KOSDAQ,한중엔시에스,주권,2026-09-06,KOSDAQ-DESC,False
108070,2010-04-14,2009-03-10,FDR_DELISTING,KOSPI,삼성이미징,주권,2026-09-06,KRX-DELISTING,True
108230,,2009-09-15,FDR_DESC,KOSDAQ,톱텍,주권,2026-09-06,KOSDAQ-DESC,False
108320,,2022-11-03,FDR_DESC,KOSPI,LX세미콘,주권,2026-09-06,KOSPI-DESC,False
108380,,2011-07-08,FDR_DESC,KOSDAQ,대양전기공업,주권,2026-09-06,KOSDAQ-DESC,False
108490,,2018-10-26,FDR_DESC,KOSDAQ,로보티즈,주권,2026-09-06,KOSDAQ-DESC,False
108670,,2009-04-20,FDR_DESC,KOSPI,LX하우시스,주권,2026-09-06,KOSPI-DESC,False
108675,,2014-06-17,FDR_FIRST_TRADE,KOSPI,LX하우시스우,주권,2026-09-06,KOSPI-DESC,False
108790,2020-07-16,2014-02-06,FDR_DELISTING,KOSDAQ,인터파크,주권,2026-09-06,KRX-DELISTING,True
108860,,2009-12-10,FDR_DESC,KOSDAQ,셀바스AI,주권,2026-09-06,KOSDAQ-DESC,False
109070,,2009-03-17,FDR_DESC,KOSPI,주성코퍼레이션,주권,2026-09-06,KOSPI-DESC,False
109080,,2011-07-12,FDR_DESC,KOSDAQ,옵티시스,주권,2026-09-06,KOSDAQ-DESC,False
109610,,2015-12-29,FDR_DESC,KOSDAQ,에스와이,주권,2026-09-06,KOSDAQ-DESC,False
109670,,2023-12-21,FDR_DESC,KOSDAQ,씨싸이트,주권,2026-09-06,KOSDAQ-DESC,False
109740,,2009-09-23,FDR_DESC,KOSDAQ,디에스케이,주권,2026-09-06,KOSDAQ-DESC,False
109820,,2009-11-06,FDR_DESC,KOSDAQ,진매트릭스,주권,2026-09-06,KOSDAQ-DESC,False
109860,,2009-07-28,FDR_DESC,KOSDAQ,동일금속,주권,2026-09-06,KOSDAQ-DESC,False
109960,,2009-11-13,FDR_DESC,KOSDAQ,앱토크롬,주권,2026-09-06,KOSDAQ-DESC,False
110020,,2018-12-14,FDR_DESC,KOSDAQ,전진바이오팜,주권,2026-09-06,KOSDAQ-DESC,False
110310,2014-04-11,2009-09-25,FDR_DELISTING,KOSDAQ,모린스,주권,2026-09-06,KRX-DELISTING,True
110500,2014-09-02,2011-06-17,FDR_DELISTING,KOSDAQ,유니드코리아,주권,2026-09-06,KRX-DELISTING,True
110570,2017-04-17,2011-10-14,FDR_DELISTING,KOSPI,넥솔론,주권,2026-09-06,KRX-DELISTING,True
110790,,2018-10-01,FDR_DESC,KOSDAQ,크리스에프앤씨,주권,2026-09-06,KOSDAQ-DESC,False
110990,,2018-08-07,FDR_DESC,KOSDAQ,디아이티,주권,2026-09-06,KOSDAQ-DESC,False
111110,,2017-02-02,FDR_DESC,KOSPI,호전실업,주권,2026-09-06,KOSPI-DESC,False
111380,,2023-11-21,FDR_DESC,KOSPI,동인기연,주권,2026-09-06,KOSPI-DESC,False
111610,2016-01-25,2010-01-06,FDR_DELISTING,KOSDAQ,승화프리텍,주권,2026-09-06,KRX-DELISTING,True
111710,,2018-11-29,FDR_DESC,KOSDAQ,남화산업,주권,2026-09-06,KOSDAQ-DESC,False
111770,,2009-07-30,FDR_DESC,KOSPI,영원무역,주권,2026-09-06,KOSPI-DESC,False
111820,2021-09-30,2010-06-18,FDR_DELISTING,KOSDAQ,지유온,주권,2026-09-06,KRX-DELISTING,True
111870,2026-01-14,2010-11-05,FDR_DELISTING,KOSDAQ,KH 미래물산,주권,2026-09-06,KRX-DELISTING,True
112040,,2009-12-18,FDR_DESC,KOSDAQ,위메이드,주권,2026-09-06,KOSDAQ-DESC,False
112240,2020-06-30,2011-11-30,FDR_DELISTING,KOSDAQ,에스에프씨,주권,2026-09-06,KRX-DELISTING,True
112290,,2022-07-14,FDR_DESC,KOSDAQ,와이씨켐,주권,2026-09-06,KOSDAQ-DESC,False
112610,,2014-11-27,FDR_DESC,KOSPI,씨에스윈드,주권,2026-09-06,KOSPI-DESC,False
113810,,2012-11-22,FDR_DESC,KOSDAQ,디젠스,주권,2026-09-06,KOSDAQ-DESC,False
114090,,2009-11-19,FDR_DESC,KOSPI,GKL,주권,2026-09-06,KOSPI-DESC,False
114120,2024-02-15,2010-07-21,FDR_DELISTING,KOSDAQ,크루셜텍,주권,2026-09-06,KRX-DELISTING,True
114190,,2009-11-20,FDR_DESC,KOSDAQ,강원에너지,주권,2026-09-06,KOSDAQ-DESC,False
114410,2010-07-16,2009-12-17,FDR_DELISTING,KOSPI,현대푸드,주권,2026-09-06,KRX-DELISTING,True
114450,,2009-12-22,FDR_DESC,KOSDAQ,그린생명과학,주권,2026-09-06,KOSDAQ-DESC,False
114570,2022-02-23,2010-02-04,FDR_DELISTING,KOSDAQ,지스마트글로벌,주권,2026-09-06,KRX-DELISTING,True
114630,,2010-01-15,FDR_DESC,KOSDAQ,폴라리스우노,주권,2026-09-06,KOSDAQ-DESC,False
114810,,2013-02-07,FDR_DESC,KOSDAQ,한솔아이원스,주권,2026-09-06,KOSDAQ-DESC,False
114840,,2021-10-28,FDR_DESC,KOSDAQ,아이패밀리에스씨,주권,2026-09-06,KOSDAQ-DESC,False
115160,,2009-11-16,FDR_DESC,KOSDAQ,휴맥스,주권,2026-09-06,KOSDAQ-DESC,False
115180,,2016-02-29,FDR_DESC,KOSDAQ,큐리언트,주권,2026-09-06,KOSDAQ-DESC,False
115310,,2010-02-09,FDR_DESC,KOSDAQ,인포바인,주권,2026-09-06,KOSDAQ-DESC,False
115390,2024-12-09,2010-01-28,FDR_DELISTING,KOSPI,락앤락,주권,2026-09-06,KRX-DELISTING,True
115440,,2010-01-27,FDR_DESC,KOSDAQ,우리넷,주권,2026-09-06,KOSDAQ-DESC,False
115450,,2010-03-26,FDR_DESC,KOSDAQ,HLB테라퓨틱스,주권,2026-09-06,KOSDAQ-DESC,False
115480,,2011-12-15,FDR_DESC,KOSDAQ,씨유메디칼,주권,2026-09-06,KOSDAQ-DESC,False
115500,,2010-04-14,FDR_DESC,KOSDAQ,케이씨에스,주권,2026-09-06,KOSDAQ-DESC,False
115530,,2011-11-02,FDR_DESC,KOSDAQ,씨엔플러스,주권,2026-09-06,KOSDAQ-DESC,False
115570,,2010-01-27,FDR_DESC,KOSDAQ,스타플렉스,주권,2026-09-06,KOSDAQ-DESC,False
115610,,2010-02-26,FDR_DESC,KOSDAQ,이미지스,주권,2026-09-06,KOSDAQ-DESC,False
115960,2024-03-06,2015-11-02,FDR_DELISTING,KOSDAQ,연우,주권,2026-09-06,KRX-DELISTING,True
117580,,2010-12-24,FDR_DESC,KOSPI,대성에너지,주권,2026-09-06,KOSPI-DESC,False
117670,,2010-09-17,FDR_DESC,KOSDAQ,알파칩스,주권,2026-09-06,KOSDAQ-DESC,False
117730,,2018-11-29,FDR_DESC,KOSDAQ,티로보틱스,주권,2026-09-06,KOSDAQ-DESC,False
117930,2017-03-07,2009-12-29,FDR_DELISTING,KOSPI,한진해운,주권,2026-09-06,KRX-DELISTING,True
118000,,2009-12-30,FDR_DESC,KOSPI,메타케어,주권,2026-09-06,KOSPI-DESC,False
118990,,2017-08-04,FDR_DESC,KOSDAQ,모트렉스,주권,2026-09-06,KOSDAQ-DESC,False
119500,,2010-09-17,FDR_DESC,KOSDAQ,포메탈,주권,2026-09-06,KOSDAQ-DESC,False
119610,,2010-07-28,FDR_DESC,KOSDAQ,인터로조,주권,2026-09-06,KOSDAQ-DESC,False
119650,,2010-01-29,FDR_DESC,KOSPI,KC코트렐,주권,2026-09-06,KOSPI-DESC,False
119830,,2010-10-26,FDR_DESC,KOSDAQ,아이텍,주권,2026-09-06,KOSDAQ-DESC,False
119850,,2013-10-02,FDR_DESC,KOSDAQ,지엔씨에너지,주권,2026-09-06,KOSDAQ-DESC,False
119860,2024-09-24,2011-01-24,FDR_DELISTING,KOSDAQ,커넥트웨이브,주권,2026-09-06,KRX-DELISTING,True
120030,,2010-02-19,FDR_DESC,KOSPI,조선선재,주권,2026-09-06,KOSPI-DESC,False
120110,,2010-02-01,FDR_DESC,KOSPI,코오롱인더,주권,2026-09-06,KOSPI-DESC,False
120115,,2014-06-17,FDR_FIRST_TRADE,KOSPI,코오롱인더우,주권,2026-09-06,KOSPI-DESC,False
120240,,2010-12-20,FDR_DESC,KOSDAQ,대정화금,주권,2026-09-06,KOSDAQ-DESC,False
121440,,2011-05-20,FDR_DESC,KOSDAQ,골프존홀딩스,주권,2026-09-06,KOSDAQ-DESC,False
121600,,2011-02-09,FDR_DESC,KOSDAQ,나노신소재,주권,2026-09-06,KOSDAQ-DESC,False
121800,,2011-12-01,FDR_DESC,KOSDAQ,비덴트,주권,2026-09-06,KOSDAQ-DESC,False
121850,,2012-09-27,FDR_DESC,KOSDAQ,코이즈,주권,2026-09-06,KOSDAQ-DESC,False
121890,,2010-07-16,FDR_DESC,KOSDAQ,에스디시스템,주권,2026-09-06,KOSDAQ-DESC,False
121910,2012-10-15,2010-03-03,FDR_DELISTING,KOSPI,대우증권스팩,주권,2026-09-06,KRX-DELISTING,True
121950,2012-10-23,2010-03-12,FDR_DELISTING,KOSDAQ,미래에셋스팩1호,주권,2026-09-06,KRX-DELISTING,True
122290,2012-11-07,2010-03-25,FDR_DELISTING,KOSPI,동양밸류스팩,주권,2026-09-06,KRX-DELISTING,True
122310,,2018-05-28,FDR_DESC,KOSDAQ,제노레이,주권,2026-09-06,KOSDAQ-DESC,False
122350,,2010-03-19,FDR_DESC,KOSDAQ,삼기,주권,2026-09-06,KOSDAQ-DESC,False
122450,,2011-05-25,FDR_DESC,KOSDAQ,KX,주권,2026-09-06,KOSDAQ-DESC,False
122640,,2015-12-16,FDR_DESC,KOSDAQ,예스티,주권,2026-09-06,KOSDAQ-DESC,False
122690,,2010-05-25,FDR_DESC,KOSDAQ,서진오토모티브,주권,2026-09-06,KOSDAQ-DESC,False
122750,2012-12-21,2010-05-11,FDR_DELISTING,KOSPI,우리스팩1호,주권,2026-09-06,KRX-DELISTING,True
122800,2020-02-12,2010-11-26,FDR_DELISTING,KOSDAQ,썬텍,주권,2026-09-06,KRX-DELISTING,True
122900,,2010-07-30,FDR_DESC,KOSPI,아이마켓코리아,주권,2026-09-06,KOSPI-DESC,False
122990,,2010-09-10,FDR_DESC,KOSDAQ,와이솔,주권,2026-09-06,KOSDAQ-DESC,False
123010,,2016-07-20,FDR_DESC,KOSDAQ,MSDI,주권,2026-09-06,KOSDAQ-DESC,False
123040,,2010-08-06,FDR_DESC,KOSDAQ,엠에스오토텍,주권,2026-09-06,KOSDAQ-DESC,False
123100,2019-02-20,2011-11-01,FDR_DELISTING,KOSDAQ,원익테라세미콘,주권,2026-09-06,KRX-DELISTING,True
123160,2013-01-18,2010-06-11,FDR_DELISTING,KOSDAQ,히든챔피언스팩1호,주권,2026-09-06,KRX-DELISTING,True
123260,2020-04-10,2011-12-05,FDR_DELISTING,KOSDAQ,파인넥스,주권,2026-09-06,KRX-DELISTING,True
123290,2013-03-29,2010-08-24,FDR_DELISTING,KOSDAQ,한국스팩1호,주권,2026-09-06,KRX-DELISTING,True
123300,2013-06-03,2010-10-29,FDR_DELISTING,KOSDAQ,부국퓨쳐스타즈스팩,주권,2026-09-06,KRX-DELISTING,True
123330,,2011-08-03,FDR_DESC,KOSDAQ,제닉,주권,2026-09-06,KOSDAQ-DESC,False
123410,,2010-08-27,FDR_DESC,KOSDAQ,코리아에프티,주권,2026-09-06,KOSDAQ-DESC,False
123420,,2010-11-10,FDR_DESC,KOSDAQ,위메이드플레이,주권,2026-09-06,KOSDAQ-DESC,False
123550,2013-03-29,2010-08-24,FDR_DELISTING,KOSDAQ,대신증권그로쓰스팩,주권,2026-09-06,KRX-DELISTING,True
123570,,2011-11-25,FDR_DESC,KOSDAQ,이엠넷,주권,2026-09-06,KOSDAQ-DESC,False
123690,,2010-06-01,FDR_DESC,KOSPI,한국화장품,주권,2026-09-06,KOSPI-DESC,False
123700,,2010-05-31,FDR_DESC,KOSPI,SJM,주권,2026-09-06,KOSPI-DESC,False
123750,,2010-07-02,FDR_DESC,KOSDAQ,알톤,주권,2026-09-06,KOSDAQ-DESC,False
123840,,2010-10-05,FDR_DESC,KOSDAQ,뉴온,주권,2026-09-06,KOSDAQ-DESC,False
123860,,2010-11-05,FDR_DESC,KOSDAQ,아나패스,주권,2026-09-06,KOSDAQ-DESC,False
123890,,2016-07-13,FDR_DESC,KOSPI,한국자산신탁,주권,2026-09-06,KOSPI-DESC,False
123910,2013-03-29,2010-08-24,FDR_DELISTING,KOSDAQ,에스비아이앤솔로몬스팩,주권,2026-09-06,KRX-DELISTING,True
124050,2013-02-15,2010-07-09,FDR_DELISTING,KOSDAQ,한화SV스팩1호,주권,2026-09-06,KRX-DELISTING,True
124500,,2014-12-23,FDR_DESC,KOSDAQ,아이티센글로벌,주권,2026-09-06,KOSDAQ-DESC,False
124560,,2019-12-10,FDR_DESC,KOSDAQ,태웅로직스,주권,2026-09-06,KOSDAQ-DESC,False
125020,,2025-05-15,FDR_DESC,KOSDAQ,티씨머티리얼즈,주권,2026-09-06,KOSDAQ-DESC,False
125210,,2019-03-29,FDR_DESC,KOSDAQ,아모그린텍,주권,2026-09-06,KOSDAQ-DESC,False
125490,,2025-08-20,FDR_DESC,KOSDAQ,한라캐스트,주권,2026-09-06,KOSDAQ-DESC,False
126340,,2020-09-23,FDR_DESC,KOSDAQ,비나텍,주권,2026-09-06,KOSDAQ-DESC,False
126560,,2010-12-23,FDR_DESC,KOSPI,현대퓨처넷,주권,2026-09-06,KOSPI-DESC,False
126600,,2010-11-12,FDR_DESC,KOSDAQ,BGF에코머티리얼즈,주권,2026-09-06,KOSDAQ-DESC,False
126640,,2010-08-31,FDR_DESC,KOSDAQ,화신정공,주권,2026-09-06,KOSDAQ-DESC,False
126680,2013-07-29,2010-12-22,FDR_DELISTING,KOSDAQ,IBKS스팩1호,주권,2026-09-06,KRX-DELISTING,True
126700,,2010-09-10,FDR_DESC,KOSDAQ,하이비젼시스템,주권,2026-09-06,KOSDAQ-DESC,False
126720,,2022-08-01,FDR_DESC,KOSPI,수산인더스트리,주권,2026-09-06,KOSPI-DESC,False
126730,,2024-05-07,FDR_DESC,KOSDAQ,코칩,주권,2026-09-06,KOSDAQ-DESC,False
126870,2022-10-26,2012-02-15,FDR_DELISTING,KOSDAQ,뉴로스,주권,2026-09-06,KRX-DELISTING,True
126880,,2011-01-31,FDR_DESC,KOSDAQ,제이엔케이글로벌,주권,2026-09-06,KOSDAQ-DESC,False
127120,,2011-12-26,FDR_DESC,KOSDAQ,제이에스링크,주권,2026-09-06,KOSDAQ-DESC,False
127160,2022-09-22,2015-11-19,FDR_DELISTING,KOSDAQ,매직마이크로,주권,2026-09-06,KRX-DELISTING,True
127710,,2015-07-31,FDR_DESC,KOSDAQ,아시아경제,주권,2026-09-06,KOSDAQ-DESC,False
127980,,2023-02-17,FDR_DESC,KOSDAQ,화인써키트,주권,2026-09-06,KOSDAQ-DESC,False
128540,,2018-12-05,FDR_DESC,KOSDAQ,에코캡,주권,2026-09-06,KOSDAQ-DESC,False
128660,,2010-12-13,FDR_DESC,KOSDAQ,피제이메탈,주권,2026-09-06,KOSDAQ-DESC,False
128820,,2010-07-30,FDR_DESC,KOSPI,대성산업,주권,2026-09-06,KOSPI-DESC,False
128910,2013-07-15,2010-12-08,FDR_DELISTING,KOSDAQ,동부티에스블랙펄스팩,주권,2026-09-06,KRX-DELISTING,True
128940,,2010-07-30,FDR_DESC,KOSPI,한미약품,주권,2026-09-06,KOSPI-DESC,False
129260,,2011-12-16,FDR_DESC,KOSPI,인터지스,주권,2026-09-06,KOSPI-DESC,False
129890,,2020-12-02,FDR_DESC,KOSDAQ,앱코,주권,2026-09-06,KOSDAQ-DESC,False
129920,,2022-08-22,FDR_DESC,KOSDAQ,대성하이텍,주권,2026-09-06,KOSDAQ-DESC,False
130500,,2013-08-02,FDR_DESC,KOSDAQ,GH신소재,주권,2026-09-06,KOSDAQ-DESC,False
130580,,2011-12-22,FDR_DESC,KOSDAQ,나이스디앤비,주권,2026-09-06,KOSDAQ-DESC,False
130660,,2010-12-16,FDR_DESC,KOSPI,한전산업,주권,2026-09-06,KOSPI-DESC,False
130740,,2011-02-08,FDR_DESC,KOSDAQ,티피씨글로벌,주권,2026-09-06,KOSDAQ-DESC,False
130960,2018-07-18,2010-10-15,FDR_DELISTING,KOSDAQ,CJ E&M,주권,2026-09-06,KRX-DELISTING,True
131030,,2010-12-03,FDR_DESC,KOSDAQ,옵투스제약,주권,2026-09-06,KOSDAQ-DESC,False
131090,,2011-12-21,FDR_DESC,KOSDAQ,시큐브,주권,2026-09-06,KOSDAQ-DESC,False
131100,,2011-06-14,FDR_DESC,KOSDAQ,티엔엔터테인먼트,주권,2026-09-06,KOSDAQ-DESC,False
131180,,2011-01-31,FDR_DESC,KOSDAQ,딜리,주권,2026-09-06,KOSDAQ-DESC,False
131220,,2011-10-11,FDR_DESC,KOSDAQ,대한과학,주권,2026-09-06,KOSDAQ-DESC,False
131290,,2011-01-05,FDR_DESC,KOSDAQ,티에스이,주권,2026-09-06,KOSDAQ-DESC,False
131370,,2011-01-05,FDR_DESC,KOSDAQ,알서포트,주권,2026-09-06,KOSDAQ-DESC,False
131390,2022-11-29,2011-09-27,FDR_DELISTING,KOSDAQ,원익피앤이,주권,2026-09-06,KRX-DELISTING,True
131400,,2010-12-27,FDR_DESC,KOSDAQ,이브이첨단소재,주권,2026-09-06,KOSDAQ-DESC,False
131760,,2015-08-17,FDR_DESC,KOSDAQ,파인텍,주권,2026-09-06,KOSDAQ-DESC,False
133750,,2015-12-18,FDR_DESC,KOSDAQ,메가엠디,주권,2026-09-06,KOSDAQ-DESC,False
133820,,2014-07-22,FDR_DESC,KOSPI,화인베스틸,주권,2026-09-06,KOSPI-DESC,False
134060,,2011-04-27,FDR_DESC,KOSDAQ,이퓨쳐,주권,2026-09-06,KOSDAQ-DESC,False
134380,,2011-02-15,FDR_DESC,KOSPI,미원화학,주권,2026-09-06,KOSPI-DESC,False
134580,,2013-11-26,FDR_DESC,KOSDAQ,탑코미디어,주권,2026-09-06,KOSDAQ-DESC,False
134780,2020-07-02,2011-08-10,FDR_DELISTING,KOSDAQ,화진,주권,2026-09-06,KRX-DELISTING,True
134790,,2011-01-25,FDR_DESC,KOSPI,시디즈,주권,2026-09-06,KOSPI-DESC,False
136150,,2025-05-09,FDR_DESC,KOSDAQ,원일티엔아이,주권,2026-09-06,KOSDAQ-DESC,False
136410,,2022-02-07,FDR_DESC,KOSDAQ,아셈스,주권,2026-09-06,KOSDAQ-DESC,False
136480,,2011-05-02,FDR_DESC,KOSDAQ,하림,주권,2026-09-06,KOSDAQ-DESC,False
136490,,2011-02-16,FDR_DESC,KOSPI,선진,주권,2026-09-06,KOSPI-DESC,False
136510,2024-07-25,2011-11-18,FDR_DELISTING,KOSDAQ,스마트솔루션즈,주권,2026-09-06,KRX-DELISTING,True
136540,,2011-05-02,FDR_DESC,KOSDAQ,윈스테크넷,주권,2026-09-06,KOSDAQ-DESC,False
137080,,2022-02-08,FDR_DESC,KOSDAQ,나래나노텍,주권,2026-09-06,KOSDAQ-DESC,False
137310,,2021-07-16,FDR_DESC,KOSPI,에스디바이오센서,주권,2026-09-06,KOSPI-DESC,False
137940,,2011-06-14,FDR_DESC,KOSDAQ,넥스트아이,주권,2026-09-06,KOSDAQ-DESC,False
137950,,2011-08-08,FDR_DESC,KOSDAQ,제이씨케미칼,주권,2026-09-06,KOSDAQ-DESC,False
138040,,2011-05-13,FDR_DESC,KOSPI,메리츠금융지주,주권,2026-09-06,KOSPI-DESC,False
138070,,2011-11-28,FDR_DESC,KOSDAQ,신진에스엠,주권,2026-09-06,KOSDAQ-DESC,False
138080,,2014-02-27,FDR_DESC,KOSDAQ,오이솔루션,주권,2026-09-06,KOSDAQ-DESC,False
138250,2022-03-22,2015-03-27,FDR_DELISTING,KOSPI,엔에스쇼핑,주권,2026-09-06,KRX-DELISTING,True
138360,,2013-11-08,FDR_DESC,KOSDAQ,앤로보틱스,주권,2026-09-06,KOSDAQ-DESC,False
138490,2026-04-16,2011-06-15,FDR_DELISTING,KOSPI,코오롱ENP,주권,2026-09-06,KRX-DELISTING,True
138580,2024-11-22,2017-11-30,FDR_DELISTING,KOSDAQ,비즈니스온,주권,2026-09-06,KRX-DELISTING,True
138610,,2011-07-13,FDR_DESC,KOSDAQ,나이벡,주권,2026-09-06,KOSDAQ-DESC,False
138690,2023-12-06,2011-06-02,FDR_DELISTING,KOSDAQ,엘아이에스,주권,2026-09-06,KRX-DELISTING,True
138930,,2011-03-30,FDR_DESC,KOSPI,BNK금융지주,주권,2026-09-06,KOSPI-DESC,False
139050,2026-05-08,2011-07-29,FDR_DELISTING,KOSDAQ,BF랩스,주권,2026-09-06,KRX-DELISTING,True
139130,,2011-06-07,FDR_DESC,KOSPI,iM금융지주,주권,2026-09-06,KOSPI-DESC,False
139480,,2011-06-10,FDR_DESC,KOSPI,이마트,주권,2026-09-06,KOSPI-DESC,False
139670,,2011-12-02,FDR_DESC,KOSDAQ,키네마스터,주권,2026-09-06,KOSDAQ-DESC,False
139990,,2021-08-20,FDR_DESC,KOSPI,아주스틸,주권,2026-09-06,KOSPI-DESC,False
140070,,2017-01-25,FDR_DESC,KOSDAQ,서플러스글로벌,주권,2026-09-06,KOSDAQ-DESC,False
140410,,2012-01-20,FDR_DESC,KOSDAQ,메지온,주권,2026-09-06,KOSDAQ-DESC,False
140430,,2024-05-03,FDR_DESC,KOSDAQ,카티스,주권,2026-09-06,KOSDAQ-DESC,False
140520,,2014-12-05,FDR_DESC,KOSDAQ,대창스틸,주권,2026-09-06,KOSDAQ-DESC,False
140670,,2017-08-11,FDR_DESC,KOSDAQ,알에스오토메이션,주권,2026-09-06,KOSDAQ-DESC,False
141000,,2012-05-04,FDR_DESC,KOSDAQ,비아트론,주권,2026-09-06,KOSDAQ-DESC,False
141020,2024-01-03,2013-01-29,FDR_DELISTING,KOSDAQ,디에스앤엘,주권,2026-09-06,KRX-DELISTING,True
141070,2021-09-16,2012-11-16,FDR_DELISTING,KOSDAQ,맥스로텍,주권,2026-09-06,KRX-DELISTING,True
142210,,2016-02-02,FDR_DESC,KOSDAQ,유니트론텍,주권,2026-09-06,KOSDAQ-DESC,False
142280,,2014-12-17,FDR_DESC,KOSDAQ,녹십자엠에스,주권,2026-09-06,KOSDAQ-DESC,False
142760,,2016-07-07,FDR_DESC,KOSDAQ,모아라이프플러스,주권,2026-09-06,KOSDAQ-DESC,False
143160,,2011-09-26,FDR_DESC,KOSDAQ,아이디스,주권,2026-09-06,KOSDAQ-DESC,False
143210,,2016-12-02,FDR_DESC,KOSPI,핸즈코퍼레이션,주권,2026-09-06,KOSPI-DESC,False
143240,,2012-02-21,FDR_DESC,KOSDAQ,사람인,주권,2026-09-06,KOSDAQ-DESC,False
143540,,2014-10-29,FDR_DESC,KOSDAQ,영우디에스피,주권,2026-09-06,KOSDAQ-DESC,False
144510,,2016-06-23,FDR_DESC,KOSDAQ,지씨셀,주권,2026-09-06,KOSDAQ-DESC,False
144620,2021-11-05,2012-04-05,FDR_DELISTING,KOSPI,코오롱머티리얼,주권,2026-09-06,KRX-DELISTING,True
144960,,2016-11-30,FDR_DESC,KOSDAQ,뉴파워프라즈마,주권,2026-09-06,KOSDAQ-DESC,False
145020,,2015-12-24,FDR_DESC,KOSDAQ,휴젤,주권,2026-09-06,KOSDAQ-DESC,False
145170,,2024-05-23,FDR_DESC,KOSDAQ,노브랜드,주권,2026-09-06,KOSDAQ-DESC,False
145210,,2015-03-19,FDR_DESC,KOSPI,다이나믹디자인,주권,2026-09-06,KOSPI-DESC,False
145270,,2012-01-31,FDR_DESC,KOSPI,케이탑리츠,주권,2026-09-06,KOSPI-DESC,False
145720,,2017-03-15,FDR_DESC,KOSPI,덴티움,주권,2026-09-06,KOSPI-DESC,False
145990,,2011-12-05,FDR_DESC,KOSPI,삼양사,주권,2026-09-06,KOSPI-DESC,False
145995,,2014-06-17,FDR_FIRST_TRADE,KOSPI,삼양사우,주권,2026-09-06,KOSPI-DESC,False
146060,,2023-09-08,FDR_DESC,KOSDAQ,율촌,주권,2026-09-06,KOSDAQ-DESC,False
146320,,2022-03-03,FDR_DESC,KOSDAQ,비씨엔씨,주권,2026-09-06,KOSDAQ-DESC,False
147760,,2016-12-12,FDR_DESC,KOSDAQ,피엠티,주권,2026-09-06,KOSDAQ-DESC,False
147830,,2012-02-13,FDR_DESC,KOSDAQ,제룡산업,주권,2026-09-06,KOSDAQ-DESC,False
148140,2024-06-07,2017-11-09,FDR_DELISTING,KOSDAQ,비디아이,주권,2026-09-06,KRX-DELISTING,True
148150,,2019-07-30,FDR_DESC,KOSDAQ,세경하이테크,주권,2026-09-06,KOSDAQ-DESC,False
148250,,2016-06-22,FDR_DESC,KOSDAQ,알엔투테크놀로지,주권,2026-09-06,KOSDAQ-DESC,False
148780,,2022-06-20,FDR_DESC,KOSDAQ,비큐AI,주권,2026-09-06,KOSDAQ-DESC,False
148930,,2022-08-09,FDR_DESC,KOSDAQ,에이치와이티씨,주권,2026-09-06,KOSDAQ-DESC,False
149940,2020-07-10,2012-09-25,FDR_DELISTING,KOSDAQ,모다,주권,2026-09-06,KRX-DELISTING,True
149950,,2012-11-06,FDR_DESC,KOSDAQ,아바텍,주권,2026-09-06,KOSDAQ-DESC,False
149980,,2014-12-17,FDR_DESC,KOSDAQ,하이로닉,주권,2026-09-06,KOSDAQ-DESC,False
150840,2026-01-26,2013-12-19,FDR_DELISTING,KOSDAQ,인트로메딕,주권,2026-09-06,KRX-DELISTING,True
150900,,2013-10-18,FDR_DESC,KOSDAQ,파수AI,주권,2026-09-06,KOSDAQ-DESC,False
151860,,2013-07-24,FDR_DESC,KOSDAQ,KG에코솔루션,주권,2026-09-06,KOSDAQ-DESC,False
151910,2025-11-26,2012-08-02,FDR_DELISTING,KOSDAQ,퓨처코어,주권,2026-09-06,KRX-DELISTING,True
152330,2020-12-18,2015-12-29,FDR_DELISTING,KOSPI,코리아오토글라스,주권,2026-09-06,KRX-DELISTING,True
153460,,2012-07-19,FDR_DESC,KOSDAQ,네이블,주권,2026-09-06,KOSDAQ-DESC,False
153490,,2013-02-05,FDR_DESC,KOSDAQ,우리이앤엘하루틴,주권,2026-09-06,KOSDAQ-DESC,False
153710,,2018-10-26,FDR_DESC,KOSDAQ,옵티팜,주권,2026-09-06,KOSDAQ-DESC,False
153890,,2026-06-29,FDR_DESC,KOSDAQ,져스텍,주권,2026-09-06,KOSDAQ-DESC,False
154030,,2018-02-12,FDR_DESC,KOSDAQ,아시아종묘,주권,2026-09-06,KOSDAQ-DESC,False
154040,,2013-12-27,FDR_DESC,KOSDAQ,다산솔루에타,주권,2026-09-06,KOSDAQ-DESC,False
155650,,2012-11-15,FDR_DESC,KOSDAQ,와이엠씨,주권,2026-09-06,KOSDAQ-DESC,False
155660,,2013-05-15,FDR_DESC,KOSPI,DSR,주권,2026-09-06,KOSPI-DESC,False
155960,2018-10-12,2013-02-13,FDR_DELISTING,KOSDAQ,지디,주권,2026-09-06,KRX-DELISTING,True
156100,,2016-11-30,FDR_DESC,KOSDAQ,엘앤케이바이오,주권,2026-09-06,KOSDAQ-DESC,False
158310,2022-11-09,2013-04-03,FDR_DELISTING,KOSDAQ,참존글로벌,주권,2026-09-06,KRX-DELISTING,True
158380,2016-04-21,2013-04-30,FDR_DELISTING,KOSDAQ,삼목강업,주권,2026-09-06,KRX-DELISTING,True
158430,,2019-10-17,FDR_DESC,KOSDAQ,아톤,주권,2026-09-06,KOSDAQ-DESC,False
159010,,2021-10-07,FDR_DESC,KOSDAQ,아스플로,주권,2026-09-06,KOSDAQ-DESC,False
159580,,2013-02-19,FDR_DESC,KOSDAQ,제로투세븐,주권,2026-09-06,KOSDAQ-DESC,False
159910,,2012-12-27,FDR_DESC,KOSDAQ,에코글로우,주권,2026-09-06,KOSDAQ-DESC,False
160190,,2024-06-27,FDR_DESC,KOSDAQ,하이젠알앤엠,주권,2026-09-06,KOSDAQ-DESC,False
160550,,2014-12-23,FDR_DESC,KOSDAQ,NEW,주권,2026-09-06,KOSDAQ-DESC,False
160600,2025-02-14,2015-06-26,FDR_DELISTING,KOSDAQ,이큐셀,주권,2026-09-06,KRX-DELISTING,True
160980,,2015-06-17,FDR_DESC,KOSDAQ,싸이맥스,주권,2026-09-06,KOSDAQ-DESC,False
161000,,2012-09-17,FDR_DESC,KOSPI,애경케미칼,주권,2026-09-06,KOSPI-DESC,False
161390,,2012-10-04,FDR_DESC,KOSPI,한국타이어앤테크놀로지,주권,2026-09-06,KOSPI-DESC,False
161570,2024-06-17,2013-11-13,FDR_DELISTING,KOSDAQ,THE MIDONG,주권,2026-09-06,KRX-DELISTING,True
161580,,2017-06-01,FDR_DESC,KOSDAQ,필옵틱스,주권,2026-09-06,KOSDAQ-DESC,False
161890,,2012-10-19,FDR_DESC,KOSPI,한국콜마,주권,2026-09-06,KOSPI-DESC,False
162300,,2022-12-23,FDR_DESC,KOSDAQ,신스틸,주권,2026-09-06,KOSDAQ-DESC,False
163280,,2024-11-08,FDR_DESC,KOSDAQ,에어레인,주권,2026-09-06,KOSDAQ-DESC,False
163560,,2012-10-19,FDR_DESC,KOSPI,동일고무벨트,주권,2026-09-06,KOSPI-DESC,False
163730,,2021-01-29,FDR_DESC,KOSDAQ,핑거,주권,2026-09-06,KOSDAQ-DESC,False
164060,2024-10-22,2020-08-06,FDR_DELISTING,KOSDAQ,이루다,주권,2026-09-06,KRX-DELISTING,True
166090,,2017-04-28,FDR_DESC,KOSDAQ,하나머티리얼즈,주권,2026-09-06,KOSDAQ-DESC,False
166480,,2015-06-26,FDR_DESC,KOSDAQ,코아스템켐온,주권,2026-09-06,KOSDAQ-DESC,False
168330,,2013-10-31,FDR_DESC,KOSDAQ,내츄럴엔도텍,주권,2026-09-06,KOSDAQ-DESC,False
168360,,2022-11-24,FDR_DESC,KOSDAQ,펨트론,주권,2026-09-06,KOSDAQ-DESC,False
169330,,2020-07-01,FDR_DESC,KOSDAQ,엠브레인,주권,2026-09-06,KOSDAQ-DESC,False
170030,,2013-12-04,FDR_DESC,KOSDAQ,현대공업,주권,2026-09-06,KOSDAQ-DESC,False
170790,,2013-08-01,FDR_DESC,KOSDAQ,파이오링크,주권,2026-09-06,KOSDAQ-DESC,False
170900,,2013-04-08,FDR_DESC,KOSPI,동아에스티,주권,2026-09-06,KOSPI-DESC,False
170920,,2013-10-08,FDR_DESC,KOSDAQ,엘티씨,주권,2026-09-06,KOSDAQ-DESC,False
171010,,2013-11-18,FDR_DESC,KOSDAQ,램테크놀러지,주권,2026-09-06,KOSDAQ-DESC,False
171090,,2017-09-20,FDR_DESC,KOSDAQ,선익시스템,주권,2026-09-06,KOSDAQ-DESC,False
171120,,2013-11-19,FDR_DESC,KOSDAQ,라이온켐텍,주권,2026-09-06,KOSDAQ-DESC,False
172670,,2023-07-27,FDR_DESC,KOSDAQ,에이엘티,주권,2026-09-06,KOSDAQ-DESC,False
173130,,2018-08-24,FDR_DESC,KOSDAQ,오파스넷,주권,2026-09-06,KOSDAQ-DESC,False
173940,,2014-12-04,FDR_DESC,KOSDAQ,에프엔씨엔터,주권,2026-09-06,KOSDAQ-DESC,False
174880,2026-01-14,2016-07-15,FDR_DELISTING,KOSDAQ,장원테크,주권,2026-09-06,KRX-DELISTING,True
174900,,2017-09-18,FDR_DESC,KOSDAQ,앱클론,주권,2026-09-06,KOSDAQ-DESC,False
175140,,2015-09-23,FDR_DESC,KOSDAQ,아고스,주권,2026-09-06,KOSDAQ-DESC,False
175250,,2018-07-12,FDR_DESC,KOSDAQ,아이큐어,주권,2026-09-06,KOSDAQ-DESC,False
175330,,2013-07-18,FDR_DESC,KOSPI,JB금융지주,주권,2026-09-06,KOSPI-DESC,False
176440,2022-06-27,2016-11-28,FDR_DELISTING,KOSDAQ,에이치엔티,주권,2026-09-06,KRX-DELISTING,True
176750,,2024-12-20,FDR_DESC,KOSDAQ,듀켐바이오,주권,2026-09-06,KOSDAQ-DESC,False
177350,,2015-06-19,FDR_DESC,KOSDAQ,베셀,주권,2026-09-06,KOSDAQ-DESC,False
177830,,2014-08-04,FDR_DESC,KOSDAQ,파버나인,주권,2026-09-06,KOSDAQ-DESC,False
177900,,2024-12-24,FDR_DESC,KOSDAQ,쓰리에이로직스,주권,2026-09-06,KOSDAQ-DESC,False
178320,,2017-03-27,FDR_DESC,KOSDAQ,서진시스템,주권,2026-09-06,KOSDAQ-DESC,False
178780,,2015-06-30,FDR_DESC,KOSDAQ,일월지엠엘,주권,2026-09-06,KOSDAQ-DESC,False
178920,,2021-08-09,FDR_DESC,KOSPI,PI첨단소재,주권,2026-09-06,KOSPI-DESC,False
179290,,2018-11-29,FDR_DESC,KOSDAQ,엠아이텍,주권,2026-09-06,KOSDAQ-DESC,False
179530,,2022-01-24,FDR_DESC,KOSDAQ,애드바이오텍,주권,2026-09-06,KOSDAQ-DESC,False
179900,,2017-09-27,FDR_DESC,KOSDAQ,유티아이,주권,2026-09-06,KOSDAQ-DESC,False
180400,,2015-11-20,FDR_DESC,KOSDAQ,DXVX,주권,2026-09-06,KOSDAQ-DESC,False
180640,,2013-09-16,FDR_DESC,KOSPI,한진칼,주권,2026-09-06,KOSPI-DESC,False
18064K,,2014-06-17,FDR_FIRST_TRADE,KOSPI,한진칼우,주권,2026-09-06,KOSPI-DESC,False
181340,2024-07-10,2017-07-26,FDR_DELISTING,KOSDAQ,이즈미디어,주권,2026-09-06,KRX-DELISTING,True
181710,,2013-08-29,FDR_DESC,KOSPI,NHN,주권,2026-09-06,KOSPI-DESC,False
182360,,2013-11-21,FDR_DESC,KOSDAQ,큐브엔터,주권,2026-09-06,KOSDAQ-DESC,False
182400,,2015-10-23,FDR_DESC,KOSDAQ,엔케이젠바이오텍코리아,주권,2026-09-06,KOSDAQ-DESC,False
182690,2022-10-17,2014-10-30,FDR_DELISTING,KOSDAQ,테라셈,주권,2026-09-06,KRX-DELISTING,True
183190,,2013-11-06,FDR_DESC,KOSPI,아세아시멘트,주권,2026-09-06,KOSPI-DESC,False
183300,,2017-03-23,FDR_DESC,KOSDAQ,코미코,주권,2026-09-06,KOSDAQ-DESC,False
183490,,2018-02-21,FDR_DESC,KOSDAQ,엔지켐생명과학,주권,2026-09-06,KOSDAQ-DESC,False
184230,,2013-12-20,FDR_DESC,KOSDAQ,SGA솔루션즈,주권,2026-09-06,KOSDAQ-DESC,False
185490,,2015-11-16,FDR_DESC,KOSDAQ,아이진,주권,2026-09-06,KOSDAQ-DESC,False
185750,,2013-12-06,FDR_DESC,KOSPI,종근당,주권,2026-09-06,KOSPI-DESC,False
186230,,2019-08-07,FDR_DESC,KOSDAQ,그린플러스,주권,2026-09-06,KOSDAQ-DESC,False
187220,,2014-12-17,FDR_DESC,KOSDAQ,디티앤씨,주권,2026-09-06,KOSDAQ-DESC,False
187270,,2014-08-08,FDR_DESC,KOSDAQ,신화콘텍,주권,2026-09-06,KOSDAQ-DESC,False
187420,,2015-05-29,FDR_DESC,KOSDAQ,HLB제넥스,주권,2026-09-06,KOSDAQ-DESC,False
187660,,2021-06-03,FDR_DESC,KOSDAQ,페니트리움바이오,주권,2026-09-06,KOSDAQ-DESC,False
187790,,2014-05-08,FDR_DESC,KOSDAQ,나노,주권,2026-09-06,KOSDAQ-DESC,False
187870,,2017-12-20,FDR_DESC,KOSDAQ,디바이스,주권,2026-09-06,KOSDAQ-DESC,False
188040,,2025-05-16,FDR_DESC,KOSDAQ,바이오포트,주권,2026-09-06,KOSDAQ-DESC,False
188260,,2023-11-03,FDR_DESC,KOSDAQ,세니젠,주권,2026-09-06,KOSDAQ-DESC,False
189300,,2016-10-18,FDR_DESC,KOSDAQ,인텔리안테크,주권,2026-09-06,KOSDAQ-DESC,False
189330,,2021-02-24,FDR_DESC,KOSDAQ,씨이랩,주권,2026-09-06,KOSDAQ-DESC,False
189690,,2015-02-11,FDR_DESC,KOSDAQ,포시에스,주권,2026-09-06,KOSDAQ-DESC,False
189860,,2014-12-24,FDR_DESC,KOSDAQ,서전기전,주권,2026-09-06,KOSDAQ-DESC,False
189980,,2015-08-07,FDR_DESC,KOSDAQ,흥국에프엔비,주권,2026-09-06,KOSDAQ-DESC,False
190510,,2015-11-12,FDR_DESC,KOSDAQ,나무가,주권,2026-09-06,KOSDAQ-DESC,False
190650,,2019-11-20,FDR_DESC,KOSDAQ,코리아에셋투자증권,주권,2026-09-06,KOSDAQ-DESC,False
191410,,2015-12-24,FDR_DESC,KOSDAQ,육일씨엔에쓰,주권,2026-09-06,KOSDAQ-DESC,False
191420,,2014-11-06,FDR_DESC,KOSDAQ,테고사이언스,주권,2026-09-06,KOSDAQ-DESC,False
192080,,2019-03-12,FDR_DESC,KOSPI,더블유게임즈,주권,2026-09-06,KOSPI-DESC,False
192250,,2014-04-28,FDR_DESC,KOSDAQ,케이사인,주권,2026-09-06,KOSDAQ-DESC,False
192390,,2014-07-25,FDR_DESC,KOSDAQ,윈하이텍,주권,2026-09-06,KOSDAQ-DESC,False
192400,,2014-08-06,FDR_DESC,KOSPI,쿠쿠홀딩스,주권,2026-09-06,KOSPI-DESC,False
192410,,2014-08-14,FDR_DESC,KOSDAQ,오늘이엔엠,주권,2026-09-06,KOSDAQ-DESC,False
192440,,2014-11-05,FDR_DESC,KOSDAQ,슈피겐코리아,주권,2026-09-06,KOSDAQ-DESC,False
192520,2015-06-23,2014-05-22,FDR_DELISTING,KOSPI,경남은행,주권,2026-09-06,KRX-DELISTING,True
192530,2018-10-26,2014-05-22,FDR_DELISTING,KOSPI,광주은행,주권,2026-09-06,KRX-DELISTING,True
192650,,2019-03-14,FDR_DESC,KOSPI,드림텍,주권,2026-09-06,KOSPI-DESC,False
192820,,2014-04-07,FDR_DESC,KOSPI,코스맥스,주권,2026-09-06,KOSPI-DESC,False
193250,,2014-12-29,FDR_DESC,KOSDAQ,링크드,주권,2026-09-06,KOSDAQ-DESC,False
194370,,2016-02-04,FDR_DESC,KOSPI,제이에스코퍼레이션,주권,2026-09-06,KOSPI-DESC,False
194480,,2014-10-06,FDR_DESC,KOSDAQ,데브시스터즈,주권,2026-09-06,KOSDAQ-DESC,False
194510,2020-09-09,2014-11-21,FDR_DELISTING,KOSDAQ,파티게임즈,주권,2026-09-06,KRX-DELISTING,True
194610,2018-10-12,2014-06-10,FDR_DELISTING,KOSDAQ,우성아이비,주권,2026-09-06,KRX-DELISTING,True
194700,,2018-11-14,FDR_DESC,KOSDAQ,노바렉스,주권,2026-09-06,KOSDAQ-DESC,False
195440,2021-06-10,2016-12-21,FDR_DELISTING,KOSDAQ,퓨전,주권,2026-09-06,KRX-DELISTING,True
195500,,2019-08-20,FDR_DESC,KOSDAQ,마니커에프앤지,주권,2026-09-06,KOSDAQ-DESC,False
195870,,2016-06-24,FDR_DESC,KOSPI,해성디에스,주권,2026-09-06,KOSPI-DESC,False
195990,,2015-04-13,FDR_DESC,KOSDAQ,루트K,주권,2026-09-06,KOSDAQ-DESC,False
196300,,2016-12-07,FDR_DESC,KOSDAQ,HLB펩,주권,2026-09-06,KOSDAQ-DESC,False
196450,,2014-06-02,FDR_DESC,KOSDAQ,코아시아씨엠,주권,2026-09-06,KOSDAQ-DESC,False
196490,,2014-11-19,FDR_DESC,KOSDAQ,디에이테크놀로지,주권,2026-09-06,KOSDAQ-DESC,False
196700,,2015-08-24,FDR_DESC,KOSDAQ,웹스,주권,2026-09-06,KOSDAQ-DESC,False
197140,,2018-09-07,FDR_DESC,KOSDAQ,디지캡,주권,2026-09-06,KOSDAQ-DESC,False
197210,2020-05-14,2015-11-20,FDR_DELISTING,KOSDAQ,리드,주권,2026-09-06,KRX-DELISTING,True
198080,,2020-03-16,FDR_DESC,KOSDAQ,캐프,주권,2026-09-06,KOSDAQ-DESC,False
198440,,2014-08-13,FDR_DESC,KOSDAQ,강동씨앤엘,주권,2026-09-06,KOSDAQ-DESC,False
198940,,2023-01-19,FDR_DESC,KOSDAQ,한주라이트메탈,주권,2026-09-06,KOSDAQ-DESC,False
199430,,2024-03-07,FDR_DESC,KOSDAQ,케이엔알시스템,주권,2026-09-06,KOSDAQ-DESC,False
199480,,2024-08-12,FDR_DESC,KOSDAQ,뱅크웨어글로벌,주권,2026-09-06,KOSDAQ-DESC,False
199550,,2024-02-01,FDR_DESC,KOSDAQ,레이저옵텍,주권,2026-09-06,KOSDAQ-DESC,False
199730,,2023-03-02,FDR_DESC,KOSDAQ,바이오인프라,주권,2026-09-06,KOSDAQ-DESC,False
199800,,2021-12-10,FDR_DESC,KOSDAQ,툴젠,주권,2026-09-06,KOSDAQ-DESC,False
199820,,2020-11-26,FDR_DESC,KOSDAQ,제일일렉트릭,주권,2026-09-06,KOSDAQ-DESC,False
200230,,2014-11-24,FDR_DESC,KOSDAQ,텔콘RF제약,주권,2026-09-06,KOSDAQ-DESC,False
200350,,2021-12-30,FDR_DESC,KOSDAQ,아티스트스튜디오,주권,2026-09-06,KOSDAQ-DESC,False
200470,,2014-12-26,FDR_DESC,KOSDAQ,에이팩트,주권,2026-09-06,KOSDAQ-DESC,False
200670,,2014-12-26,FDR_DESC,KOSDAQ,휴메딕스,주권,2026-09-06,KOSDAQ-DESC,False
200710,,2014-12-16,FDR_DESC,KOSDAQ,에이디테크놀로지,주권,2026-09-06,KOSDAQ-DESC,False
200780,,2014-12-15,FDR_DESC,KOSDAQ,비씨월드제약,주권,2026-09-06,KOSDAQ-DESC,False
200880,,2014-08-08,FDR_DESC,KOSPI,서연이화,주권,2026-09-06,KOSPI-DESC,False
201490,,2016-10-10,FDR_DESC,KOSDAQ,미투온,주권,2026-09-06,KOSDAQ-DESC,False
203400,,2021-09-08,FDR_DESC,KOSDAQ,에이비온,주권,2026-09-06,KOSDAQ-DESC,False
203450,,2016-12-07,FDR_DESC,KOSDAQ,유니온바이오메트릭스,주권,2026-09-06,KOSDAQ-DESC,False
203650,,2014-10-13,FDR_DESC,KOSDAQ,드림시큐리티,주권,2026-09-06,KOSDAQ-DESC,False
203690,2026-07-08,2014-09-30,FDR_DELISTING,KOSDAQ,아크솔루션스,주권,2026-09-06,KRX-DELISTING,True
204020,,2018-07-23,FDR_DESC,KOSDAQ,그리티,주권,2026-09-06,KOSDAQ-DESC,False
204270,,2020-03-04,FDR_DESC,KOSDAQ,제이앤티씨,주권,2026-09-06,KOSDAQ-DESC,False
204320,,2014-10-06,FDR_DESC,KOSPI,HL만도,주권,2026-09-06,KOSPI-DESC,False
204440,2017-05-29,2014-10-22,FDR_DELISTING,KOSDAQ,대우스팩2호,주권,2026-09-06,KRX-DELISTING,True
204610,,2022-11-17,FDR_DESC,KOSDAQ,티쓰리,주권,2026-09-06,KOSDAQ-DESC,False
204620,,2014-11-19,FDR_DESC,KOSDAQ,글로벌텍스프리,주권,2026-09-06,KOSDAQ-DESC,False
204630,2026-03-18,2014-12-29,FDR_DELISTING,KOSDAQ,스튜디오산타클로스,주권,2026-09-06,KRX-DELISTING,True
204650,2017-07-07,2014-11-24,FDR_DELISTING,KOSDAQ,케이티비스팩1호,주권,2026-09-06,KRX-DELISTING,True
204760,2017-06-15,2014-11-10,FDR_DELISTING,KOSDAQ,현대에이블스팩1호,주권,2026-09-06,KRX-DELISTING,True
204840,,2014-11-20,FDR_DESC,KOSDAQ,지엘팜텍,주권,2026-09-06,KOSDAQ-DESC,False
204990,2020-08-11,2016-12-09,FDR_DELISTING,KOSDAQ,코썬바이오,주권,2026-09-06,KRX-DELISTING,True
205100,,2014-11-07,FDR_DESC,KOSDAQ,엑셈,주권,2026-09-06,KOSDAQ-DESC,False
205470,,2014-12-01,FDR_DESC,KOSDAQ,휴마시스,주권,2026-09-06,KOSDAQ-DESC,False
205500,,2014-11-12,FDR_DESC,KOSDAQ,넥써쓰,주권,2026-09-06,KOSDAQ-DESC,False
206400,,2014-12-10,FDR_DESC,KOSDAQ,베노티앤알,주권,2026-09-06,KOSDAQ-DESC,False
206560,,2015-12-22,FDR_DESC,KOSDAQ,덱스터,주권,2026-09-06,KOSDAQ-DESC,False
206640,,2014-12-29,FDR_DESC,KOSDAQ,바디텍메드,주권,2026-09-06,KOSDAQ-DESC,False
206650,,2017-01-24,FDR_DESC,KOSDAQ,유바이오로직스,주권,2026-09-06,KOSDAQ-DESC,False
206660,2017-10-20,2015-02-05,FDR_DELISTING,KOSDAQ,골든브릿지제2호스팩,주권,2026-09-06,KRX-DELISTING,True
207720,2017-10-16,2014-12-17,FDR_DELISTING,KOSDAQ,엔에이치SL스팩,주권,2026-09-06,KRX-DELISTING,True
207760,,2014-12-12,FDR_DESC,KOSDAQ,미스터블루,주권,2026-09-06,KOSDAQ-DESC,False
207930,2017-11-06,2015-03-31,FDR_DELISTING,KOSDAQ,SK1호스팩,주권,2026-09-06,KRX-DELISTING,True
207940,,2016-11-10,FDR_DESC,KOSPI,삼성바이오로직스,주권,2026-09-06,KOSPI-DESC,False
208140,,2014-12-17,FDR_DESC,KOSDAQ,정다운,주권,2026-09-06,KOSDAQ-DESC,False
208340,2026-01-27,2018-11-21,FDR_DELISTING,KOSDAQ,파멥신,주권,2026-09-06,KRX-DELISTING,True
208350,,2014-12-24,FDR_DESC,KOSDAQ,지란지교시큐리티,주권,2026-09-06,KOSDAQ-DESC,False
208370,,2014-12-17,FDR_DESC,KOSDAQ,셀바스헬스케어,주권,2026-09-06,KOSDAQ-DESC,False
208640,,2014-12-29,FDR_DESC,KOSDAQ,썸에이지,주권,2026-09-06,KOSDAQ-DESC,False
208710,,2014-12-24,FDR_DESC,KOSDAQ,포톤,주권,2026-09-06,KOSDAQ-DESC,False
208860,,2016-07-28,FDR_DESC,KOSDAQ,다산디엠씨,주권,2026-09-06,KOSDAQ-DESC,False
208870,2017-07-31,2014-12-24,FDR_DELISTING,KOSDAQ,하나머스트3호스팩,주권,2026-09-06,KRX-DELISTING,True
209640,,2024-10-18,FDR_DESC,KOSDAQ,와이제이링크,주권,2026-09-06,KOSDAQ-DESC,False
210120,,2023-08-17,FDR_DESC,KOSDAQ,캔버스엔,주권,2026-09-06,KOSDAQ-DESC,False
210540,,2015-01-15,FDR_DESC,KOSPI,디와이파워,주권,2026-09-06,KOSPI-DESC,False
210980,,2015-06-23,FDR_DESC,KOSPI,SK디앤디,주권,2026-09-06,KOSPI-DESC,False
211050,,2022-02-16,FDR_DESC,KOSDAQ,인카금융서비스,주권,2026-09-06,KOSDAQ-DESC,False
211270,,2016-03-04,FDR_DESC,KOSDAQ,AP위성,주권,2026-09-06,KOSDAQ-DESC,False
212560,,2015-11-18,FDR_DESC,KOSDAQ,네오오토,주권,2026-09-06,KOSDAQ-DESC,False
212710,,2025-02-12,FDR_DESC,KOSDAQ,아이에스티이,주권,2026-09-06,KOSDAQ-DESC,False
213090,2021-10-05,2015-12-01,FDR_DELISTING,KOSDAQ,미래테크놀로지,주권,2026-09-06,KRX-DELISTING,True
213420,,2015-02-06,FDR_DESC,KOSDAQ,덕산네오룩스,주권,2026-09-06,KOSDAQ-DESC,False
213500,,2015-01-26,FDR_DESC,KOSPI,한솔제지,주권,2026-09-06,KOSPI-DESC,False
214180,,2015-06-30,FDR_DESC,KOSDAQ,헥토이노베이션,주권,2026-09-06,KOSDAQ-DESC,False
214260,,2019-11-11,FDR_DESC,KOSDAQ,라파스,주권,2026-09-06,KOSDAQ-DESC,False
214270,,2015-03-25,FDR_DESC,KOSDAQ,FSN,주권,2026-09-06,KOSDAQ-DESC,False
214310,2024-12-23,2015-06-25,FDR_DELISTING,KOSDAQ,에스엘에너지,주권,2026-09-06,KRX-DELISTING,True
214320,,2015-07-17,FDR_DESC,KOSPI,이노션,주권,2026-09-06,KOSPI-DESC,False
214330,,2015-11-11,FDR_DESC,KOSPI,금호에이치티,주권,2026-09-06,KOSPI-DESC,False
214370,,2015-11-17,FDR_DESC,KOSDAQ,케어젠,주권,2026-09-06,KOSDAQ-DESC,False
214390,,2015-06-29,FDR_DESC,KOSPI,경보제약,주권,2026-09-06,KOSPI-DESC,False
214420,,2015-07-10,FDR_DESC,KOSPI,토니모리,주권,2026-09-06,KOSPI-DESC,False
214430,,2015-07-30,FDR_DESC,KOSDAQ,아이쓰리시스템,주권,2026-09-06,KOSDAQ-DESC,False
214610,,2020-10-22,FDR_DESC,KOSDAQ,롤링스톤,주권,2026-09-06,KOSDAQ-DESC,False
214680,,2015-04-20,FDR_DESC,KOSDAQ,디알텍,주권,2026-09-06,KOSDAQ-DESC,False
214870,2025-03-31,2015-10-13,FDR_DELISTING,KOSDAQ,한울BnC,주권,2026-09-06,KRX-DELISTING,True
215000,,2015-04-03,FDR_DESC,KOSDAQ,골프존,주권,2026-09-06,KOSDAQ-DESC,False
215090,,2015-04-28,FDR_DESC,KOSDAQ,솔디펜스,주권,2026-09-06,KOSDAQ-DESC,False
215100,,2015-04-22,FDR_DESC,KOSDAQ,로보로보,주권,2026-09-06,KOSDAQ-DESC,False
215200,,2015-05-04,FDR_DESC,KOSDAQ,메가스터디교육,주권,2026-09-06,KOSDAQ-DESC,False
215360,,2015-05-06,FDR_DESC,KOSDAQ,우리산업,주권,2026-09-06,KOSDAQ-DESC,False
215380,,2015-05-18,FDR_DESC,KOSDAQ,콜마바이오텍,주권,2026-09-06,KOSDAQ-DESC,False
215480,,2015-05-13,FDR_DESC,KOSDAQ,토박스코리아,주권,2026-09-06,KOSDAQ-DESC,False
215580,2017-12-26,2015-05-19,FDR_DELISTING,KOSDAQ,대우스팩3호,주권,2026-09-06,KRX-DELISTING,True
215600,,2016-12-06,FDR_DESC,KOSDAQ,신라젠,주권,2026-09-06,KOSDAQ-DESC,False
215750,2018-01-04,2015-05-22,FDR_DELISTING,KOSDAQ,미래에셋제3호스팩,주권,2026-09-06,KRX-DELISTING,True
215790,,2015-05-08,FDR_DESC,KOSDAQ,이노인스트루먼트,주권,2026-09-06,KOSDAQ-DESC,False
216050,,2016-10-31,FDR_DESC,KOSDAQ,인크로스,주권,2026-09-06,KOSDAQ-DESC,False
216080,,2019-11-14,FDR_DESC,KOSDAQ,제테마,주권,2026-09-06,KOSDAQ-DESC,False
217190,,2015-09-25,FDR_DESC,KOSDAQ,제너셈,주권,2026-09-06,KOSDAQ-DESC,False
217270,,2015-06-18,FDR_DESC,KOSDAQ,넵튠,주권,2026-09-06,KOSDAQ-DESC,False
217330,,2018-11-22,FDR_DESC,KOSDAQ,싸이토젠,주권,2026-09-06,KOSDAQ-DESC,False
217480,,2017-03-02,FDR_DESC,KOSDAQ,에스디생명공학,주권,2026-09-06,KOSDAQ-DESC,False
217500,,2015-06-16,FDR_DESC,KOSDAQ,러셀,주권,2026-09-06,KOSDAQ-DESC,False
217590,,2025-12-15,FDR_DESC,KOSPI,티엠씨,주권,2026-09-06,KOSPI-DESC,False
217600,2022-12-16,2015-06-26,FDR_DELISTING,KOSDAQ,켐온,주권,2026-09-06,KRX-DELISTING,True
217620,2026-05-08,2015-06-10,FDR_DELISTING,KOSDAQ,선샤인푸드,주권,2026-09-06,KRX-DELISTING,True
217730,,2015-12-21,FDR_DESC,KOSDAQ,강스템바이오텍,주권,2026-09-06,KOSDAQ-DESC,False
217810,2018-01-19,2015-06-12,FDR_DELISTING,KOSDAQ,엔에이치스팩7호,주권,2026-09-06,KRX-DELISTING,True
217820,,2015-12-07,FDR_DESC,KOSDAQ,원익피앤이,주권,2026-09-06,KOSDAQ-DESC,False
218150,,2015-06-18,FDR_DESC,KOSDAQ,미래생명자원,주권,2026-09-06,KOSDAQ-DESC,False
218410,,2015-06-30,FDR_DESC,KOSDAQ,RFHIC,주권,2026-09-06,KOSDAQ-DESC,False
218710,2018-02-14,2015-07-06,FDR_DELISTING,KOSDAQ,키움스팩3호,주권,2026-09-06,KRX-DELISTING,True
219130,,2015-09-25,FDR_DESC,KOSDAQ,타이거일렉,주권,2026-09-06,KOSDAQ-DESC,False
219420,,2018-02-05,FDR_DESC,KOSDAQ,링크제니시스,주권,2026-09-06,KOSDAQ-DESC,False
219550,,2015-07-22,FDR_DESC,KOSDAQ,디와이디,주권,2026-09-06,KOSDAQ-DESC,False
219580,2018-02-07,2015-06-30,FDR_DELISTING,KOSDAQ,골든브릿지제3호스팩,주권,2026-09-06,KRX-DELISTING,True
219750,,2018-09-21,FDR_DESC,KOSDAQ,한국비티비,주권,2026-09-06,KOSDAQ-DESC,False
219860,2018-03-02,2015-07-20,FDR_DELISTING,KOSDAQ,한화에이스스팩2호,주권,2026-09-06,KRX-DELISTING,True
219960,2018-02-23,2015-07-17,FDR_DELISTING,KOSDAQ,유안타제2호스팩,주권,2026-09-06,KRX-DELISTING,True
220100,,2016-12-01,FDR_DESC,KOSDAQ,퓨쳐켐,주권,2026-09-06,KOSDAQ-DESC,False
220180,,2016-11-24,FDR_DESC,KOSDAQ,폴라리스AI핸디,주권,2026-09-06,KOSDAQ-DESC,False
220260,,2015-07-27,FDR_DESC,KOSDAQ,켐트로스,주권,2026-09-06,KOSDAQ-DESC,False
220630,2022-05-31,2015-08-28,FDR_DELISTING,KOSDAQ,맘스터치,주권,2026-09-06,KRX-DELISTING,True
221200,2018-04-17,2015-09-09,FDR_DELISTING,KOSDAQ,유진스팩3호,주권,2026-09-06,KRX-DELISTING,True
221610,2022-01-05,2016-01-27,FDR_DELISTING,KOSDAQ,자안바이오,주권,2026-09-06,KRX-DELISTING,True
221800,,2023-11-02,FDR_DESC,KOSDAQ,지구홀딩스,주권,2026-09-06,KOSDAQ-DESC,False
221840,,2015-11-25,FDR_DESC,KOSDAQ,하이즈항공,주권,2026-09-06,KOSDAQ-DESC,False
221950,2018-03-30,2015-08-21,FDR_DELISTING,KOSDAQ,케이비드림3호스팩,주권,2026-09-06,KRX-DELISTING,True
221980,,2015-11-19,FDR_DESC,KOSDAQ,케이디켐,주권,2026-09-06,KOSDAQ-DESC,False
222040,,2015-12-16,FDR_DESC,KOSDAQ,코스맥스엔비티,주권,2026-09-06,KOSDAQ-DESC,False
222110,,2016-03-11,FDR_DESC,KOSDAQ,팬젠,주권,2026-09-06,KOSDAQ-DESC,False
222160,2026-07-07,2021-11-18,FDR_DELISTING,KOSDAQ,NPX,주권,2026-09-06,KRX-DELISTING,True
222390,2018-03-13,2015-08-05,FDR_DELISTING,KOSDAQ,케이비제8호스팩,주권,2026-09-06,KRX-DELISTING,True
222420,,2015-08-06,FDR_DESC,KOSDAQ,쎄노텍,주권,2026-09-06,KOSDAQ-DESC,False
222810,2026-03-16,2015-08-13,FDR_DELISTING,KOSDAQ,세토피아,주권,2026-09-06,KRX-DELISTING,True
222980,,2015-12-23,FDR_DESC,KOSDAQ,한국맥널티,주권,2026-09-06,KOSDAQ-DESC,False
223040,2018-03-30,2015-08-27,FDR_DELISTING,KOSDAQ,교보5호스팩,주권,2026-09-06,KRX-DELISTING,True
223250,,2020-05-22,FDR_DESC,KOSDAQ,드림씨아이에스,주권,2026-09-06,KOSDAQ-DESC,False
223310,,2015-12-24,FDR_DESC,KOSDAQ,사토시홀딩스,주권,2026-09-06,KOSDAQ-DESC,False
224060,,2015-12-29,FDR_DESC,KOSDAQ,더코디,주권,2026-09-06,KOSDAQ-DESC,False
224110,,2015-08-25,FDR_DESC,KOSDAQ,에이텍모빌리티,주권,2026-09-06,KOSDAQ-DESC,False
225190,,2017-06-02,FDR_DESC,KOSDAQ,LK삼양,주권,2026-09-06,KOSDAQ-DESC,False
225220,,2020-07-24,FDR_DESC,KOSDAQ,제놀루션,주권,2026-09-06,KOSDAQ-DESC,False
225330,2022-03-17,2016-04-07,FDR_DELISTING,KOSDAQ,씨엠에스에듀,주권,2026-09-06,KRX-DELISTING,True
225430,,2015-10-08,FDR_DESC,KOSDAQ,케이엠제약,주권,2026-09-06,KOSDAQ-DESC,False
225440,2018-05-28,2015-10-19,FDR_DELISTING,KOSDAQ,이베스트스팩3호,주권,2026-09-06,KRX-DELISTING,True
225530,,2015-12-17,FDR_DESC,KOSDAQ,HC보광산업,주권,2026-09-06,KOSDAQ-DESC,False
225570,,2015-09-25,FDR_DESC,KOSDAQ,넥슨게임즈,주권,2026-09-06,KOSDAQ-DESC,False
225590,,2015-10-05,FDR_DESC,KOSDAQ,패션플랫폼,주권,2026-09-06,KOSDAQ-DESC,False
225650,2019-09-16,2015-09-04,FDR_DELISTING,KOSDAQ,쿠첸,주권,2026-09-06,KRX-DELISTING,True
226320,,2015-12-28,FDR_DESC,KOSPI,잇츠한불,주권,2026-09-06,KOSPI-DESC,False
226330,,2019-12-17,FDR_DESC,KOSDAQ,신테카바이오,주권,2026-09-06,KOSDAQ-DESC,False
226340,,2015-11-05,FDR_DESC,KOSDAQ,본느,주권,2026-09-06,KOSDAQ-DESC,False
226350,2021-06-11,2016-02-03,FDR_DELISTING,KOSDAQ,아이엠텍,주권,2026-09-06,KRX-DELISTING,True
226360,2026-01-14,2015-10-22,FDR_DELISTING,KOSDAQ,KH 건설,주권,2026-09-06,KRX-DELISTING,True
226400,,2018-02-22,FDR_DESC,KOSDAQ,오스테오닉,주권,2026-09-06,KOSDAQ-DESC,False
226440,2025-06-19,2015-10-06,FDR_DELISTING,KOSDAQ,한송네오텍,주권,2026-09-06,KRX-DELISTING,True
226590,,2025-03-07,FDR_DESC,KOSDAQ,엠디바이스,주권,2026-09-06,KOSDAQ-DESC,False
226850,2018-06-05,2015-10-29,FDR_DELISTING,KOSDAQ,키움스팩4호,주권,2026-09-06,KRX-DELISTING,True
227100,2026-07-01,2018-11-15,FDR_DELISTING,KOSDAQ,프로브잇,주권,2026-09-06,KRX-DELISTING,True
227610,,2017-07-12,FDR_DESC,KOSDAQ,아우딘퓨쳐스,주권,2026-09-06,KOSDAQ-DESC,False
227840,,2015-10-23,FDR_DESC,KOSPI,현대코퍼레이션홀딩스,주권,2026-09-06,KOSPI-DESC,False
227950,,2015-11-18,FDR_DESC,KOSDAQ,엔투텍,주권,2026-09-06,KOSDAQ-DESC,False
228340,,2016-04-06,FDR_DESC,KOSDAQ,동양파일,주권,2026-09-06,KOSDAQ-DESC,False
228670,,2019-08-08,FDR_DESC,KOSDAQ,레이,주권,2026-09-06,KOSDAQ-DESC,False
228760,,2019-03-27,FDR_DESC,KOSDAQ,지노믹트리,주권,2026-09-06,KOSDAQ-DESC,False
228850,,2016-04-11,FDR_DESC,KOSDAQ,레이언스,주권,2026-09-06,KOSDAQ-DESC,False
229000,,2020-06-25,FDR_DESC,KOSDAQ,젠큐릭스,주권,2026-09-06,KOSDAQ-DESC,False
229640,,2016-09-22,FDR_DESC,KOSPI,LS에코에너지,주권,2026-09-06,KOSPI-DESC,False
230240,,2015-12-16,FDR_DESC,KOSDAQ,에치에프알,주권,2026-09-06,KOSDAQ-DESC,False
230360,2026-06-30,2016-08-08,FDR_DELISTING,KOSDAQ,에코마케팅,주권,2026-09-06,KRX-DELISTING,True
230490,2018-07-26,2015-12-18,FDR_DELISTING,KOSDAQ,동부제4호스팩,주권,2026-09-06,KRX-DELISTING,True
230980,2026-06-05,2016-03-02,FDR_DELISTING,KOSDAQ,비유테크놀러지,주권,2026-09-06,KRX-DELISTING,True
232140,,2015-12-24,FDR_DESC,KOSDAQ,와이씨,주권,2026-09-06,KOSDAQ-DESC,False
232270,2018-10-12,2016-02-29,FDR_DELISTING,KOSDAQ,케이비제9호스팩,주권,2026-09-06,KRX-DELISTING,True
232330,2019-08-30,2016-11-16,FDR_DELISTING,KOSDAQ,SK3호스팩,주권,2026-09-06,KRX-DELISTING,True
232680,,2021-06-17,FDR_DESC,KOSDAQ,라온로보틱스,주권,2026-09-06,KOSDAQ-DESC,False
232830,,2023-06-29,FDR_DESC,KOSDAQ,아이티센피엔에스,주권,2026-09-06,KOSDAQ-DESC,False
234030,,2025-07-07,FDR_DESC,KOSDAQ,싸이닉솔루션,주권,2026-09-06,KOSDAQ-DESC,False
234080,,2016-10-27,FDR_DESC,KOSPI,JW생명과학,주권,2026-09-06,KOSPI-DESC,False
234100,,2017-10-20,FDR_DESC,KOSDAQ,폴라리스세원,주권,2026-09-06,KOSDAQ-DESC,False
234300,,2017-12-05,FDR_DESC,KOSDAQ,에스트래픽,주권,2026-09-06,KOSDAQ-DESC,False
234340,,2019-07-12,FDR_DESC,KOSDAQ,헥토파이낸셜,주권,2026-09-06,KOSDAQ-DESC,False
234690,,2019-10-14,FDR_DESC,KOSDAQ,녹십자웰빙,주권,2026-09-06,KOSDAQ-DESC,False
234920,,2016-09-06,FDR_DESC,KOSDAQ,자이글,주권,2026-09-06,KOSDAQ-DESC,False
235010,2018-10-12,2016-03-04,FDR_DELISTING,KOSDAQ,하이에이아이1호스팩,주권,2026-09-06,KRX-DELISTING,True
235980,,2019-12-19,FDR_DESC,KOSDAQ,메드팩토,주권,2026-09-06,KOSDAQ-DESC,False
236200,,2016-02-05,FDR_DESC,KOSDAQ,슈프리마,주권,2026-09-06,KOSDAQ-DESC,False
236810,,2021-01-21,FDR_DESC,KOSDAQ,엔비티,주권,2026-09-06,KOSDAQ-DESC,False
237750,,2016-07-04,FDR_DESC,KOSDAQ,피앤씨테크,주권,2026-09-06,KOSDAQ-DESC,False
237820,,2020-03-12,FDR_DESC,KOSDAQ,플레이디,주권,2026-09-06,KOSDAQ-DESC,False
237880,,2016-11-09,FDR_DESC,KOSDAQ,클리오,주권,2026-09-06,KOSDAQ-DESC,False
238090,,2016-10-12,FDR_DESC,KOSDAQ,앤디포스,주권,2026-09-06,KOSDAQ-DESC,False
238120,,2016-11-03,FDR_DESC,KOSDAQ,얼라인드,주권,2026-09-06,KOSDAQ-DESC,False
238200,,2018-12-26,FDR_DESC,KOSDAQ,비피도,주권,2026-09-06,KOSDAQ-DESC,False
238490,,2017-07-20,FDR_DESC,KOSDAQ,힘스,주권,2026-09-06,KOSDAQ-DESC,False
239340,,2016-06-09,FDR_DESC,KOSDAQ,이스트에이드,주권,2026-09-06,KOSDAQ-DESC,False
239610,,2016-10-28,FDR_DESC,KOSDAQ,에이치엘사이언스,주권,2026-09-06,KOSDAQ-DESC,False
239890,,2021-02-16,FDR_DESC,KOSDAQ,피엔에이치테크,주권,2026-09-06,KOSDAQ-DESC,False
240540,2019-01-29,2016-06-22,FDR_DELISTING,KOSDAQ,한국4호스팩,주권,2026-09-06,KRX-DELISTING,True
240550,,2025-02-13,FDR_DESC,KOSDAQ,동방메디컬,주권,2026-09-06,KOSDAQ-DESC,False
240600,,2023-11-02,FDR_DESC,KOSDAQ,유진테크놀로지,주권,2026-09-06,KOSDAQ-DESC,False
241520,,2016-12-19,FDR_DESC,KOSDAQ,DSC인베스트먼트,주권,2026-09-06,KOSDAQ-DESC,False
241560,,2016-11-18,FDR_DESC,KOSPI,두산밥캣,주권,2026-09-06,KOSPI-DESC,False
241590,,2016-10-04,FDR_DESC,KOSPI,화승엔터프라이즈,주권,2026-09-06,KOSPI-DESC,False
241690,,2016-09-20,FDR_DESC,KOSDAQ,유니테크노,주권,2026-09-06,KOSDAQ-DESC,False
241770,,2017-12-06,FDR_DESC,KOSDAQ,메카로,주권,2026-09-06,KOSDAQ-DESC,False
241790,,2016-12-01,FDR_DESC,KOSDAQ,티이엠씨씨엔에스,주권,2026-09-06,KOSDAQ-DESC,False
241820,,2017-02-23,FDR_DESC,KOSDAQ,피씨엘,주권,2026-09-06,KOSDAQ-DESC,False
241840,,2019-07-19,FDR_DESC,KOSDAQ,에이스토리,주권,2026-09-06,KOSDAQ-DESC,False
242040,,2016-09-07,FDR_DESC,KOSDAQ,나무에이엑스,주권,2026-09-06,KOSDAQ-DESC,False
243070,,2016-06-03,FDR_DESC,KOSDAQ,휴온스,주권,2026-09-06,KOSDAQ-DESC,False
243840,,2017-09-27,FDR_DESC,KOSDAQ,신흥에스이씨,주권,2026-09-06,KOSDAQ-DESC,False
244460,,2019-09-20,FDR_DESC,KOSDAQ,올리패스,주권,2026-09-06,KOSDAQ-DESC,False
244920,,2020-11-20,FDR_DESC,KOSPI,에이플러스에셋,주권,2026-09-06,KOSPI-DESC,False
245620,,2018-06-26,FDR_DESC,KOSDAQ,EDGC,주권,2026-09-06,KOSDAQ-DESC,False
246250,,2023-10-20,FDR_DESC,KOSDAQ,에스엘에스바이오,주권,2026-09-06,KOSDAQ-DESC,False
246690,,2016-12-15,FDR_DESC,KOSDAQ,TS인베스트먼트,주권,2026-09-06,KOSDAQ-DESC,False
246710,,2018-11-28,FDR_DESC,KOSDAQ,티앤알바이오팹,주권,2026-09-06,KOSDAQ-DESC,False
246720,,2017-03-20,FDR_DESC,KOSDAQ,아스타,주권,2026-09-06,KOSDAQ-DESC,False
246960,,2019-02-01,FDR_DESC,KOSDAQ,SCL사이언스,주권,2026-09-06,KOSDAQ-DESC,False
247660,,2021-03-09,FDR_DESC,KOSDAQ,나노씨엠에스,주권,2026-09-06,KOSDAQ-DESC,False
248070,,2021-02-02,FDR_DESC,KOSPI,솔루엠,주권,2026-09-06,KOSPI-DESC,False
248170,,2016-08-09,FDR_DESC,KOSPI,샘표식품,주권,2026-09-06,KOSPI-DESC,False
249420,,2016-08-31,FDR_DESC,KOSPI,일동제약,주권,2026-09-06,KOSPI-DESC,False
250000,,2017-06-08,FDR_DESC,KOSDAQ,보라티알,주권,2026-09-06,KOSDAQ-DESC,False
250060,,2016-09-08,FDR_DESC,KOSDAQ,모비스,주권,2026-09-06,KOSDAQ-DESC,False
250930,,2016-09-29,FDR_DESC,KOSDAQ,예선테크,주권,2026-09-06,KOSDAQ-DESC,False
251120,,2022-02-21,FDR_DESC,KOSDAQ,바이오에프디엔씨,주권,2026-09-06,KOSDAQ-DESC,False
251270,,2017-05-12,FDR_DESC,KOSPI,넷마블,주권,2026-09-06,KOSPI-DESC,False
251370,,2017-04-27,FDR_DESC,KOSDAQ,와이엠티,주권,2026-09-06,KOSDAQ-DESC,False
251630,,2017-07-13,FDR_DESC,KOSDAQ,브이원텍,주권,2026-09-06,KOSDAQ-DESC,False
252500,,2016-11-02,FDR_DESC,KOSDAQ,세화피앤씨,주권,2026-09-06,KOSDAQ-DESC,False
252990,,2021-05-20,FDR_DESC,KOSDAQ,샘씨엔에스,주권,2026-09-06,KOSDAQ-DESC,False
253590,,2018-04-04,FDR_DESC,KOSDAQ,네오셈,주권,2026-09-06,KOSDAQ-DESC,False
253840,,2019-05-28,FDR_DESC,KOSDAQ,수젠텍,주권,2026-09-06,KOSDAQ-DESC,False
254120,,2016-12-02,FDR_DESC,KOSDAQ,자비스,주권,2026-09-06,KOSDAQ-DESC,False
254490,,2023-01-27,FDR_DESC,KOSDAQ,미래반도체,주권,2026-09-06,KOSDAQ-DESC,False
255220,,2018-01-26,FDR_DESC,KOSDAQ,SG,주권,2026-09-06,KOSDAQ-DESC,False
255440,,2017-09-29,FDR_DESC,KOSDAQ,야스,주권,2026-09-06,KOSDAQ-DESC,False
256150,,2019-09-05,FDR_DESC,KOSDAQ,한독크린텍,주권,2026-09-06,KOSDAQ-DESC,False
256630,,2017-05-02,FDR_DESC,KOSDAQ,포인트엔지니어링,주권,2026-09-06,KOSDAQ-DESC,False
256840,,2016-12-28,FDR_DESC,KOSDAQ,한국비엔씨,주권,2026-09-06,KOSDAQ-DESC,False
256940,,2017-09-06,FDR_DESC,KOSDAQ,킵스파마,주권,2026-09-06,KOSDAQ-DESC,False
257370,,2018-09-13,FDR_DESC,KOSDAQ,피엔티엠에스,주권,2026-09-06,KOSDAQ-DESC,False
257720,,2021-09-29,FDR_DESC,KOSDAQ,실리콘투,주권,2026-09-06,KOSDAQ-DESC,False
257730,2019-10-01,2017-02-23,FDR_DELISTING,KOSDAQ,신한제3호스팩,주권,2026-09-06,KRX-DELISTING,True
258610,,2017-08-22,FDR_DESC,KOSDAQ,케일럼,주권,2026-09-06,KOSDAQ-DESC,False
258790,,2017-04-27,FDR_DESC,KOSDAQ,소프트캠프,주권,2026-09-06,KOSDAQ-DESC,False
258830,,2018-05-29,FDR_DESC,KOSDAQ,세종메디칼,주권,2026-09-06,KOSDAQ-DESC,False
259630,,2017-09-20,FDR_DESC,KOSDAQ,엠플러스,주권,2026-09-06,KOSDAQ-DESC,False
259960,,2021-08-10,FDR_DESC,KOSPI,크래프톤,주권,2026-09-06,KOSPI-DESC,False
260660,,2018-02-12,FDR_DESC,KOSDAQ,알리코제약,주권,2026-09-06,KOSDAQ-DESC,False
260930,,2017-12-07,FDR_DESC,KOSDAQ,씨티케이,주권,2026-09-06,KOSDAQ-DESC,False
260970,,2021-09-29,FDR_DESC,KOSDAQ,에스앤디,주권,2026-09-06,KOSDAQ-DESC,False
261200,,2017-06-26,FDR_DESC,KOSDAQ,덴티스,주권,2026-09-06,KOSDAQ-DESC,False
261520,,2025-12-11,FDR_DESC,KOSDAQ,이지스,주권,2026-09-06,KOSDAQ-DESC,False
261780,,2021-10-22,FDR_DESC,KOSDAQ,아리바이오랩,주권,2026-09-06,KOSDAQ-DESC,False
262260,,2020-07-16,FDR_DESC,KOSDAQ,에이프로,주권,2026-09-06,KOSDAQ-DESC,False
262830,2019-10-10,2017-03-03,FDR_DELISTING,KOSDAQ,대신밸런스제4호스팩,주권,2026-09-06,KRX-DELISTING,True
262840,,2021-02-05,FDR_DESC,KOSDAQ,아이퀘스트,주권,2026-09-06,KOSDAQ-DESC,False
263020,,2018-11-20,FDR_DESC,KOSDAQ,디케이앤디,주권,2026-09-06,KOSDAQ-DESC,False
263050,,2018-12-24,FDR_DESC,KOSDAQ,유틸렉스,주권,2026-09-06,KOSDAQ-DESC,False
263540,2024-11-06,2017-09-15,FDR_DELISTING,KOSDAQ,어스앤에어로스페이스,주권,2026-09-06,KRX-DELISTING,True
263600,,2017-08-28,FDR_DESC,KOSDAQ,덕우전자,주권,2026-09-06,KOSDAQ-DESC,False
263690,,2018-11-22,FDR_DESC,KOSDAQ,디알젬,주권,2026-09-06,KOSDAQ-DESC,False
263700,,2018-03-28,FDR_DESC,KOSDAQ,케어랩스,주권,2026-09-06,KOSDAQ-DESC,False
263720,,2017-08-01,FDR_DESC,KOSDAQ,디앤씨미디어,주권,2026-09-06,KOSDAQ-DESC,False
263750,,2017-09-14,FDR_DESC,KOSDAQ,펄어비스,주권,2026-09-06,KOSDAQ-DESC,False
263770,,2017-04-06,FDR_DESC,KOSDAQ,유에스티,주권,2026-09-06,KOSDAQ-DESC,False
263800,,2017-08-03,FDR_DESC,KOSDAQ,데이타솔루션,주권,2026-09-06,KOSDAQ-DESC,False
263810,,2017-10-16,FDR_DESC,KOSDAQ,상신전자,주권,2026-09-06,KOSDAQ-DESC,False
263860,,2017-08-02,FDR_DESC,KOSDAQ,지니언스,주권,2026-09-06,KOSDAQ-DESC,False
263920,,2017-09-28,FDR_DESC,KOSDAQ,휴엠앤씨,주권,2026-09-06,KOSDAQ-DESC,False
264290,2019-12-06,2017-05-02,FDR_DELISTING,KOSDAQ,한화에이스스팩3호,주권,2026-09-06,KRX-DELISTING,True
264450,,2017-03-31,FDR_DESC,KOSDAQ,유비쿼스,주권,2026-09-06,KOSDAQ-DESC,False
264660,,2018-01-25,FDR_DESC,KOSDAQ,씨앤지하이테크,주권,2026-09-06,KOSDAQ-DESC,False
264850,,2017-06-01,FDR_DESC,KOSDAQ,이랜시스,주권,2026-09-06,KOSDAQ-DESC,False
264900,,2017-04-11,FDR_DESC,KOSPI,크라운제과,주권,2026-09-06,KOSPI-DESC,False
26490K,,2017-04-11,FDR_FIRST_TRADE,KOSPI,크라운제과우,주권,2026-09-06,KOSPI-DESC,False
265480,2020-01-03,2017-05-26,FDR_DELISTING,KOSDAQ,미래에셋대우스팩1호,주권,2026-09-06,KRX-DELISTING,True
265520,,2017-04-07,FDR_DESC,KOSDAQ,AP시스템,주권,2026-09-06,KOSDAQ-DESC,False
265560,,2017-10-26,FDR_DESC,KOSDAQ,영화테크,주권,2026-09-06,KOSDAQ-DESC,False
265740,,2020-12-02,FDR_DESC,KOSDAQ,엔에프씨,주권,2026-09-06,KOSDAQ-DESC,False
265920,2020-01-15,2017-06-08,FDR_DELISTING,KOSDAQ,한화수성스팩,주권,2026-09-06,KRX-DELISTING,True
267250,,2017-05-10,FDR_DESC,KOSPI,HD현대,주권,2026-09-06,KOSPI-DESC,False
267260,,2017-05-10,FDR_DESC,KOSPI,HD현대일렉트릭,주권,2026-09-06,KOSPI-DESC,False
267270,,2017-05-10,FDR_DESC,KOSPI,HD건설기계,주권,2026-09-06,KOSPI-DESC,False
267290,,2017-05-12,FDR_DESC,KOSPI,경동도시가스,주권,2026-09-06,KOSPI-DESC,False
267320,,2017-06-22,FDR_DESC,KOSDAQ,나인테크,주권,2026-09-06,KOSDAQ-DESC,False
267790,,2018-02-01,FDR_DESC,KOSDAQ,배럴,주권,2026-09-06,KOSDAQ-DESC,False
267850,,2018-11-23,FDR_DESC,KOSPI,아시아나IDT,주권,2026-09-06,KOSPI-DESC,False
267980,,2017-06-05,FDR_DESC,KOSDAQ,매일유업,주권,2026-09-06,KOSDAQ-DESC,False
268280,,2017-05-22,FDR_DESC,KOSPI,미원에스씨,주권,2026-09-06,KOSPI-DESC,False
268600,2025-03-07,2018-11-09,FDR_DELISTING,KOSDAQ,셀리버리,주권,2026-09-06,KRX-DELISTING,True
269620,2026-08-25,2017-12-26,FDR_DELISTING,KOSDAQ,시스웍,주권,2026-09-06,KRX-DELISTING,True
270520,,2017-08-22,FDR_DESC,KOSDAQ,앱튼,주권,2026-09-06,KOSDAQ-DESC,False
270660,,2021-07-28,FDR_DESC,KOSDAQ,에브리봇,주권,2026-09-06,KOSDAQ-DESC,False
270870,,2018-12-13,FDR_DESC,KOSDAQ,뉴트리,주권,2026-09-06,KOSDAQ-DESC,False
271560,,2017-07-07,FDR_DESC,KOSPI,오리온,주권,2026-09-06,KOSPI-DESC,False
271740,2020-03-03,2017-07-24,FDR_DELISTING,KOSDAQ,한국제5호스팩,주권,2026-09-06,KRX-DELISTING,True
271830,,2023-05-23,FDR_DESC,KOSDAQ,팸텍,주권,2026-09-06,KOSDAQ-DESC,False
271940,,2021-09-01,FDR_DESC,KOSPI,일진하이솔루스,주권,2026-09-06,KOSPI-DESC,False
271980,,2017-07-17,FDR_DESC,KOSPI,제일약품,주권,2026-09-06,KOSPI-DESC,False
272110,,2019-10-25,FDR_DESC,KOSDAQ,케이엔제이,주권,2026-09-06,KOSDAQ-DESC,False
272210,,2019-11-13,FDR_DESC,KOSPI,한화시스템,주권,2026-09-06,KOSPI-DESC,False
272450,,2017-12-08,FDR_DESC,KOSPI,진에어,주권,2026-09-06,KOSPI-DESC,False
272550,,2017-11-29,FDR_DESC,KOSPI,삼양패키징,주권,2026-09-06,KOSPI-DESC,False
273060,,2017-08-07,FDR_DESC,KOSDAQ,와이즈버즈,주권,2026-09-06,KOSDAQ-DESC,False
273640,,2021-09-10,FDR_DESC,KOSDAQ,와이엠텍,주권,2026-09-06,KOSDAQ-DESC,False
274090,,2020-03-03,FDR_DESC,KOSDAQ,켄코아에어로스페이스,주권,2026-09-06,KOSDAQ-DESC,False
274400,,2023-07-06,FDR_DESC,KOSDAQ,이노시뮬레이션,주권,2026-09-06,KOSDAQ-DESC,False
275630,,2018-08-06,FDR_DESC,KOSDAQ,에스에스알,주권,2026-09-06,KOSDAQ-DESC,False
276040,,2022-02-04,FDR_DESC,KOSDAQ,스코넥,주권,2026-09-06,KOSDAQ-DESC,False
276730,,2021-05-26,FDR_DESC,KOSDAQ,한울앤제주,주권,2026-09-06,KOSDAQ-DESC,False
276920,2020-06-18,2017-11-10,FDR_DELISTING,KOSDAQ,IBKS제7호스팩,주권,2026-09-06,KRX-DELISTING,True
277070,,2018-03-14,FDR_DESC,KOSDAQ,린드먼아시아,주권,2026-09-06,KOSDAQ-DESC,False
277410,,2017-09-29,FDR_DESC,KOSDAQ,인산가,주권,2026-09-06,KOSDAQ-DESC,False
277480,2020-08-20,2017-10-20,FDR_DELISTING,KOSDAQ,신한제4호스팩,주권,2026-09-06,KRX-DELISTING,True
277810,,2021-02-03,FDR_DESC,KOSDAQ,레인보우로보틱스,주권,2026-09-06,KOSDAQ-DESC,False
277880,,2020-07-22,FDR_DESC,KOSDAQ,티에스아이,주권,2026-09-06,KOSDAQ-DESC,False
278280,,2019-02-11,FDR_DESC,KOSDAQ,천보,주권,2026-09-06,KOSDAQ-DESC,False
278470,,2024-02-27,FDR_DESC,KOSPI,에이피알,주권,2026-09-06,KOSPI-DESC,False
278650,,2019-11-27,FDR_DESC,KOSDAQ,HLB바이오스텝,주권,2026-09-06,KOSDAQ-DESC,False
279410,2020-07-03,2017-11-27,FDR_DELISTING,KOSDAQ,한화에이스스팩4호,주권,2026-09-06,KRX-DELISTING,True
279570,,2026-03-05,FDR_DESC,KOSPI,케이뱅크,주권,2026-09-06,KOSPI-DESC,False
279600,,2019-11-05,FDR_DESC,KOSDAQ,미디어젠,주권,2026-09-06,KOSDAQ-DESC,False
280360,,2017-10-30,FDR_DESC,KOSPI,롯데웰푸드,주권,2026-09-06,KOSPI-DESC,False
281410,2020-07-27,2017-12-21,FDR_DELISTING,KOSDAQ,한국제6호스팩,주권,2026-09-06,KRX-DELISTING,True
281740,,2017-12-12,FDR_DESC,KOSDAQ,레이크머티리얼즈,주권,2026-09-06,KOSDAQ-DESC,False
281820,,2017-12-05,FDR_DESC,KOSPI,케이씨텍,주권,2026-09-06,KOSPI-DESC,False
282330,,2017-12-08,FDR_DESC,KOSPI,BGF리테일,주권,2026-09-06,KOSPI-DESC,False
282620,,2026-08-21,FDR_DESC,KOSDAQ,기도산업,주권,2026-09-06,KOSDAQ-DESC,False
282690,2024-10-08,2017-11-29,FDR_DELISTING,KOSPI,동아타이어,주권,2026-09-06,KRX-DELISTING,True
282720,,2023-03-13,FDR_DESC,KOSDAQ,금양그린파워,주권,2026-09-06,KOSDAQ-DESC,False
282880,,2019-08-05,FDR_DESC,KOSDAQ,코윈테크,주권,2026-09-06,KOSDAQ-DESC,False
284620,,2018-06-08,FDR_DESC,KOSDAQ,카이노스메드,주권,2026-09-06,KOSDAQ-DESC,False
284740,,2018-01-11,FDR_DESC,KOSPI,쿠쿠홈시스,주권,2026-09-06,KOSPI-DESC,False
285130,,2018-01-05,FDR_DESC,KOSPI,SK케미칼,주권,2026-09-06,KOSPI-DESC,False
28513K,,2018-01-05,FDR_FIRST_TRADE,KOSPI,SK케미칼우,주권,2026-09-06,KOSPI-DESC,False
285490,,2018-11-02,FDR_DESC,KOSDAQ,노바텍,주권,2026-09-06,KOSDAQ-DESC,False
285800,,2023-06-01,FDR_DESC,KOSDAQ,진영,주권,2026-09-06,KOSDAQ-DESC,False
286750,,2019-08-19,FDR_DESC,KOSDAQ,나노실리칸첨단소재,주권,2026-09-06,KOSDAQ-DESC,False
286940,,2018-07-27,FDR_DESC,KOSPI,롯데이노베이트,주권,2026-09-06,KOSPI-DESC,False
287410,2024-11-07,2018-05-08,FDR_DELISTING,KOSDAQ,제이시스메디칼,주권,2026-09-06,KRX-DELISTING,True
287840,,2025-05-23,FDR_DESC,KOSDAQ,인투셀,주권,2026-09-06,KOSDAQ-DESC,False
288180,,2026-05-19,FDR_DESC,KOSDAQ,케이피항공산업,주권,2026-09-06,KOSDAQ-DESC,False
288330,,2019-12-20,FDR_DESC,KOSDAQ,파라택시스코리아,주권,2026-09-06,KOSDAQ-DESC,False
288620,,2018-10-15,FDR_DESC,KOSDAQ,에스프리즘,주권,2026-09-06,KOSDAQ-DESC,False
288980,,2022-03-10,FDR_DESC,KOSDAQ,모아데이타,주권,2026-09-06,KOSDAQ-DESC,False
289010,,2019-07-11,FDR_DESC,KOSDAQ,아이스크림에듀,주권,2026-09-06,KOSDAQ-DESC,False
289080,,2018-07-06,FDR_DESC,KOSDAQ,SV인베스트먼트,주권,2026-09-06,KOSDAQ-DESC,False
289220,,2021-03-24,FDR_DESC,KOSDAQ,자이언트스텝,주권,2026-09-06,KOSDAQ-DESC,False
289930,,2024-10-25,FDR_DESC,KOSDAQ,웨이비스,주권,2026-09-06,KOSDAQ-DESC,False
290090,,2021-11-17,FDR_DESC,KOSDAQ,트윔,주권,2026-09-06,KOSDAQ-DESC,False
290120,,2018-12-07,FDR_DESC,KOSDAQ,DH오토리드,주권,2026-09-06,KOSDAQ-DESC,False
290270,,2018-08-02,FDR_DESC,KOSDAQ,휴네시온,주권,2026-09-06,KOSDAQ-DESC,False
290380,2025-08-21,2018-08-10,FDR_DELISTING,KOSDAQ,대유,주권,2026-09-06,KRX-DELISTING,True
290510,2022-12-16,2019-11-29,FDR_DELISTING,KOSDAQ,코리아센터,주권,2026-09-06,KRX-DELISTING,True
290520,,2020-07-06,FDR_DESC,KOSDAQ,신도기연,주권,2026-09-06,KOSDAQ-DESC,False
290550,,2018-12-21,FDR_DESC,KOSDAQ,디케이티,주권,2026-09-06,KOSDAQ-DESC,False
290560,,2023-11-03,FDR_DESC,KOSDAQ,파라택시스이더리움,주권,2026-09-06,KOSDAQ-DESC,False
290650,,2018-11-01,FDR_DESC,KOSDAQ,엘앤씨바이오,주권,2026-09-06,KOSDAQ-DESC,False
290660,,2018-11-28,FDR_DESC,KOSDAQ,다이나믹솔루션,주권,2026-09-06,KOSDAQ-DESC,False
290670,,2018-11-06,FDR_DESC,KOSDAQ,대보마그네틱,주권,2026-09-06,KOSDAQ-DESC,False
290690,,2020-11-06,FDR_DESC,KOSDAQ,아리바이오홀딩스,주권,2026-09-06,KOSDAQ-DESC,False
290720,,2018-10-04,FDR_DESC,KOSDAQ,푸드나무,주권,2026-09-06,KOSDAQ-DESC,False
290740,,2018-08-28,FDR_DESC,KOSDAQ,액트로,주권,2026-09-06,KOSDAQ-DESC,False
291210,2021-01-15,2018-05-11,FDR_DELISTING,KOSDAQ,한국제7호스팩,주권,2026-09-06,KRX-DELISTING,True
291230,,2018-09-13,FDR_DESC,KOSDAQ,컴투스엔,주권,2026-09-06,KOSDAQ-DESC,False
291650,,2020-09-16,FDR_DESC,KOSDAQ,츌립앤사이언스,주권,2026-09-06,KOSDAQ-DESC,False
291810,,2022-10-20,FDR_DESC,KOSDAQ,핀텔,주권,2026-09-06,KOSDAQ-DESC,False
293480,,2018-10-02,FDR_DESC,KOSPI,하나제약,주권,2026-09-06,KOSPI-DESC,False
293580,,2018-10-04,FDR_DESC,KOSDAQ,나우IB,주권,2026-09-06,KOSDAQ-DESC,False
293780,,2019-06-12,FDR_DESC,KOSDAQ,압타바이오,주권,2026-09-06,KOSDAQ-DESC,False
293940,,2018-08-08,FDR_DESC,KOSPI,신한알파리츠,주권,2026-09-06,KOSPI-DESC,False
294090,,2020-09-14,FDR_DESC,KOSDAQ,이오플로우,주권,2026-09-06,KOSDAQ-DESC,False
294140,,2020-02-28,FDR_DESC,KOSDAQ,레몬,주권,2026-09-06,KOSDAQ-DESC,False
294570,,2021-04-28,FDR_DESC,KOSDAQ,쿠콘,주권,2026-09-06,KOSDAQ-DESC,False
294630,,2020-02-20,FDR_DESC,KOSDAQ,서남,주권,2026-09-06,KOSDAQ-DESC,False
294870,,2018-06-12,FDR_DESC,KOSPI,IPARK현대산업개발,주권,2026-09-06,KOSPI-DESC,False
295310,,2024-06-28,FDR_DESC,KOSDAQ,에이치브이엠,주권,2026-09-06,KOSDAQ-DESC,False
296640,,2022-10-07,FDR_DESC,KOSDAQ,이노에이엑스,주권,2026-09-06,KOSDAQ-DESC,False
297090,,2019-11-21,FDR_DESC,KOSDAQ,씨에스베어링,주권,2026-09-06,KOSDAQ-DESC,False
297570,,2018-07-20,FDR_DESC,KOSDAQ,아틀라스링크,주권,2026-09-06,KOSDAQ-DESC,False
297890,,2020-06-22,FDR_DESC,KOSDAQ,HB솔루션,주권,2026-09-06,KOSDAQ-DESC,False
298000,,2018-07-13,FDR_DESC,KOSPI,효성화학,주권,2026-09-06,KOSPI-DESC,False
298020,,2018-07-13,FDR_DESC,KOSPI,효성티앤씨,주권,2026-09-06,KOSPI-DESC,False
298040,,2018-07-13,FDR_DESC,KOSPI,효성중공업,주권,2026-09-06,KOSPI-DESC,False
298050,,2018-07-13,FDR_DESC,KOSPI,HS효성첨단소재,주권,2026-09-06,KOSPI-DESC,False
298060,,2020-06-17,FDR_DESC,KOSDAQ,풍전약품,주권,2026-09-06,KOSDAQ-DESC,False
298540,,2020-07-27,FDR_DESC,KOSDAQ,더네이쳐홀딩스,주권,2026-09-06,KOSDAQ-DESC,False
298690,,2018-12-27,FDR_DESC,KOSPI,에어부산,주권,2026-09-06,KOSPI-DESC,False
298830,,2023-04-28,FDR_DESC,KOSDAQ,슈어소프트테크,주권,2026-09-06,KOSDAQ-DESC,False
298870,2023-08-28,2021-12-16,FDR_DELISTING,KOSDAQ,우리벤처파트너스,주권,2026-09-06,KRX-DELISTING,True
299030,,2020-11-25,FDR_DESC,KOSDAQ,하나기술,주권,2026-09-06,KOSDAQ-DESC,False
299170,,2018-09-21,FDR_DESC,KOSDAQ,더블유에스아이,주권,2026-09-06,KOSDAQ-DESC,False
299660,,2019-02-20,FDR_DESC,KOSDAQ,셀리드,주권,2026-09-06,KOSDAQ-DESC,False
299900,2026-08-18,2018-12-20,FDR_DELISTING,KOSDAQ,위지윅스튜디오,주권,2026-09-06,KRX-DELISTING,True
299910,2025-02-14,2018-12-03,FDR_DELISTING,KOSDAQ,애닉,주권,2026-09-06,KRX-DELISTING,True
300080,,2019-07-17,FDR_DESC,KOSDAQ,플리토,주권,2026-09-06,KOSDAQ-DESC,False
300120,,2019-10-18,FDR_DESC,KOSDAQ,라온피플,주권,2026-09-06,KOSDAQ-DESC,False
300720,,2018-08-06,FDR_DESC,KOSPI,한일시멘트,주권,2026-09-06,KOSPI-DESC,False
301300,,2020-10-28,FDR_DESC,KOSDAQ,바이브컴퍼니,주권,2026-09-06,KOSDAQ-DESC,False
302430,,2018-12-12,FDR_DESC,KOSDAQ,이노메트리,주권,2026-09-06,KOSDAQ-DESC,False
302440,,2021-03-18,FDR_DESC,KOSPI,SK바이오사이언스,주권,2026-09-06,KOSPI-DESC,False
302550,,2019-12-06,FDR_DESC,KOSDAQ,리메드,주권,2026-09-06,KOSDAQ-DESC,False
303030,,2018-08-30,FDR_DESC,KOSDAQ,지니틱스,주권,2026-09-06,KOSDAQ-DESC,False
303360,,2023-06-16,FDR_DESC,KOSDAQ,프로티아,주권,2026-09-06,KOSDAQ-DESC,False
303530,,2021-06-18,FDR_DESC,KOSDAQ,이노뎁,주권,2026-09-06,KOSDAQ-DESC,False
303810,,2025-02-17,FDR_DESC,KOSDAQ,동국생명과학,주권,2026-09-06,KOSDAQ-DESC,False
304100,,2020-07-23,FDR_DESC,KOSDAQ,솔트룩스,주권,2026-09-06,KOSDAQ-DESC,False
304360,,2023-05-04,FDR_DESC,KOSDAQ,에스바이오메딕스,주권,2026-09-06,KOSDAQ-DESC,False
304840,,2020-10-19,FDR_DESC,KOSDAQ,피플바이오,주권,2026-09-06,KOSDAQ-DESC,False
305090,,2019-06-05,FDR_DESC,KOSDAQ,마이크로디지탈,주권,2026-09-06,KOSDAQ-DESC,False
306040,,2019-11-18,FDR_DESC,KOSDAQ,에스제이그룹,주권,2026-09-06,KOSDAQ-DESC,False
306200,,2018-10-05,FDR_DESC,KOSPI,세아제강,주권,2026-09-06,KOSPI-DESC,False
306620,,2018-10-31,FDR_DESC,KOSDAQ,지아이에스,주권,2026-09-06,KOSDAQ-DESC,False
307070,2021-07-13,2018-12-07,FDR_DELISTING,KOSDAQ,SK4호스팩,주권,2026-09-06,KRX-DELISTING,True
307160,2021-07-08,2018-11-30,FDR_DELISTING,KOSDAQ,하나머스트제6호스팩,주권,2026-09-06,KRX-DELISTING,True
307180,,2018-12-21,FDR_DESC,KOSDAQ,아이엘,주권,2026-09-06,KOSDAQ-DESC,False
307280,,2018-12-05,FDR_DESC,KOSDAQ,원바이오젠,주권,2026-09-06,KOSDAQ-DESC,False
307750,,2018-12-19,FDR_DESC,KOSDAQ,국전,주권,2026-09-06,KOSDAQ-DESC,False
307870,,2018-12-12,FDR_DESC,KOSDAQ,비투엔,주권,2026-09-06,KOSDAQ-DESC,False
307930,,2019-05-23,FDR_DESC,KOSDAQ,컴퍼니케이,주권,2026-09-06,KOSDAQ-DESC,False
307950,,2019-03-28,FDR_DESC,KOSPI,현대오토에버,주권,2026-09-06,KOSPI-DESC,False
308080,,2021-08-25,FDR_DESC,KOSDAQ,바이젠셀,주권,2026-09-06,KOSDAQ-DESC,False
308100,,2019-06-10,FDR_DESC,KOSDAQ,형지글로벌,주권,2026-09-06,KOSDAQ-DESC,False
308170,,2019-11-25,FDR_DESC,KOSPI,씨티알모빌리티,주권,2026-09-06,KOSPI-DESC,False
308430,,2024-10-16,FDR_DESC,KOSDAQ,셀비온,주권,2026-09-06,KOSDAQ-DESC,False
309710,,2025-08-07,FDR_DESC,KOSDAQ,아이티켐,주권,2026-09-06,KOSDAQ-DESC,False
309930,,2018-12-20,FDR_DESC,KOSDAQ,조이웍스앤코,주권,2026-09-06,KOSDAQ-DESC,False
309960,,2023-03-29,FDR_DESC,KOSDAQ,LB인베스트먼트,주권,2026-09-06,KOSDAQ-DESC,False
310200,,2018-12-21,FDR_DESC,KOSDAQ,애니플러스,주권,2026-09-06,KOSDAQ-DESC,False
310210,,2022-06-24,FDR_DESC,KOSDAQ,보로노이,주권,2026-09-06,KOSDAQ-DESC,False
310840,2021-09-23,2018-12-24,FDR_DELISTING,KOSDAQ,엔에이치스팩13호,주권,2026-09-06,KRX-DELISTING,True
310870,,2018-12-20,FDR_DESC,KOSDAQ,디와이씨,주권,2026-09-06,KOSDAQ-DESC,False
311270,2021-08-02,2018-12-26,FDR_DELISTING,KOSDAQ,키움제5호스팩,주권,2026-09-06,KRX-DELISTING,True
311320,,2021-11-11,FDR_DESC,KOSDAQ,지오엘리먼트,주권,2026-09-06,KOSDAQ-DESC,False
311390,,2019-08-22,FDR_DESC,KOSDAQ,네오크레마,주권,2026-09-06,KOSDAQ-DESC,False
311690,,2019-12-26,FDR_DESC,KOSDAQ,CJ 바이오사이언스,주권,2026-09-06,KOSDAQ-DESC,False
312610,,2019-07-01,FDR_DESC,KOSDAQ,에이에프더블류,주권,2026-09-06,KOSDAQ-DESC,False
313750,2021-12-07,2019-03-21,FDR_DELISTING,KOSDAQ,유안타제4호스팩,주권,2026-09-06,KRX-DELISTING,True
313760,,2019-07-25,FDR_DESC,KOSDAQ,캐리,주권,2026-09-06,KOSDAQ-DESC,False
314130,,2020-12-23,FDR_DESC,KOSDAQ,지놈앤컴퍼니,주권,2026-09-06,KOSDAQ-DESC,False
314140,,2022-09-29,FDR_DESC,KOSDAQ,알피바이오,주권,2026-09-06,KOSDAQ-DESC,False
314930,,2021-03-17,FDR_DESC,KOSDAQ,바이오다인,주권,2026-09-06,KOSDAQ-DESC,False
315640,,2021-08-17,FDR_DESC,KOSDAQ,딥노이드,주권,2026-09-06,KOSDAQ-DESC,False
316140,,2019-02-13,FDR_DESC,KOSPI,우리금융지주,주권,2026-09-06,KOSPI-DESC,False
317030,2021-11-04,2019-03-27,FDR_DELISTING,KOSDAQ,케이비17호스팩,주권,2026-09-06,KRX-DELISTING,True
317120,,2019-09-18,FDR_DESC,KOSDAQ,라닉스,주권,2026-09-06,KOSDAQ-DESC,False
317240,,2019-04-29,FDR_DESC,KOSDAQ,TS트릴리온,주권,2026-09-06,KOSDAQ-DESC,False
317320,2021-12-07,2019-05-03,FDR_DELISTING,KOSDAQ,한화에스비아이스팩,주권,2026-09-06,KRX-DELISTING,True
317330,,2019-08-02,FDR_DESC,KOSDAQ,덕산테코피아,주권,2026-09-06,KOSDAQ-DESC,False
317400,,2019-11-06,FDR_DESC,KOSPI,자이에스앤디,주권,2026-09-06,KOSPI-DESC,False
317450,,2025-10-01,FDR_DESC,KOSPI,명인제약,주권,2026-09-06,KOSPI-DESC,False
317530,,2019-10-29,FDR_DESC,KOSDAQ,에피소드컴퍼니,주권,2026-09-06,KOSDAQ-DESC,False
317690,,2020-12-09,FDR_DESC,KOSDAQ,퀀타매트릭스,주권,2026-09-06,KOSDAQ-DESC,False
317770,,2019-08-01,FDR_DESC,KOSDAQ,엑스페릭스,주권,2026-09-06,KOSDAQ-DESC,False
317830,,2019-08-14,FDR_DESC,KOSDAQ,에스피시스템스,주권,2026-09-06,KOSDAQ-DESC,False
317850,,2019-07-24,FDR_DESC,KOSDAQ,대모,주권,2026-09-06,KOSDAQ-DESC,False
317870,,2019-10-24,FDR_DESC,KOSDAQ,엔바이오니아,주권,2026-09-06,KOSDAQ-DESC,False
318000,,2019-08-01,FDR_DESC,KOSDAQ,KBG,주권,2026-09-06,KOSDAQ-DESC,False
318010,,2019-10-22,FDR_DESC,KOSDAQ,팜스빌,주권,2026-09-06,KOSDAQ-DESC,False
318020,,2020-12-03,FDR_DESC,KOSDAQ,포인트모바일,주권,2026-09-06,KOSDAQ-DESC,False
318060,,2025-08-25,FDR_DESC,KOSDAQ,그래피,주권,2026-09-06,KOSDAQ-DESC,False
318160,,2023-04-20,FDR_DESC,KOSDAQ,셀바이오휴먼텍,주권,2026-09-06,KOSDAQ-DESC,False
318410,,2020-09-21,FDR_DESC,KOSDAQ,비비씨,주권,2026-09-06,KOSDAQ-DESC,False
319400,,2019-05-08,FDR_DESC,KOSDAQ,현대무벡스,주권,2026-09-06,KOSDAQ-DESC,False
319660,,2019-05-10,FDR_DESC,KOSDAQ,피에스케이,주권,2026-09-06,KOSDAQ-DESC,False
320000,,2019-09-18,FDR_DESC,KOSDAQ,한울반도체,주권,2026-09-06,KOSDAQ-DESC,False
321260,,2019-05-31,FDR_DESC,KOSDAQ,프로이천,주권,2026-09-06,KOSDAQ-DESC,False
321370,,2023-07-19,FDR_DESC,KOSDAQ,센서뷰,주권,2026-09-06,KOSDAQ-DESC,False
321550,,2019-11-22,FDR_DESC,KOSDAQ,티움바이오,주권,2026-09-06,KOSDAQ-DESC,False
321820,,2021-02-03,FDR_DESC,KOSDAQ,아티스트컴퍼니,주권,2026-09-06,KOSDAQ-DESC,False
322000,,2019-11-19,FDR_DESC,KOSPI,HD현대에너지솔루션,주권,2026-09-06,KOSPI-DESC,False
322180,,2019-10-31,FDR_DESC,KOSDAQ,LS티라유텍,주권,2026-09-06,KOSDAQ-DESC,False
322310,,2021-02-24,FDR_DESC,KOSDAQ,오로스테크놀로지,주권,2026-09-06,KOSDAQ-DESC,False
322510,,2019-12-11,FDR_DESC,KOSDAQ,제이엘케이,주권,2026-09-06,KOSDAQ-DESC,False
322780,,2019-05-31,FDR_DESC,KOSDAQ,코퍼스코리아,주권,2026-09-06,KOSDAQ-DESC,False
323210,2022-02-17,2019-07-15,FDR_DELISTING,KOSDAQ,이베스트이안스팩1호,주권,2026-09-06,KRX-DELISTING,True
323230,2025-06-19,2019-06-19,FDR_DELISTING,KOSDAQ,엠에프엠코리아,주권,2026-09-06,KRX-DELISTING,True
323280,,2019-06-24,FDR_DESC,KOSDAQ,태성,주권,2026-09-06,KOSDAQ-DESC,False
323350,,2024-06-11,FDR_DESC,KOSDAQ,다원넥스뷰,주권,2026-09-06,KOSDAQ-DESC,False
323410,,2021-08-06,FDR_DESC,KOSPI,카카오뱅크,주권,2026-09-06,KOSPI-DESC,False
323940,2022-02-04,2019-06-24,FDR_DELISTING,KOSDAQ,케이비제18호스팩,주권,2026-09-06,KRX-DELISTING,True
323990,,2020-09-22,FDR_DESC,KOSDAQ,박셀바이오,주권,2026-09-06,KOSDAQ-DESC,False
326030,,2020-07-02,FDR_DESC,KOSPI,SK바이오팜,주권,2026-09-06,KOSPI-DESC,False
327260,,2019-12-24,FDR_DESC,KOSDAQ,RF머트리얼즈,주권,2026-09-06,KOSDAQ-DESC,False
328130,,2022-07-21,FDR_DESC,KOSDAQ,루닛,주권,2026-09-06,KOSDAQ-DESC,False
328380,,2019-08-20,FDR_DESC,KOSDAQ,솔트웨어,주권,2026-09-06,KOSDAQ-DESC,False
329180,,2021-09-17,FDR_DESC,KOSPI,HD현대중공업,주권,2026-09-06,KOSPI-DESC,False
329560,2022-04-04,2019-08-30,FDR_DELISTING,KOSDAQ,상상인이안제2호스팩,주권,2026-09-06,KRX-DELISTING,True
330350,,2020-07-03,FDR_DESC,KOSDAQ,위더스제약,주권,2026-09-06,KOSDAQ-DESC,False
330590,,2019-10-30,FDR_DESC,KOSPI,롯데리츠,주권,2026-09-06,KOSPI-DESC,False
330730,,2022-02-25,FDR_DESC,KOSDAQ,스톤브릿지벤처스,주권,2026-09-06,KOSDAQ-DESC,False
330860,,2020-11-17,FDR_DESC,KOSDAQ,네패스아크,주권,2026-09-06,KOSDAQ-DESC,False
330990,2022-05-09,2019-09-30,FDR_DELISTING,KOSDAQ,케이비제19호스팩,주권,2026-09-06,KRX-DELISTING,True
331380,,2019-10-02,FDR_DESC,KOSDAQ,포커스에이아이,주권,2026-09-06,KOSDAQ-DESC,False
331520,,2019-10-29,FDR_DESC,KOSDAQ,밸로프,주권,2026-09-06,KOSDAQ-DESC,False
331740,,2025-07-15,FDR_DESC,KOSDAQ,아우토크립트,주권,2026-09-06,KOSDAQ-DESC,False
331920,,2020-08-21,FDR_DESC,KOSDAQ,셀레믹스,주권,2026-09-06,KOSDAQ-DESC,False
332290,,2019-10-11,FDR_DESC,KOSDAQ,누보,주권,2026-09-06,KOSDAQ-DESC,False
332370,,2020-08-24,FDR_DESC,KOSDAQ,아이디피,주권,2026-09-06,KOSDAQ-DESC,False
332570,,2020-07-31,FDR_DESC,KOSDAQ,PS일렉트로닉스,주권,2026-09-06,KOSDAQ-DESC,False
332710,2022-09-26,2019-11-01,FDR_DELISTING,KOSDAQ,하나금융14호스팩,주권,2026-09-06,KRX-DELISTING,True
333050,,2019-10-31,FDR_DESC,KOSDAQ,이노테나,주권,2026-09-06,KOSDAQ-DESC,False
333430,,2019-11-06,FDR_DESC,KOSDAQ,일승,주권,2026-09-06,KOSDAQ-DESC,False
333620,,2021-04-01,FDR_DESC,KOSDAQ,엔시스,주권,2026-09-06,KOSDAQ-DESC,False
334890,,2020-07-16,FDR_DESC,KOSPI,이지스밸류플러스리츠,주권,2026-09-06,KOSPI-DESC,False
334970,,2021-03-11,FDR_DESC,KOSDAQ,프레스티지바이오로직스,주권,2026-09-06,KOSDAQ-DESC,False
335810,,2020-12-22,FDR_DESC,KOSDAQ,프리시젼바이오,주권,2026-09-06,KOSDAQ-DESC,False
335870,,2019-12-09,FDR_DESC,KOSDAQ,윙스풋,주권,2026-09-06,KOSDAQ-DESC,False
335890,2025-12-10,2019-12-03,FDR_DELISTING,KOSDAQ,비올,주권,2026-09-06,KRX-DELISTING,True
336060,,2019-11-28,FDR_DESC,KOSDAQ,웨이버스,주권,2026-09-06,KOSDAQ-DESC,False
336260,,2019-10-18,FDR_DESC,KOSPI,두산퓨얼셀,주권,2026-09-06,KOSPI-DESC,False
33626K,,2019-10-18,FDR_FIRST_TRADE,KOSPI,두산퓨얼셀1우,주권,2026-09-06,KOSPI-DESC,False
33626L,,2019-10-18,FDR_FIRST_TRADE,KOSPI,두산퓨얼셀2우B,주권,2026-09-06,KOSPI-DESC,False
336370,,2019-10-18,FDR_DESC,KOSPI,솔루스첨단소재,주권,2026-09-06,KOSPI-DESC,False
33637K,,2019-10-18,FDR_FIRST_TRADE,KOSPI,솔루스첨단소재1우,주권,2026-09-06,KOSPI-DESC,False
33637L,,2019-10-18,FDR_FIRST_TRADE,KOSPI,솔루스첨단소재2우B,주권,2026-09-06,KOSPI-DESC,False
336570,,2019-12-19,FDR_DESC,KOSDAQ,원텍,주권,2026-09-06,KOSDAQ-DESC,False
336680,,2024-11-01,FDR_DESC,KOSDAQ,탑런토탈솔루션,주권,2026-09-06,KOSDAQ-DESC,False
337450,2022-10-18,2019-12-04,FDR_DELISTING,KOSDAQ,SK5호스팩,주권,2026-09-06,KRX-DELISTING,True
337930,,2020-08-13,FDR_DESC,KOSDAQ,젝시믹스,주권,2026-09-06,KOSDAQ-DESC,False
338100,,2019-12-05,FDR_DESC,KOSPI,NH프라임리츠,주권,2026-09-06,KOSPI-DESC,False
338220,,2021-02-26,FDR_DESC,KOSDAQ,뷰노,주권,2026-09-06,KOSDAQ-DESC,False
338840,,2023-12-05,FDR_DESC,KOSDAQ,와이바이오로직스,주권,2026-09-06,KOSDAQ-DESC,False
339770,,2020-11-12,FDR_DESC,KOSPI,교촌에프앤비,주권,2026-09-06,KOSPI-DESC,False
339950,,2019-12-24,FDR_DESC,KOSDAQ,아이비김영,주권,2026-09-06,KOSDAQ-DESC,False
340120,2022-07-28,2019-12-23,FDR_DELISTING,KOSDAQ,하이제5호스팩,주권,2026-09-06,KRX-DELISTING,True
340350,2022-10-18,2020-03-11,FDR_DELISTING,KOSDAQ,SK6호스팩,주권,2026-09-06,KRX-DELISTING,True
340360,,2019-12-19,FDR_DESC,KOSDAQ,다보링크,주권,2026-09-06,KOSDAQ-DESC,False
340440,,2019-12-27,FDR_DESC,KOSDAQ,세림B&G,주권,2026-09-06,KOSDAQ-DESC,False
340450,,2025-06-11,FDR_DESC,KOSDAQ,지씨지놈,주권,2026-09-06,KOSDAQ-DESC,False
340570,,2020-11-20,FDR_DESC,KOSDAQ,티앤엘,주권,2026-09-06,KOSDAQ-DESC,False
340810,,2023-05-19,FDR_DESC,KOSDAQ,시선AI,주권,2026-09-06,KOSDAQ-DESC,False
340930,,2021-02-25,FDR_DESC,KOSDAQ,성원에너텍,주권,2026-09-06,KOSDAQ-DESC,False
341160,2022-12-23,2020-01-30,FDR_DELISTING,KOSDAQ,하나금융15호스팩,주권,2026-09-06,KRX-DELISTING,True
342550,2022-12-29,2020-01-30,FDR_DELISTING,KOSDAQ,케이비제20호스팩,주권,2026-09-06,KRX-DELISTING,True
342870,,2025-09-09,FDR_DESC,KOSDAQ,오아,주권,2026-09-06,KOSDAQ-DESC,False
343510,2023-03-02,2020-07-23,FDR_DELISTING,KOSDAQ,하나금융16호스팩,주권,2026-09-06,KRX-DELISTING,True
344050,2023-02-17,2020-02-12,FDR_DELISTING,KOSDAQ,신영스팩6호,주권,2026-09-06,KRX-DELISTING,True
344820,,2020-01-21,FDR_DESC,KOSPI,KCC글라스,주권,2026-09-06,KOSPI-DESC,False
344860,,2023-02-20,FDR_DESC,KOSDAQ,이노진,주권,2026-09-06,KOSDAQ-DESC,False
347000,,2020-10-29,FDR_DESC,KOSDAQ,센코,주권,2026-09-06,KOSDAQ-DESC,False
347140,2022-10-31,2020-03-24,FDR_DELISTING,KOSDAQ,케이프이에스제4호,주권,2026-09-06,KRX-DELISTING,True
347700,,2021-03-23,FDR_DESC,KOSDAQ,스피어,주권,2026-09-06,KOSDAQ-DESC,False
347740,,2020-09-09,FDR_DESC,KOSDAQ,피엔케이피부임상연구센타,주권,2026-09-06,KOSDAQ-DESC,False
347770,,2020-09-18,FDR_DESC,KOSDAQ,핌스,주권,2026-09-06,KOSDAQ-DESC,False
347850,,2024-05-02,FDR_DESC,KOSDAQ,디앤디파마텍,주권,2026-09-06,KOSDAQ-DESC,False
347860,,2020-12-21,FDR_DESC,KOSDAQ,알체라,주권,2026-09-06,KOSDAQ-DESC,False
347890,,2020-07-29,FDR_DESC,KOSDAQ,엠엑스온,주권,2026-09-06,KOSDAQ-DESC,False
348030,,2021-01-28,FDR_DESC,KOSDAQ,모비릭스,주권,2026-09-06,KOSDAQ-DESC,False
348080,,2023-06-15,FDR_DESC,KOSDAQ,큐라티스,주권,2026-09-06,KOSDAQ-DESC,False
348150,,2020-11-18,FDR_DESC,KOSDAQ,고바이오랩,주권,2026-09-06,KOSDAQ-DESC,False
348210,,2020-10-08,FDR_DESC,KOSDAQ,넥스틴,주권,2026-09-06,KOSDAQ-DESC,False
348340,,2022-11-04,FDR_DESC,KOSDAQ,뉴로메카,주권,2026-09-06,KOSDAQ-DESC,False
348350,,2020-10-30,FDR_DESC,KOSDAQ,위드텍,주권,2026-09-06,KOSDAQ-DESC,False
348370,,2021-11-01,FDR_DESC,KOSDAQ,엔켐,주권,2026-09-06,KOSDAQ-DESC,False
348950,,2020-08-07,FDR_DESC,KOSPI,제이알글로벌리츠,주권,2026-09-06,KOSPI-DESC,False
349720,2022-12-26,2020-05-20,FDR_DELISTING,KOSDAQ,이베스트스팩5호,주권,2026-09-06,KRX-DELISTING,True
350520,,2020-08-05,FDR_DESC,KOSPI,이지스레지던스리츠,주권,2026-09-06,KOSPI-DESC,False
351320,,2020-06-22,FDR_DESC,KOSDAQ,넥사다이내믹스,주권,2026-09-06,KOSDAQ-DESC,False
351330,,2021-04-21,FDR_DESC,KOSDAQ,이삭엔지니어링,주권,2026-09-06,KOSDAQ-DESC,False
351340,2023-02-21,2020-07-15,FDR_DELISTING,KOSDAQ,IBKS제13호스팩,주권,2026-09-06,KRX-DELISTING,True
351870,,2024-09-27,FDR_DESC,KOSDAQ,차이커뮤니케이션,주권,2026-09-06,KOSDAQ-DESC,False
352090,,2023-11-20,FDR_DESC,KOSDAQ,스톰테크,주권,2026-09-06,KOSDAQ-DESC,False
352480,,2021-05-17,FDR_DESC,KOSDAQ,씨앤씨인터내셔널,주권,2026-09-06,KOSDAQ-DESC,False
352700,,2021-01-28,FDR_DESC,KOSDAQ,씨앤투스,주권,2026-09-06,KOSDAQ-DESC,False
352770,,2020-12-04,FDR_DESC,KOSDAQ,셀레스트라,주권,2026-09-06,KOSDAQ-DESC,False
352820,,2020-10-15,FDR_DESC,KOSPI,하이브,주권,2026-09-06,KOSPI-DESC,False
352910,,2021-07-13,FDR_DESC,KOSDAQ,오비고,주권,2026-09-06,KOSDAQ-DESC,False
352940,,2020-12-11,FDR_DESC,KOSDAQ,인바이오,주권,2026-09-06,KOSDAQ-DESC,False
353060,2023-09-22,2020-12-16,FDR_DELISTING,KOSDAQ,에이치엠씨제5호스팩,주권,2026-09-06,KRX-DELISTING,True
353070,2023-03-10,2020-07-29,FDR_DELISTING,KOSDAQ,에이치엠씨제4호스팩,주권,2026-09-06,KRX-DELISTING,True
353190,,2020-06-17,FDR_DESC,KOSDAQ,휴럼,주권,2026-09-06,KOSDAQ-DESC,False
353200,,2020-05-21,FDR_DESC,KOSPI,대덕전자,주권,2026-09-06,KOSPI-DESC,False
35320K,,2020-05-21,FDR_FIRST_TRADE,KOSPI,대덕전자1우,주권,2026-09-06,KOSPI-DESC,False
353490,2023-05-17,2020-08-28,FDR_DELISTING,KOSDAQ,미래에셋대우스팩 5호,주권,2026-09-06,KRX-DELISTING,True
353590,,2022-01-20,FDR_DESC,KOSDAQ,오토앤,주권,2026-09-06,KOSDAQ-DESC,False
353810,,2020-06-05,FDR_DESC,KOSDAQ,이지바이오,주권,2026-09-06,KOSDAQ-DESC,False
354200,,2020-12-10,FDR_DESC,KOSDAQ,엔젠바이오,주권,2026-09-06,KOSDAQ-DESC,False
354320,,2023-06-30,FDR_DESC,KOSDAQ,알멕,주권,2026-09-06,KOSDAQ-DESC,False
355150,,2020-09-18,FDR_DESC,KOSDAQ,코스텍시스,주권,2026-09-06,KOSDAQ-DESC,False
355390,,2023-08-31,FDR_DESC,KOSDAQ,크라우드웍스,주권,2026-09-06,KOSDAQ-DESC,False
355690,,2023-12-01,FDR_DESC,KOSDAQ,에이텀,주권,2026-09-06,KOSDAQ-DESC,False
356680,,2023-03-16,FDR_DESC,KOSDAQ,엑스게이트,주권,2026-09-06,KOSDAQ-DESC,False
356860,,2020-12-14,FDR_DESC,KOSDAQ,티엘비,주권,2026-09-06,KOSDAQ-DESC,False
356890,,2021-03-11,FDR_DESC,KOSDAQ,싸이버원,주권,2026-09-06,KOSDAQ-DESC,False
357120,,2020-08-31,FDR_DESC,KOSPI,코람코라이프인프라리츠,주권,2026-09-06,KOSPI-DESC,False
357230,,2021-05-14,FDR_DESC,KOSDAQ,에이치피오,주권,2026-09-06,KOSDAQ-DESC,False
357250,,2020-08-05,FDR_DESC,KOSPI,미래에셋맵스리츠,주권,2026-09-06,KOSPI-DESC,False
357430,,2022-05-31,FDR_DESC,KOSPI,마스턴프리미어리츠,주권,2026-09-06,KOSPI-DESC,False
357550,,2020-12-23,FDR_DESC,KOSDAQ,석경에이티,주권,2026-09-06,KOSDAQ-DESC,False
357580,,2021-06-25,FDR_DESC,KOSDAQ,아모센스,주권,2026-09-06,KOSDAQ-DESC,False
357880,,2021-11-10,FDR_DESC,KOSDAQ,SKAI,주권,2026-09-06,KOSDAQ-DESC,False
358570,,2023-03-30,FDR_DESC,KOSDAQ,지아이이노베이션,주권,2026-09-06,KOSDAQ-DESC,False
359090,,2020-09-23,FDR_DESC,KOSDAQ,씨엔알리서치,주권,2026-09-06,KOSDAQ-DESC,False
360070,,2022-10-18,FDR_DESC,KOSDAQ,탑머티리얼,주권,2026-09-06,KOSDAQ-DESC,False
360350,,2024-02-23,FDR_DESC,KOSDAQ,코셈,주권,2026-09-06,KOSDAQ-DESC,False
361390,,2021-03-24,FDR_DESC,KOSDAQ,제노코,주권,2026-09-06,KOSDAQ-DESC,False
361570,,2021-11-22,FDR_DESC,KOSDAQ,알비더블유,주권,2026-09-06,KOSDAQ-DESC,False
361610,,2021-05-11,FDR_DESC,KOSPI,SK아이이테크놀로지,주권,2026-09-06,KOSPI-DESC,False
361670,,2021-05-21,FDR_DESC,KOSDAQ,삼영에스앤씨,주권,2026-09-06,KOSDAQ-DESC,False
362320,,2022-06-03,FDR_DESC,KOSDAQ,청담글로벌,주권,2026-09-06,KOSDAQ-DESC,False
362990,,2024-01-25,FDR_DESC,KOSDAQ,드림인사이트,주권,2026-09-06,KOSDAQ-DESC,False
363250,,2021-05-26,FDR_DESC,KOSDAQ,진시스템,주권,2026-09-06,KOSDAQ-DESC,False
363260,,2021-02-10,FDR_DESC,KOSDAQ,모비데이즈,주권,2026-09-06,KOSDAQ-DESC,False
363280,,2020-09-22,FDR_DESC,KOSPI,티와이홀딩스,주권,2026-09-06,KOSPI-DESC,False
36328K,,2020-09-22,FDR_FIRST_TRADE,KOSPI,티와이홀딩스우,주권,2026-09-06,KOSPI-DESC,False
364950,,2025-04-29,FDR_DESC,KOSDAQ,에이아이코리아,주권,2026-09-06,KOSDAQ-DESC,False
365270,,2021-07-22,FDR_DESC,KOSDAQ,큐라클,주권,2026-09-06,KOSDAQ-DESC,False
365330,,2023-11-13,FDR_DESC,KOSDAQ,에스와이스틸텍,주권,2026-09-06,KOSDAQ-DESC,False
365340,,2022-07-28,FDR_DESC,KOSDAQ,성일하이텍,주권,2026-09-06,KOSDAQ-DESC,False
365550,,2020-12-23,FDR_DESC,KOSPI,ESR켄달스퀘어리츠,주권,2026-09-06,KOSPI-DESC,False
365590,,2020-12-21,FDR_DESC,KOSDAQ,하이딥,주권,2026-09-06,KOSDAQ-DESC,False
365660,,2026-07-06,FDR_DESC,KOSDAQ,레몬헬스케어,주권,2026-09-06,KOSDAQ-DESC,False
365900,,2022-02-24,FDR_DESC,KOSDAQ,브이씨,주권,2026-09-06,KOSDAQ-DESC,False
366030,,2022-03-23,FDR_DESC,KOSDAQ,나인앤컴퍼니,주권,2026-09-06,KOSDAQ-DESC,False
366330,2023-09-18,2021-02-04,FDR_DELISTING,KOSDAQ,신한제7호스팩,주권,2026-09-06,KRX-DELISTING,True
367000,,2021-08-12,FDR_DESC,KOSDAQ,플래티어,주권,2026-09-06,KOSDAQ-DESC,False
367340,2023-07-17,2020-12-09,FDR_DELISTING,KOSDAQ,DB금융스팩8호,주권,2026-09-06,KRX-DELISTING,True
367360,2023-11-24,2021-03-16,FDR_DELISTING,KOSDAQ,DB금융스팩9호,주권,2026-09-06,KRX-DELISTING,True
367460,2022-12-08,2020-12-28,FDR_DELISTING,KOSDAQ,유안타제7호스팩,주권,2026-09-06,KRX-DELISTING,True
367480,2023-09-08,2021-04-05,FDR_DELISTING,KOSDAQ,유안타제8호스팩,주권,2026-09-06,KRX-DELISTING,True
368600,,2022-07-29,FDR_DESC,KOSDAQ,아이씨에이치,주권,2026-09-06,KOSDAQ-DESC,False
368770,,2021-01-21,FDR_DESC,KOSDAQ,파이버프로,주권,2026-09-06,KOSDAQ-DESC,False
368970,,2022-10-14,FDR_DESC,KOSDAQ,오에스피,주권,2026-09-06,KOSDAQ-DESC,False
369370,,2020-12-23,FDR_DESC,KOSDAQ,블리츠웨이엔터테인먼트,주권,2026-09-06,KOSDAQ-DESC,False
370090,,2022-02-23,FDR_DESC,KOSDAQ,퓨런티어,주권,2026-09-06,KOSDAQ-DESC,False
371950,,2022-02-28,FDR_DESC,KOSDAQ,풍원정밀,주권,2026-09-06,KOSDAQ-DESC,False
372170,,2022-11-14,FDR_DESC,KOSDAQ,윤성에프앤씨,주권,2026-09-06,KOSDAQ-DESC,False
372290,2024-02-19,2021-03-05,FDR_DELISTING,KOSDAQ,하나머스트7호스팩,주권,2026-09-06,KRX-DELISTING,True
372320,,2023-11-09,FDR_DESC,KOSDAQ,큐로셀,주권,2026-09-06,KOSDAQ-DESC,False
372800,,2021-11-11,FDR_DESC,KOSDAQ,아이티아이즈,주권,2026-09-06,KOSDAQ-DESC,False
372910,,2021-08-17,FDR_DESC,KOSPI,한컴라이프케어,주권,2026-09-06,KOSPI-DESC,False
373110,,2024-07-15,FDR_DESC,KOSDAQ,엑셀세라퓨틱스,주권,2026-09-06,KOSDAQ-DESC,False
373160,,2025-01-24,FDR_DESC,KOSDAQ,데이원컴퍼니,주권,2026-09-06,KOSDAQ-DESC,False
373170,,2023-08-04,FDR_DESC,KOSDAQ,엠아이큐브솔루션,주권,2026-09-06,KOSDAQ-DESC,False
373200,,2021-02-26,FDR_DESC,KOSDAQ,엑스플러스,주권,2026-09-06,KOSDAQ-DESC,False
373220,,2022-01-27,FDR_DESC,KOSPI,LG에너지솔루션,주권,2026-09-06,KOSPI-DESC,False
373340,2023-12-13,2021-04-08,FDR_DELISTING,KOSDAQ,유진스팩6호,주권,2026-09-06,KRX-DELISTING,True
375500,,2021-01-25,FDR_DESC,KOSPI,DL이앤씨,주권,2026-09-06,KOSPI-DESC,False
37550K,,2021-01-25,FDR_FIRST_TRADE,KOSPI,DL이앤씨우,주권,2026-09-06,KOSPI-DESC,False
37550L,,2022-04-28,FDR_FIRST_TRADE,KOSPI,DL이앤씨2우(전환),주권,2026-09-06,KOSPI-DESC,False
376180,,2021-11-03,FDR_DESC,KOSDAQ,피코그램,주권,2026-09-06,KOSDAQ-DESC,False
376190,2025-02-21,2021-06-11,FDR_DELISTING,KOSDAQ,LB루셈,주권,2026-09-06,KRX-DELISTING,True
376270,,2024-11-05,FDR_DESC,KOSDAQ,HEM파마,주권,2026-09-06,KOSDAQ-DESC,False
376290,,2021-10-08,FDR_DESC,KOSDAQ,씨유테크,주권,2026-09-06,KOSDAQ-DESC,False
376300,,2021-11-10,FDR_DESC,KOSDAQ,디어유,주권,2026-09-06,KOSDAQ-DESC,False
376900,,2025-05-12,FDR_DESC,KOSDAQ,로킷헬스케어,주권,2026-09-06,KOSDAQ-DESC,False
376930,,2022-03-03,FDR_DESC,KOSDAQ,노을,주권,2026-09-06,KOSDAQ-DESC,False
376980,,2021-08-11,FDR_DESC,KOSDAQ,원티드랩,주권,2026-09-06,KOSDAQ-DESC,False
377030,,2021-07-27,FDR_DESC,KOSDAQ,비트맥스,주권,2026-09-06,KOSDAQ-DESC,False
377190,,2021-08-27,FDR_DESC,KOSPI,디앤디플랫폼리츠,주권,2026-09-06,KOSPI-DESC,False
377220,,2021-09-28,FDR_DESC,KOSDAQ,프롬바이오,주권,2026-09-06,KOSDAQ-DESC,False
377300,,2021-11-03,FDR_DESC,KOSPI,카카오페이,주권,2026-09-06,KOSPI-DESC,False
377330,,2022-02-04,FDR_DESC,KOSDAQ,이지트로닉스,주권,2026-09-06,KOSDAQ-DESC,False
377400,2024-01-25,2021-05-10,FDR_DELISTING,KOSDAQ,하이제6호스팩,주권,2026-09-06,KRX-DELISTING,True
377450,,2021-10-29,FDR_DESC,KOSDAQ,리파인,주권,2026-09-06,KOSDAQ-DESC,False
377460,,2022-06-23,FDR_DESC,KOSDAQ,큐에이드,주권,2026-09-06,KOSDAQ-DESC,False
377480,,2021-11-23,FDR_DESC,KOSDAQ,마음AI,주권,2026-09-06,KOSDAQ-DESC,False
377630,2023-12-27,2021-05-21,FDR_DELISTING,KOSDAQ,삼성스팩4호,주권,2026-09-06,KRX-DELISTING,True
377740,,2022-12-22,FDR_DESC,KOSPI,바이오노트,주권,2026-09-06,KOSPI-DESC,False
378340,,2023-07-14,FDR_DESC,KOSDAQ,필에너지,주권,2026-09-06,KOSDAQ-DESC,False
378800,,2022-10-19,FDR_DESC,KOSDAQ,샤페론,주권,2026-09-06,KOSDAQ-DESC,False
378850,,2021-03-15,FDR_DESC,KOSPI,화승알앤에이,주권,2026-09-06,KOSPI-DESC,False
380320,2024-01-23,2021-06-17,FDR_DELISTING,KOSDAQ,삼성머스트스팩5호,주권,2026-09-06,KRX-DELISTING,True
380440,2024-01-02,2021-05-21,FDR_DELISTING,KOSPI,엔에이치스팩19호,주권,2026-09-06,KRX-DELISTING,True
380540,,2022-12-29,FDR_DESC,KOSDAQ,옵티코어,주권,2026-09-06,KOSDAQ-DESC,False
380550,,2025-07-25,FDR_DESC,KOSDAQ,뉴로핏,주권,2026-09-06,KOSDAQ-DESC,False
381620,,2024-09-30,FDR_DESC,KOSDAQ,제닉스로보틱스,주권,2026-09-06,KOSDAQ-DESC,False
381970,,2021-10-13,FDR_DESC,KOSPI,케이카,주권,2026-09-06,KOSPI-DESC,False
382150,,2024-12-18,FDR_DESC,KOSDAQ,온코크로스,주권,2026-09-06,KOSDAQ-DESC,False
382480,,2021-10-21,FDR_DESC,KOSDAQ,지아이텍,주권,2026-09-06,KOSDAQ-DESC,False
382800,,2021-10-29,FDR_DESC,KOSDAQ,지앤비에스 에코,주권,2026-09-06,KOSDAQ-DESC,False
382840,,2021-10-07,FDR_DESC,KOSDAQ,원준,주권,2026-09-06,KOSDAQ-DESC,False
382900,,2022-06-17,FDR_DESC,KOSDAQ,범한퓨얼셀,주권,2026-09-06,KOSDAQ-DESC,False
383220,,2021-05-21,FDR_DESC,KOSPI,F&F,주권,2026-09-06,KOSPI-DESC,False
383310,,2021-05-28,FDR_DESC,KOSDAQ,에코프로에이치엔,주권,2026-09-06,KOSDAQ-DESC,False
383800,,2021-05-27,FDR_DESC,KOSPI,LX홀딩스,주권,2026-09-06,KOSPI-DESC,False
38380K,,2021-05-27,FDR_FIRST_TRADE,KOSPI,LX홀딩스1우,주권,2026-09-06,KOSPI-DESC,False
383930,,2022-11-11,FDR_DESC,KOSDAQ,디티앤씨알오,주권,2026-09-06,KOSDAQ-DESC,False
384470,,2023-09-18,FDR_DESC,KOSDAQ,코어라인소프트,주권,2026-09-06,KOSDAQ-DESC,False
386380,,2026-09-04,FDR_DESC,KOSDAQ,스카이랩스,주권,2026-09-06,KOSDAQ-DESC,False
386580,2024-06-17,2021-08-05,FDR_DELISTING,KOSDAQ,한화플러스제2호스팩,주권,2026-09-06,KRX-DELISTING,True
387310,2023-03-16,2021-09-17,FDR_DELISTING,KOSDAQ,대신밸런스제10호스팩,주권,2026-09-06,KRX-DELISTING,True
387570,,2024-12-26,FDR_DESC,KOSDAQ,파인메딕스,주권,2026-09-06,KOSDAQ-DESC,False
387690,,2026-07-13,FDR_DESC,KOSDAQ,레메디,주권,2026-09-06,KOSDAQ-DESC,False
388050,,2022-04-01,FDR_DESC,KOSDAQ,지투파워,주권,2026-09-06,KOSDAQ-DESC,False
388210,,2025-11-20,FDR_DESC,KOSDAQ,씨엠티엑스,주권,2026-09-06,KOSDAQ-DESC,False
388220,2023-05-23,2021-10-07,FDR_DELISTING,KOSDAQ,하나금융19호스팩,주권,2026-09-06,KRX-DELISTING,True
388610,,2025-06-30,FDR_DESC,KOSDAQ,지에프씨생명과학,주권,2026-09-06,KOSDAQ-DESC,False
388720,,2022-03-18,FDR_DESC,KOSDAQ,유일로보틱스,주권,2026-09-06,KOSDAQ-DESC,False
388790,,2021-09-03,FDR_DESC,KOSDAQ,라이콤,주권,2026-09-06,KOSDAQ-DESC,False
388800,2024-07-02,2021-09-13,FDR_DELISTING,KOSDAQ,유진스팩7호,주권,2026-09-06,KRX-DELISTING,True
388870,,2023-07-27,FDR_DESC,KOSDAQ,파로스아이바이오,주권,2026-09-06,KOSDAQ-DESC,False
389020,,2023-03-07,FDR_DESC,KOSDAQ,자람테크놀로지,주권,2026-09-06,KOSDAQ-DESC,False
389030,,2021-11-08,FDR_DESC,KOSDAQ,지니너스,주권,2026-09-06,KOSDAQ-DESC,False
389140,,2022-04-28,FDR_DESC,KOSDAQ,포바이포,주권,2026-09-06,KOSDAQ-DESC,False
389260,,2022-05-16,FDR_DESC,KOSDAQ,대명에너지,주권,2026-09-06,KOSDAQ-DESC,False
389470,,2022-11-22,FDR_DESC,KOSDAQ,인벤티지랩,주권,2026-09-06,KOSDAQ-DESC,False
389500,,2022-10-17,FDR_DESC,KOSDAQ,에스비비테크,주권,2026-09-06,KOSDAQ-DESC,False
389650,,2024-08-20,FDR_DESC,KOSDAQ,넥스트바이오메디컬,주권,2026-09-06,KOSDAQ-DESC,False
389680,,2024-11-20,FDR_DESC,KOSDAQ,유디엠텍,주권,2026-09-06,KOSDAQ-DESC,False
391060,2024-05-14,2021-10-05,FDR_DELISTING,KOSDAQ,엔에이치스팩20호,주권,2026-09-06,KRX-DELISTING,True
391710,,2021-10-15,FDR_DESC,KOSDAQ,코닉오토메이션,주권,2026-09-06,KOSDAQ-DESC,False
393210,,2023-04-27,FDR_DESC,KOSDAQ,토마토시스템,주권,2026-09-06,KOSDAQ-DESC,False
393360,2024-04-30,2021-09-27,FDR_DELISTING,KOSDAQ,신한제8호스팩,주권,2026-09-06,KRX-DELISTING,True
393890,,2022-09-30,FDR_DESC,KOSDAQ,더블유씨피,주권,2026-09-06,KOSDAQ-DESC,False
393970,,2025-03-06,FDR_DESC,KOSDAQ,대진첨단소재,주권,2026-09-06,KOSDAQ-DESC,False
394280,,2022-09-26,FDR_DESC,KOSDAQ,오픈엣지테크놀로지,주권,2026-09-06,KOSDAQ-DESC,False
394420,,2026-03-31,FDR_DESC,KOSDAQ,리센스메디컬,주권,2026-09-06,KOSDAQ-DESC,False
394800,,2024-11-14,FDR_DESC,KOSDAQ,쓰리빌리언,주권,2026-09-06,KOSDAQ-DESC,False
395400,,2021-09-14,FDR_DESC,KOSPI,SK리츠,주권,2026-09-06,KOSPI-DESC,False
396270,,2022-07-01,FDR_DESC,KOSDAQ,넥스트칩,주권,2026-09-06,KOSDAQ-DESC,False
396300,,2022-03-24,FDR_DESC,KOSDAQ,HT로보틱스,주권,2026-09-06,KOSDAQ-DESC,False
396470,,2023-10-26,FDR_DESC,KOSDAQ,워트,주권,2026-09-06,KOSDAQ-DESC,False
396690,,2021-12-03,FDR_DESC,KOSPI,미래에셋글로벌리츠,주권,2026-09-06,KOSPI-DESC,False
396770,2023-04-28,2021-12-24,FDR_DELISTING,KOSDAQ,엔에이치스팩22호,주권,2026-09-06,KRX-DELISTING,True
397030,,2022-07-28,FDR_DESC,KOSDAQ,에이프릴바이오,주권,2026-09-06,KOSDAQ-DESC,False
397500,2023-03-09,2021-12-02,FDR_DELISTING,KOSDAQ,대신밸런스제11호스팩,주권,2026-09-06,KRX-DELISTING,True
397810,,2025-08-22,FDR_DESC,KOSDAQ,애드포러스,주권,2026-09-06,KOSDAQ-DESC,False
397880,2024-03-25,2021-12-20,FDR_DELISTING,KOSDAQ,교보11호스팩,주권,2026-09-06,KRX-DELISTING,True
398120,,2024-12-19,FDR_DESC,KOSDAQ,에스지헬스케어,주권,2026-09-06,KOSDAQ-DESC,False
399720,,2022-05-20,FDR_DESC,KOSDAQ,가온칩스,주권,2026-09-06,KOSDAQ-DESC,False
400560,2023-09-19,2021-12-27,FDR_DELISTING,KOSDAQ,하나금융20호스팩,주권,2026-09-06,KRX-DELISTING,True
400760,,2021-11-18,FDR_DESC,KOSPI,NH올원리츠,주권,2026-09-06,KOSPI-DESC,False
400840,2024-07-26,2021-12-20,FDR_DELISTING,KOSDAQ,하이제7호스팩,주권,2026-09-06,KRX-DELISTING,True
402030,,2022-07-07,FDR_DESC,KOSDAQ,코난테크놀로지,주권,2026-09-06,KOSDAQ-DESC,False
402340,,2021-11-29,FDR_DESC,KOSPI,SK스퀘어,주권,2026-09-06,KOSPI-DESC,False
402490,,2023-11-24,FDR_DESC,KOSDAQ,그린리소스,주권,2026-09-06,KOSDAQ-DESC,False
403490,,2023-09-19,FDR_DESC,KOSDAQ,우듬지팜,주권,2026-09-06,KOSDAQ-DESC,False
403550,,2022-08-22,FDR_DESC,KOSPI,쏘카,주권,2026-09-06,KOSPI-DESC,False
403850,,2025-11-18,FDR_DESC,KOSDAQ,더핑크퐁컴퍼니,주권,2026-09-06,KOSDAQ-DESC,False
404950,2024-01-04,2022-01-20,FDR_DELISTING,KOSDAQ,DB금융스팩10호,주권,2026-09-06,KRX-DELISTING,True
404990,,2021-12-10,FDR_DESC,KOSPI,신한서부티엔디리츠,주권,2026-09-06,KOSPI-DESC,False
405000,,2022-10-21,FDR_DESC,KOSDAQ,플라즈맵,주권,2026-09-06,KOSDAQ-DESC,False
405100,,2022-11-02,FDR_DESC,KOSDAQ,큐알티,주권,2026-09-06,KOSDAQ-DESC,False
405350,2023-11-03,2022-02-18,FDR_DELISTING,KOSDAQ,IBKS제17호스팩,주권,2026-09-06,KRX-DELISTING,True
405640,2024-06-11,2022-04-27,FDR_DELISTING,KOSDAQ,신한제9호스팩,주권,2026-09-06,KRX-DELISTING,True
405920,,2023-06-02,FDR_DESC,KOSDAQ,나라셀라,주권,2026-09-06,KOSDAQ-DESC,False
406760,2024-12-26,2022-02-25,FDR_DELISTING,KOSDAQ,하나금융21호스팩,주권,2026-09-06,KRX-DELISTING,True
406820,,2023-07-24,FDR_DESC,KOSDAQ,뷰티스킨,주권,2026-09-06,KOSDAQ-DESC,False
407400,,2023-02-09,FDR_DESC,KOSDAQ,꿈비,주권,2026-09-06,KOSDAQ-DESC,False
408470,,2026-03-25,FDR_DESC,KOSDAQ,한패스,주권,2026-09-06,KOSDAQ-DESC,False
408900,,2023-02-07,FDR_DESC,KOSDAQ,스튜디오미르,주권,2026-09-06,KOSDAQ-DESC,False
408920,,2022-03-07,FDR_DESC,KOSDAQ,메쎄이상,주권,2026-09-06,KOSDAQ-DESC,False
409570,2023-08-31,2022-02-21,FDR_DELISTING,KOSDAQ,한국제10호스팩,주권,2026-09-06,KRX-DELISTING,True
411080,,2023-02-15,FDR_DESC,KOSDAQ,샌즈랩,주권,2026-09-06,KOSDAQ-DESC,False
412350,,2022-06-24,FDR_DESC,KOSDAQ,레이저쎌,주권,2026-09-06,KOSDAQ-DESC,False
412540,,2024-04-30,FDR_DESC,KOSDAQ,제일엠앤에스,주권,2026-09-06,KOSDAQ-DESC,False
412930,2025-01-21,2022-04-21,FDR_DELISTING,KOSDAQ,미래에셋비전스팩1호,주권,2026-09-06,KRX-DELISTING,True
413390,,2024-11-18,FDR_DESC,KOSDAQ,엠오티,주권,2026-09-06,KOSDAQ-DESC,False
413600,2025-02-28,2022-04-07,FDR_DELISTING,KOSDAQ,키움제6호스팩,주권,2026-09-06,KRX-DELISTING,True
413630,,2022-03-31,FDR_DESC,KOSDAQ,씨피시스템,주권,2026-09-06,KOSDAQ-DESC,False
413640,,2023-11-09,FDR_DESC,KOSDAQ,비아이매트릭스,주권,2026-09-06,KOSDAQ-DESC,False
415380,,2024-02-06,FDR_DESC,KOSDAQ,스튜디오삼익,주권,2026-09-06,KOSDAQ-DESC,False
415580,2024-12-04,2022-04-29,FDR_DELISTING,KOSDAQ,상상인제3호스팩,주권,2026-09-06,KRX-DELISTING,True
415640,,2024-11-29,FDR_DESC,KOSPI,KB발해인프라,주권,2026-09-06,KOSPI-DESC,False
416180,,2023-10-19,FDR_DESC,KOSDAQ,신성에스티,주권,2026-09-06,KOSDAQ-DESC,False
417010,,2023-03-03,FDR_DESC,KOSDAQ,나노팀,주권,2026-09-06,KOSDAQ-DESC,False
417030,,2026-08-24,FDR_DESC,KOSDAQ,니어스랩,주권,2026-09-06,KOSDAQ-DESC,False
417180,,2022-12-08,FDR_DESC,KOSDAQ,핑거스토리,주권,2026-09-06,KOSDAQ-DESC,False
417200,,2023-12-12,FDR_DESC,KOSDAQ,LS머트리얼즈,주권,2026-09-06,KOSDAQ-DESC,False
417310,,2022-03-28,FDR_DESC,KOSPI,코람코더원리츠,주권,2026-09-06,KOSPI-DESC,False
417500,,2022-11-04,FDR_DESC,KOSDAQ,제이아이테크,주권,2026-09-06,KOSDAQ-DESC,False
417790,,2023-05-17,FDR_DESC,KOSDAQ,트루엔,주권,2026-09-06,KOSDAQ-DESC,False
417840,,2022-10-28,FDR_DESC,KOSDAQ,저스템,주권,2026-09-06,KOSDAQ-DESC,False
417860,,2023-01-30,FDR_DESC,KOSDAQ,오브젠,주권,2026-09-06,KOSDAQ-DESC,False
417970,,2022-10-07,FDR_DESC,KOSDAQ,모델솔루션,주권,2026-09-06,KOSDAQ-DESC,False
418170,2024-12-19,2022-05-26,FDR_DELISTING,KOSDAQ,하나금융22호스팩,주권,2026-09-06,KRX-DELISTING,True
418210,2025-04-04,2022-07-29,FDR_DELISTING,KOSDAQ,신한제10호스팩,주권,2026-09-06,KRX-DELISTING,True
418250,,2023-08-24,FDR_DESC,KOSDAQ,시큐레터,주권,2026-09-06,KOSDAQ-DESC,False
418420,,2023-03-09,FDR_DESC,KOSDAQ,라온텍,주권,2026-09-06,KOSDAQ-DESC,False
418470,,2023-09-27,FDR_DESC,KOSDAQ,KT밀리의서재,주권,2026-09-06,KOSDAQ-DESC,False
418550,,2023-02-16,FDR_DESC,KOSDAQ,제이오,주권,2026-09-06,KOSDAQ-DESC,False
418620,,2024-02-23,FDR_DESC,KOSDAQ,E8,주권,2026-09-06,KOSDAQ-DESC,False
419050,,2023-02-03,FDR_DESC,KOSDAQ,삼기에너지솔루션즈,주권,2026-09-06,KOSDAQ-DESC,False
419080,,2022-11-18,FDR_DESC,KOSDAQ,엔젯,주권,2026-09-06,KOSDAQ-DESC,False
419120,,2022-10-27,FDR_DESC,KOSDAQ,산돌,주권,2026-09-06,KOSDAQ-DESC,False
419270,2024-04-25,2022-04-28,FDR_DELISTING,KOSDAQ,신영스팩7호,주권,2026-09-06,KRX-DELISTING,True
419530,,2022-12-06,FDR_DESC,KOSDAQ,SAMG엔터,주권,2026-09-06,KOSDAQ-DESC,False
419540,,2022-10-18,FDR_DESC,KOSDAQ,비스토스,주권,2026-09-06,KOSDAQ-DESC,False
420570,,2024-03-25,FDR_DESC,KOSDAQ,제이투케이바이오,주권,2026-09-06,KOSDAQ-DESC,False
420770,,2023-05-24,FDR_DESC,KOSDAQ,기가비스,주권,2026-09-06,KOSDAQ-DESC,False
421800,2024-11-19,2022-06-24,FDR_DELISTING,KOSDAQ,교보12호스팩,주권,2026-09-06,KRX-DELISTING,True
422040,2025-02-10,2022-06-28,FDR_DELISTING,KOSDAQ,엔에이치스팩23호,주권,2026-09-06,KRX-DELISTING,True
424140,2025-02-04,2022-06-23,FDR_DELISTING,KOSDAQ,케이비제21호스팩,주권,2026-09-06,KRX-DELISTING,True
424760,,2022-07-22,FDR_DESC,KOSDAQ,벨로크,주권,2026-09-06,KOSDAQ-DESC,False
424870,,2025-05-19,FDR_DESC,KOSDAQ,이뮨온시아,주권,2026-09-06,KOSDAQ-DESC,False
424960,,2023-08-22,FDR_DESC,KOSDAQ,스마트레이더시스템,주권,2026-09-06,KOSDAQ-DESC,False
424980,,2023-04-26,FDR_DESC,KOSDAQ,마이크로투나노,주권,2026-09-06,KOSDAQ-DESC,False
425040,,2023-01-19,FDR_DESC,KOSDAQ,티이엠씨,주권,2026-09-06,KOSDAQ-DESC,False
425290,2025-02-11,2022-06-30,FDR_DELISTING,KOSDAQ,삼성스팩6호,주권,2026-09-06,KRX-DELISTING,True
425420,,2022-11-17,FDR_DESC,KOSDAQ,티에프이,주권,2026-09-06,KOSDAQ-DESC,False
426550,2024-02-15,2022-08-26,FDR_DELISTING,KOSDAQ,IBKS제19호스팩,주권,2026-09-06,KRX-DELISTING,True
426670,2023-04-20,2022-07-14,FDR_DELISTING,KOSDAQ,대신밸런스제12호스팩,주권,2026-09-06,KRX-DELISTING,True
427950,2024-02-01,2022-09-15,FDR_DELISTING,KOSDAQ,하나금융23호스팩,주권,2026-09-06,KRX-DELISTING,True
429270,,2023-08-03,FDR_DESC,KOSDAQ,시지트로닉스,주권,2026-09-06,KOSDAQ-DESC,False
430220,2025-08-22,2022-08-26,FDR_DELISTING,KOSDAQ,신영스팩8호,주권,2026-09-06,KRX-DELISTING,True
430230,2024-09-03,2022-09-29,FDR_DELISTING,KOSDAQ,하나금융24호스팩,주권,2026-09-06,KRX-DELISTING,True
430460,2024-12-13,2022-09-29,FDR_DELISTING,KOSDAQ,한화플러스제3호스팩,주권,2026-09-06,KRX-DELISTING,True
430690,,2023-10-04,FDR_DESC,KOSDAQ,한싹,주권,2026-09-06,KOSDAQ-DESC,False
430700,2025-03-17,2022-08-04,FDR_DELISTING,KOSDAQ,유안타제9호스팩,주권,2026-09-06,KRX-DELISTING,True
431190,,2024-08-20,FDR_DESC,KOSDAQ,케이쓰리아이,주권,2026-09-06,KOSDAQ-DESC,False
432320,,2022-10-06,FDR_DESC,KOSPI,KB스타리츠,주권,2026-09-06,KOSPI-DESC,False
432430,,2023-07-20,FDR_DESC,KOSDAQ,와이랩,주권,2026-09-06,KOSDAQ-DESC,False
432470,,2023-12-06,FDR_DESC,KOSDAQ,케이엔에스,주권,2026-09-06,KOSDAQ-DESC,False
432720,,2023-10-27,FDR_DESC,KOSDAQ,퀄리타스반도체,주권,2026-09-06,KOSDAQ-DESC,False
432980,,2024-12-26,FDR_DESC,KOSDAQ,엠에프씨,주권,2026-09-06,KOSDAQ-DESC,False
433530,2025-03-07,2022-09-07,FDR_DELISTING,KOSDAQ,키움제7호스팩,주권,2026-09-06,KRX-DELISTING,True
434480,,2023-05-19,FDR_DESC,KOSDAQ,모니터랩,주권,2026-09-06,KOSDAQ-DESC,False
435380,2025-05-14,2022-10-06,FDR_DELISTING,KOSDAQ,유안타제10호스팩,주권,2026-09-06,KRX-DELISTING,True
435570,,2025-02-28,FDR_DESC,KOSDAQ,에르코스,주권,2026-09-06,KOSDAQ-DESC,False
435620,2025-05-26,2022-10-20,FDR_DELISTING,KOSDAQ,하나금융25호스팩,주권,2026-09-06,KRX-DELISTING,True
435870,2025-05-16,2022-10-06,FDR_DELISTING,KOSDAQ,에스케이증권제8호스팩,주권,2026-09-06,KRX-DELISTING,True
436530,2024-05-03,2022-09-22,FDR_DELISTING,KOSDAQ,케이비제22호스팩,주권,2026-09-06,KRX-DELISTING,True
436610,2024-09-27,2022-10-20,FDR_DELISTING,KOSDAQ,한국제11호스팩,주권,2026-09-06,KRX-DELISTING,True
437730,,2024-03-21,FDR_DESC,KOSDAQ,삼현,주권,2026-09-06,KOSDAQ-DESC,False
437780,2025-05-26,2022-10-20,FDR_DELISTING,KOSDAQ,엔에이치스팩24호,주권,2026-09-06,KRX-DELISTING,True
438220,2024-11-20,2022-11-28,FDR_DELISTING,KOSDAQ,대신밸런스제13호스팩,주권,2026-09-06,KRX-DELISTING,True
438580,2025-06-11,2022-11-03,FDR_DELISTING,KOSDAQ,엔에이치스팩25호,주권,2026-09-06,KRX-DELISTING,True
438700,,2023-07-26,FDR_DESC,KOSDAQ,버넥트,주권,2026-09-06,KOSDAQ-DESC,False
439090,,2023-06-08,FDR_DESC,KOSDAQ,마녀공장,주권,2026-09-06,KOSDAQ-DESC,False
439250,2025-06-02,2022-10-26,FDR_DELISTING,KOSDAQ,삼성스팩7호,주권,2026-09-06,KRX-DELISTING,True
439260,,2025-08-01,FDR_DESC,KOSPI,대한조선,주권,2026-09-06,KOSPI-DESC,False
439410,2025-07-08,2022-12-01,FDR_DELISTING,KOSDAQ,엔에이치스팩26호,주권,2026-09-06,KRX-DELISTING,True
439580,,2023-12-13,FDR_DESC,KOSDAQ,블루엠텍,주권,2026-09-06,KOSDAQ-DESC,False
439730,2025-06-02,2022-10-28,FDR_DELISTING,KOSDAQ,IBKS제20호스팩,주권,2026-09-06,KRX-DELISTING,True
439960,,2026-05-11,FDR_DESC,KOSDAQ,코스모로보틱스,주권,2026-09-06,KOSDAQ-DESC,False
440110,,2023-08-07,FDR_DESC,KOSDAQ,파두,주권,2026-09-06,KOSDAQ-DESC,False
440200,2023-11-03,2022-11-03,FDR_DELISTING,KOSDAQ,케이비제23호스팩,주권,2026-09-06,KRX-DELISTING,True
440290,,2024-01-25,FDR_DESC,KOSDAQ,HB인베스트먼트,주권,2026-09-06,KOSDAQ-DESC,False
440320,,2023-06-30,FDR_DESC,KOSDAQ,오픈놀,주권,2026-09-06,KOSDAQ-DESC,False
440790,2025-07-11,2022-11-02,FDR_DELISTING,KOSDAQ,교보13호스팩,주권,2026-09-06,KRX-DELISTING,True
440820,2025-07-21,2022-12-16,FDR_DELISTING,KOSDAQ,엔에이치스팩27호,주권,2026-09-06,KRX-DELISTING,True
441270,,2022-10-07,FDR_DESC,KOSDAQ,파인엠텍,주권,2026-09-06,KOSDAQ-DESC,False
442130,2025-07-09,2022-12-01,FDR_DELISTING,KOSDAQ,유진스팩9호,주권,2026-09-06,KRX-DELISTING,True
442310,2025-07-11,2022-12-05,FDR_DELISTING,KOSDAQ,대신밸런스제14호스팩,주권,2026-09-06,KRX-DELISTING,True
442770,2025-11-17,2022-12-16,FDR_DELISTING,KOSDAQ,IBKS제21호스팩,주권,2026-09-06,KRX-DELISTING,True
442900,2025-10-23,2023-03-15,FDR_DELISTING,KOSDAQ,미래에셋드림스팩1호,주권,2026-09-06,KRX-DELISTING,True
443060,,2024-05-08,FDR_DESC,KOSPI,HD현대마린솔루션,주권,2026-09-06,KOSPI-DESC,False
443250,,2023-10-06,FDR_DESC,KOSDAQ,레뷰코퍼레이션,주권,2026-09-06,KOSDAQ-DESC,False
443670,,2024-02-15,FDR_DESC,KOSDAQ,에스피소프트,주권,2026-09-06,KOSDAQ-DESC,False
444530,,2025-03-21,FDR_DESC,KOSDAQ,심플랫폼,주권,2026-09-06,KOSDAQ-DESC,False
444920,2026-04-06,2023-09-01,FDR_DELISTING,KOSDAQ,유안타제11호스팩,주권,2026-09-06,KRX-DELISTING,True
445090,,2023-11-13,FDR_DESC,KOSDAQ,에이직랜드,주권,2026-09-06,KOSDAQ-DESC,False
445180,,2023-10-18,FDR_DESC,KOSDAQ,퓨릿,주권,2026-09-06,KOSDAQ-DESC,False
445360,2025-07-28,2022-12-22,FDR_DELISTING,KOSDAQ,비엔케이제1호스팩,주권,2026-09-06,KRX-DELISTING,True
445680,,2023-08-10,FDR_DESC,KOSDAQ,큐리옥스바이오시스템즈,주권,2026-09-06,KOSDAQ-DESC,False
445970,2025-08-01,2022-12-27,FDR_DELISTING,KOSDAQ,신영스팩9호,주권,2026-09-06,KRX-DELISTING,True
446070,,2022-11-28,FDR_DESC,KOSPI,유니드비티플러스,주권,2026-09-06,KOSPI-DESC,False
446150,2026-01-28,2023-03-17,FDR_DELISTING,KOSDAQ,유안타제12호스팩,주권,2026-09-06,KRX-DELISTING,True
446190,2025-09-09,2023-02-24,FDR_DELISTING,KOSDAQ,미래에셋비전스팩2호,주권,2026-09-06,KRX-DELISTING,True
446540,,2023-11-09,FDR_DESC,KOSDAQ,메가터치,주권,2026-09-06,KOSDAQ-DESC,False
446750,2025-10-16,2023-03-07,FDR_DELISTING,KOSDAQ,하나26호스팩,주권,2026-09-06,KRX-DELISTING,True
446840,,2023-05-17,FDR_DESC,KOSDAQ,지슨,주권,2026-09-06,KOSDAQ-DESC,False
448280,,2023-11-21,FDR_DESC,KOSDAQ,에코아이,주권,2026-09-06,KOSDAQ-DESC,False
448370,2025-11-13,2023-04-06,FDR_DELISTING,KOSDAQ,하나27호스팩,주권,2026-09-06,KRX-DELISTING,True
448710,,2023-08-10,FDR_DESC,KOSDAQ,코츠테크놀로지,주권,2026-09-06,KOSDAQ-DESC,False
448730,,2023-04-10,FDR_DESC,KOSPI,삼성FN리츠,주권,2026-09-06,KOSPI-DESC,False
448740,2025-10-14,2023-03-02,FDR_DELISTING,KOSDAQ,삼성스팩8호,주권,2026-09-06,KRX-DELISTING,True
448760,2025-12-29,2023-04-06,FDR_DELISTING,KOSDAQ,IBKS제22호스팩,주권,2026-09-06,KRX-DELISTING,True
448830,2026-01-14,2023-04-07,FDR_DELISTING,KOSDAQ,미래에셋비전스팩3호,주권,2026-09-06,KRX-DELISTING,True
448900,,2025-04-04,FDR_DESC,KOSDAQ,한국피아이엠,주권,2026-09-06,KOSDAQ-DESC,False
449020,2025-10-10,2023-02-28,FDR_DELISTING,KOSDAQ,유안타제13호스팩,주권,2026-09-06,KRX-DELISTING,True
450050,2026-01-29,2023-06-22,FDR_DELISTING,KOSDAQ,하이제8호스팩,주권,2026-09-06,KRX-DELISTING,True
450080,,2023-11-17,FDR_DESC,KOSPI,에코프로머티,주권,2026-09-06,KOSPI-DESC,False
450140,2026-01-07,2023-01-31,FDR_DELISTING,KOSPI,코오롱모빌리티그룹,주권,2026-09-06,KRX-DELISTING,True
45014K,2026-01-07,2023-01-31,FDR_DELISTING,KOSPI,코오롱모빌리티그룹우,주권,2026-09-06,KRX-DELISTING,True
450330,,2024-07-03,FDR_DESC,KOSDAQ,하스,주권,2026-09-06,KOSDAQ-DESC,False
450410,2023-12-21,2023-03-09,FDR_DELISTING,KOSDAQ,엔에이치스팩28호,주권,2026-09-06,KRX-DELISTING,True
450520,,2023-09-25,FDR_DESC,KOSDAQ,인스웨이브,주권,2026-09-06,KOSDAQ-DESC,False
450940,2026-03-05,2023-07-27,FDR_DELISTING,KOSDAQ,유안타제14호스팩,주권,2026-09-06,KRX-DELISTING,True
450950,,2025-01-24,FDR_DESC,KOSDAQ,아스테라시스,주권,2026-09-06,KOSDAQ-DESC,False
451220,,2023-10-10,FDR_DESC,KOSDAQ,아이엠티,주권,2026-09-06,KOSDAQ-DESC,False
451250,,2024-04-25,FDR_DESC,KOSDAQ,삐아,주권,2026-09-06,KOSDAQ-DESC,False
451700,2026-06-10,2023-06-23,FDR_DELISTING,KOSDAQ,엔에이치스팩29호,주권,2026-09-06,KRX-DELISTING,True
451760,,2023-11-09,FDR_DESC,KOSDAQ,컨텍,주권,2026-09-06,KOSDAQ-DESC,False
451800,,2023-03-27,FDR_DESC,KOSPI,한화리츠,주권,2026-09-06,KOSPI-DESC,False
452160,,2023-11-24,FDR_DESC,KOSDAQ,제이엔비,주권,2026-09-06,KOSDAQ-DESC,False
452190,,2024-01-04,FDR_DESC,KOSDAQ,한빛레이저,주권,2026-09-06,KOSDAQ-DESC,False
452200,,2024-05-03,FDR_DESC,KOSDAQ,민테크,주권,2026-09-06,KOSDAQ-DESC,False
452260,,2023-03-31,FDR_DESC,KOSPI,한화갤러리아,주권,2026-09-06,KOSPI-DESC,False
45226K,,2023-03-31,FDR_FIRST_TRADE,KOSPI,한화갤러리아우,주권,2026-09-06,KOSPI-DESC,False
452280,,2023-11-24,FDR_DESC,KOSDAQ,한선엔지니어링,주권,2026-09-06,KOSDAQ-DESC,False
452300,,2023-11-15,FDR_DESC,KOSDAQ,캡스톤파트너스,주권,2026-09-06,KOSDAQ-DESC,False
452400,,2024-02-01,FDR_DESC,KOSDAQ,이닉스,주권,2026-09-06,KOSDAQ-DESC,False
452430,,2024-02-19,FDR_DESC,KOSDAQ,사피엔반도체,주권,2026-09-06,KOSDAQ-DESC,False
452450,,2025-02-04,FDR_DESC,KOSDAQ,피아이이,주권,2026-09-06,KOSDAQ-DESC,False
452670,2026-04-21,2023-09-14,FDR_DELISTING,KOSDAQ,상상인제4호스팩,주권,2026-09-06,KRX-DELISTING,True
452980,2026-05-07,2023-10-04,FDR_DELISTING,KOSDAQ,신한제11호스팩,주권,2026-09-06,KRX-DELISTING,True
453340,,2023-04-10,FDR_DESC,KOSPI,현대그린푸드,주권,2026-09-06,KOSPI-DESC,False
453450,,2024-06-14,FDR_DESC,KOSDAQ,그리드위즈,주권,2026-09-06,KOSDAQ-DESC,False
453860,,2023-11-28,FDR_DESC,KOSDAQ,에이에스텍,주권,2026-09-06,KOSDAQ-DESC,False
454640,2026-02-04,2023-06-28,FDR_DELISTING,KOSDAQ,하나29호스팩,주권,2026-09-06,KRX-DELISTING,True
454750,2025-10-27,2023-08-10,FDR_DELISTING,KOSDAQ,하나28호스팩,주권,2026-09-06,KRX-DELISTING,True
454910,,2023-10-05,FDR_DESC,KOSPI,두산로보틱스,주권,2026-09-06,KOSPI-DESC,False
455180,,2025-06-17,FDR_DESC,KOSDAQ,케이지에이,주권,2026-09-06,KOSDAQ-DESC,False
455250,2026-01-28,2023-06-23,FDR_DELISTING,KOSDAQ,KB제25호스팩,주권,2026-09-06,KRX-DELISTING,True
455310,2026-04-15,2023-09-07,FDR_DELISTING,KOSDAQ,한화플러스제4호스팩,주권,2026-09-06,KRX-DELISTING,True
455900,,2024-03-26,FDR_DESC,KOSDAQ,엔젤로보틱스,주권,2026-09-06,KOSDAQ-DESC,False
455910,2026-03-04,2023-07-21,FDR_DELISTING,KOSDAQ,에스케이증권제9호스팩,주권,2026-09-06,KRX-DELISTING,True
456010,,2024-05-17,FDR_DESC,KOSDAQ,아이씨티케이,주권,2026-09-06,KOSDAQ-DESC,False
456040,,2023-05-30,FDR_DESC,KOSPI,OCI,주권,2026-09-06,KOSPI-DESC,False
456070,,2024-08-23,FDR_DESC,KOSDAQ,이엔셀,주권,2026-09-06,KOSDAQ-DESC,False
456160,,2025-08-14,FDR_DESC,KOSDAQ,지투지바이오,주권,2026-09-06,KOSDAQ-DESC,False
456440,2025-05-16,2023-07-12,FDR_DELISTING,KOSDAQ,DB금융스팩11호,주권,2026-09-06,KRX-DELISTING,True
456490,2026-02-10,2023-07-06,FDR_DELISTING,KOSDAQ,교보14호스팩,주권,2026-09-06,KRX-DELISTING,True
457190,,2023-05-31,FDR_DESC,KOSPI,이수스페셜티케미컬,주권,2026-09-06,KOSPI-DESC,False
457370,,2024-10-22,FDR_DESC,KOSDAQ,한켐,주권,2026-09-06,KOSDAQ-DESC,False
457390,2025-05-15,2023-08-30,FDR_DELISTING,KOSDAQ,대신밸런스제15호스팩,주권,2026-09-06,KRX-DELISTING,True
457550,,2024-01-24,FDR_DESC,KOSDAQ,우진엔텍,주권,2026-09-06,KOSDAQ-DESC,False
457600,,2024-12-16,FDR_DESC,KOSDAQ,벡트,주권,2026-09-06,KOSDAQ-DESC,False
457630,2026-04-15,2023-09-04,FDR_DELISTING,KOSDAQ,대신밸런스제16호스팩,주권,2026-09-06,KRX-DELISTING,True
457940,2026-03-16,2023-08-11,FDR_DELISTING,KOSDAQ,에스케이증권제10호스팩,주권,2026-09-06,KRX-DELISTING,True
458320,2025-03-28,2023-08-10,FDR_DELISTING,KOSDAQ,KB제26호스팩,주권,2026-09-06,KRX-DELISTING,True
458350,,2026-03-06,FDR_DESC,KOSDAQ,에스팀,주권,2026-09-06,KOSDAQ-DESC,False
458610,2026-04-03,2023-08-30,FDR_DELISTING,KOSDAQ,한국제12호스팩,주권,2026-09-06,KRX-DELISTING,True
458650,,2024-10-31,FDR_DESC,KOSDAQ,성우,주권,2026-09-06,KOSDAQ-DESC,False
458870,,2024-06-19,FDR_DESC,KOSDAQ,씨어스,주권,2026-09-06,KOSDAQ-DESC,False
459100,,2024-11-20,FDR_DESC,KOSDAQ,위츠,주권,2026-09-06,KOSDAQ-DESC,False
459510,,2025-05-08,FDR_DESC,KOSDAQ,나우로보틱스,주권,2026-09-06,KOSDAQ-DESC,False
459550,,2025-11-17,FDR_DESC,KOSDAQ,알트,주권,2026-09-06,KOSDAQ-DESC,False
460470,,2024-08-06,FDR_DESC,KOSDAQ,아이빔테크놀로지,주권,2026-09-06,KOSDAQ-DESC,False
460850,,2023-06-16,FDR_DESC,KOSPI,동국씨엠,주권,2026-09-06,KOSPI-DESC,False
460860,,2023-06-16,FDR_DESC,KOSPI,동국제강,주권,2026-09-06,KOSPI-DESC,False
460870,,2025-03-07,FDR_DESC,KOSDAQ,에스엠씨지,주권,2026-09-06,KOSDAQ-DESC,False
460930,,2024-01-26,FDR_DESC,KOSDAQ,현대힘스,주권,2026-09-06,KOSDAQ-DESC,False
460940,,2024-07-31,FDR_DESC,KOSDAQ,피앤에스로보틱스,주권,2026-09-06,KOSDAQ-DESC,False
461030,,2024-04-03,FDR_DESC,KOSDAQ,아이엠비디엑스,주권,2026-09-06,KOSDAQ-DESC,False
461300,,2024-08-30,FDR_DESC,KOSDAQ,아이스크림미디어,주권,2026-09-06,KOSDAQ-DESC,False
462020,2026-05-19,2023-10-13,FDR_DELISTING,KOSDAQ,에이치엠씨제6호스팩,주권,2026-09-06,KRX-DELISTING,True
462310,,2025-07-09,FDR_DESC,KOSDAQ,뉴키즈온,주권,2026-09-06,KOSDAQ-DESC,False
462350,,2024-07-02,FDR_DESC,KOSDAQ,이노스페이스,주권,2026-09-06,KOSDAQ-DESC,False
462510,,2024-06-17,FDR_DESC,KOSDAQ,라메디텍,주권,2026-09-06,KOSDAQ-DESC,False
462520,,2023-07-28,FDR_DESC,KOSPI,조선내화,주권,2026-09-06,KOSPI-DESC,False
462860,,2025-03-24,FDR_DESC,KOSDAQ,더즌,주권,2026-09-06,KOSDAQ-DESC,False
462870,,2024-07-11,FDR_DESC,KOSPI,시프트업,주권,2026-09-06,KOSPI-DESC,False
462980,,2025-02-04,FDR_DESC,KOSDAQ,아이지넷,주권,2026-09-06,KOSDAQ-DESC,False
463020,,2025-07-04,FDR_DESC,KOSDAQ,뉴엔AI,주권,2026-09-06,KOSDAQ-DESC,False
463480,,2025-02-20,FDR_DESC,KOSDAQ,모티브링크,주권,2026-09-06,KOSDAQ-DESC,False
464080,,2024-06-25,FDR_DESC,KOSDAQ,에스오에스랩,주권,2026-09-06,KOSDAQ-DESC,False
464280,,2024-08-21,FDR_DESC,KOSDAQ,티디에스팜,주권,2026-09-06,KOSDAQ-DESC,False
464440,2026-06-18,2023-11-13,FDR_DELISTING,KOSDAQ,한국제13호스팩,주권,2026-09-06,KRX-DELISTING,True
464490,,2025-12-12,FDR_DESC,KOSDAQ,쿼드메디슨,주권,2026-09-06,KOSDAQ-DESC,False
464500,,2024-09-23,FDR_DESC,KOSDAQ,아이언디바이스,주권,2026-09-06,KOSDAQ-DESC,False
464580,,2024-11-13,FDR_DESC,KOSDAQ,닷밀,주권,2026-09-06,KOSDAQ-DESC,False
464680,2026-06-09,2023-11-03,FDR_DELISTING,KOSDAQ,KB제27호스팩,주권,2026-09-06,KRX-DELISTING,True
465320,,2023-12-05,FDR_DESC,KOSDAQ,교보15호스팩,주권,2026-09-06,KOSDAQ-DESC,False
465480,,2024-10-18,FDR_DESC,KOSDAQ,인스피언,주권,2026-09-06,KOSDAQ-DESC,False
465770,,2023-09-15,FDR_DESC,KOSPI,STX그린로지스,주권,2026-09-06,KOSPI-DESC,False
466100,,2024-10-28,FDR_DESC,KOSDAQ,클로봇,주권,2026-09-06,KOSDAQ-DESC,False
466410,,2024-11-19,FDR_DESC,KOSDAQ,사이냅소프트,주권,2026-09-06,KOSDAQ-DESC,False
466690,,2025-12-12,FDR_DESC,KOSDAQ,키움히어로제1호스팩,주권,2026-09-06,KOSDAQ-DESC,False
466910,2026-05-19,2023-12-01,FDR_DELISTING,KOSDAQ,엔에이치스팩30호,주권,2026-09-06,KRX-DELISTING,True
467930,2026-07-28,2023-12-22,FDR_DELISTING,KOSDAQ,IBKS제23호스팩,주권,2026-09-06,KRX-DELISTING,True
468510,2025-06-17,2023-12-04,FDR_DELISTING,KOSDAQ,삼성스팩9호,주권,2026-09-06,KRX-DELISTING,True
468530,,2025-07-29,FDR_DESC,KOSDAQ,프로티나,주권,2026-09-06,KOSDAQ-DESC,False
468760,,2024-02-29,FDR_DESC,KOSDAQ,유진스팩10호,주권,2026-09-06,KOSDAQ-DESC,False
469480,,2024-02-01,FDR_DESC,KOSDAQ,IBKS제24호스팩,주권,2026-09-06,KOSDAQ-DESC,False
469610,,2025-11-07,FDR_DESC,KOSDAQ,이노테크,주권,2026-09-06,KOSDAQ-DESC,False
469750,,2024-09-03,FDR_DESC,KOSDAQ,아이비젼웍스,주권,2026-09-06,KOSDAQ-DESC,False
469880,2026-07-31,2023-12-22,FDR_DELISTING,KOSDAQ,하나30호스팩,주권,2026-09-06,KRX-DELISTING,True
469900,,2024-03-05,FDR_DESC,KOSDAQ,하나31호스팩,주권,2026-09-06,KOSDAQ-DESC,False
471050,2026-09-01,2024-01-24,FDR_DELISTING,KOSDAQ,대신밸런스제17호스팩,주권,2026-09-06,KRX-DELISTING,True
471820,,2024-12-13,FDR_DESC,KOSDAQ,셀로맥스사이언스,주권,2026-09-06,KOSDAQ-DESC,False
472220,,2024-02-06,FDR_DESC,KOSDAQ,신영스팩10호,주권,2026-09-06,KOSDAQ-DESC,False
472230,,2024-03-04,FDR_DESC,KOSDAQ,에스케이증권제11호스팩,주권,2026-09-06,KOSDAQ-DESC,False
472850,,2024-02-02,FDR_DESC,KOSDAQ,폰드그룹,주권,2026-09-06,KOSDAQ-DESC,False
473000,,2024-05-07,FDR_DESC,KOSDAQ,에스케이증권제12호스팩,주권,2026-09-06,KOSDAQ-DESC,False
473050,,2024-02-29,FDR_DESC,KOSDAQ,유안타제15호스팩,주권,2026-09-06,KOSDAQ-DESC,False
473370,2026-04-03,2024-03-05,FDR_DELISTING,KOSDAQ,비엔케이제2호스팩,주권,2026-09-06,KRX-DELISTING,True
473950,,2024-07-25,FDR_DESC,KOSDAQ,에스케이증권제13호스팩,주권,2026-09-06,KOSDAQ-DESC,False
473980,,2024-11-12,FDR_DESC,KOSDAQ,노머스,주권,2026-09-06,KOSDAQ-DESC,False
474170,,2024-10-21,FDR_DESC,KOSDAQ,루미르,주권,2026-09-06,KOSDAQ-DESC,False
474490,,2024-05-02,FDR_DESC,KOSDAQ,유안타제16호스팩,주권,2026-09-06,KOSDAQ-DESC,False
474610,,2024-11-19,FDR_DESC,KOSDAQ,RF시스템즈,주권,2026-09-06,KOSDAQ-DESC,False
474650,,2025-06-10,FDR_DESC,KOSDAQ,링크솔루션,주권,2026-09-06,KOSDAQ-DESC,False
474660,,2024-04-15,FDR_DESC,KOSDAQ,신한제12호스팩,주권,2026-09-06,KOSDAQ-DESC,False
474930,,2024-04-22,FDR_DESC,KOSDAQ,신한제13호스팩,주권,2026-09-06,KOSDAQ-DESC,False
475040,,2026-06-30,FDR_DESC,KOSDAQ,스트라드비젼,주권,2026-09-06,KOSDAQ-DESC,False
475150,,2024-03-29,FDR_DESC,KOSPI,SK이터닉스,주권,2026-09-06,KOSPI-DESC,False
475230,,2025-07-28,FDR_DESC,KOSDAQ,엔알비,주권,2026-09-06,KOSDAQ-DESC,False
475240,,2024-03-27,FDR_DESC,KOSDAQ,하나32호스팩,주권,2026-09-06,KOSDAQ-DESC,False
475250,,2024-04-24,FDR_DESC,KOSDAQ,하나33호스팩,주권,2026-09-06,KOSDAQ-DESC,False
475400,,2024-10-24,FDR_DESC,KOSDAQ,씨메스로보틱스,주권,2026-09-06,KOSDAQ-DESC,False
475430,,2025-06-02,FDR_DESC,KOSDAQ,키스트론,주권,2026-09-06,KOSDAQ-DESC,False
475460,,2025-01-23,FDR_DESC,KOSDAQ,미트박스,주권,2026-09-06,KOSDAQ-DESC,False
475560,,2024-11-06,FDR_DESC,KOSPI,더본코리아,주권,2026-09-06,KOSPI-DESC,False
475580,,2024-11-01,FDR_DESC,KOSDAQ,에이럭스,주권,2026-09-06,KOSDAQ-DESC,False
475660,,2024-11-18,FDR_DESC,KOSDAQ,에스켐,주권,2026-09-06,KOSDAQ-DESC,False
475830,,2025-02-14,FDR_DESC,KOSDAQ,오름테라퓨틱,주권,2026-09-06,KOSDAQ-DESC,False
475960,,2024-11-07,FDR_DESC,KOSDAQ,토모큐브,주권,2026-09-06,KOSDAQ-DESC,False
476040,,2025-05-09,FDR_DESC,KOSDAQ,오가노이드사이언스,주권,2026-09-06,KOSDAQ-DESC,False
476060,,2024-12-19,FDR_DESC,KOSDAQ,온코닉테라퓨틱스,주권,2026-09-06,KOSDAQ-DESC,False
476080,,2024-08-22,FDR_DESC,KOSDAQ,M83,주권,2026-09-06,KOSDAQ-DESC,False
476470,2025-07-09,2024-05-17,FDR_DELISTING,KOSDAQ,KB제28호스팩,주권,2026-09-06,KRX-DELISTING,True
476830,,2025-12-18,FDR_DESC,KOSDAQ,알지노믹스,주권,2026-09-06,KOSDAQ-DESC,False
477340,,2024-06-24,FDR_DESC,KOSDAQ,에이치엠씨제7호스팩,주권,2026-09-06,KOSDAQ-DESC,False
477380,,2024-05-29,FDR_DESC,KOSDAQ,미래에셋비전스팩4호,주권,2026-09-06,KOSDAQ-DESC,False
477470,,2024-06-19,FDR_DESC,KOSDAQ,미래에셋비전스팩5호,주권,2026-09-06,KOSDAQ-DESC,False
477530,2025-04-29,2024-06-19,FDR_DELISTING,KOSDAQ,한국제14호스팩,주권,2026-09-06,KRX-DELISTING,True
477760,,2024-06-18,FDR_DESC,KOSDAQ,DB금융스팩12호,주권,2026-09-06,KOSDAQ-DESC,False
477850,,2026-05-20,FDR_DESC,KOSDAQ,마키나락스,주권,2026-09-06,KOSDAQ-DESC,False
478110,,2024-07-12,FDR_DESC,KOSDAQ,이베스트스팩6호,주권,2026-09-06,KOSDAQ-DESC,False
478340,,2025-12-17,FDR_DESC,KOSDAQ,나라스페이스테크놀로지,주권,2026-09-06,KOSDAQ-DESC,False
478390,,2024-06-21,FDR_DESC,KOSDAQ,KB제29호스팩,주권,2026-09-06,KOSDAQ-DESC,False
478440,,2024-06-24,FDR_DESC,KOSDAQ,미래에셋비전스팩6호,주권,2026-09-06,KOSDAQ-DESC,False
478560,,2025-01-21,FDR_DESC,KOSDAQ,블랙야크아이앤씨,주권,2026-09-06,KOSDAQ-DESC,False
478780,2026-01-14,2024-08-22,FDR_DELISTING,KOSDAQ,대신밸런스제18호스팩,주권,2026-09-06,KRX-DELISTING,True
479880,,2024-06-26,FDR_DESC,KOSDAQ,한국제15호스팩,주권,2026-09-06,KOSDAQ-DESC,False
479960,,2025-02-24,FDR_DESC,KOSDAQ,위너스일렉,주권,2026-09-06,KOSDAQ-DESC,False
480370,,2025-03-17,FDR_DESC,KOSPI,씨케이솔루션,주권,2026-09-06,KOSPI-DESC,False
481070,,2025-04-03,FDR_DESC,KOSDAQ,에이유브랜즈,주권,2026-09-06,KOSDAQ-DESC,False
481850,,2024-07-01,FDR_DESC,KOSPI,신한글로벌액티브리츠,주권,2026-09-06,KOSPI-DESC,False
481890,,2024-07-26,FDR_DESC,KOSDAQ,엔에이치스팩31호,주권,2026-09-06,KOSDAQ-DESC,False
482520,,2024-08-13,FDR_DESC,KOSDAQ,교보16호스팩,주권,2026-09-06,KOSDAQ-DESC,False
482630,,2025-02-03,FDR_DESC,KOSDAQ,삼양엔씨켐,주권,2026-09-06,KOSDAQ-DESC,False
482680,,2024-09-11,FDR_DESC,KOSDAQ,미래에셋비전스팩7호,주권,2026-09-06,KOSDAQ-DESC,False
482690,,2024-11-20,FDR_DESC,KOSDAQ,대신밸런스제19호스팩,주권,2026-09-06,KOSDAQ-DESC,False
483350,,2026-08-12,FDR_DESC,KOSDAQ,딜리셔스,주권,2026-09-06,KOSDAQ-DESC,False
483650,,2025-05-22,FDR_DESC,KOSPI,달바글로벌,주권,2026-09-06,KOSPI-DESC,False
484120,,2025-07-23,FDR_DESC,KOSDAQ,도우인시스,주권,2026-09-06,KOSDAQ-DESC,False
484130,,2024-11-19,FDR_DESC,KOSDAQ,하나34호스팩,주권,2026-09-06,KOSDAQ-DESC,False
484590,,2025-08-18,FDR_DESC,KOSDAQ,삼양컴텍,주권,2026-09-06,KOSDAQ-DESC,False
484810,,2025-03-20,FDR_DESC,KOSDAQ,티엑스알로보틱스,주권,2026-09-06,KOSDAQ-DESC,False
484870,,2024-12-16,FDR_DESC,KOSPI,엠앤씨솔루션,주권,2026-09-06,KOSPI-DESC,False
486630,,2024-09-25,FDR_DESC,KOSDAQ,KB제30호스팩,주권,2026-09-06,KOSDAQ-DESC,False
486990,,2025-11-03,FDR_DESC,KOSDAQ,노타,주권,2026-09-06,KOSDAQ-DESC,False
487360,,2024-12-23,FDR_DESC,KOSDAQ,신한제14호스팩,주권,2026-09-06,KOSDAQ-DESC,False
487400,,2026-08-13,FDR_DESC,KOSDAQ,케이앤에스아이앤씨,주권,2026-09-06,KOSDAQ-DESC,False
487570,,2024-07-29,FDR_DESC,KOSPI,HS효성,주권,2026-09-06,KOSPI-DESC,False
487580,,2026-05-14,FDR_DESC,KOSDAQ,폴레드,주권,2026-09-06,KOSDAQ-DESC,False
487720,,2024-12-20,FDR_DESC,KOSDAQ,키움제10호스팩,주권,2026-09-06,KOSDAQ-DESC,False
487830,,2024-11-15,FDR_DESC,KOSDAQ,신한제15호스팩,주권,2026-09-06,KOSDAQ-DESC,False
488060,,2024-10-31,FDR_DESC,KOSDAQ,유진스팩11호,주권,2026-09-06,KOSDAQ-DESC,False
488280,,2025-09-19,FDR_DESC,KOSDAQ,에스투더블유,주권,2026-09-06,KOSDAQ-DESC,False
488900,,2025-11-21,FDR_DESC,KOSDAQ,비츠로넥스텍,주권,2026-09-06,KOSDAQ-DESC,False
489210,,2024-11-21,FDR_DESC,KOSDAQ,교보17호스팩,주권,2026-09-06,KOSDAQ-DESC,False
489460,,2025-05-20,FDR_DESC,KOSDAQ,바이오비쥬,주권,2026-09-06,KOSDAQ-DESC,False
489480,,2024-12-11,FDR_DESC,KOSDAQ,키움제11호스팩,주권,2026-09-06,KOSDAQ-DESC,False
489500,,2025-02-25,FDR_DESC,KOSDAQ,엘케이켐,주권,2026-09-06,KOSDAQ-DESC,False
489730,,2024-11-28,FDR_DESC,KOSDAQ,디비금융제13호스팩,주권,2026-09-06,KOSDAQ-DESC,False
489790,,2024-09-27,FDR_DESC,KOSPI,한화비전,주권,2026-09-06,KOSPI-DESC,False
490470,,2025-12-29,FDR_DESC,KOSDAQ,세미파이브,주권,2026-09-06,KOSDAQ-DESC,False
491000,,2025-12-24,FDR_DESC,KOSDAQ,리브스메드,주권,2026-09-06,KOSDAQ-DESC,False
492220,,2024-12-12,FDR_DESC,KOSDAQ,KB제31호스팩,주권,2026-09-06,KOSDAQ-DESC,False
493280,,2026-03-20,FDR_DESC,KOSDAQ,아이엠바이오로직스,주권,2026-09-06,KOSDAQ-DESC,False
493330,,2026-01-14,FDR_DESC,KOSDAQ,지에프아이,주권,2026-09-06,KOSDAQ-DESC,False
493790,,2025-01-23,FDR_DESC,KOSDAQ,유안타제17호스팩,주권,2026-09-06,KOSDAQ-DESC,False
494120,,2025-11-13,FDR_DESC,KOSDAQ,큐리오시스,주권,2026-09-06,KOSDAQ-DESC,False
496070,,2025-05-29,FDR_DESC,KOSDAQ,신한제16호스팩,주권,2026-09-06,KOSDAQ-DESC,False
498390,,2025-03-20,FDR_DESC,KOSDAQ,한화플러스제5호스팩,주권,2026-09-06,KOSDAQ-DESC,False
499790,,2024-12-23,FDR_DESC,KOSPI,GS피앤엘,주권,2026-09-06,KOSPI-DESC,False
900070,,2009-12-23,FDR_DESC,KOSDAQ,글로벌에스엠,주권,2026-09-06,KOSDAQ-DESC,False
900100,,2010-04-21,FDR_DESC,KOSDAQ,파이온엑스,주권,2026-09-06,KOSDAQ-DESC,False
900110,,2010-04-23,FDR_DESC,KOSDAQ,딥커머스,주권,2026-09-06,KOSDAQ-DESC,False
900120,,2010-03-31,FDR_DESC,KOSDAQ,씨엑스아이,주권,2026-09-06,KOSDAQ-DESC,False
900140,,2010-11-30,FDR_DESC,KOSPI,엘브이엠씨홀딩스,주권,2026-09-06,KOSPI-DESC,False
900250,,2016-01-28,FDR_DESC,KOSDAQ,크리스탈신소재,주권,2026-09-06,KOSDAQ-DESC,False
900260,,2016-06-30,FDR_DESC,KOSDAQ,로스웰,주권,2026-09-06,KOSDAQ-DESC,False
900270,,2016-08-18,FDR_DESC,KOSDAQ,헝셩그룹,주권,2026-09-06,KOSDAQ-DESC,False
900290,,2016-10-25,FDR_DESC,KOSDAQ,GRT,주권,2026-09-06,KOSDAQ-DESC,False
900300,,2016-11-04,FDR_DESC,KOSDAQ,오가닉티코스메틱,주권,2026-09-06,KOSDAQ-DESC,False
900310,,2017-08-10,FDR_DESC,KOSDAQ,컬러레이,주권,2026-09-06,KOSDAQ-DESC,False
900340,,2018-11-30,FDR_DESC,KOSDAQ,윙입푸드,주권,2026-09-06,KOSDAQ-DESC,False
950130,,2013-05-30,FDR_DESC,KOSDAQ,엑세스바이오,주권,2026-09-06,KOSDAQ-DESC,False
950140,,2016-10-14,FDR_DESC,KOSDAQ,잉글우드랩,주권,2026-09-06,KOSDAQ-DESC,False
950160,,2017-11-06,FDR_DESC,KOSDAQ,코오롱티슈진,주권,2026-09-06,KOSDAQ-DESC,False
950170,,2018-04-06,FDR_DESC,KOSDAQ,JTC,주권,2026-09-06,KOSDAQ-DESC,False
950190,,2020-08-18,FDR_DESC,KOSDAQ,고스트스튜디오,주권,2026-09-06,KOSDAQ-DESC,False
950200,,2020-07-13,FDR_DESC,KOSDAQ,소마젠,주권,2026-09-06,KOSDAQ-DESC,False
950210,,2021-02-05,FDR_DESC,KOSPI,프레스티지바이오파마,주권,2026-09-06,KOSPI-DESC,False
950220,,2021-03-16,FDR_DESC,KOSDAQ,네오이뮨텍,주권,2026-09-06,KOSDAQ-DESC,False
950250,,2025-12-09,FDR_DESC,KOSDAQ,테라뷰,주권,2026-09-06,KOSDAQ-DESC,False
950260,,2026-08-18,FDR_DESC,KOSDAQ,인제니아테라퓨틱스(Reg.S),주권,2026-09-06,KOSDAQ-DESC,False
